Accuracy,AUROC,AUPRC,Sensitivity,Specificity,F1
0.9398496240601504,0.9869281045751633,0.9957804089605602,0.9595959595959596,0.8823529411764706,0.9595959595959596
0.916030534351145,0.9828785446762975,0.9925486131631086,0.9662921348314607,0.8095238095238095,0.9398907103825137
0.975609756097561,0.9947826086956522,0.9988461538461539,0.97,1.0,0.9847715736040609
0.9928057553956835,1.0,1.0,0.9905660377358491,1.0,0.995260663507109
1.0,1.0,0.9999999999999999,1.0,1.0,1.0
0.9640287769784173,0.9913381123058542,0.9976557916487817,0.9722222222222222,0.9354838709677419,0.9767441860465116
0.94,0.977639751552795,0.993477836798397,0.9565217391304348,0.8857142857142857,0.9606986899563319
0.9534883720930233,0.9882352941176471,0.996197851605498,0.9789473684210527,0.8823529411764706,0.96875
0.918918918918919,0.9708303928487414,0.9899407228205985,0.963302752293578,0.7948717948717948,0.9459459459459459
0.9455782312925171,0.9847425301970758,0.9968772114410751,0.9834710743801653,0.7692307692307693,0.967479674796748
0.9126984126984127,0.9758913412563667,0.9926513227300489,0.968421052631579,0.7419354838709677,0.9435897435897436
0.9781021897810219,0.9884020618556701,0.9958805985587698,0.9690721649484536,1.0,0.9842931937172775
0.959349593495935,0.973352033660589,0.9925577751664709,0.9456521739130435,1.0,0.9720670391061452
0.9545454545454546,0.9866666666666667,0.9950353495435731,0.9875,0.8666666666666667,0.9693251533742331
0.9534883720930233,0.9989053092501369,0.9994834043652331,1.0,0.8571428571428571,0.9666666666666667
0.9615384615384616,0.9873672121734137,0.9974078003661002,0.9689922480620154,0.9259259259259259,0.9765625
0.9555555555555556,0.9909909909909911,0.9981145861668904,0.963963963963964,0.9166666666666666,0.9727272727272728
0.9271523178807947,0.9652892561983472,0.9915727457945941,0.9586776859504132,0.8,0.9547325102880658
0.9300699300699301,0.9885222381635581,0.9959538125970265,0.9803921568627451,0.8048780487804879,0.9523809523809523
0.9393939393939394,0.9845931632161773,0.9967535674292782,0.9701492537313433,0.8064516129032258,0.9629629629629629
0.9477611940298507,0.9720350404312669,0.99296390066767,0.9716981132075472,0.8571428571428571,0.9671361502347418
0.96,0.9919678714859438,0.9959129447374987,0.963855421686747,0.9523809523809523,0.9696969696969697
0.937007874015748,0.9568020631850419,0.9856421735540338,0.9574468085106383,0.8787878787878788,0.9574468085106383
0.965034965034965,0.9891525423728814,0.9978452110859024,0.9576271186440678,1.0,0.9783549783549783
0.9830508474576272,0.9940674823878384,0.9978597327477111,1.0,0.9354838709677419,0.9886363636363636
0.9622641509433962,0.9763888888888889,0.9975010356070632,0.9861111111111112,0.7333333333333333,0.9793103448275862
0.9673202614379085,0.9830405814657783,0.9966920769162515,0.9921259842519685,0.8461538461538461,0.980544747081712
1.0,1.0,0.9999999999999999,1.0,1.0,1.0
0.9411764705882353,0.9786163522012579,0.9945109382684998,0.9811320754716981,0.8,0.9629629629629629
0.9366197183098591,0.9681174089068826,0.9887656290192272,0.9519230769230769,0.8947368421052632,0.9565217391304348
0.9777777777777777,0.9982517482517482,0.9997176736307171,0.974025974025974,1.0,0.9868421052631579
0.9548872180451128,0.9762996941896024,0.9948279381096963,0.963302752293578,0.9166666666666666,0.9722222222222222
0.9171974522292994,0.9523168103448276,0.9895209903477393,0.9453125,0.7931034482758621,0.9490196078431372
0.8759124087591241,0.9491071428571428,0.9850641949547535,0.9333333333333333,0.6875,0.92018779342723
0.9666666666666667,0.9844599844599844,0.9958603736213405,0.9743589743589743,0.9393939393939394,0.9785407725321889
0.9618320610687023,0.981578947368421,0.9940403510149758,0.9473684210526315,1.0,0.972972972972973
0.9440559440559441,0.9773691654879774,0.9910133713339506,0.9603960396039604,0.9047619047619048,0.9603960396039604
0.9574468085106383,0.9912039582188016,0.9973340790835344,0.9626168224299065,0.9411764705882353,0.9716981132075472
0.950354609929078,0.9932551319648094,0.9981694317042956,0.990909090909091,0.8064516129032258,0.9688888888888889
0.9523809523809523,0.9788629737609329,0.9941131003685144,0.9795918367346939,0.8571428571428571,0.9696969696969697
0.9818181818181818,0.9963269054178145,0.9991341991341991,0.9772727272727273,1.0,0.9885057471264368
0.9319727891156463,0.9670388091440723,0.990515345180764,0.9649122807017544,0.8181818181818182,0.9565217391304348
0.9285714285714286,0.9765840220385675,0.9963220602657212,0.9772727272727273,0.6363636363636364,0.9591078066914498
0.9668874172185431,0.9938186813186813,0.9979606576046641,0.9553571428571429,1.0,0.9771689497716894
0.9241379310344827,0.9625382262996942,0.9871405151661052,0.9357798165137615,0.8888888888888888,0.9488372093023256
0.9781021897810219,0.995920745920746,0.9986943918801825,0.9903846153846154,0.9393939393939394,0.9856459330143541
0.9159663865546218,0.9759036144578314,0.9901885791285318,0.9518072289156626,0.8333333333333334,0.9404761904761905
0.9440993788819876,0.978441127694859,0.9957572323882931,0.9626865671641791,0.8518518518518519,0.9662921348314607
0.916030534351145,0.9876939539860888,0.9948006049037499,0.9887640449438202,0.7619047619047619,0.9411764705882353
0.9602272727272727,0.987934362934363,0.9977399501794666,0.9932432432432432,0.7857142857142857,0.9767441860465116
0.9279279279279279,0.964516129032258,0.9872229481299872,0.95,0.8709677419354839,0.95
0.9851851851851852,1.0,1.0000000000000002,0.9795918367346939,1.0,0.9896907216494846
0.9570552147239264,0.9895038167938931,0.9975988521462681,0.9770992366412213,0.875,0.973384030418251
0.9492753623188406,0.9850649350649351,0.9961453650874112,0.9727272727272728,0.8571428571428571,0.9683257918552036
0.94,0.9863083164300203,0.9962169552139204,0.9741379310344828,0.8235294117647058,0.9617021276595744
0.9457364341085271,0.9900117508813161,0.9963709957029511,0.967391304347826,0.8918918918918919,0.9621621621621622
0.9661016949152542,0.9893790849673202,0.9984106287603757,0.9607843137254902,1.0,0.98
0.9312977099236641,0.9590846047156726,0.9893454165819087,0.9514563106796117,0.8571428571428571,0.9560975609756097
0.952,0.9838095238095238,0.9940471147501283,0.9777777777777777,0.8857142857142857,0.967032967032967
0.9084507042253521,0.9611650485436893,0.9863035371046143,0.970873786407767,0.7435897435897436,0.9389671361502347
0.9533333333333334,0.99,0.9976108938992466,0.975,0.8666666666666667,0.970954356846473
0.9624060150375939,0.9872576177285318,0.9955384147545404,0.968421052631579,0.9473684210526315,0.9735449735449735
0.943089430894309,0.9842293906810037,0.9955020689606319,0.967741935483871,0.8666666666666667,0.9625668449197861
0.9794520547945206,0.9956427015250544,0.9990662931839402,0.9747899159663865,1.0,0.9872340425531915
0.9470198675496688,0.9783251231527094,0.994118753908874,0.9482758620689655,0.9428571428571428,0.9649122807017544
0.9765625,0.9863636363636364,0.9979373567608861,0.9727272727272728,1.0,0.9861751152073732
0.952054794520548,0.9810344827586207,0.9953338186106901,0.9913793103448276,0.8,0.9704641350210971
0.965034965034965,0.9796296296296296,0.9942414825687252,0.9722222222222222,0.9428571428571428,0.9767441860465116
0.9523809523809523,0.9838709677419354,0.9961910010262436,0.9568965517241379,0.9354838709677419,0.9694323144104804
0.9707602339181286,0.9946524064171124,0.999425103198688,0.9675324675324676,1.0,0.9834983498349835
0.9632352941176471,0.9937106918238994,0.9982559357811251,0.9905660377358491,0.8666666666666667,0.9767441860465116
0.9554140127388535,0.9743589743589743,0.9947906903128808,0.9615384615384616,0.9259259259259259,0.9727626459143969
0.9781021897810219,0.9828282828282829,0.9963493199713672,0.9727272727272728,1.0,0.9861751152073732
0.9764705882352941,0.9938095238095238,0.9987331909923775,0.9857142857142858,0.9333333333333333,0.9857142857142858
0.9844961240310077,0.9953917050691243,0.9987244897959184,0.9795918367346939,1.0,0.9896907216494846
0.9583333333333334,0.9902216427640156,0.9979360553743749,0.9661016949152542,0.9230769230769231,0.9743589743589743
0.9858156028368794,0.9919732441471572,0.9981401036833032,1.0,0.9230769230769231,0.9913793103448276
0.9210526315789473,0.960727969348659,0.9877697745201142,0.9482758620689655,0.8333333333333334,0.9482758620689655
0.9415584415584416,0.9905029138786963,0.9968969196091222,0.9911504424778761,0.8048780487804879,0.9613733905579399
0.9745762711864406,0.9873829873829874,0.996382315127527,0.989010989010989,0.9259259259259259,0.9836065573770492
0.8873239436619719,0.9656862745098039,0.9899209207362134,0.9629629629629629,0.6470588235294118,0.9285714285714286
0.927007299270073,0.9703065134099617,0.9921010966976571,0.9629629629629629,0.7931034482758621,0.9541284403669725
0.9817073170731707,0.9965861344537815,0.999342437705009,0.9926470588235294,0.9285714285714286,0.989010989010989
0.9371069182389937,0.9797270955165691,0.9928306207581973,0.9824561403508771,0.8222222222222222,0.9572649572649573
0.9371069182389937,0.9795866935483871,0.995313062370232,0.96875,0.8064516129032258,0.9612403100775194
0.9285714285714286,0.9783371157416958,0.9940299416994024,0.9541984732824428,0.8378378378378378,0.9541984732824428
0.924812030075188,0.971774193548387,0.989120556851591,0.956989247311828,0.85,0.9468085106382979
0.935251798561151,0.9785568413886998,0.9953641142276448,0.9557522123893806,0.8461538461538461,0.96
0.967741935483871,0.9910112359550561,0.9962905157558366,0.9775280898876404,0.9428571428571428,0.9775280898876404
0.9150326797385621,0.9685230024213075,0.9911868383682568,0.9576271186440678,0.7714285714285715,0.9456066945606695
0.9477611940298507,0.9750410509031199,0.9933693448999621,0.9714285714285714,0.8620689655172413,0.966824644549763
0.935251798561151,0.9818681318681319,0.9941212435765285,0.9711538461538461,0.8285714285714286,0.957345971563981
0.9621212121212122,0.9856275950175662,0.9956357689267084,0.9900990099009901,0.8709677419354839,0.975609756097561
0.9545454545454546,0.9718939635899073,0.9917222652270483,0.9603960396039604,0.9354838709677419,0.97
0.9324324324324325,0.9773492500765228,0.9955245114793945,0.9669421487603306,0.7777777777777778,0.9590163934426229
0.9384615384615385,0.9716666666666666,0.9919794631852542,0.96,0.8666666666666667,0.96
0.9571428571428572,0.9807419994335882,0.9946546190073374,0.9813084112149533,0.8787878787878788,0.9722222222222222
0.9487179487179487,0.9816779170684666,0.9950743823178189,0.9672131147540983,0.8823529411764706,0.9672131147540983
0.9333333333333333,0.9792799792799792,0.9944785309580448,0.9487179487179487,0.8787878787878788,0.9568965517241379
0.9593023255813954,0.9783681214421253,0.997597303028741,0.967741935483871,0.8823529411764706,0.9771986970684039
0.9261744966442953,0.960287679799875,0.991758689617431,0.959349593495935,0.7692307692307693,0.9554655870445344
0.9548872180451128,0.9814189189189189,0.993669671835424,0.9791666666666666,0.8918918918918919,0.9690721649484536
0.9590643274853801,0.9914529914529914,0.9975721807432242,0.9924242424242424,0.8461538461538461,0.9739776951672863
0.9370629370629371,0.979019330504479,0.9919056713143126,0.9702970297029703,0.8571428571428571,0.9560975609756097
0.9699248120300752,0.9964426877470356,0.9993124522536287,0.9636363636363636,1.0,0.9814814814814815
0.9533333333333334,0.9846431797651309,0.9966431602325847,0.975609756097561,0.8518518518518519,0.97165991902834
0.9731543624161074,0.9865546218487394,0.9965815539195833,1.0,0.8666666666666667,0.9834710743801653
0.9937888198757764,1.0,1.0,0.9923664122137404,1.0,0.9961685823754789
0.9724137931034482,0.9948347107438016,0.9989993119206733,0.9834710743801653,0.9166666666666666,0.9834710743801653
0.9637681159420289,0.9955617198335645,0.9985274193865681,0.9902912621359223,0.8857142857142857,0.9760765550239234
0.9923664122137404,0.9962894248608535,0.9988868274582561,0.9897959183673469,1.0,0.9948717948717949
0.9696969696969697,0.9916303983930366,0.9977696019979856,0.9805825242718447,0.9310344827586207,0.9805825242718447
0.9795918367346939,0.9975543478260869,0.9993378310844575,0.991304347826087,0.9375,0.987012987012987
0.9552238805970149,0.9821969696969697,0.99621949593226,0.9818181818181818,0.8333333333333334,0.972972972972973
0.9681528662420382,0.9867995689655172,0.9971185060007977,0.9765625,0.9310344827586207,0.9803921568627451
0.949685534591195,0.9750280583613917,0.9949302180496427,0.9696969696969697,0.8518518518518519,0.9696969696969697
0.9078947368421053,0.9404371584699452,0.9856447737707292,0.9344262295081968,0.8,0.9421487603305785
0.9117647058823529,0.9618389423076922,0.98919332251579,0.9615384615384616,0.75,0.9433962264150944
0.9379310344827586,0.9607843137254902,0.9879530348641716,0.972972972972973,0.8235294117647058,0.96
0.9831932773109243,0.997434017595308,0.9991626794258373,0.9772727272727273,1.0,0.9885057471264368
0.9694656488549618,0.9937304075235109,0.9973260728008637,0.9770114942528736,0.9545454545454546,0.9770114942528736
0.9206349206349206,0.9740642499263189,0.9897482832517582,0.9540229885057471,0.8461538461538461,0.9431818181818182
0.9699248120300752,0.9857142857142857,0.9963572339143161,0.9809523809523809,0.9285714285714286,0.9809523809523809
0.9724137931034482,0.995243757431629,0.9988701507110197,0.9827586206896551,0.9310344827586207,0.9827586206896551
0.9328859060402684,0.969355847404628,0.9936054769217751,0.967479674796748,0.7692307692307693,0.9596774193548387
0.9940828402366864,0.9971223021582735,0.9994282719519749,0.9928057553956835,1.0,0.9963898916967509
0.9448818897637795,0.971764705882353,0.9931341321286226,0.9901960784313726,0.76,0.9665071770334929
0.9754098360655737,0.9948090470893586,0.9983654609212429,0.989247311827957,0.9310344827586207,0.983957219251337
0.9732142857142857,0.9942307692307693,0.9961538461538462,0.9833333333333333,0.9615384615384616,0.9752066115702479
0.9642857142857143,0.9892303651168899,0.9979577201077612,0.9858156028368794,0.8518518518518519,0.9788732394366197
0.9487179487179487,0.9820119920053297,0.9923263904453896,0.9493670886075949,0.9473684210526315,0.9615384615384616
0.951048951048951,0.9855072463768115,0.9972055814989258,0.9916666666666667,0.7391304347826086,0.9714285714285714
0.943089430894309,0.981578947368421,0.9946623882373998,0.9473684210526315,0.9285714285714286,0.9625668449197861
0.9527027027027027,0.9863807592002318,0.9967758358584287,0.9747899159663865,0.8620689655172413,0.9707112970711297
0.8920863309352518,0.961111111111111,0.985622298068123,0.9494949494949495,0.75,0.9261083743842364
0.9305555555555556,0.9590277777777777,0.991729506070458,0.9666666666666667,0.75,0.9586776859504132
0.9477124183006536,0.9737373737373738,0.9932025749250492,0.9833333333333333,0.8181818181818182,0.9672131147540983
0.9735099337748344,0.9960629921259843,0.9992548594709592,0.984251968503937,0.9166666666666666,0.984251968503937
0.9857142857142858,0.9956508232370301,0.998931134524355,0.9819819819819819,1.0,0.990909090909091
0.9565217391304348,0.9877947295423024,0.9961243248047769,0.9611650485436893,0.9428571428571428,0.9705882352941176
0.975,0.9953416149068323,0.9986690328305236,0.967391304347826,1.0,0.9834254143646409
0.9366197183098591,0.9706924315619967,0.9934179149068599,0.991304347826087,0.7037037037037037,0.9620253164556962
0.9724137931034482,0.9919198448610214,0.9983193277310923,0.9663865546218487,1.0,0.9829059829059829
0.965034965034965,0.9837288135593221,0.9968380941238897,0.9576271186440678,1.0,0.9783549783549783
0.9603960396039604,0.9832915622389307,0.9919957578207854,0.9682539682539683,0.9473684210526315,0.9682539682539683
0.9772727272727273,0.992063492063492,0.9980159471372192,0.9857142857142858,0.9444444444444444,0.9857142857142858
0.9452054794520548,0.9833333333333333,0.9959234001350803,0.9827586206896551,0.8,0.9661016949152542
0.9618320610687023,0.9906593406593407,0.9961453183870227,0.989010989010989,0.9,0.972972972972973
0.9620253164556962,0.9855219710439421,0.9966984397695524,0.952755905511811,1.0,0.9758064516129032
0.9090909090909091,0.9771160738902673,0.9912085796376918,0.978494623655914,0.7435897435897436,0.9381443298969072
0.9927007299270073,0.9974226804123711,0.9990365160420079,0.9896907216494846,1.0,0.9948186528497409
0.9662162162162162,0.9908172635445364,0.998069271618309,0.9752066115702479,0.9259259259259259,0.979253112033195
0.9259259259259259,0.9837261503928171,0.9942269785664613,0.9595959595959596,0.8333333333333334,0.95
0.9453125,0.9728639530619729,0.9929625167659715,0.9900990099009901,0.7777777777777778,0.966183574879227
0.8991596638655462,0.9530612244897958,0.9817973057207765,0.9523809523809523,0.7714285714285715,0.9302325581395349
0.9482758620689655,0.9824753559693319,0.9934568950805557,0.9759036144578314,0.8787878787878788,0.9642857142857143
0.9411764705882353,0.9755351681957187,0.9942413645275763,0.963302752293578,0.8518518518518519,0.963302752293578
0.9069767441860465,0.9701696770662288,0.9866311617048468,0.9540229885057471,0.8095238095238095,0.9325842696629213
0.9264705882352942,0.9782608695652173,0.9902554003932686,0.9565217391304348,0.8636363636363636,0.946236559139785
0.9735099337748344,0.9878048780487805,0.9972390666940754,0.983739837398374,0.9285714285714286,0.983739837398374
0.9407894736842105,0.9816939890710382,0.995650525983228,0.9754098360655737,0.8,0.9635627530364372
0.9640287769784173,0.980884109916368,0.9948239172674231,0.9722222222222222,0.9354838709677419,0.9767441860465116
0.9594594594594594,0.9860119047619048,0.9966930473549572,0.9833333333333333,0.8571428571428571,0.9752066115702479
0.9518072289156626,0.9770114942528736,0.9966011523163273,0.9586206896551724,0.9047619047619048,0.972027972027972
0.9426229508196722,0.9822463768115942,0.994376106079369,0.967391304347826,0.8666666666666667,0.9621621621621622
0.9347826086956522,0.9713674070109714,0.9902014819470298,0.9702970297029703,0.8378378378378378,0.9560975609756097
0.9193548387096774,0.9761437908496733,0.9914786814298588,0.9555555555555556,0.8235294117647058,0.945054945054945
0.9591836734693877,0.9790163934426229,0.9957541566989263,0.9672131147540983,0.92,0.9752066115702479
0.9463087248322147,0.977533960292581,0.9943802145702264,0.9655172413793104,0.8787878787878788,0.9655172413793104
0.9539473684210527,0.9822916666666667,0.9952440150570521,0.975,0.875,0.970954356846473
0.9154929577464789,0.946278825995807,0.9824131428851838,0.9433962264150944,0.8333333333333334,0.9433962264150944
0.9664429530201343,0.9875968992248062,0.9980513324091149,0.9767441860465116,0.9,0.980544747081712
0.9712643678160919,0.9898767605633803,0.9978919610890266,0.9788732394366197,0.9375,0.9823321554770318
0.9452054794520548,0.9777777777777777,0.9964809750432689,0.9682539682539683,0.8,0.9682539682539683
0.9712230215827338,0.996362433862434,0.9991400953691567,0.9821428571428571,0.9259259259259259,0.9821428571428571
0.875,0.9556878306878308,0.9833700939596827,0.9404761904761905,0.7222222222222222,0.9132947976878613
0.9761904761904762,0.9969135802469136,0.9988487702773414,0.9888888888888889,0.9444444444444444,0.9834254143646409
0.9448275862068966,0.976190476190476,0.9944988088061774,0.9829059829059829,0.7857142857142857,0.9663865546218487
0.9308176100628931,0.9741176470588235,0.9932794231299569,0.976,0.7647058823529411,0.9568627450980393
0.9523809523809523,0.986709197235513,0.9961630425254069,0.9736842105263158,0.8787878787878788,0.9694323144104804
0.9741935483870968,0.9888010540184453,0.9980517203702541,0.9848484848484849,0.9130434782608695,0.9848484848484849
0.9084967320261438,0.9651793160967473,0.9866565613800347,0.963302752293578,0.7727272727272727,0.9375
0.9523809523809523,0.9817530140110785,0.993802628401564,0.978494623655914,0.8787878787878788,0.9680851063829787
0.965034965034965,0.9820338983050848,0.9960427083643049,0.9745762711864406,0.92,0.9787234042553191
0.9357142857142857,0.9817298797409805,0.9917246290451439,0.9680851063829787,0.8695652173913043,0.9528795811518325
0.9651162790697675,0.994131455399061,0.9988356336571302,0.9859154929577465,0.8666666666666667,0.9790209790209791
0.9863013698630136,0.9969523809523809,0.9995187969924813,0.984,1.0,0.9919354838709677
0.9624060150375939,0.9933586337760911,0.9980031623326349,0.9705882352941176,0.9354838709677419,0.9753694581280788
0.9714285714285714,0.9861111111111112,0.9964157706093191,0.9629629629629629,1.0,0.9811320754716981
0.917910447761194,0.9533475783475782,0.9886245372754643,0.9537037037037037,0.7692307692307693,0.9493087557603687
0.937888198757764,0.9802941176470588,0.9965121092464125,0.9705882352941176,0.76,0.9635036496350365
0.9496402877697842,0.9767025089605734,0.9933434279776857,0.9907407407407407,0.8064516129032258,0.9683257918552036
0.9609375,0.9874039938556068,0.9955819673453555,0.989247311827957,0.8857142857142857,0.9735449735449735
0.9230769230769231,0.9683055668427468,0.993540280174758,0.9626168224299065,0.7391304347826086,0.9537037037037037
0.9836065573770492,1.0,1.0,0.98,1.0,0.98989898989899
0.8872180451127819,0.9542728635682158,0.9780088479220077,0.9425287356321839,0.782608695652174,0.9162011173184358
0.940677966101695,0.9903236569903235,0.9961256164825967,0.9876543209876543,0.8378378378378378,0.9580838323353293
0.9847328244274809,0.9960981047937569,0.9984628897672376,0.9782608695652174,1.0,0.989010989010989
0.9493670886075949,0.9854322407513897,0.9942673651320252,0.9819819819819819,0.8723404255319149,0.9646017699115044
0.873015873015873,0.9281207133058985,0.9632846909278316,0.9259259259259259,0.7777777777777778,0.9036144578313253
0.9403973509933775,0.975346687211094,0.9933555236286331,0.9576271186440678,0.8787878787878788,0.9617021276595744
0.9295774647887324,0.9739372469635628,0.9907913549995851,0.9807692307692307,0.7894736842105263,0.9532710280373832
0.9933774834437086,1.0,0.9999999999999999,0.9923076923076923,1.0,0.9961389961389961
0.9290780141843972,0.9837261503928171,0.9955157636975819,0.9629629629629629,0.8181818181818182,0.9541284403669725
0.9428571428571428,0.982990606752983,0.9935216705223818,0.9801980198019802,0.8461538461538461,0.9611650485436893
0.957983193277311,0.9844509232264335,0.9968323289458413,0.9693877551020408,0.9047619047619048,0.9743589743589743
0.9426229508196722,0.9894909688013136,0.9958924217544907,0.9425287356321839,0.9428571428571428,0.9590643274853801
0.9435483870967742,0.9938800489596084,0.997417900602936,0.9883720930232558,0.8421052631578947,0.96045197740113
0.9548872180451128,0.9822896900695762,0.9946329949114591,0.9607843137254902,0.9354838709677419,0.9702970297029703
0.9452054794520548,0.976923076923077,0.9951873499705559,0.9666666666666667,0.8461538461538461,0.9666666666666667
0.9367088607594937,0.9804919423240034,0.9960583075481753,0.9694656488549618,0.7777777777777778,0.9621212121212122
0.9631901840490797,0.9831555306007861,0.9967266136044415,0.9854014598540146,0.8461538461538461,0.9782608695652174
0.9781021897810219,0.9935574229691877,0.9980798064230907,0.9901960784313726,0.9428571428571428,0.9853658536585366
0.9444444444444444,0.9868065967016492,0.9968390456675743,0.9826086956521739,0.7931034482758621,0.9658119658119658
0.9722222222222222,0.9910956252419666,0.9985687302760474,0.967479674796748,1.0,0.9834710743801653
0.9596774193548387,0.9927404718693286,0.9978337809087363,0.9894736842105263,0.8620689655172413,0.9740932642487047
0.9620253164556962,0.9963570127504553,0.9989507525202924,0.9836065573770492,0.8888888888888888,0.975609756097561
0.9485294117647058,0.9825417201540437,0.99337679802285,0.968421052631579,0.9024390243902439,0.9633507853403142
0.9103448275862069,0.9475357710651828,0.984430965798683,0.954954954954955,0.7647058823529411,0.9422222222222222
0.9290780141843972,0.9681681681681681,0.9915936302727251,0.9819819819819819,0.7333333333333333,0.956140350877193
0.9371069182389937,0.9695522388059702,0.9943726863277642,0.9701492537313433,0.76,0.9629629629629629
0.9276315789473685,0.9371137768084334,0.9898877727295285,0.9465648854961832,0.8095238095238095,0.9575289575289575
0.9571428571428572,0.9875,0.9950967785457192,0.98,0.9,0.9702970297029703
0.9491525423728814,0.9762872628726287,0.9895567500891799,0.975609756097561,0.8888888888888888,0.963855421686747
0.9776536312849162,0.9904970760233919,0.9983392606571494,0.9868421052631579,0.9259259259259259,0.9868421052631579
0.965034965034965,0.9854037267080746,0.9966388163347552,0.991304347826087,0.8571428571428571,0.9785407725321889
0.9692307692307692,0.9824609482049876,0.9928989201156142,0.9775280898876404,0.9512195121951219,0.9775280898876404
0.9436619718309859,0.969047619047619,0.9916535456754109,0.9642857142857143,0.8666666666666667,0.9642857142857143
0.974025974025974,0.9942307692307693,0.9990136728942698,0.9692307692307692,1.0,0.984375
0.9657534246575342,0.9876373626373627,0.9957685706188186,0.9711538461538461,0.9523809523809523,0.9758454106280193
0.9865771812080537,1.0,1.0,0.9841269841269841,1.0,0.992
0.9253731343283582,0.9605848696757787,0.9958960132173665,0.9669421487603306,0.5384615384615384,0.9590163934426229
0.9606299212598425,0.9923838537699925,0.9980848860572479,0.9702970297029703,0.9230769230769231,0.9751243781094527
0.961038961038961,0.9885271317829458,0.9978787452938884,0.9844961240310077,0.84,0.9769230769230769
0.9774436090225563,0.9925566343042072,0.9980510757209786,0.970873786407767,1.0,0.9852216748768473
0.9722222222222222,0.9955357142857142,0.9988095238095239,0.9642857142857143,1.0,0.9818181818181818
0.9341317365269461,0.9697986577181208,0.9964187356367906,0.9530201342281879,0.7777777777777778,0.9627118644067797
0.927536231884058,0.9673684210526315,0.9883756378579728,0.96,0.8421052631578947,0.9504950495049505
0.9632352941176471,0.9960474308300394,0.9981593926738904,0.9891304347826086,0.9090909090909091,0.9732620320855615
0.9615384615384616,0.9923096641886696,0.9955317984930672,0.9879518072289156,0.9148936170212766,0.9704142011834319
0.9647887323943662,0.9892954941498632,0.9960677771641495,0.9902912621359223,0.8974358974358975,0.9760765550239234
0.9006622516556292,0.952599388379205,0.98268799982806,0.9357798165137615,0.8095238095238095,0.9315068493150684
0.975,0.9917486512218343,0.9986845027464799,0.9708029197080292,1.0,0.9851851851851852
0.9370629370629371,0.9653361344537814,0.9928881300935625,0.9411764705882353,0.9166666666666666,0.9613733905579399
0.9415584415584416,0.9965465141377078,0.9989023804623722,0.9911504424778761,0.8048780487804879,0.9613733905579399
0.9327731092436975,0.9817563388991961,0.9907407045908825,0.974025974025974,0.8571428571428571,0.9493670886075949
0.9568345323741008,0.9859327217125382,0.996224024312871,0.981651376146789,0.8666666666666667,0.9727272727272728
0.9517241379310345,0.9817493112947658,0.9964900949720576,0.9752066115702479,0.8333333333333334,0.9711934156378601
0.9370629370629371,0.9768244575936884,0.9914153672892104,0.9711538461538461,0.8461538461538461,0.957345971563981
0.9548387096774194,0.9887955182072828,0.9967320080664694,0.957983193277311,0.9444444444444444,0.9702127659574468
0.9913793103448276,1.0,1.0000000000000002,0.9883720930232558,1.0,0.9941520467836257
0.9343065693430657,0.9775675675675676,0.9922195235202322,0.97,0.8378378378378378,0.9556650246305419
0.9624060150375939,0.9847094801223242,0.9966594964574931,0.9908256880733946,0.8333333333333334,0.9773755656108597
0.984251968503937,0.9916222391469915,0.9977852405429661,1.0,0.9230769230769231,0.9901960784313726
0.9338235294117647,0.9796126401630989,0.9951808505882616,0.9724770642201835,0.7777777777777778,0.9592760180995475
0.9545454545454546,0.9834710743801653,0.9957284860419073,0.9752066115702479,0.8787878787878788,0.9711934156378601
0.9655172413793104,0.9958946288060212,0.9980720830013988,0.9746835443037974,0.9459459459459459,0.9746835443037974
0.9624060150375939,0.991304347826087,0.9983471074380164,0.9545454545454546,1.0,0.9767441860465116
0.95,0.98805256869773,0.9968610105878465,0.956989247311828,0.9259259259259259,0.967391304347826
0.9797297297297297,0.9946120689655172,0.998482738191107,0.9913793103448276,0.9375,0.9871244635193133
0.9752066115702479,0.9862348178137652,0.9964264511565257,0.9894736842105263,0.9230769230769231,0.9842931937172775
0.9491525423728814,0.9887955182072828,0.9960020931449503,0.9285714285714286,1.0,0.9629629629629629
0.9432624113475178,0.9765765765765765,0.9940349380829058,0.963963963963964,0.8666666666666667,0.963963963963964
0.9571428571428572,0.99025,0.9964267353552685,0.98,0.9,0.9702970297029703
0.958904109589041,0.9824712643678161,0.9959180666077218,0.9482758620689655,1.0,0.9734513274336283
0.9251700680272109,0.978319783197832,0.9958734531477774,0.943089430894309,0.8333333333333334,0.9547325102880658
0.9419354838709677,0.9790769230769231,0.9959584775516874,0.9615384615384616,0.84,0.9652509652509652
0.9545454545454546,0.9885954381752701,0.9964923941373729,0.9795918367346939,0.8823529411764706,0.9696969696969697
0.9382716049382716,0.9754780652418447,0.9934877300312238,0.968503937007874,0.8285714285714286,0.9609375
0.976,0.9924379915305505,0.9971428974547096,0.9655172413793104,1.0,0.9824561403508771
0.9512195121951219,0.9778318464449851,0.9956722280255002,0.9854014598540146,0.7777777777777778,0.9712230215827338
0.9555555555555556,0.9861638632664135,0.9949086016174687,0.979381443298969,0.8947368421052632,0.9693877551020408
0.9375,0.983167296461697,0.9903792179766375,0.9577464788732394,0.9024390243902439,0.951048951048951
0.9925925925925926,1.0,0.9999999999999997,0.990909090909091,1.0,0.9954337899543378
0.9694656488549618,0.9915100060642814,0.9973829602492906,0.979381443298969,0.9411764705882353,0.979381443298969
0.950920245398773,0.9820071971211515,0.994425654841291,0.9672131147540983,0.9024390243902439,0.9672131147540983
0.9483870967741935,0.9836108220603538,0.9960009264916031,0.967741935483871,0.8709677419354839,0.967741935483871
0.940677966101695,0.9907862407862409,0.9950953249633063,0.9864864864864865,0.8636363636363636,0.954248366013072
0.9645390070921985,0.9924924924924925,0.9981157756277375,0.954954954954955,1.0,0.9769585253456221
0.9490445859872612,0.9818268770923003,0.9953244529574142,0.983739837398374,0.8235294117647058,0.968
0.9801324503311258,0.9983091787439613,0.9995010691375621,0.9739130434782609,1.0,0.986784140969163
0.9567901234567902,0.9832089552238806,0.996570528687876,0.9776119402985075,0.8571428571428571,0.9739776951672863
0.9315068493150684,0.9799156955120257,0.9937934947749287,0.944954128440367,0.8918918918918919,0.9537037037037037
0.9632352941176471,0.9966666666666666,0.9988709097446962,0.99,0.8888888888888888,0.9753694581280788
0.9473684210526315,0.9845513963161021,0.995211688130533,0.9494949494949495,0.9411764705882353,0.9641025641025641
0.9777777777777777,0.9918421052631577,0.9970539556438268,0.968421052631579,1.0,0.983957219251337
0.9465648854961832,0.989247311827957,0.9957404936540795,0.989247311827957,0.8421052631578947,0.9633507853403142
0.927536231884058,0.9819694868238558,0.9942808510197113,0.9611650485436893,0.8285714285714286,0.9519230769230769
0.9294871794871795,0.9740740740740741,0.9939957229585775,0.9603174603174603,0.8,0.9565217391304348
0.9107142857142857,0.971891891891892,0.987213512514906,0.9733333333333334,0.7837837837837838,0.9358974358974359
0.9389312977099237,0.9837728194726166,0.9957799974757339,0.9607843137254902,0.8620689655172413,0.9607843137254902
0.9612403100775194,0.9896551724137931,0.9970446278199396,0.99,0.8620689655172413,0.9753694581280788
0.9398496240601504,0.9850788288288288,0.9947912373098042,0.9583333333333334,0.8918918918918919,0.9583333333333334
0.9568345323741008,0.9882970137207426,0.9980111506053772,0.9661016949152542,0.9047619047619048,0.9743589743589743
0.9933774834437086,0.9962732919254658,0.9986062717770035,0.9904761904761905,1.0,0.9952153110047847
0.9166666666666666,0.959090909090909,0.9879401124011676,0.9636363636363636,0.7647058823529411,0.9464285714285714
0.9214285714285714,0.9603030303030303,0.9895115395084326,0.9727272727272728,0.7333333333333333,0.9511111111111111
0.9290780141843972,0.9799876847290641,0.9950134149604769,0.9821428571428571,0.7241379310344828,0.9565217391304348
0.9700598802395209,0.9860544217687075,0.9980923381010871,0.9931972789115646,0.8,0.9831649831649831
0.9624060150375939,0.9851190476190477,0.9971910975801579,0.9732142857142857,0.9047619047619048,0.9775784753363229
0.958041958041958,0.9842436974789915,0.9969499641216087,0.9831932773109243,0.8333333333333334,0.975
0.9285714285714286,0.9733924611973392,0.9895803370631114,0.9393939393939394,0.9024390243902439,0.9489795918367347
0.9583333333333334,0.9892053973013493,0.9973644868070267,0.9826086956521739,0.8620689655172413,0.9741379310344828
0.972027972027972,0.9907834101382489,0.9973817626248459,0.9821428571428571,0.9354838709677419,0.9821428571428571
0.943089430894309,0.9686054196959684,0.988799796309445,0.9662921348314607,0.8823529411764706,0.9608938547486033
0.9523809523809523,0.9848951048951049,0.9973664442496715,0.972027972027972,0.84,0.972027972027972
0.9605263157894737,0.9862490450725745,0.9963631489640087,0.9831932773109243,0.8787878787878788,0.975
0.9254658385093167,0.9697297297297298,0.9867992794657711,0.963963963963964,0.84,0.9469026548672567
0.9517241379310345,0.9803650442477876,0.9946641644685461,0.9734513274336283,0.875,0.9691629955947136
0.9548872180451128,0.981720430107527,0.9927228165338575,0.956989247311828,0.95,0.967391304347826
0.8934426229508197,0.9894024138946129,0.9948017550185406,0.9873417721518988,0.7209302325581395,0.9230769230769231
0.9337748344370861,0.9543963254593176,0.9913396026047071,0.952755905511811,0.8333333333333334,0.9603174603174603
0.95625,0.9831495098039216,0.9971469589283175,0.9779411764705882,0.8333333333333334,0.9743589743589743
0.9788732394366197,0.9912816041848299,0.9978549978549979,0.972972972972973,1.0,0.9863013698630136
0.9655172413793104,0.984,0.996700848694783,0.975,0.92,0.9790794979079498
0.948051948051948,0.9751536885245902,0.99367750900882,0.9672131147540983,0.875,0.9672131147540983
0.9621212121212122,0.9834215167548501,0.9961666461235054,0.9523809523809523,1.0,0.975609756097561
0.9848484848484849,0.9994485800937414,0.9997736276174306,1.0,0.9487179487179487,0.9893617021276596
0.9637681159420289,0.9948748869460355,0.9985475965972305,0.9719626168224299,0.9354838709677419,0.9765258215962441
0.9735099337748344,0.9870967741935485,0.9967793207773528,0.9833333333333333,0.9354838709677419,0.9833333333333333
0.8992805755395683,0.9667711598746082,0.9916914668008763,0.9636363636363636,0.6551724137931034,0.9380530973451328
0.9398496240601504,0.9826732673267327,0.9947200592780505,0.9603960396039604,0.875,0.9603960396039604
0.96,0.9897959183673469,0.9973374139510937,0.9897959183673469,0.8518518518518519,0.9748743718592965
0.9741935483870968,0.991869918699187,0.9979226255236646,0.983739837398374,0.9375,0.983739837398374
0.9424460431654677,0.9730312837108954,0.99089505059893,0.9611650485436893,0.8888888888888888,0.9611650485436893
0.9491525423728814,0.9818266542404475,0.9966793390748276,0.9527027027027027,0.9310344827586207,0.9690721649484536
0.959731543624161,0.9858934169278998,0.9961578025813221,0.9827586206896551,0.8787878787878788,0.9743589743589743
0.9920634920634921,0.9979166666666668,0.9993872549019608,0.9895833333333334,1.0,0.9947643979057592
0.943089430894309,0.9810035842293906,0.9944929819514293,0.967741935483871,0.8666666666666667,0.9625668449197861
0.948905109489051,0.9749262536873156,0.994767523669011,0.9557522123893806,0.9166666666666666,0.968609865470852
0.9858156028368794,0.9919724770642202,0.997914150369628,0.981651376146789,1.0,0.9907407407407407
0.9664429530201343,0.9897435897435898,0.9968216126912326,0.9727272727272728,0.9487179487179487,0.9771689497716894
0.9672131147540983,0.9956140350877193,0.9980570804266283,1.0,0.8947368421052632,0.9767441860465116
0.9230769230769231,0.9622418879056047,0.9902004409488481,0.9380530973451328,0.8666666666666667,0.9506726457399103
0.9767441860465116,0.9897456931911403,0.9978460112382466,0.9905660377358491,0.9130434782608695,0.9859154929577465
0.9847328244274809,1.0,0.9999999999999999,0.9818181818181818,1.0,0.9908256880733946
0.9389312977099237,0.9777951933124348,0.9896829163171307,0.9540229885057471,0.9090909090909091,0.9540229885057471
0.948051948051948,0.9867241951543313,0.9977227643079256,0.9541984732824428,0.9130434782608695,0.9689922480620154
0.9657142857142857,0.9871959026888605,0.9971161591274175,0.9859154929577465,0.8787878787878788,0.9790209790209791
0.9496402877697842,0.978494623655914,0.9945193978486295,0.9537037037037037,0.9354838709677419,0.9671361502347418
0.9635036496350365,0.9842657342657343,0.9953029873418314,0.9903846153846154,0.8787878787878788,0.976303317535545
0.9703703703703703,0.9942354368932038,0.9982696983098002,0.9805825242718447,0.9375,0.9805825242718447
0.9693251533742331,0.9888392857142857,0.997052957359051,0.9765625,0.9428571428571428,0.9803921568627451
0.9490445859872612,0.9856035437430786,0.9969939262326363,0.9844961240310077,0.7857142857142857,0.9694656488549618
0.9436619718309859,0.9826086956521739,0.9959598767833685,0.9652173913043478,0.8518518518518519,0.9652173913043478
0.9411764705882353,0.9694041867954912,0.9915064479878958,0.967391304347826,0.8518518518518519,0.9621621621621622
0.9703703703703703,0.9916582406471184,0.9964892647784898,0.9782608695652174,0.9534883720930233,0.9782608695652174
0.9482758620689655,0.9851851851851852,0.9943717708563913,0.9506172839506173,0.9428571428571428,0.9625
0.9565217391304348,0.9883805374001453,0.9951707265793097,0.9876543209876543,0.8823529411764706,0.9696969696969697
0.9508196721311475,0.9818556701030927,0.9956534419155818,0.9587628865979382,0.92,0.96875
0.9428571428571428,0.9813176007866273,0.9957326260214174,0.9646017699115044,0.8518518518518519,0.9646017699115044
0.9774436090225563,0.9942487419122933,0.9985836386139294,0.9906542056074766,0.9230769230769231,0.986046511627907
0.9407407407407408,0.9772110689093869,0.9919352568805012,0.979381443298969,0.8421052631578947,0.9595959595959596
0.9366197183098591,0.9840909090909091,0.9955579149365403,0.9727272727272728,0.8125,0.9596412556053812
0.9371069182389937,0.9846079846079845,0.9962730920293057,0.9841269841269841,0.7575757575757576,0.9612403100775194
0.921875,0.9592959295929593,0.9893835891254474,0.9603960396039604,0.7777777777777778,0.9509803921568627
0.9428571428571428,0.9821428571428571,0.9958541849754255,0.9642857142857143,0.8571428571428571,0.9642857142857143
0.9606299212598425,0.9842105263157894,0.9954480796586059,0.9473684210526315,1.0,0.972972972972973
0.9933333333333333,0.9952795031055901,0.9987670343932511,0.991304347826087,1.0,0.9956331877729258
0.9745762711864406,0.9821428571428571,0.9952380952380953,0.9666666666666667,1.0,0.9830508474576272
0.9591836734693877,0.978468899521531,0.9941415376689257,0.9649122807017544,0.9393939393939394,0.9734513274336283
0.9276315789473685,0.977308826866349,0.9921977966592102,0.9734513274336283,0.7948717948717948,0.9523809523809523
0.9743589743589743,0.9921230307576894,0.9974728530617505,0.9651162790697675,1.0,0.9822485207100592
0.9533333333333334,0.9830121703853956,0.995535996307522,0.9568965517241379,0.9411764705882353,0.9694323144104804
0.925,0.973388671875,0.9937386773645519,0.96875,0.75,0.9538461538461539
0.959731543624161,0.9938618925831201,0.9981982767124111,0.9826086956521739,0.8823529411764706,0.9741379310344828
0.9259259259259259,0.9829093799682035,0.9931379196570945,0.972972972972973,0.8235294117647058,0.9473684210526315
0.9659863945578231,0.9840455840455841,0.9959476474667274,0.9914529914529915,0.8666666666666667,0.9789029535864979
0.8780487804878049,0.9686746987951808,0.9870020135304473,0.963855421686747,0.7,0.9142857142857143
0.976,0.9962207105064249,0.999023737568212,0.9897959183673469,0.9259259259259259,0.9847715736040609
0.9090909090909091,0.9645316804407713,0.9876660034620429,0.9659090909090909,0.7575757575757576,0.9392265193370166
0.9710144927536232,0.9898766213223663,0.9973241005618763,1.0,0.8620689655172413,0.9819819819819819
0.9470198675496688,0.9798898071625345,0.9952323078730079,0.9669421487603306,0.8666666666666667,0.9669421487603306
0.9787234042553191,0.9884960718294051,0.9966592924793429,0.9907407407407407,0.9393939393939394,0.9861751152073732
0.9673202614379085,0.9903089036947305,0.9981668327051696,0.9763779527559056,0.9230769230769231,0.9802371541501976
0.9387755102040817,0.9773555439875065,0.9934139654983791,0.9557522123893806,0.8823529411764706,0.96
0.9767441860465116,0.9927703875072297,0.9973731861486961,0.967032967032967,1.0,0.9832402234636871
0.9307692307692308,0.9694444444444444,0.9870902028622955,0.9444444444444444,0.9,0.9497206703910615
0.958904109589041,0.9843796050692603,0.9964541395586172,0.9487179487179487,1.0,0.9736842105263158
0.9512195121951219,0.9859584859584859,0.9941605631207773,0.9761904761904762,0.8974358974358975,0.9647058823529412
0.9302325581395349,0.9652061855670103,0.9888625446663296,0.9278350515463918,0.9375,0.9523809523809523
0.8985507246376812,0.935929203539823,0.9857121753427951,0.9469026548672567,0.68,0.9385964912280702
0.9534883720930233,0.9870786516853932,0.9949622014441457,0.9775280898876404,0.9,0.9666666666666667
0.9821428571428571,0.9955277280858676,0.9987887596899224,0.9767441860465116,1.0,0.9882352941176471
0.948051948051948,0.983673469387755,0.9954769324814687,0.9831932773109243,0.8285714285714286,0.9669421487603306
0.910958904109589,0.975596674711719,0.9934274512043216,0.9734513274336283,0.696969696969697,0.944206008583691
0.9256198347107438,0.9842293906810036,0.9945975846956236,0.9222222222222223,0.9354838709677419,0.9485714285714286
0.9701492537313433,0.987998799879988,0.9966106634791942,0.9801980198019802,0.9393939393939394,0.9801980198019802
0.9444444444444444,0.964883401920439,0.9931021941831932,0.9777777777777777,0.7777777777777778,0.967032967032967
0.9166666666666666,0.9714285714285715,0.9861027517330947,0.9857142857142858,0.7894736842105263,0.9387755102040817
0.9436619718309859,0.9816905706438815,0.9953886604731546,0.9646017699115044,0.8620689655172413,0.9646017699115044
0.9714285714285714,0.9909654104284977,0.9984433085802495,0.9932885906040269,0.8461538461538461,0.9833887043189369
0.9490445859872612,0.9838709677419355,0.9958442100626048,0.9838709677419355,0.8181818181818182,0.9682539682539683
0.9752066115702479,0.9972222222222222,0.9987654320987653,0.9629629629629629,1.0,0.9811320754716981
0.9612903225806452,0.9932508436445444,0.9985877329294564,0.984251968503937,0.8571428571428571,0.9765625
0.9640287769784173,0.9867118290776447,0.9951647585342727,0.9900990099009901,0.8947368421052632,0.975609756097561
0.9349593495934959,0.9678571428571429,0.9878532038577126,0.9318181818181818,0.9428571428571428,0.9534883720930233
0.9312977099236641,0.9763353617308992,0.9938826036624692,0.9509803921568627,0.8620689655172413,0.9556650246305419
0.9635036496350365,0.9916274201988488,0.9969786297190417,0.9693877551020408,0.9487179487179487,0.9743589743589743
0.9536423841059603,0.9819819819819819,0.9937771245672053,0.990990990990991,0.85,0.9691629955947136
0.9733333333333334,0.9936111111111111,0.9984862715361589,0.9833333333333333,0.9333333333333333,0.9833333333333333
0.9523809523809523,0.9863945578231292,0.9983406129363813,0.9583333333333334,0.9047619047619048,0.972809667673716
0.8936170212765957,0.9718957588145121,0.990252851250515,0.970873786407767,0.6842105263157895,0.9302325581395349
0.9408284023668639,0.9706896551724138,0.9941563752661212,0.9571428571428572,0.8620689655172413,0.9640287769784173
0.9444444444444444,0.9868938401048493,0.9961346630275651,0.963302752293578,0.8857142857142857,0.963302752293578
0.9645390070921985,0.9889655172413793,0.9977419063948532,0.9741379310344828,0.92,0.9783549783549783
0.9836065573770492,0.9940972222222222,0.9981017939090528,0.9777777777777777,1.0,0.9887640449438202
0.9701492537313433,0.9876644736842105,0.9959255723215764,0.9791666666666666,0.9473684210526315,0.9791666666666666
0.952054794520548,0.9862142099681867,0.9975627353676135,0.943089430894309,1.0,0.9707112970711297
0.8970588235294118,0.9758454106280194,0.9888080310290822,0.9555555555555556,0.782608695652174,0.9247311827956989
0.98,0.9968919968919969,0.9991460027817497,0.9914529914529915,0.9393939393939394,0.9872340425531915
0.9214285714285714,0.9798609446175977,0.9913503642176693,0.9484536082474226,0.8604651162790697,0.9435897435897436
0.9617834394904459,0.9775175644028103,0.9940148023233941,0.9672131147540983,0.9428571428571428,0.9752066115702479
0.9583333333333334,0.9930555555555555,0.9987004188223699,0.95,1.0,0.9743589743589743
0.9808917197452229,0.9912121212121212,0.9984567901234567,0.9772727272727273,1.0,0.9885057471264368
0.9727891156462585,0.9906298802706923,0.997289533097711,0.9823008849557522,0.9411764705882353,0.9823008849557522
0.9615384615384616,0.9913333333333334,0.9974051254859118,0.99,0.8666666666666667,0.9753694581280788
0.9808917197452229,0.9909147869674185,0.9983512820392788,0.9924812030075187,0.9166666666666666,0.9887640449438202
0.9490445859872612,0.9841597796143251,0.9956006226845491,0.9834710743801653,0.8333333333333334,0.967479674796748
0.9558823529411765,0.9857288481141693,0.9967789716538673,0.963302752293578,0.9259259259259259,0.9722222222222222
0.98,0.9906716417910448,0.9989353062431283,0.9776119402985075,1.0,0.9886792452830189
0.9577464788732394,0.9850628930817611,0.9949850726504575,0.9811320754716981,0.8888888888888888,0.9719626168224299
0.9069767441860465,0.9440729483282675,0.9806481827957272,0.9574468085106383,0.7714285714285715,0.9375
0.958041958041958,0.9822635135135135,0.9952229112513417,0.963963963963964,0.9375,0.9727272727272728
0.9130434782608695,0.9606272939606274,0.9907835021780127,0.9459459459459459,0.7777777777777778,0.9459459459459459
0.9454545454545454,0.991016741527154,0.9966057061910902,1.0,0.8064516129032258,0.9634146341463414
0.9790209790209791,0.9898572501878288,0.9982256592403438,0.9917355371900827,0.9090909090909091,0.9876543209876543
0.9530201342281879,0.9829059829059829,0.9953462864024623,0.9572649572649573,0.9375,0.9696969696969697
0.9819819819819819,1.0,0.9999999999999998,1.0,0.95,0.9861111111111112
0.8920863309352518,0.9561538461538461,0.9838291305821573,0.97,0.6923076923076923,0.9282296650717703
0.9583333333333334,0.9938252547082432,0.9968364673607379,0.9873417721518988,0.9024390243902439,0.968944099378882
0.974025974025974,0.9903225806451613,0.9977307801791189,0.9838709677419355,0.9333333333333333,0.9838709677419355
0.9448275862068966,0.9793388429752066,0.9960032109327928,0.9504132231404959,0.9166666666666666,0.9663865546218487
0.9798657718120806,0.9890791027154664,0.9977252134757422,0.9752066115702479,1.0,0.9874476987447699
0.9496402877697842,0.9851988899167438,0.9929547861410193,0.967391304347826,0.9148936170212766,0.9621621621621622
0.9596774193548387,0.9848484848484849,0.9946957066599633,0.9659090909090909,0.9444444444444444,0.9714285714285714
1.0,1.0,1.0,1.0,1.0,1.0
0.9862068965517241,0.9947447447447448,0.9983791799569913,0.9814814814814815,1.0,0.9906542056074766
0.9215686274509803,0.9651507661888284,0.9903836672035154,0.9663865546218487,0.7647058823529411,0.9504132231404959
0.9432624113475178,0.976204128440367,0.9933698648269647,0.963302752293578,0.875,0.963302752293578
0.9862068965517241,0.9953670705630792,0.999174571392817,0.9836065573770492,1.0,0.9917355371900827
0.9341317365269461,0.9663187855787476,0.9924479014702048,0.9779411764705882,0.7419354838709677,0.9602888086642599
0.9315068493150684,0.9705469845722301,0.9925432087289574,0.9652173913043478,0.8064516129032258,0.9568965517241379
0.9675324675324676,0.9931972789115646,0.9985799060364886,0.9761904761904762,0.9285714285714286,0.9800796812749004
0.9668874172185431,0.9892063492063492,0.9979035881203511,0.9920634920634921,0.84,0.9803921568627451
0.9759036144578314,0.9957367439381828,0.9991936584212359,0.9856115107913669,0.9259259259259259,0.9856115107913669
0.9562043795620438,0.9878787878787879,0.9970811550803308,0.9818181818181818,0.8518518518518519,0.972972972972973
0.9264705882352942,0.9793233082706767,0.9924563356746388,0.9795918367346939,0.7894736842105263,0.9504950495049505
0.9166666666666666,0.9754299754299754,0.993018432127046,0.963963963963964,0.7575757575757576,0.9469026548672567
0.8947368421052632,0.9695945945945945,0.9891454923399337,0.9583333333333334,0.7297297297297297,0.9292929292929293
0.9545454545454546,0.9910348360655737,0.9977197809294177,0.9918032786885246,0.8125,0.9718875502008032
0.9395973154362416,0.9738247863247863,0.9931807342177351,0.9572649572649573,0.875,0.9613733905579399
0.9615384615384616,0.9950015620118713,0.9983462676164524,0.9896907216494846,0.8787878787878788,0.9746192893401016
0.9568345323741008,0.9910394265232975,0.9975601510732862,0.9629629629629629,0.9354838709677419,0.9719626168224299
0.984,0.9954648526077098,0.9988868274582561,0.9795918367346939,1.0,0.9896907216494846
0.8923076923076924,0.956989247311828,0.9841687065451967,0.956989247311828,0.7297297297297297,0.9270833333333334
0.9699248120300752,0.9907161803713527,0.997443621554359,0.9807692307692307,0.9310344827586207,0.9807692307692307
0.9565217391304348,0.9765432098765432,0.9938546706219746,0.9814814814814815,0.8666666666666667,0.9724770642201835
0.9825581395348837,0.9923923923923924,0.9979467974236398,0.9925925925925926,0.9459459459459459,0.988929889298893
0.9716312056737588,0.9896831245394252,0.9980077148551121,1.0,0.8260869565217391,0.9833333333333333
0.9133858267716536,0.9693362193362193,0.992302206243115,0.9494949494949495,0.7857142857142857,0.9447236180904522
0.9470198675496688,0.9777930402930404,0.9924367600001722,0.9821428571428571,0.8461538461538461,0.9649122807017544
0.9859154929577465,0.993581514762516,0.9990686337506914,0.983739837398374,1.0,0.9918032786885246
0.9425287356321839,0.9775,0.9964566410963704,0.9733333333333334,0.75,0.9668874172185431
0.9602649006622517,0.9823691460055096,0.9957906372327678,0.9834710743801653,0.8666666666666667,0.9754098360655737
0.9126984126984127,0.9610924055368499,0.989242158994058,0.9292929292929293,0.8518518518518519,0.9435897435897436
0.9485294117647058,0.9923076923076923,0.9982166965143021,0.990909090909091,0.7692307692307693,0.9688888888888889
0.94,0.9697919635223711,0.9927671229600225,0.9752066115702479,0.7931034482758621,0.963265306122449
0.9230769230769231,0.9762135922330097,0.9912165259406033,0.9514563106796117,0.85,0.9468599033816425
0.958904109589041,0.9873949579831933,0.9962970771907382,0.9821428571428571,0.8823529411764706,0.9734513274336283
0.9790209790209791,0.9909937888198759,0.997812173672847,0.991304347826087,0.9285714285714286,0.987012987012987
0.9470198675496688,0.9740143369175628,0.9944805161102435,0.967741935483871,0.8518518518518519,0.967741935483871
0.9578313253012049,0.9785353535353535,0.9966599750794632,0.9791666666666666,0.8181818181818182,0.9757785467128027
0.9262295081967213,0.973596256684492,0.9904073718747128,0.9659090909090909,0.8235294117647058,0.9497206703910615
0.8978102189781022,0.9233110164333537,0.9777547938099519,0.9245283018867925,0.8064516129032258,0.9333333333333333
0.9517241379310345,0.9812,0.9971166593809855,0.976,0.8,0.9721115537848606
0.937984496124031,0.9863247863247864,0.9941850977490666,0.9555555555555556,0.8974358974358975,0.9555555555555556
0.9097222222222222,0.9625989625989626,0.9892567644939442,0.972972972972973,0.696969696969697,0.9432314410480349
0.9555555555555556,0.9823570924488355,0.9960461562206184,0.981651376146789,0.8461538461538461,0.9727272727272728
0.9568345323741008,0.9880877742946708,0.9968372412845994,0.9636363636363636,0.9310344827586207,0.9724770642201835
0.984375,0.9928035043804757,0.9977079303675047,0.9787234042553191,1.0,0.989247311827957
0.921875,0.9781121751025992,0.9896487679626473,0.9764705882352941,0.813953488372093,0.9431818181818182
0.9139072847682119,0.9713553795994411,0.9905498291985535,0.9734513274336283,0.7368421052631579,0.944206008583691
0.9596774193548387,0.9902080783353733,0.9963520291837666,0.9418604651162791,1.0,0.9700598802395209
0.9,0.9623161764705883,0.9874154479166468,0.9479166666666666,0.7647058823529411,0.9333333333333333
0.972027972027972,0.9923986486486486,0.998061575352957,0.963963963963964,1.0,0.981651376146789
0.948051948051948,0.9713569638381668,0.9954796993861719,0.9699248120300752,0.8095238095238095,0.9699248120300752
0.9407894736842105,0.978688524590164,0.9948819027805564,0.9754098360655737,0.8,0.9635627530364372
0.9565217391304348,0.9865047233468287,0.994248158351344,0.9605263157894737,0.9487179487179487,0.9668874172185431
0.9404761904761905,0.9840080971659919,0.9956165737184521,0.9846153846153847,0.7894736842105263,0.9624060150375939
0.9657534246575342,0.9876436781609196,0.9967873722711141,0.9741379310344828,0.9333333333333333,0.9783549783549783
0.9473684210526315,0.991517857142857,0.9972151959734419,0.9821428571428571,0.85,0.9649122807017544
0.9661016949152542,0.9867432611577551,0.9972699855410885,0.9726027397260274,0.9354838709677419,0.9793103448275862
0.9583333333333334,0.9880834160873883,0.9958860346194942,0.9622641509433962,0.9473684210526315,0.9714285714285714
0.951048951048951,0.9869565217391304,0.9968958184362553,0.991304347826087,0.7857142857142857,0.9702127659574468
0.9389312977099237,0.9767857142857143,0.9921174975157799,0.9583333333333334,0.8857142857142857,0.9583333333333334
0.971830985915493,0.9937106918238994,0.9980139026812314,0.9622641509433962,1.0,0.9807692307692307
0.950354609929078,0.981810115350488,0.9909147863800472,0.9456521739130435,0.9591836734693877,0.9613259668508287
0.927007299270073,0.9653073645769933,0.9902345004833661,0.9622641509433962,0.8064516129032258,0.9532710280373832
0.9466666666666667,0.988085988085988,0.9968088533429666,0.9829059829059829,0.8181818181818182,0.9663865546218487
0.9612403100775194,0.9851125635439361,0.9964810547550917,0.9705882352941176,0.9259259259259259,0.9753694581280788
0.9763779527559056,0.993421052631579,0.9980417883257218,0.9894736842105263,0.9375,0.9842931937172775
0.9836065573770492,0.9938144329896907,0.998619293078056,0.979381443298969,1.0,0.9895833333333334
0.9536423841059603,0.9771774569166278,0.992426008719915,0.9734513274336283,0.8947368421052632,0.9691629955947136
0.9186991869918699,0.9768072289156627,0.9903576899617885,0.9759036144578314,0.8,0.9418604651162791
0.9527027027027027,0.9845238095238095,0.9964275990231369,0.9916666666666667,0.7857142857142857,0.9714285714285714
0.8760330578512396,0.9882716049382716,0.9949547636811457,0.9876543209876543,0.65,0.9142857142857143
0.9246575342465754,0.9672619047619047,0.9878511320783312,0.9711538461538461,0.8095238095238095,0.9483568075117371
0.9477611940298507,0.9860685427695737,0.9945423171487742,0.9690721649484536,0.8918918918918919,0.9641025641025641
0.9296875,0.9887359198998749,0.9961497272870344,0.9893617021276596,0.7647058823529411,0.9538461538461539
0.952054794520548,0.9804597701149425,0.9950887085191565,0.9741379310344828,0.8666666666666667,0.9699570815450643
0.9338235294117647,0.97165991902834,0.9953427936024015,0.9572649572649573,0.7894736842105263,0.9613733905579399
0.975,0.9920260964117434,0.9973266107895948,0.9887640449438202,0.9354838709677419,0.9832402234636871
0.9465648854961832,0.9793548387096774,0.9937329588667562,0.97,0.8709677419354839,0.9651741293532339
0.9452054794520548,0.9836065573770492,0.9969559825447436,0.9508196721311475,0.9166666666666666,0.9666666666666667
0.9444444444444444,0.9755517826825127,0.9922762074257395,0.968421052631579,0.8709677419354839,0.9633507853403142
0.9621212121212122,0.9911482665355298,0.9952584786928487,0.9879518072289156,0.9183673469387755,0.9704142011834319
0.9385964912280702,0.9753676470588235,0.9902657542551901,0.9875,0.8235294117647058,0.9575757575757575
0.9453125,0.976461038961039,0.9879547031095411,0.9880952380952381,0.8636363636363636,0.9595375722543352
0.9047619047619048,0.985827664399093,0.9939092530525492,0.9761904761904762,0.7619047619047619,0.9318181818181818
0.9305555555555556,0.981981981981982,0.9949535653820304,0.963963963963964,0.8181818181818182,0.9553571428571429
0.935251798561151,0.9766355140186916,0.9935313926025403,0.9719626168224299,0.8125,0.9585253456221198
0.9777777777777777,0.9949164851125636,0.9991102960922513,0.9869281045751634,0.9259259259259259,0.9869281045751634
0.9503105590062112,0.9878100042034469,0.9962653009475363,0.9836065573770492,0.8461538461538461,0.967741935483871
0.9516129032258065,0.9895941727367326,0.9965284912939724,0.978494623655914,0.8709677419354839,0.9680851063829787
0.9253731343283582,0.9782828282828283,0.9896533421114789,0.9777777777777777,0.8181818181818182,0.946236559139785
0.9559748427672956,0.9927732610659441,0.9979385611344445,0.991869918699187,0.8333333333333334,0.9721115537848606
0.9419354838709677,0.9734227521112766,0.9933646260464793,0.9590163934426229,0.8787878787878788,0.9629629629629629
0.9492753623188406,0.9713949843260187,0.9945379144191496,0.9741379310344828,0.8181818181818182,0.9699570815450643
0.9363636363636364,0.9763050721954831,0.9894594727538348,0.958904109589041,0.8918918918918919,0.9523809523809523
0.9389312977099237,0.9772727272727273,0.9927317163166085,1.0,0.75,0.9611650485436893
0.9657142857142857,0.9944120505344994,0.9989785062282848,0.9863945578231292,0.8571428571428571,0.9797297297297297
0.9854014598540146,0.9978378378378379,0.9992592592592593,0.98,1.0,0.98989898989899
0.9715909090909091,0.9873081463990555,0.9981732083720951,0.9805194805194806,0.9090909090909091,0.9837133550488599
0.9196428571428571,0.9686486486486486,0.9853986908857552,0.96,0.8378378378378378,0.9411764705882353
0.9761904761904762,0.9895691609977324,0.9981153448593235,0.9714285714285714,1.0,0.9855072463768116
0.9178082191780822,0.9696969696969697,0.9861318967249698,0.9393939393939394,0.8723404255319149,0.9393939393939394
0.9841269841269841,0.9963235294117647,0.9992050874403815,0.9803921568627451,1.0,0.9900990099009901
0.954248366013072,0.9820707070707071,0.9953293800633809,0.975,0.8787878787878788,0.970954356846473
0.9594594594594594,0.9756592292089249,0.9943207669896006,0.9663865546218487,0.9310344827586207,0.9745762711864406
0.9574468085106383,0.9919137466307277,0.9973936092025439,0.9811320754716981,0.8857142857142857,0.9719626168224299
0.9813084112149533,0.9985074626865671,0.9991283989260857,1.0,0.95,0.9852941176470589
0.9495798319327731,0.9785467128027683,0.9926910664007174,0.9529411764705882,0.9411764705882353,0.9642857142857143
1.0,1.0,1.0,1.0,1.0,1.0
1.0,1.0,1.0,1.0,1.0,1.0
0.9735099337748344,0.9925477410340009,0.9975388509087251,0.9823008849557522,0.9473684210526315,0.9823008849557522
0.9607843137254902,0.9833421470121629,0.9958298046236767,0.9672131147540983,0.9354838709677419,0.9752066115702479
0.9223300970873787,0.9692249240121581,0.9769065779990329,0.9642857142857143,0.8723404255319149,0.9310344827586207
0.916083916083916,0.9752252252252253,0.993198976385946,0.9819819819819819,0.6875,0.9478260869565217
0.9624060150375939,0.9850788288288289,0.9943734096290724,0.9895833333333334,0.8918918918918919,0.9743589743589743
0.9741935483870968,0.9924812030075187,0.9987541880609181,0.9849624060150376,0.9090909090909091,0.9849624060150376
0.9797297297297297,0.9901051329622759,0.9960581423996059,0.9696969696969697,1.0,0.9846153846153847
0.9477611940298507,0.9757575757575757,0.9898075475505835,0.9666666666666667,0.9090909090909091,0.9613259668508287
0.9733333333333334,0.9909844054580896,0.9972743675396643,0.9824561403508771,0.9444444444444444,0.9824561403508771
0.952755905511811,0.9917525773195875,0.9975740542726076,1.0,0.8,0.97
0.9104477611940298,0.9629289215686274,0.98901350908166,0.9411764705882353,0.8125,0.9411764705882353
0.9294871794871795,0.9747972824895901,0.9920426136030362,0.9572649572649573,0.8461538461538461,0.9531914893617022
0.9606299212598425,0.9889112903225806,0.9968283544218888,0.96875,0.9354838709677419,0.9738219895287958
0.9558823529411765,0.9830188679245283,0.9952911044904553,0.9622641509433962,0.9333333333333333,0.9714285714285714
0.9545454545454546,0.9878633024592781,0.9964714948710383,0.9801980198019802,0.8709677419354839,0.9705882352941176
0.9538461538461539,0.983451536643026,0.9936806168604159,0.9574468085106383,0.9444444444444444,0.967741935483871
0.9618320610687023,0.9921052631578947,0.9972178879270267,0.968421052631579,0.9444444444444444,0.9735449735449735
0.9503105590062112,0.9880188275566966,0.9964591643552392,0.967479674796748,0.8947368421052632,0.967479674796748
0.9703703703703703,0.9932432432432432,0.9986550890672001,0.963963963963964,1.0,0.981651376146789
0.9577464788732394,0.9879430032882718,0.9977197759469609,0.9663865546218487,0.9130434782608695,0.9745762711864406
0.9714285714285714,0.9953775038520801,0.9991367430332521,0.9830508474576272,0.9090909090909091,0.9830508474576272
0.9181818181818182,0.9614957423176601,0.9829883486671285,0.958904109589041,0.8378378378378378,0.9395973154362416
0.9367088607594937,0.9855932203389832,0.9952785390117004,0.9661016949152542,0.85,0.957983193277311
0.9276315789473685,0.9807285546415981,0.9938216760149634,0.9565217391304348,0.8378378378378378,0.9523809523809523
0.9624060150375939,0.9889967637540452,0.9970317316314188,0.9902912621359223,0.8666666666666667,0.9760765550239234
0.9111111111111111,0.9736352357320099,0.9924793829395513,0.9615384615384616,0.7419354838709677,0.9433962264150944
0.9645390070921985,0.9876738305941846,0.9970159724462369,0.9911504424778761,0.8571428571428571,0.9781659388646288
0.9477124183006536,0.9841819080573406,0.9954987436211273,0.9831932773109243,0.8235294117647058,0.9669421487603306
0.9754098360655737,0.9982993197278912,0.9995998399359746,0.9693877551020408,1.0,0.9844559585492227
0.9555555555555556,0.9864351600651112,0.9953590975421521,0.9587628865979382,0.9473684210526315,0.96875
0.9300699300699301,0.9777318640955004,0.9903274477121201,0.9595959595959596,0.8636363636363636,0.95
0.9264705882352942,0.9642281662906864,0.9902265401422896,0.9439252336448598,0.8620689655172413,0.9528301886792453
0.9612403100775194,0.981430155210643,0.992107927735227,0.9659090909090909,0.9512195121951219,0.9714285714285714
0.976,0.9912,0.9980352748154225,0.97,1.0,0.9847715736040609
0.936,0.9819004524886877,0.9938134417413474,0.978021978021978,0.8235294117647058,0.956989247311828
0.9365079365079365,0.9720744680851063,0.9906795388377345,0.9574468085106383,0.875,0.9574468085106383
0.9782608695652174,0.9936199722607489,0.9978436653132559,0.9902912621359223,0.9428571428571428,0.9855072463768116
0.9865771812080537,0.9924953095684803,0.998554652213189,0.983739837398374,1.0,0.9918032786885246
0.9787234042553191,0.9901044529961517,0.9973084112149533,0.9719626168224299,1.0,0.985781990521327
0.9765625,0.9951690821256038,0.9980796723503553,0.9891304347826086,0.9444444444444444,0.9837837837837838
0.9577464788732394,0.9936057825966084,0.9981089708571371,0.963302752293578,0.9393939393939394,0.9722222222222222
0.9559748427672956,0.9884823848238483,0.9967520237489399,0.975609756097561,0.8888888888888888,0.97165991902834
0.951048951048951,0.9839367669556349,0.9947287006515569,0.9716981132075472,0.8918918918918919,0.9671361502347418
0.9470198675496688,0.9876847290640395,0.9964961712012528,0.9482758620689655,0.9428571428571428,0.9649122807017544
0.9285714285714286,0.9686028257456828,0.9887722185077386,0.967032967032967,0.8285714285714286,0.9513513513513514
0.9586206896551724,0.981060606060606,0.9951311285613611,0.9642857142857143,0.9393939393939394,0.972972972972973
0.9111111111111111,0.9758698092031425,0.9918595814187582,0.9595959595959596,0.7777777777777778,0.9405940594059405
0.9328358208955224,0.9718133416849358,0.9918143325153626,0.970873786407767,0.8064516129032258,0.9569377990430622
0.9477124183006536,0.9725013220518245,0.9929636279291664,0.9672131147540983,0.8709677419354839,0.9672131147540983
0.9483870967741935,0.9824561403508771,0.9946293129205053,0.9658119658119658,0.8947368421052632,0.9658119658119658
0.9640287769784173,0.9887719298245614,0.997543976125802,0.9736842105263158,0.92,0.9779735682819384
0.9619565217391305,0.9788240131578947,0.9956455731720855,0.9802631578947368,0.875,0.9770491803278688
0.9402985074626866,0.9861471861471861,0.9952442972620719,0.9797979797979798,0.8285714285714286,0.9603960396039604
0.9735099337748344,0.9862579281183933,0.9977195337225789,0.9844961240310077,0.9090909090909091,0.9844961240310077
0.9145299145299145,0.9900373599003737,0.9945301014579977,1.0,0.7727272727272727,0.9358974358974359
0.9807692307692307,0.9923076923076923,0.9985580906251991,0.9769230769230769,1.0,0.9883268482490273
0.9477611940298507,0.9731601731601732,0.9905228814539203,0.98989898989899,0.8285714285714286,0.9655172413793104
0.9696969696969697,0.99625,0.9988801942795467,0.96,1.0,0.9795918367346939
0.9794520547945206,0.9968390804597701,0.9992146672129851,0.9913793103448276,0.9333333333333333,0.9871244635193133
0.9015151515151515,0.9714445688689809,0.9891670849441488,0.9680851063829787,0.7368421052631579,0.9333333333333333
0.9651162790697675,0.989906103286385,0.9980161166250303,0.9577464788732394,1.0,0.9784172661870504
0.9236111111111112,0.9812865497076023,0.9956971047528325,0.9736842105263158,0.7333333333333333,0.9527896995708155
0.9281045751633987,0.9809624537281861,0.9952822879854137,0.9590163934426229,0.8064516129032258,0.9551020408163265
0.9661016949152542,0.9907444668008049,0.9978239128849618,0.9859154929577465,0.8857142857142857,0.9790209790209791
0.9934640522875817,0.9967532467532467,0.9995164410058026,0.9924242424242424,1.0,0.9961977186311787
0.9602649006622517,0.9938423645320197,0.9982078636306985,0.9827586206896551,0.8857142857142857,0.9743589743589743
0.9844961240310077,0.9982758620689655,0.9995238095238095,0.98,1.0,0.98989898989899
0.9367088607594937,0.9621212121212122,0.9923473729806157,0.9545454545454546,0.8461538461538461,0.9618320610687023
0.950354609929078,0.9879898862199746,0.9970100269750507,0.9734513274336283,0.8571428571428571,0.9691629955947136
0.9290780141843972,0.9759358288770053,0.9957139440671423,0.9663865546218487,0.7272727272727273,0.9583333333333334
0.9545454545454546,0.9871977240398293,0.9955862573211085,0.9578947368421052,0.9459459459459459,0.9680851063829787
0.9781021897810219,0.9925925925925926,0.9983457977877159,0.9727272727272728,1.0,0.9861751152073732
0.9770992366412213,0.9981807155852032,0.9993687758745529,0.9896907216494846,0.9411764705882353,0.9846153846153847
0.9568345323741008,0.9906296851574213,0.998207175755392,0.9655172413793104,0.9130434782608695,0.9739130434782609
0.921875,0.9786935800392487,0.9904095006358495,0.9540229885057471,0.8536585365853658,0.9431818181818182
0.8956521739130435,0.9678571428571429,0.9871534874660509,0.975,0.7142857142857143,0.9285714285714286
0.9432624113475178,0.9870967741935485,0.9966205524088504,0.9818181818181818,0.8064516129032258,0.9642857142857143
0.8785714285714286,0.9577991452991453,0.9865008147747706,0.9711538461538461,0.6111111111111112,0.9223744292237442
0.9621212121212122,0.9864506627393225,0.9951972408111648,0.9690721649484536,0.9428571428571428,0.9740932642487047
0.9618320610687023,0.9867741935483871,0.9961942596227897,0.97,0.9354838709677419,0.9748743718592965
0.9781021897810219,0.9945222154595252,0.9983678865598644,0.9905660377358491,0.9354838709677419,0.9859154929577465
0.9629629629629629,0.9919110212335693,0.9965333605692777,0.967391304347826,0.9534883720930233,0.9726775956284153
0.90625,0.9857142857142858,0.9959987084602475,0.9795918367346939,0.6666666666666666,0.9411764705882353
0.9448275862068966,0.9872110181997049,0.9956074831855479,1.0,0.7894736842105263,0.963963963963964
0.9393939393939394,0.9720176730486009,0.990362479794437,0.979381443298969,0.8285714285714286,0.9595959595959596
0.9430379746835443,0.966355668645745,0.9927422779315329,0.9618320610687023,0.8518518518518519,0.9655172413793104
0.9801324503311258,0.9916666666666666,0.9978150270035673,0.9916666666666667,0.9354838709677419,0.9875518672199171
0.9652777777777778,0.9931551499348109,0.9985762711864407,0.9576271186440678,1.0,0.9783549783549783
0.9554140127388535,0.992372234935164,0.9989958366062155,0.9492753623188406,1.0,0.9739776951672863
0.889763779527559,0.9546583850931677,0.9834575277990432,0.9565217391304348,0.7142857142857143,0.9263157894736842
0.9565217391304348,0.9787610619469026,0.9953801332776573,0.9646017699115044,0.92,0.9732142857142857
0.95,0.98681640625,0.9969608043734579,0.96875,0.875,0.96875
0.9444444444444444,0.9778325123152709,0.9948146779672127,0.9655172413793104,0.8571428571428571,0.9655172413793104
0.9626865671641791,0.98989898989899,0.9966647608157041,0.9494949494949495,1.0,0.9740932642487047
0.9708029197080292,0.9967532467532468,0.9982310581687822,1.0,0.9183673469387755,0.9777777777777777
0.9705882352941176,0.9891891891891892,0.9977231226179925,0.963963963963964,1.0,0.981651376146789
0.958904109589041,0.9810146280734516,0.9956465126228193,0.9663865546218487,0.9259259259259259,0.9745762711864406
0.9701492537313433,0.990079365079365,0.9967554983158312,0.9591836734693877,1.0,0.9791666666666666
0.9230769230769231,0.9826619071902091,0.9944729043180464,0.9905660377358491,0.7297297297297297,0.9502262443438914
0.9302325581395349,0.9887640449438202,0.9951591246284135,0.9887640449438202,0.8,0.9513513513513514
0.9389312977099237,0.9808286951144094,0.9943440622795924,0.9591836734693877,0.8787878787878788,0.9591836734693877
0.9496402877697842,0.9760504201680672,0.9961660782812091,0.9747899159663865,0.8,0.9707112970711297
0.9230769230769231,0.9713333333333333,0.9917813788264113,0.96,0.8,0.9504950495049505
0.9603174603174603,0.9925394548063128,0.9964018019784321,0.9882352941176471,0.9024390243902439,0.9710982658959537
0.9299363057324841,0.967741935483871,0.9923681710298446,0.9603174603174603,0.8064516129032258,0.9565217391304348
0.9659863945578231,0.9906298802706923,0.9974278895470124,0.9734513274336283,0.9411764705882353,0.9777777777777777
0.9538461538461539,0.9846666666666666,0.9958094837935174,0.96,0.9333333333333333,0.9696969696969697
0.9586206896551724,0.9899311075781663,0.9970200614074626,0.963963963963964,0.9411764705882353,0.9727272727272728
0.9481481481481482,0.9798136645962734,0.9958639773121487,0.9732142857142857,0.8260869565217391,0.9688888888888889
0.9481481481481482,0.978287841191067,0.9936391004945028,0.9711538461538461,0.8709677419354839,0.9665071770334929
0.9565217391304348,0.9899759422614275,0.9969433467181404,0.9651162790697675,0.9310344827586207,0.9707602339181286
0.9103448275862069,0.9930434782608696,0.9983502062242217,0.991304347826087,0.6,0.946058091286307
0.9663865546218487,0.996704021094265,0.9985195178606839,0.975609756097561,0.9459459459459459,0.975609756097561
0.9130434782608695,0.971125730994152,0.9942779599445489,0.9824561403508771,0.5833333333333334,0.9491525423728814
0.8805970149253731,0.9619433198380567,0.9854557257649553,0.9578947368421052,0.6923076923076923,0.9191919191919192
0.940677966101695,0.9828009828009828,0.9905486514509984,0.9594594594594594,0.9090909090909091,0.9530201342281879
0.9407407407407408,0.9775641025641025,0.991474133598345,0.9791666666666666,0.8461538461538461,0.9591836734693877
0.9571428571428572,0.9798639455782313,0.9934906631462966,0.9619047619047619,0.9428571428571428,0.9711538461538461
0.9577464788732394,0.9909212283044059,0.9973608209069098,0.9813084112149533,0.8857142857142857,0.9722222222222222
0.9538461538461539,0.9786666666666667,0.9950176827275358,0.9809523809523809,0.84,0.9716981132075472
0.9552238805970149,0.9862198559348574,0.9959574537270803,0.9805825242718447,0.8709677419354839,0.9711538461538461
0.9375,0.9759417537195315,0.9946164705007186,0.9572649572649573,0.8518518518518519,0.9613733905579399
0.9328358208955224,0.987012987012987,0.9956823978515895,0.98989898989899,0.7714285714285715,0.9560975609756097
0.9831932773109243,0.9915433403805497,0.9971523493118178,0.9767441860465116,1.0,0.9882352941176471
0.9078014184397163,0.964390243902439,0.9860099829568206,0.97,0.7560975609756098,0.9371980676328503
0.9428571428571428,0.9649122807017544,0.9921965186932046,0.9824561403508771,0.7692307692307693,0.9655172413793104
0.9655172413793104,0.9939278937381404,0.9977867225721547,1.0,0.8709677419354839,0.9770114942528736
0.9361702127659575,0.9868292682926829,0.9950480123684712,0.99,0.8048780487804879,0.9565217391304348
0.9436619718309859,0.9821802935010482,0.9941454248416305,0.9811320754716981,0.8333333333333334,0.9629629629629629
0.9712230215827338,0.9972770592239618,0.9993922938689495,1.0,0.8461538461538461,0.9826086956521739
0.9751552795031055,0.9890070921985816,0.9985301145721954,0.9858156028368794,0.9,0.9858156028368794
0.9864864864864865,0.9981940144478845,0.9994925329853561,0.9824561403508771,1.0,0.9911504424778761
0.9506172839506173,0.9792929292929293,0.9952665213544319,0.9696969696969697,0.8666666666666667,0.9696969696969697
0.9758064516129032,0.9948979591836734,0.9987640872306666,0.9897959183673469,0.9230769230769231,0.9847715736040609
0.958904109589041,0.9885057471264368,0.9973705497781946,0.9829059829059829,0.8620689655172413,0.9745762711864406
0.9861111111111112,1.0,1.0,0.9819819819819819,1.0,0.990909090909091
0.9629629629629629,0.9903459372485921,0.9981962504522468,0.9734513274336283,0.9090909090909091,0.9777777777777777
0.9692307692307692,0.9911232502560601,0.9977010756363467,0.9801980198019802,0.9310344827586207,0.9801980198019802
0.9312977099236641,0.9810479375696767,0.9923925429159536,0.967391304347826,0.8461538461538461,0.9518716577540107
0.9784172661870504,0.9872329338196977,0.9955848529394535,0.9900990099009901,0.9473684210526315,0.9852216748768473
0.9280575539568345,0.9650537634408602,0.9901273519389509,0.9814814814814815,0.7419354838709677,0.954954954954955
0.9426229508196722,0.9840409515206263,0.9926904772480931,0.9876543209876543,0.8536585365853658,0.9580838323353293
0.9699248120300752,0.9919636617749826,0.9980931584705169,0.9622641509433962,1.0,0.9807692307692307
0.9354838709677419,0.9838267543859648,0.9912963020208884,0.9736842105263158,0.875,0.9487179487179487
0.986013986013986,0.9925465838509316,0.998356727148237,0.9826086956521739,1.0,0.9912280701754386
0.9545454545454546,0.9777078415945449,0.9944633754944449,0.959349593495935,0.9354838709677419,0.9711934156378601
0.916030534351145,0.9829988851727982,0.9936291629409539,0.9891304347826086,0.7435897435897436,0.9430051813471503
0.9848484848484849,0.9977124183006536,0.9993703903579779,0.9803921568627451,1.0,0.9900990099009901
0.9264705882352942,0.9694239694239695,0.9887542789611213,0.9595959595959596,0.8378378378378378,0.95
0.927536231884058,0.9826839826839827,0.9950364259812745,0.9619047619047619,0.8181818181818182,0.9528301886792453
0.9343065693430657,0.9802702702702704,0.9928715489092479,0.97,0.8378378378378378,0.9556650246305419
0.9485294117647058,0.9833333333333333,0.9943317213738613,0.97,0.8888888888888888,0.9651741293532339
0.8947368421052632,0.9642156862745098,0.9818383660852779,0.9529411764705882,0.7916666666666666,0.9204545454545454
0.98,0.9976580796252926,0.9994657698352002,0.9918032786885246,0.9285714285714286,0.9877551020408163
0.9588235294117647,0.9894839814135485,0.997930046033091,0.9787234042553191,0.8620689655172413,0.9752650176678446
0.9624060150375939,0.9739404352806416,0.9912851954181046,0.9690721649484536,0.9444444444444444,0.9740932642487047
0.9444444444444444,0.981389252948886,0.9941218001453728,0.981651376146789,0.8285714285714286,0.963963963963964
0.9661016949152542,0.9918427882832778,0.9973466520946263,0.9770114942528736,0.9354838709677419,0.9770114942528736
0.9931972789115646,0.9938271604938272,0.9988095238095238,0.9916666666666667,1.0,0.99581589958159
0.9436619718309859,0.9853524565151053,0.996420896691681,0.9823008849557522,0.7931034482758621,0.9652173913043478
0.9586776859504132,0.9872589531680441,0.9952819541621127,0.9659090909090909,0.9393939393939394,0.9714285714285714
0.8978102189781022,0.9689638318670577,0.986820974938373,0.9354838709677419,0.8181818181818182,0.925531914893617
0.9473684210526315,0.9848595848595848,0.9956888363863794,0.9829059829059829,0.8285714285714286,0.9663865546218487
0.9655172413793104,0.9956043956043956,0.9987973768488287,0.978021978021978,0.92,0.978021978021978
0.9230769230769231,0.9762574195563886,0.9928070505660238,0.9587628865979382,0.8181818181818182,0.9489795918367347
0.9236641221374046,0.9656765676567656,0.9902173657467246,0.9603960396039604,0.8,0.9509803921568627
0.944,0.9782349433512224,0.9915240835708783,0.9651162790697675,0.8974358974358975,0.9595375722543352
0.9637681159420289,0.9857142857142857,0.9949032790905603,0.9693877551020408,0.95,0.9743589743589743
0.8823529411764706,0.9685185185185184,0.9884439394412158,0.9814814814814815,0.6444444444444445,0.9217391304347826
0.875,0.960292580982236,0.9858058965117605,0.9655172413793104,0.6363636363636364,0.9180327868852459
0.9583333333333334,0.9854166666666666,0.9973127262600946,0.95,1.0,0.9743589743589743
0.9857142857142858,1.0,1.0,1.0,0.9310344827586207,0.9910714285714286
0.9642857142857143,0.984778121775026,0.994674321370079,0.9705882352941176,0.9473684210526315,0.9753694581280788
0.9611650485436893,0.9976700838769804,0.9991447143345877,0.9459459459459459,1.0,0.9722222222222222
0.9815950920245399,0.9914467253176931,0.9981747293315257,0.9772727272727273,1.0,0.9885057471264368
0.9347826086956522,0.9773755656108598,0.9928000006498992,0.9711538461538461,0.8235294117647058,0.957345971563981
0.9302325581395349,0.9799880525686977,0.9928162057978858,0.9247311827956989,0.9444444444444444,0.9502762430939227
0.9205298013245033,0.9453781512605042,0.9850367574795759,0.9495798319327731,0.8125,0.9495798319327731
0.923728813559322,0.984593837535014,0.9940042669184652,0.9642857142857143,0.8235294117647058,0.9473684210526315
0.943089430894309,0.972972972972973,0.9888201915844747,0.9651162790697675,0.8918918918918919,0.9595375722543352
0.9625,0.9874973511337147,0.9961053561941833,0.9669421487603306,0.9487179487179487,0.975
0.9694656488549618,0.9875682231655548,0.9961917465970743,0.9587628865979382,1.0,0.9789473684210527
0.9396551724137931,0.98110661268556,0.9912549142764094,0.9871794871794872,0.8421052631578947,0.9565217391304348
0.961038961038961,0.987149226330973,0.9969784793832843,0.967479674796748,0.9354838709677419,0.9754098360655737
0.9548872180451128,0.9829222011385199,0.995379203386525,0.9607843137254902,0.9354838709677419,0.9702970297029703
0.9302325581395349,0.9823529411764704,0.9942499104905121,0.968421052631579,0.8235294117647058,0.9533678756476683
0.9652777777777778,0.9943028485757122,0.9986079328756673,0.9739130434782609,0.9310344827586207,0.9781659388646288
0.9251700680272109,0.9702881152460985,0.9930502809701425,0.9411764705882353,0.8571428571428571,0.9531914893617022
0.9386503067484663,0.9804511278195489,0.9958968682197706,0.9699248120300752,0.8,0.9626865671641791
0.9090909090909091,0.9408052884615384,0.9879965960684031,0.953125,0.6923076923076923,0.9457364341085271
0.9473684210526315,0.9862104187946885,0.9936953064294869,0.9887640449438202,0.8636363636363636,0.9617486338797814
0.96,0.9910049627791564,0.9981659080911068,0.9838709677419355,0.8461538461538461,0.976
0.9242424242424242,0.96625,0.9896258464820237,0.96,0.8125,0.9504950495049505
0.916083916083916,0.974757281553398,0.9908264179784082,0.941747572815534,0.85,0.941747572815534
0.924812030075188,0.9860742705570292,0.9962721781112897,0.9807692307692307,0.7241379310344828,0.9532710280373832
0.9491525423728814,0.9896180941787172,0.9964267365344543,1.0,0.8064516129032258,0.9666666666666667
0.9512195121951219,0.9824862637362638,0.9944762684124386,0.9340659340659341,1.0,0.9659090909090909
0.9452054794520548,0.9899018232819073,0.997368887022456,0.9826086956521739,0.8064516129032258,0.9658119658119658
0.9285714285714286,0.9712932820361053,0.9922195521762236,0.963302752293578,0.8064516129032258,0.9545454545454546
0.8962962962962963,0.9301270417422867,0.9877242330175259,0.9137931034482759,0.7894736842105263,0.9380530973451328
0.9463087248322147,0.9704840613931522,0.9937094831071294,0.9669421487603306,0.8571428571428571,0.9669421487603306
0.9253731343283582,0.9674627898926964,0.9918926920349451,0.9626168224299065,0.7777777777777778,0.9537037037037037
0.9801324503311258,0.9974861739567621,0.9992693796924474,0.9914529914529915,0.9411764705882353,0.9872340425531915
0.9568345323741008,0.976140350877193,0.994877881172088,0.9649122807017544,0.92,0.9734513274336283
0.920863309352518,0.9756226815050344,0.9915722518368891,0.9509803921568627,0.8378378378378378,0.9463414634146341
0.952054794520548,0.9891891891891892,0.996754867527624,0.972972972972973,0.8857142857142857,0.968609865470852
0.9230769230769231,0.9776397515527949,0.9908378002779431,0.9710144927536232,0.8285714285714286,0.9436619718309859
0.9567901234567902,0.985985401459854,0.9974851447398799,0.9781021897810219,0.84,0.9745454545454545
0.9380530973451328,0.9840609840609841,0.9918007738878731,0.9864864864864865,0.8461538461538461,0.954248366013072
0.9609375,0.994047619047619,0.9969564547774474,0.9880952380952381,0.9090909090909091,0.9707602339181286
0.9565217391304348,0.9903527283690081,0.9974097281501473,0.9626168224299065,0.9354838709677419,0.9716981132075472
0.967741935483871,0.9898666666666666,0.9977370016844469,0.96,1.0,0.9795918367346939
0.9433962264150944,0.9823880597014925,0.99683507482989,0.9776119402985075,0.76,0.966789667896679
0.9689922480620154,0.9873039581777445,0.9971527902232912,0.9805825242718447,0.9230769230769231,0.9805825242718447
0.924812030075188,0.9788108791903859,0.9937390080521324,0.9607843137254902,0.8064516129032258,0.9514563106796117
0.9285714285714286,0.9588675213675213,0.9859164988903554,0.9807692307692307,0.7777777777777778,0.9532710280373832
0.9530201342281879,0.9905149051490516,0.9966448413728238,0.9722222222222222,0.9024390243902439,0.967741935483871
0.9457364341085271,0.9851804123711341,0.9954269773954069,0.9690721649484536,0.875,0.9641025641025641
0.9124087591240876,0.9778378378378378,0.9922496872184547,0.98,0.7297297297297297,0.9423076923076923
0.993006993006993,1.0,0.9999999999999998,0.991304347826087,1.0,0.9956331877729258
0.9675324675324676,0.9931972789115646,0.9985509403099537,0.9761904761904762,0.9285714285714286,0.9800796812749004
0.9803921568627451,0.9917695473251029,0.9989549245023699,0.9777777777777777,1.0,0.9887640449438202
0.9536423841059603,0.9914809960681521,0.9967977776019723,0.9908256880733946,0.8571428571428571,0.968609865470852
0.9006622516556292,0.966039279869067,0.9859560110669249,0.9711538461538461,0.7446808510638298,0.9308755760368663
0.9465648854961832,0.9842105263157894,0.9940693392168557,0.9894736842105263,0.8333333333333334,0.9641025641025641
0.9159663865546218,0.9651580459770115,0.9879153647403465,0.9770114942528736,0.75,0.9444444444444444
0.9230769230769231,0.9683567062207838,0.9920321249529338,0.9611650485436893,0.7777777777777778,0.9519230769230769
0.9253731343283582,0.9716312056737589,0.9856545159145393,0.9770114942528736,0.8297872340425532,0.9444444444444444
0.920863309352518,0.9759862778730705,0.9931401411897731,0.9716981132075472,0.7575757575757576,0.9493087557603687
0.9420289855072463,0.9796628311479796,0.9927845293791264,0.9603960396039604,0.8918918918918919,0.9603960396039604
0.9545454545454546,0.9851058270185523,0.9937095788752124,0.9550561797752809,0.9534883720930233,0.9659090909090909
0.9455782312925171,0.9885260370697264,0.995417371514927,0.9805825242718447,0.8636363636363636,0.9619047619047619
0.9634146341463414,0.9895902547065338,0.9972543201254986,0.9844961240310077,0.8857142857142857,0.9769230769230769
0.9178082191780822,0.9717064544650752,0.9931602712085221,0.9658119658119658,0.7241379310344828,0.9495798319327731
0.972972972972973,0.9905913978494624,0.9982081380396228,0.9838709677419355,0.9166666666666666,0.9838709677419355
0.9666666666666667,0.9933862433862435,0.9987700678158095,0.9761904761904762,0.9166666666666666,0.9800796812749004
0.9423076923076923,0.9703075291622482,0.9899719637223005,0.9391304347826087,0.9512195121951219,0.96
0.9615384615384616,0.9733727810650886,0.9939189869218815,0.9711538461538461,0.9230769230769231,0.9758454106280193
0.9545454545454546,0.9693121693121693,0.9919590912229378,0.9809523809523809,0.8518518518518519,0.9716981132075472
0.9349593495934959,0.9661654135338346,0.9900560843817824,0.9578947368421052,0.8571428571428571,0.9578947368421052
0.9538461538461539,0.9880514705882353,0.9959529597083308,0.9583333333333334,0.9411764705882353,0.968421052631579
0.9849624060150376,0.9978787878787879,0.9993457943925235,0.98,1.0,0.98989898989899
0.8869565217391304,0.9668489405331511,0.9854018443373019,0.961038961038961,0.7368421052631579,0.9192546583850931
0.9782608695652174,0.9982683982683983,0.9994608844537052,0.9904761904761905,0.9393939393939394,0.985781990521327
0.950920245398773,0.9754658385093167,0.9959202699716172,0.9571428571428572,0.9130434782608695,0.9710144927536232
0.920863309352518,0.9588159588159588,0.9901276260452284,0.954954954954955,0.7857142857142857,0.9506726457399103
0.951048951048951,0.9812646370023419,0.9968458685158497,0.9590163934426229,0.9047619047619048,0.970954356846473
0.9389312977099237,0.9633699633699634,0.9913445283531778,0.9619047619047619,0.8461538461538461,0.9619047619047619
0.9262295081967213,0.9819376026272577,0.9933310336590195,0.9655172413793104,0.8285714285714286,0.9491525423728814
0.9640287769784173,0.995049504950495,0.9982035442439803,0.9702970297029703,0.9473684210526315,0.9751243781094527
0.9548872180451128,0.9824561403508771,0.997148457353019,0.9824561403508771,0.7894736842105263,0.9739130434782609
0.936,0.9791666666666667,0.9939712601285511,0.9583333333333334,0.8620689655172413,0.9583333333333334
0.9375,0.9754220456802383,0.9916442161321193,0.9716981132075472,0.8421052631578947,0.958139534883721
0.9433962264150944,0.9698823529411765,0.9918899639405114,0.976,0.8235294117647058,0.9644268774703557
0.9291338582677166,0.9754704301075269,0.9921357652882604,0.96875,0.8064516129032258,0.9538461538461539
0.917910447761194,0.9705128205128205,0.9921728494850499,0.9519230769230769,0.8,0.9473684210526315
0.92,0.9682352941176471,0.9852703118412824,0.9529411764705882,0.85,0.9418604651162791
0.9078014184397163,0.9612794612794613,0.9889607166028386,0.9537037037037037,0.7575757575757576,0.9406392694063926
0.9586206896551724,0.9818920916481892,0.9966867540401408,0.967479674796748,0.9090909090909091,0.9754098360655737
0.9295774647887324,0.9714912280701754,0.9932128801259408,0.9649122807017544,0.7857142857142857,0.9565217391304348
0.95,0.989839396919043,0.9976675670887478,0.9734513274336283,0.8518518518518519,0.9691629955947136
0.9416666666666667,0.9784541723666211,0.992080633204466,0.9883720930232558,0.8235294117647058,0.96045197740113
0.975609756097561,0.9980842911877394,0.9992162334645199,0.9885057471264368,0.9444444444444444,0.9828571428571429
0.9612903225806452,0.9801291604570294,0.9947029446948658,0.9836065573770492,0.8787878787878788,0.975609756097561
0.9316770186335404,0.9848675914249685,0.9954946544355744,0.9754098360655737,0.7948717948717948,0.9558232931726908
0.9645390070921985,0.9892541087231352,0.9975365089521225,0.9734513274336283,0.9285714285714286,0.9777777777777777
0.9727891156462585,0.9885476314419573,0.9966122590566726,0.9823008849557522,0.9411764705882353,0.9823008849557522
0.8931297709923665,0.9614604462474645,0.9898321007004743,0.9607843137254902,0.6551724137931034,0.9333333333333333
0.9810126582278481,0.9955357142857142,0.9995795281582951,0.9791666666666666,1.0,0.9894736842105263
0.9428571428571428,0.9780092592592592,0.9938159027382671,0.9814814814814815,0.8125,0.9636363636363636
0.9790209790209791,0.9944186046511627,0.997857142857143,0.97,1.0,0.9847715736040609
0.9705882352941176,0.9852534562211982,0.9962219598583236,0.9619047619047619,1.0,0.9805825242718447
0.9172413793103448,0.9701834862385321,0.9906391380924398,0.963302752293578,0.7777777777777778,0.9459459459459459
0.9825581395348837,0.9946428571428572,0.9988464118041582,0.9785714285714285,1.0,0.9891696750902527
0.9448275862068966,0.9806666666666666,0.9959236692659146,0.9666666666666667,0.84,0.9666666666666667
0.9644970414201184,0.990172721858249,0.9984907095259219,0.9726027397260274,0.9130434782608695,0.9793103448275862
0.9869281045751634,1.0,1.0,0.9847328244274809,1.0,0.9923076923076923
0.9836065573770492,0.9916666666666667,0.9973856209150327,0.9777777777777777,1.0,0.9887640449438202
0.934640522875817,0.9767318878900053,0.9942630815643488,0.9672131147540983,0.8064516129032258,0.959349593495935
0.9323308270676691,0.9763636363636363,0.9925098823433621,0.95,0.8787878787878788,0.9547738693467337
0.9363057324840764,0.9846390168970813,0.9965387972564913,0.9682539682539683,0.8064516129032258,0.9606299212598425
0.9536423841059603,0.9812307692307692,0.9961351168281993,0.976,0.8461538461538461,0.9721115537848606
0.9618320610687023,0.9965986394557823,0.9989156058462989,0.9897959183673469,0.8787878787878788,0.9748743718592965
0.9801324503311258,0.9949223416965352,0.9989462798474469,0.9758064516129032,1.0,0.9877551020408163
0.9827586206896551,0.9949162679425837,0.9993045972165379,0.9802631578947368,1.0,0.9900332225913622
0.930379746835443,0.9793859649122806,0.9939086376708075,0.975,0.7894736842105263,0.9551020408163265
0.9567901234567902,0.9944444444444444,0.9988004863431208,0.9924242424242424,0.8,0.9739776951672863
0.9358974358974359,0.9795593913240972,0.9937669161686351,0.9831932773109243,0.7837837837837838,0.9590163934426229
0.9266666666666666,0.969785575048733,0.9908558955670088,0.9736842105263158,0.7777777777777778,0.9527896995708155
0.9357142857142857,0.973364900858242,0.992820971082659,0.9724770642201835,0.8064516129032258,0.9592760180995475
0.918918918918919,0.9752305665349144,0.9932218966322652,0.9652173913043478,0.7575757575757576,0.9487179487179487
0.910958904109589,0.9628205128205128,0.9924123307332242,0.925,0.8461538461538461,0.9446808510638298
0.9810126582278481,0.9950248756218906,0.999143789636172,0.9776119402985075,1.0,0.9886792452830189
0.965034965034965,0.9860248447204969,0.9969143431218555,0.9565217391304348,1.0,0.9777777777777777
0.9647887323943662,0.9912483912483913,0.9969166157408975,0.9714285714285714,0.9459459459459459,0.9760765550239234
0.927536231884058,0.9740729574917095,0.9926810978828181,0.9626168224299065,0.8064516129032258,0.9537037037037037
0.9586206896551724,0.9898929845422116,0.9975711830952406,0.9827586206896551,0.8620689655172413,0.9743589743589743
0.9844961240310077,0.9929292929292929,0.9980652209425794,0.9797979797979798,1.0,0.9897959183673469
0.965034965034965,0.9955209806694956,0.9984323432343234,0.9900990099009901,0.9047619047619048,0.975609756097561
0.95,0.9775641025641025,0.9925380926327906,0.9711538461538461,0.8888888888888888,0.9665071770334929
0.9463087248322147,0.9838874680306904,0.9957389793824605,0.9652173913043478,0.8823529411764706,0.9652173913043478
0.9402985074626866,0.9791666666666666,0.9956668635892151,0.9818181818181818,0.75,0.9642857142857143
0.9503105590062112,0.9839690436705362,0.9969811345797682,0.9701492537313433,0.8518518518518519,0.9701492537313433
0.9461538461538461,0.9799107142857142,0.993662797836962,0.9489795918367347,0.9375,0.9637305699481865
0.925,0.9768851837817355,0.9929633620969529,0.967032967032967,0.7931034482758621,0.9513513513513514
0.961038961038961,0.9895644283121597,0.9966174001206863,0.9827586206896551,0.8947368421052632,0.9743589743589743
0.9307692307692308,0.9921536796536797,0.9965891849390963,0.9886363636363636,0.8095238095238095,0.9508196721311475
0.9487179487179487,0.9847253017984725,0.9962402021735793,0.967479674796748,0.8787878787878788,0.967479674796748
0.9440559440559441,0.9828908554572272,0.9958913583939547,0.9646017699115044,0.8666666666666667,0.9646017699115044
0.9866666666666667,0.9978922011442336,0.9995622263914946,0.983739837398374,1.0,0.9918032786885246
0.961038961038961,0.9941673957421989,0.9987463693215552,0.968503937007874,0.9259259259259259,0.9761904761904762
0.8970588235294118,0.9426361585562358,0.9850143500632271,0.9626168224299065,0.6551724137931034,0.9363636363636364
0.9440559440559441,0.9812462189957653,0.9955295555370305,0.9824561403508771,0.7931034482758621,0.9655172413793104
0.96875,0.9933574879227053,0.9974251264138273,1.0,0.8888888888888888,0.9787234042553191
0.9496402877697842,0.9867724867724866,0.9968144828190028,0.9732142857142857,0.8518518518518519,0.9688888888888889
0.9140625,0.9664389664389664,0.986966965104205,0.967032967032967,0.7837837837837838,0.9411764705882353
0.9624060150375939,0.9868804664723032,0.9952348720986323,0.9897959183673469,0.8857142857142857,0.9748743718592965
0.9090909090909091,0.9785736149372514,0.9934945572657854,0.9797979797979798,0.696969696969697,0.941747572815534
0.9655172413793104,0.9862215156332803,0.9958331800103302,0.972972972972973,0.9411764705882353,0.9773755656108597
0.9448275862068966,0.9776987718164188,0.9950364104166953,0.9495798319327731,0.9230769230769231,0.9658119658119658
0.9705882352941176,0.9880184331797235,0.9965738496765069,0.9809523809523809,0.9354838709677419,0.9809523809523809
0.9375,0.9710144927536232,0.988754840065261,0.9565217391304348,0.8888888888888888,0.9565217391304348
0.9455782312925171,0.9645901639344261,0.9928267185293199,0.9508196721311475,0.92,0.9666666666666667
0.952054794520548,0.9838267543859649,0.9955193630731456,0.9912280701754386,0.8125,0.9699570815450643
0.9747899159663865,0.9851063829787234,0.9961877982706756,0.9893617021276596,0.92,0.9841269841269841
0.9465648854961832,0.9848484848484849,0.9949212057325737,0.9693877551020408,0.8787878787878788,0.9644670050761421
0.9225352112676056,0.9727941176470587,0.9905712319059524,0.9705882352941176,0.8,0.9473684210526315
0.9632352941176471,0.9912767644726408,0.996681508463313,0.9896907216494846,0.8974358974358975,0.9746192893401016
0.967741935483871,0.991126070991432,0.9966297100288624,0.9767441860465116,0.9473684210526315,0.9767441860465116
0.992,0.995475113122172,0.9985347985347985,0.989010989010989,1.0,0.994475138121547
0.9844961240310077,1.0,1.0,0.9813084112149533,1.0,0.9905660377358491
0.8992805755395683,0.9676375404530745,0.9892857814163054,0.9805825242718447,0.6666666666666666,0.9351851851851852
0.9455782312925171,0.9834239130434782,0.9956705174016627,0.9652173913043478,0.875,0.9652173913043478
0.9691358024691358,0.9912208504801097,0.9983456779772321,0.9777777777777777,0.9259259259259259,0.9814126394052045
0.9290780141843972,0.9711590296495957,0.9905529048412223,0.9622641509433962,0.8285714285714286,0.9532710280373832
0.9733333333333334,0.9836799999999999,0.99676728049209,0.984,0.92,0.984
0.9411764705882353,0.9696666666666667,0.995830261917258,0.9466666666666667,0.9,0.9659863945578231
0.9224137931034483,0.9855212355212355,0.9923690052020981,0.9864864864864865,0.8095238095238095,0.9419354838709677
0.9384615384615385,0.9737582005623243,0.9911981489963411,0.979381443298969,0.8181818181818182,0.9595959595959596
0.948905109489051,0.9801678108314263,0.9962765068028226,0.956140350877193,0.9130434782608695,0.9688888888888889
0.9606299212598425,0.9785185185185185,0.99428782282647,0.99,0.8518518518518519,0.9753694581280788
0.9583333333333334,0.9935828877005348,0.9979649272239063,1.0,0.8235294117647058,0.9734513274336283
0.9649122807017544,0.9930555555555556,0.9987808382974385,0.9861111111111112,0.8518518518518519,0.9793103448275862
0.9166666666666666,0.9795918367346939,0.9908855701019484,0.9795918367346939,0.782608695652174,0.9411764705882353
0.8974358974358975,0.9700199866755497,0.986743133471514,0.9746835443037974,0.7368421052631579,0.927710843373494
0.95,0.9773844641101278,0.9946355494080896,0.9557522123893806,0.9259259259259259,0.968609865470852
0.9851851851851852,1.0,1.0,0.9791666666666666,1.0,0.9894736842105263
0.9691358024691358,0.9939643347050754,0.9988196464044898,0.9925925925925926,0.8518518518518519,0.9816849816849816
0.9465648854961832,0.9756944444444444,0.992557063927886,0.9696969696969697,0.875,0.964824120603015
0.952,0.9756,0.9938264211642723,0.98,0.84,0.9702970297029703
0.9371069182389937,0.9700460829493087,0.991975424652482,0.9838709677419355,0.7714285714285715,0.9606299212598425
0.9622641509433962,0.9886592741935484,0.9974205411579582,0.984375,0.8709677419354839,0.9767441860465116
0.9594594594594594,0.9923728813559322,0.998198318430535,0.9491525423728814,1.0,0.9739130434782609
0.95,0.9890240992603196,0.9973544398390837,0.984251968503937,0.8181818181818182,0.9689922480620154
0.9452054794520548,0.9706284153005464,0.9943858895597463,0.9672131147540983,0.8333333333333334,0.9672131147540983
0.9431818181818182,0.9685569904548007,0.99137526325144,0.9708029197080292,0.8461538461538461,0.9637681159420289
0.9712643678160919,0.9900671140939598,0.9983632700203949,0.9798657718120806,0.92,0.9831649831649831
0.9583333333333334,0.9843106995884774,0.9949979515183615,0.9814814814814815,0.8888888888888888,0.9724770642201835
0.9552238805970149,0.9810090702947846,0.9939131057828536,0.9591836734693877,0.9444444444444444,0.9690721649484536
0.9814814814814815,0.9982002249718785,0.9995217497483866,0.9921259842519685,0.9428571428571428,0.9882352941176471
0.9361702127659575,0.9816513761467889,0.9948544720805919,0.9541284403669725,0.875,0.9585253456221198
0.9078947368421053,0.9746031746031746,0.9928519845316427,0.9829059829059829,0.6571428571428571,0.9426229508196722
0.953125,0.9791666666666666,0.9953587784593316,0.9807692307692307,0.8333333333333334,0.9714285714285714
0.9455782312925171,0.9841836734693877,0.9951132194513329,0.9642857142857143,0.8857142857142857,0.9642857142857143
0.968,0.9907773386034255,0.9967395943683562,0.9782608695652174,0.9393939393939394,0.9782608695652174
0.8898305084745762,0.9514534012586155,0.9723008954316539,0.9577464788732394,0.7872340425531915,0.912751677852349
0.9178082191780822,0.9702454748326308,0.9901870024986492,0.963302752293578,0.7837837837837838,0.9459459459459459
0.9154929577464789,0.961639058413252,0.9897656501216073,0.9459459459459459,0.8064516129032258,0.9459459459459459
0.9259259259259259,0.9708436724565757,0.9917580443115094,0.9230769230769231,0.9354838709677419,0.9504950495049505
0.910958904109589,0.9625668449197862,0.9845937349201597,0.9509803921568627,0.8181818181818182,0.9371980676328503
0.9466666666666667,0.9800569800569802,0.994494584315384,0.9658119658119658,0.8787878787878788,0.9658119658119658
0.9743589743589743,0.9931457431457432,0.9976326894394121,0.9880952380952381,0.9393939393939394,0.9822485207100592
0.9574468085106383,0.9909290819131391,0.9974377530737655,0.9813084112149533,0.8823529411764706,0.9722222222222222
0.9618320610687023,0.9916387959866221,0.996515688660641,0.9891304347826086,0.8974358974358975,0.9732620320855615
0.9224806201550387,0.970516717325228,0.9895049379610314,0.9574468085106383,0.8285714285714286,0.9473684210526315
0.9646017699115044,0.9900426742532006,0.9960072858153589,0.9736842105263158,0.9459459459459459,0.9736842105263158
0.9738562091503268,0.9911463187325257,0.9974605051372448,0.9655172413793104,1.0,0.9824561403508771
0.9457364341085271,0.9906572164948454,0.9971125636921889,0.9896907216494846,0.8125,0.964824120603015
0.9771428571428571,0.9936625874125875,0.9986499986499986,0.972027972027972,1.0,0.9858156028368794
0.9318181818181818,0.9753086419753088,0.9938969292903741,0.9523809523809523,0.8518518518518519,0.9569377990430622
0.9185185185185185,0.9631578947368421,0.9847073636938464,0.968421052631579,0.8,0.9435897435897436
0.9703703703703703,0.9903978052126201,0.9978052126200275,0.9814814814814815,0.9259259259259259,0.9814814814814815
0.9328859060402684,0.9782818532818532,0.9929823718382047,0.9642857142857143,0.8378378378378378,0.9557522123893806
0.9924812030075187,0.9944664031620554,0.9989736070381231,0.990909090909091,1.0,0.9954337899543378
0.9403973509933775,0.9778461538461538,0.9954095324034669,0.976,0.7692307692307693,0.9644268774703557
0.9047619047619048,0.9686700767263428,0.989363031020621,0.9565217391304348,0.7647058823529411,0.9361702127659575
0.9428571428571428,0.9820408163265305,0.9946163337733953,0.9428571428571428,0.9428571428571428,0.9611650485436893
0.9785714285714285,0.9975652173913043,0.9995010691375623,0.9739130434782609,1.0,0.986784140969163
0.9407894736842105,0.9747474747474748,0.9901427571245178,0.9722222222222222,0.8636363636363636,0.958904109589041
0.959349593495935,0.9759615384615384,0.9924199640217816,0.967032967032967,0.9375,0.9723756906077348
0.9459459459459459,0.9754618141714917,0.9938539471543459,0.9829059829059829,0.8064516129032258,0.9663865546218487
0.9402985074626866,0.9790165988098966,0.993813216353572,0.9805825242718447,0.8064516129032258,0.9619047619047619
0.9673202614379085,0.9913494809688581,0.9977783245565824,0.9747899159663865,0.9411764705882353,0.9789029535864979
0.9461538461538461,0.9645714285714286,0.9916552627700425,0.9714285714285714,0.84,0.966824644549763
0.9699248120300752,0.9929629629629628,0.9985294596121859,0.9814814814814815,0.92,0.9814814814814815
0.9661016949152542,0.9887344199424737,0.9979220471882131,0.9731543624161074,0.9285714285714286,0.9797297297297297
0.9861111111111112,0.9988304093567252,0.9996962045293143,1.0,0.9333333333333333,0.991304347826087
0.912621359223301,0.9710144927536232,0.9881266242660934,0.9565217391304348,0.8235294117647058,0.9361702127659575
0.912,0.9669051878354203,0.9859375557551662,0.9651162790697675,0.7948717948717948,0.9378531073446328
0.9370629370629371,0.985202492211838,0.9951842051007898,0.9719626168224299,0.8333333333333334,0.9585253456221198
0.9655172413793104,0.9946641556811048,0.9988639677488617,0.9576271186440678,1.0,0.9783549783549783
0.9007633587786259,0.9547169811320755,0.9895628825654844,0.9528301886792453,0.68,0.9395348837209302
0.9701492537313433,0.9914614121510673,0.9976495449313584,1.0,0.8620689655172413,0.9813084112149533
0.9166666666666666,0.9793103448275862,0.9950350532702908,0.9478260869565217,0.7931034482758621,0.9478260869565217
0.9545454545454546,0.9804258241758241,0.9948462366844285,0.9807692307692307,0.8571428571428571,0.9714285714285714
0.9733333333333334,0.9945784765519111,0.9986588428794398,0.9831932773109243,0.9354838709677419,0.9831932773109243
0.9916666666666667,0.9961180124223602,0.9989343563512361,0.9891304347826086,1.0,0.994535519125683
0.9868421052631579,0.9986979166666666,0.9996666666666666,0.9833333333333333,1.0,0.9915966386554622
0.9555555555555556,0.974903474903475,0.9907984423274004,0.9591836734693877,0.9459459459459459,0.9690721649484536
0.9416058394160584,0.9824699110413396,0.9938247106679945,0.9591836734693877,0.8974358974358975,0.9591836734693877
0.889763779527559,0.9425287356321839,0.9749934901949313,0.9540229885057471,0.75,0.9222222222222223
0.9391304347826087,0.994,0.9969996874511641,0.9866666666666667,0.85,0.9548387096774194
0.9815950920245399,0.9892652671755726,0.9976471818467009,0.9770992366412213,1.0,0.9884169884169884
0.9606299212598425,0.9885752688172044,0.9967371401805485,0.96875,0.9354838709677419,0.9738219895287958
0.9758064516129032,0.9945652173913043,0.9980799151924926,0.9891304347826086,0.9375,0.9837837837837838
0.925,0.9871630295250321,0.9945954300510669,0.9878048780487805,0.7894736842105263,0.9473684210526315
0.9548872180451128,0.9867256637168142,0.9976480384603583,0.9823008849557522,0.8,0.9736842105263158
0.8931297709923665,0.948005698005698,0.9862901414104894,0.9230769230769231,0.7777777777777778,0.9320388349514563
0.9527027027027027,0.9873517786561264,0.9965608555281887,0.9565217391304348,0.9393939393939394,0.9691629955947136
0.9848484848484849,0.9901960784313725,0.9974861739567622,0.9803921568627451,1.0,0.9900990099009901
0.9178082191780822,0.9614401858304298,0.9854894090473674,0.9619047619047619,0.8048780487804879,0.9439252336448598
0.9594594594594594,0.9838362068965518,0.9956789043793574,0.9827586206896551,0.875,0.9743589743589743
0.96875,0.9878091257401602,0.9964257789839299,0.9797979797979798,0.9310344827586207,0.9797979797979798
0.9305555555555556,0.9798807749627422,0.9964411280120431,0.9344262295081968,0.9090909090909091,0.957983193277311
0.9540816326530612,0.983843537414966,0.9972977770507956,0.9702380952380952,0.8571428571428571,0.9731343283582089
0.9545454545454546,0.9853793103448275,0.9967665520835933,0.96,0.9310344827586207,0.97165991902834
0.9624060150375939,0.9816326530612245,0.9952191177068953,0.9714285714285714,0.9285714285714286,0.9760765550239234
0.9552238805970149,0.985837922895358,0.9940043473545708,0.978494623655914,0.9024390243902439,0.9680851063829787
0.9319727891156463,0.9766381766381768,0.9941563569917073,0.9658119658119658,0.8,0.9576271186440678
0.9856115107913669,0.9967637540453074,0.9988667867859955,1.0,0.9444444444444444,0.9903846153846154
0.9411764705882353,0.9732262382864793,0.9893647765434764,0.963855421686747,0.8888888888888888,0.9580838323353293
0.9645390070921985,0.9923034634414514,0.9977647457018326,0.9906542056074766,0.8823529411764706,0.9769585253456221
0.9539473684210527,0.9846153846153847,0.9953493453671417,0.9572649572649573,0.9428571428571428,0.9696969696969697
0.9642857142857143,0.98656178302196,0.9970497635722106,0.9557522123893806,1.0,0.9773755656108597
0.9863013698630136,0.9936974789915967,0.9982937055389758,0.9821428571428571,1.0,0.990990990990991
0.9611650485436893,0.9966386554621849,0.9983545061216975,1.0,0.8857142857142857,0.9714285714285714
0.9558823529411765,0.9835664335664336,0.9963942916950297,0.9636363636363636,0.9230769230769231,0.9724770642201835
0.9857142857142858,0.9954687057490796,0.9985869067080639,1.0,0.9393939393939394,0.9907407407407407
0.9747899159663865,0.9917602996254682,0.9973264718593549,0.9887640449438202,0.9333333333333333,0.9832402234636871
0.920863309352518,0.9846153846153846,0.9946719307461105,0.97,0.7948717948717948,0.9463414634146341
0.9552238805970149,0.978030303030303,0.9952442537939639,0.9636363636363636,0.9166666666666666,0.9724770642201835
0.9117647058823529,0.9562893081761006,0.9877934175894724,0.9622641509433962,0.7333333333333333,0.9444444444444444
0.9645390070921985,0.9859531772575251,0.9969422439050327,0.9739130434782609,0.9230769230769231,0.9781659388646288
0.9212598425196851,0.9685592185592187,0.9884553503772521,0.9340659340659341,0.8888888888888888,0.9444444444444444
0.9338235294117647,0.9764743796326136,0.9937465144513659,0.9532710280373832,0.8620689655172413,0.9577464788732394
0.95,0.9901477832512315,0.9970108994506235,0.978021978021978,0.8620689655172413,0.967391304347826
0.9461538461538461,0.9936974789915967,0.9983506461225921,0.9901960784313726,0.7857142857142857,0.9665071770334929
0.9463087248322147,0.985832349468713,0.9968906217437946,0.9669421487603306,0.8571428571428571,0.9669421487603306
0.958904109589041,0.9868421052631579,0.9963599123863043,0.9649122807017544,0.9375,0.9734513274336283
0.9624060150375939,0.9927272727272727,0.9977559081885181,0.99,0.8787878787878788,0.9753694581280788
0.8759124087591241,0.9505952380952382,0.9855815475374469,0.8952380952380953,0.8125,0.9170731707317074
0.9745222929936306,0.9974937343358395,0.9995510915969958,0.9849624060150376,0.9166666666666666,0.9849624060150376
0.9555555555555556,0.9862825788751715,0.9965629863718236,0.9629629629629629,0.9259259259259259,0.9719626168224299
0.9481481481481482,0.9891304347826088,0.9978937086756161,0.9375,1.0,0.967741935483871
0.9606299212598425,0.9828178694158075,0.9949157652894717,0.9690721649484536,0.9333333333333333,0.9740932642487047
0.9824561403508771,0.9975659229208925,0.999182277373424,1.0,0.9310344827586207,0.9883720930232558
0.9365079365079365,0.9805622009569378,0.9919436512051946,0.9545454545454546,0.8947368421052632,0.9545454545454546
0.9416058394160584,0.985945945945946,0.9951690687062806,0.96,0.8918918918918919,0.96
0.9296875,0.9837173579109063,0.9942251236213893,0.989247311827957,0.7714285714285715,0.9533678756476683
0.9481481481481482,0.968,0.9895497745344535,0.97,0.8857142857142857,0.9651741293532339
0.8854961832061069,0.9633110976349302,0.9884408519309882,0.9484536082474226,0.7058823529411765,0.9246231155778895
0.9615384615384616,0.9907818368043702,0.997481877006904,0.9900990099009901,0.8620689655172413,0.975609756097561
0.9172932330827067,0.9750795334040296,0.9910127770729349,0.967391304347826,0.8048780487804879,0.9417989417989417
0.9387755102040817,0.9866497139224412,0.997264007510096,0.9917355371900827,0.6923076923076923,0.963855421686747
0.9338842975206612,0.978494623655914,0.9927804330695171,0.9777777777777777,0.8064516129032258,0.9565217391304348
0.9603174603174603,0.9918540241120886,0.9973425530809672,0.967741935483871,0.9393939393939394,0.972972972972973
0.9530201342281879,0.9900255754475703,0.9971362880642849,0.9739130434782609,0.8823529411764706,0.9696969696969697
0.9767441860465116,0.9898446833930705,0.9966764418377321,0.967741935483871,1.0,0.9836065573770492
0.9122807017543859,0.9685470085470086,0.9840031376430894,0.92,0.8974358974358975,0.9324324324324325
0.927007299270073,0.9702797202797202,0.9910112407280467,0.9807692307692307,0.7575757575757576,0.9532710280373832
0.9444444444444444,0.9817091454272864,0.9956988347842113,0.9652173913043478,0.8620689655172413,0.9652173913043478
0.9191176470588235,0.9791090629800308,0.9943238892876899,0.9714285714285714,0.7419354838709677,0.9488372093023256
0.9918032786885246,1.0,1.0,0.99,1.0,0.9949748743718593
0.9477124183006536,0.9881198347107438,0.9969233997925305,0.9834710743801653,0.8125,0.967479674796748
0.9662162162162162,0.9862977602108037,0.9960193741148947,0.991304347826087,0.8787878787878788,0.9785407725321889
0.920863309352518,0.9778972520908006,0.9940296007334581,0.9722222222222222,0.7419354838709677,0.9502262443438914
0.9655172413793104,0.9881093935790726,0.9971861805186502,0.9913793103448276,0.8620689655172413,0.9787234042553191
0.9666666666666667,0.9838637382339758,0.9961635741712042,0.979381443298969,0.9130434782608695,0.979381443298969
0.9354838709677419,0.975601926163724,0.9915014857282743,0.9775280898876404,0.8285714285714286,0.9560439560439561
0.9186991869918699,0.9729015201586252,0.9905178871238538,0.9325842696629213,0.8823529411764706,0.9431818181818182
0.9465648854961832,0.9860646599777034,0.9947293150988272,0.967391304347826,0.8974358974358975,0.9621621621621622
0.9621212121212122,0.9891956782713085,0.996239852814188,0.9897959183673469,0.8823529411764706,0.9748743718592965
0.9214285714285714,0.9684848484848485,0.991422853934729,0.9363636363636364,0.8666666666666667,0.9493087557603687
0.9251700680272109,0.9910675381263616,0.996332961354031,0.9901960784313726,0.7777777777777778,0.9483568075117371
0.9363057324840764,0.9668642241379309,0.9925776869686669,0.96875,0.7931034482758621,0.9612403100775194
0.9396551724137931,0.9769989047097482,0.9914697742673875,0.963855421686747,0.8787878787878788,0.9580838323353293
0.9710144927536232,0.9943985849056604,0.9984353695298116,0.9811320754716981,0.9375,0.9811320754716981
0.9455782312925171,0.9830246913580247,0.9964030408525103,0.95,0.9259259259259259,0.9661016949152542
0.987012987012987,0.9942068965517241,0.9987736263736264,0.984,1.0,0.9919354838709677
0.9847328244274809,0.996082621082621,0.9990802675585284,0.9807692307692307,1.0,0.9902912621359223
0.9354838709677419,0.9840443981963233,0.9947859792940867,0.978494623655914,0.8064516129032258,0.9578947368421052
0.8897058823529411,0.9581514762516047,0.9831339311143047,0.9473684210526315,0.7560975609756098,0.9230769230769231
0.9435483870967742,0.9915329768270945,0.9982950793205867,0.9901960784313726,0.7272727272727273,0.9665071770334929
0.9527027027027027,0.9834881320949432,0.9954313186808836,0.9912280701754386,0.8235294117647058,0.9699570815450643
0.9463087248322147,0.9731081926203877,0.9943644214309574,0.9512195121951219,0.9230769230769231,0.9669421487603306
0.9455782312925171,0.9739130434782609,0.9930751606531016,0.9652173913043478,0.875,0.9652173913043478
0.971830985915493,0.9931917211328977,0.998051605039953,0.9814814814814815,0.9411764705882353,0.9814814814814815
0.9701492537313433,0.9919871794871795,0.9979452838827839,0.9615384615384616,1.0,0.9803921568627451
0.9259259259259259,0.9767441860465116,0.9905739692393846,0.9565217391304348,0.8604651162790697,0.946236559139785
0.9404761904761905,0.972615039281706,0.9934834118378534,0.9555555555555556,0.8787878787878788,0.9626865671641791
0.9435483870967742,0.9753176043557168,0.9926957417599509,0.968421052631579,0.8620689655172413,0.9633507853403142
0.9637681159420289,0.997997997997998,0.9995379995379996,0.954954954954955,1.0,0.9769585253456221
0.9384615384615385,0.9870507399577167,0.9939996636582162,0.9767441860465116,0.8636363636363636,0.9545454545454546
0.9705882352941176,0.994059405940594,0.9980392844325262,0.9801980198019802,0.9428571428571428,0.9801980198019802
0.9803921568627451,0.9978632478632479,0.9993894993894995,0.9743589743589743,1.0,0.987012987012987
0.9328358208955224,0.9801980198019802,0.9937627369495934,0.9702970297029703,0.8181818181818182,0.9560975609756097
0.9515151515151515,0.9859228362877999,0.9971606297018831,0.9562043795620438,0.9285714285714286,0.9703703703703703
0.9078947368421053,0.9803697350867162,0.9903517127072758,0.9797979797979798,0.7735849056603774,0.9326923076923077
0.9333333333333333,0.9781771501925545,0.9913997658609116,0.975609756097561,0.8421052631578947,0.9523809523809523
0.9194630872483222,0.9460470085470085,0.98516334023338,0.9658119658119658,0.75,0.9495798319327731
0.972972972972973,0.9910644910644911,0.9969559273356741,0.9871794871794872,0.9393939393939394,0.9808917197452229
0.925,0.9798111364376425,0.9920766020565323,0.9397590361445783,0.8918918918918919,0.9454545454545454
0.9307692307692308,0.983695652173913,0.9938141807812153,0.9456521739130435,0.8947368421052632,0.9508196721311475
0.9342105263157895,0.9611979166666667,0.9897488814733317,0.95,0.875,0.957983193277311
0.9923076923076923,0.998561668464581,0.9996370565284456,0.9902912621359223,1.0,0.9951219512195122
0.9354838709677419,0.9849537037037037,0.9969304828184189,0.984375,0.7037037037037037,0.9618320610687023
0.9440993788819876,0.9689671144048171,0.9918375841657809,0.9606299212598425,0.8823529411764706,0.9644268774703557
0.9459459459459459,0.9960106382978723,0.9973020186335404,1.0,0.8723404255319149,0.9552238805970149
0.9416666666666667,0.9768067226890756,0.9911549474834661,0.9882352941176471,0.8285714285714286,0.96
0.9420289855072463,0.9776906843533313,0.9937390218299538,0.9626168224299065,0.8709677419354839,0.9626168224299065
0.8970588235294118,0.9612446958981612,0.9870850276280035,0.9405940594059405,0.7714285714285715,0.9313725490196079
0.9214285714285714,0.9726684248381684,0.9882740053937273,0.9484536082474226,0.8604651162790697,0.9435897435897436
0.920863309352518,0.9648254299114121,0.9880317211587202,0.9504950495049505,0.8421052631578947,0.9458128078817734
0.9615384615384616,0.9829677419354839,0.9958712986142191,0.968,0.9354838709677419,0.9758064516129032
0.9576271186440678,0.994579945799458,0.997803363126799,0.9390243902439024,1.0,0.9685534591194969
0.9461077844311377,0.9906160750713994,0.9973186493299971,0.9922480620155039,0.7894736842105263,0.9660377358490566
0.9202898550724637,0.9675707547169812,0.9911532936585484,0.9339622641509434,0.875,0.9473684210526315
0.9701492537313433,0.9865353037766831,0.9967160004497667,0.9619047619047619,1.0,0.9805825242718447
0.9534883720930233,0.9809559372666169,0.9956438666739802,0.941747572815534,1.0,0.97
0.9457831325301205,0.9738612836438922,0.9947407533312871,0.9782608695652174,0.7857142857142857,0.967741935483871
0.9098360655737705,0.9832317073170731,0.9924198805009933,0.9634146341463414,0.8,0.9349112426035503
0.9548872180451128,0.9720116618075803,0.9906464308360655,0.9591836734693877,0.9428571428571428,0.9690721649484536
0.9496402877697842,0.9765122265122266,0.9940574715071069,0.954954954954955,0.9285714285714286,0.9680365296803652
0.9854014598540146,0.9947575360419397,0.9988256880733946,0.981651376146789,1.0,0.9907407407407407
0.9728260869565217,0.9872549019607842,0.9972044664397177,0.9933333333333333,0.8823529411764706,0.9834983498349835
0.9315068493150684,0.9841780638240815,0.9955732620242355,0.9646017699115044,0.8181818181818182,0.956140350877193
0.9625,0.9810637705374547,0.9961931795679141,0.9849624060150376,0.8518518518518519,0.9776119402985075
0.953125,0.9878571428571429,0.9966530628149828,1.0,0.7857142857142857,0.970873786407767
0.9411764705882353,0.9913793103448276,0.9969427330603038,0.9885057471264368,0.8125,0.9608938547486033
0.9861111111111112,0.9898395721925134,0.997322057787174,0.9818181818181818,1.0,0.9908256880733946
0.953125,0.9921197793538218,0.9957977241743474,0.9506172839506173,0.9574468085106383,0.9625
0.9419354838709677,0.9723320158102766,0.9951490415534718,0.9621212121212122,0.8260869565217391,0.9657794676806084
0.9507042253521126,0.980225988700565,0.9960792783713036,0.9745762711864406,0.8333333333333334,0.9704641350210971
0.927536231884058,0.9746759119686463,0.9930233344474851,0.9626168224299065,0.8064516129032258,0.9537037037037037
0.9526627218934911,0.9810344827586207,0.996876146610643,0.9862068965517241,0.75,0.9727891156462585
0.9817073170731707,0.9925373134328358,0.9983452973604511,0.9925373134328358,0.9333333333333333,0.9888475836431226
0.9029850746268657,0.9688235294117648,0.9899130691671721,0.97,0.7058823529411765,0.9371980676328503
0.9558823529411765,0.9770520741394528,0.9931279027442383,0.9805825242718447,0.8787878787878788,0.9711538461538461
0.993103448275862,0.9972,0.9995757575757577,0.992,1.0,0.9959839357429718
0.9873417721518988,0.9971537001897532,0.9992555831265508,0.9838709677419355,1.0,0.991869918699187
0.9391891891891891,0.9864406779661017,0.9967838335714199,0.9745762711864406,0.8,0.9623430962343096
0.9758064516129032,0.9945652173913043,0.998082569542973,0.9891304347826086,0.9375,0.9837837837837838
0.924812030075188,0.9777851458885942,0.9941973826780842,0.9423076923076923,0.8620689655172413,0.9514563106796117
0.9591836734693877,0.987987987987988,0.9964421572557554,0.963963963963964,0.9444444444444444,0.9727272727272728
0.9637681159420289,0.991991991991992,0.9981364954505295,0.972972972972973,0.9259259259259259,0.9773755656108597
0.9669421487603306,0.9869146005509642,0.9949837471341137,1.0,0.8787878787878788,0.9777777777777777
0.958041958041958,0.9887052341597796,0.9967273353900095,0.9818181818181818,0.8787878787878788,0.972972972972973
0.926829268292683,0.9677790563866512,0.9846635727084098,0.9620253164556962,0.8636363636363636,0.9440993788819876
0.9745222929936306,0.988415948275862,0.9975968476826653,0.96875,1.0,0.9841269841269841
0.9722222222222222,0.9990384615384615,0.9996438746438747,1.0,0.9,0.9811320754716981
0.9507042253521126,0.989059829059829,0.9977074677136575,0.9743589743589743,0.84,0.9702127659574468
0.9635036496350365,0.993886230728336,0.9980957112104653,0.98989898989899,0.8947368421052632,0.9751243781094527
0.9142857142857143,0.9842599644579842,0.994227513808681,0.9801980198019802,0.7435897435897436,0.9428571428571428
0.9640287769784173,0.981016731016731,0.9952998741100386,0.990990990990991,0.8571428571428571,0.9777777777777777
0.9530201342281879,0.9887429643527205,0.9977070463169528,0.959349593495935,0.9230769230769231,0.9711934156378601
0.9404761904761905,0.9871323529411764,0.9971831669819665,0.9705882352941176,0.8125,0.9635036496350365
0.954248366013072,0.9912190082644627,0.9978567185025171,0.9752066115702479,0.875,0.9711934156378601
0.9847328244274809,0.9987631416202846,0.9995897753040611,1.0,0.9393939393939394,0.98989898989899
0.9558823529411765,0.9812612612612612,0.9959821600437201,0.9819819819819819,0.84,0.9732142857142857
0.9477611940298507,0.986846659743856,0.996888604784398,0.9906542056074766,0.7777777777777778,0.9680365296803652
0.967948717948718,0.9959804766006316,0.9992073994081692,0.9922480620155039,0.8518518518518519,0.9808429118773946
0.9401709401709402,0.9786008230452675,0.993595064237203,0.9666666666666667,0.8518518518518519,0.9613259668508287
0.9716312056737588,0.9935465768799103,0.9982266996583009,0.9629629629629629,1.0,0.9811320754716981
0.9797297297297297,0.9949431099873578,0.9984015381314933,0.9911504424778761,0.9428571428571428,0.986784140969163
0.900709219858156,0.9675609756097561,0.9878556345409495,0.96,0.7560975609756098,0.9320388349514563
0.9795918367346939,0.9953316953316953,0.998479827956435,0.990909090909091,0.9459459459459459,0.9864253393665159
0.9285714285714286,0.9754273504273505,0.991780334485385,0.9807692307692307,0.7777777777777778,0.9532710280373832
0.9285714285714286,0.9742155949052501,0.993383856091376,0.9459459459459459,0.8620689655172413,0.9545454545454546
0.9316770186335404,0.9796401515151516,0.9950215557612928,0.9609375,0.8181818181818182,0.9571984435797666
0.9863945578231292,0.9963636363636363,0.9994074074074075,0.984,1.0,0.9919354838709677
0.9640287769784173,0.9941089837997055,0.9974463286615909,0.9896907216494846,0.9047619047619048,0.9746192893401016
0.9624060150375939,0.9836601307189543,0.9948528174404683,0.98989898989899,0.8823529411764706,0.9751243781094527
0.9726027397260274,0.9940476190476191,0.9979530618953696,0.9807692307692307,0.9523809523809523,0.9807692307692307
0.9115646258503401,0.970940170940171,0.992978584518629,0.9743589743589743,0.6666666666666666,0.946058091286307
0.9333333333333333,0.9880859880859881,0.9969411354857176,0.9829059829059829,0.7575757575757576,0.9583333333333334
0.9565217391304348,0.987012987012987,0.9959320223816517,0.9619047619047619,0.9393939393939394,0.9711538461538461
0.9617834394904459,0.9800646551724138,0.9960218253968254,0.96875,0.9310344827586207,0.9763779527559056
0.9181818181818182,0.9729729729729729,0.987626020410803,0.9864864864864865,0.7777777777777778,0.9419354838709677
0.9464285714285714,0.9761152089919213,0.9884520166605482,0.9726027397260274,0.8974358974358975,0.9594594594594594
0.9863013698630136,0.9987179487179487,0.99972564693131,1.0,0.9230769230769231,0.9917355371900827
0.9305555555555556,0.9838977030547005,0.9940155413949154,0.9805825242718447,0.8048780487804879,0.9528301886792453
0.8650793650793651,0.9507064364207223,0.9830695585760825,0.945054945054945,0.6571428571428571,0.91005291005291
0.9675324675324676,0.9878205128205129,0.9977119302145395,0.9769230769230769,0.9166666666666666,0.9806949806949807
0.9402985074626866,0.9813596491228069,0.9932430734299743,0.9791666666666666,0.8421052631578947,0.9591836734693877
0.9849624060150376,0.9931972789115646,0.9981562509123465,1.0,0.9285714285714286,0.9905660377358491
0.8444444444444444,0.9433771486349849,0.9763088760278694,0.9456521739130435,0.627906976744186,0.8923076923076924
0.9710144927536232,0.9906542056074766,0.9974209827633037,0.9813084112149533,0.9354838709677419,0.9813084112149533
0.9517241379310345,0.970064148253742,0.994594720138152,0.9590163934426229,0.9130434782608695,0.970954356846473
0.90625,0.9614233455271035,0.9878989682631427,0.9381443298969072,0.8064516129032258,0.9381443298969072
0.9588235294117647,0.9864185110663983,0.9974444671659722,0.9507042253521126,1.0,0.9747292418772563
0.9485294117647058,0.9823423423423423,0.9960938883226361,0.954954954954955,0.92,0.9680365296803652
0.9615384615384616,0.984338061465721,0.9944698957436239,0.9680851063829787,0.9444444444444444,0.9732620320855615
0.9545454545454546,0.9853174603174604,0.9965039045921399,0.9571428571428572,0.9444444444444444,0.9710144927536232
0.9534883720930233,0.9832667332667332,0.9894360603560199,0.974025974025974,0.9230769230769231,0.9615384615384616
0.952,0.982615268329554,0.9954030660037273,0.9795918367346939,0.8518518518518519,0.9696969696969697
0.9455782312925171,0.9748684979544127,0.9939196629055691,0.9491525423728814,0.9310344827586207,0.9655172413793104
0.9241379310344827,0.968972204266322,0.9934447799939014,0.957983193277311,0.7692307692307693,0.9539748953974896
0.9328358208955224,0.9659863945578231,0.9875666099346997,0.9489795918367347,0.8888888888888888,0.9538461538461539
0.9605263157894737,0.9901878329128119,0.9978426672187072,0.967479674796748,0.9310344827586207,0.9754098360655737
0.96875,0.9858490566037736,0.9970802016867654,0.9811320754716981,0.9090909090909091,0.9811320754716981
0.9795918367346939,0.9917763157894737,0.9988677536231885,0.9765625,1.0,0.9881422924901185
0.9477611940298507,0.9829059829059829,0.995953787586616,0.9722222222222222,0.8461538461538461,0.967741935483871
0.9424460431654677,0.9901123595505619,0.9946759580654274,1.0,0.84,0.956989247311828
0.9681528662420382,0.9866666666666667,0.9976689976689976,0.9621212121212122,1.0,0.9806949806949807
0.9212598425196851,0.9769736842105263,0.9926622265641933,0.9368421052631579,0.875,0.9468085106382979
0.9415584415584416,0.9846986817325801,0.9956090079457496,0.9745762711864406,0.8333333333333334,0.9623430962343096
0.950354609929078,0.9814814814814814,0.9947018295661493,0.9722222222222222,0.8787878787878788,0.967741935483871
0.9154929577464789,0.9554256485202778,0.9916152875365332,0.9663865546218487,0.6521739130434783,0.9504132231404959
0.9722222222222222,0.9837483617300131,0.9948452316700258,0.981651376146789,0.9428571428571428,0.981651376146789
0.9615384615384616,0.9897186147186148,0.9949983621215542,0.9659090909090909,0.9523809523809523,0.9714285714285714
0.9722222222222222,0.9875,0.9979837399692278,0.9838709677419355,0.9,0.9838709677419355
0.9296875,0.971766061653702,0.9883807216528728,0.9213483146067416,0.9487179487179487,0.9479768786127167
0.972972972972973,0.9910011248593925,0.9985961979586067,0.984251968503937,0.9047619047619048,0.984251968503937
0.958904109589041,0.9804375804375806,0.9941695780963011,0.963963963963964,0.9428571428571428,0.9727272727272728
0.9534883720930233,0.981118373275236,0.9953607794199726,0.9803921568627451,0.8518518518518519,0.970873786407767
0.9701492537313433,0.9843482514062118,0.9925804285937866,0.9770114942528736,0.9574468085106383,0.9770114942528736
0.92,0.9627016129032258,0.9875173808715714,0.9354838709677419,0.875,0.9456521739130435
0.9789473684210527,0.9980713596914176,0.9989507525202925,1.0,0.9411764705882353,0.9838709677419355
0.9625,0.9871264367816092,0.9986928625568389,0.9724137931034482,0.8666666666666667,0.9791666666666666
0.9180327868852459,0.9589793281653747,0.9841874554214255,0.9534883720930233,0.8333333333333334,0.9425287356321839
0.967741935483871,0.9861660079051383,0.9975461177740729,0.9924242424242424,0.8260869565217391,0.9812734082397003
0.9530201342281879,0.9899645808736718,0.9977381951930263,0.9586776859504132,0.9285714285714286,0.9707112970711297
0.9130434782608695,0.9660633484162896,0.9899484490577196,0.9423076923076923,0.8235294117647058,0.9423076923076923
0.9379310344827586,0.971001221001221,0.9932436274107299,0.9572649572649573,0.8571428571428571,0.9613733905579399
0.958041958041958,0.9925423728813559,0.9984904268648205,0.9830508474576272,0.84,0.9747899159663865
0.9487179487179487,0.969758064516129,0.9922890522406153,0.9838709677419355,0.8125,0.9682539682539683
0.904,0.9539650537634408,0.9846438332409024,0.956989247311828,0.75,0.9368421052631579
0.9473684210526315,0.9775533108866443,0.9914481167855675,0.9506172839506173,0.9393939393939394,0.9625
0.9583333333333334,0.9783043105909222,0.9941777969184477,0.9823008849557522,0.8709677419354839,0.9736842105263158
0.9548872180451128,0.9912536443148688,0.9970060339367272,0.9795918367346939,0.8857142857142857,0.9696969696969697
0.9481481481481482,0.9665714285714285,0.9895459631334931,0.95,0.9428571428571428,0.9644670050761421
0.9384615384615385,1.0,1.0,1.0,0.7777777777777778,0.9591836734693877
0.9632352941176471,0.9828141783029001,0.9936242392006245,0.9693877551020408,0.9473684210526315,0.9743589743589743
0.95,0.9824561403508772,0.9936788008773116,0.9901960784313726,0.8421052631578947,0.9665071770334929
0.9503105590062112,0.9763694951664876,0.9951650522100337,0.9849624060150376,0.7857142857142857,0.9703703703703703
0.9076923076923077,0.9712595097210482,0.9884055005235463,0.9560439560439561,0.7948717948717948,0.9354838709677419
0.9398496240601504,0.9897854954034729,0.9951326607763982,0.9775280898876404,0.8636363636363636,0.9560439560439561
0.9770992366412213,0.9891774891774892,0.9979320881525078,0.990909090909091,0.9047619047619048,0.9864253393665159
0.9666666666666667,0.9898989898989898,0.9987012987012986,0.9621212121212122,1.0,0.9806949806949807
0.943089430894309,0.9808049535603715,0.99218214196416,0.9647058823529412,0.8947368421052632,0.9590643274853801
0.9609375,0.9813084112149533,0.9963919959691012,0.9719626168224299,0.9047619047619048,0.9765258215962441
0.8991596638655462,0.9692101740294512,0.987420094488017,0.9759036144578314,0.7222222222222222,0.9310344827586207
0.9375,0.9732057416267942,0.99152308655741,0.9789473684210527,0.8181818181818182,0.9587628865979382
0.9552238805970149,0.9875356125356124,0.9972103634567796,0.9814814814814815,0.8461538461538461,0.9724770642201835
0.9440559440559441,0.9694280078895463,0.989405607568894,0.9615384615384616,0.8974358974358975,0.9615384615384616
0.9291338582677166,0.9694220430107527,0.9906823833462644,0.96875,0.8064516129032258,0.9538461538461539
0.9271523178807947,0.9795698924731183,0.9949355069272118,0.975,0.7419354838709677,0.9551020408163265
0.951048951048951,0.9867256637168141,0.9967245486553613,0.9557522123893806,0.9333333333333333,0.968609865470852
0.9731543624161074,0.9918154761904763,0.9987289895935492,0.96875,1.0,0.9841269841269841
0.9487179487179487,0.9770114942528736,0.9926053220577925,0.9540229885057471,0.9333333333333333,0.9651162790697675
0.9743589743589743,0.9940035273368607,0.9991098373505781,0.9851851851851852,0.9047619047619048,0.9851851851851852
0.9788732394366197,0.9937888198757764,0.9988664044496548,0.9915966386554622,0.9130434782608695,0.9874476987447699
0.9339622641509434,0.969927536231884,0.9800209669929684,0.95,0.9130434782608695,0.9421487603305785
0.944,0.9828414550446122,0.9944140046437016,0.9680851063829787,0.8709677419354839,0.9629629629629629
0.9302325581395349,0.9827134625458355,0.9910653282642292,0.963855421686747,0.8695652173913043,0.9467455621301775
0.968503937007874,0.9914645103324349,0.9983424821494462,0.9811320754716981,0.9047619047619048,0.9811320754716981
0.9393939393939394,0.9828571428571429,0.995524182963393,0.9692307692307692,0.8285714285714286,0.9618320610687023
0.971830985915493,0.9951174855050351,0.9987739723822777,1.0,0.8620689655172413,0.9826086956521739
0.9787234042553191,0.9927099044746103,0.997440102254494,0.9901960784313726,0.9487179487179487,0.9853658536585366
0.9487179487179487,0.9712611607142857,0.9938007951984373,0.96875,0.8571428571428571,0.96875
0.9383561643835616,0.9751461988304093,0.991831740185604,0.9537037037037037,0.8947368421052632,0.958139534883721
0.9609375,0.9885714285714287,0.9970521353732535,0.97,0.9285714285714286,0.9748743718592965
0.972972972972973,0.9909604519774011,0.99764764189901,0.9830508474576272,0.9333333333333333,0.9830508474576272
0.9548387096774194,0.9874026568941822,0.9963939962320669,0.9745762711864406,0.8918918918918919,0.9704641350210971
0.9444444444444444,0.986704994610133,0.9975977580309177,0.9669421487603306,0.8260869565217391,0.9669421487603306
0.9398496240601504,0.9737945492662473,0.9934669192862491,0.9622641509433962,0.8518518518518519,0.9622641509433962
0.9415584415584416,0.9768275862068965,0.9946549106172182,0.96,0.8620689655172413,0.963855421686747
0.9652777777777778,0.9963159106608335,0.998469233521905,0.9900990099009901,0.9069767441860465,0.975609756097561
0.9862068965517241,0.9953670705630792,0.999174571392817,0.9836065573770492,1.0,0.9917355371900827
0.9490445859872612,0.9860360360360361,0.995987982253337,0.9666666666666667,0.8918918918918919,0.9666666666666667
0.9432624113475178,0.981984829329962,0.9955397028600006,0.9646017699115044,0.8571428571428571,0.9646017699115044
0.9586776859504132,0.9935064935064936,0.996305467036091,0.987012987012987,0.9090909090909091,0.9681528662420382
0.9407894736842105,0.9897589076168125,0.9961360468361311,0.9724770642201835,0.8604651162790697,0.9592760180995475
0.951048951048951,0.9867511520737327,0.9963110636145482,0.9553571428571429,0.9354838709677419,0.9683257918552036
0.9682539682539683,0.9865728900255755,0.9955338657202011,0.9565217391304348,1.0,0.9777777777777777
0.9726027397260274,0.9892250310816412,0.9985376827896513,0.968503937007874,1.0,0.984
0.9180327868852459,0.9615763546798031,0.9850001895619055,0.9770114942528736,0.7714285714285715,0.9444444444444444
0.9242424242424242,0.9681712962962962,0.9887738599328272,0.9583333333333334,0.8333333333333334,0.9484536082474226
0.9347826086956522,0.9869505494505494,0.9969785167950086,0.9375,0.9230769230769231,0.958904109589041
0.9642857142857143,0.9817687074829932,0.9948717948717949,0.9714285714285714,0.9428571428571428,0.9760765550239234
0.8872180451127819,0.9483965014577259,0.9823459501963608,0.9489795918367347,0.7142857142857143,0.9253731343283582
0.9105691056910569,0.9663461538461539,0.9881895435926781,0.945054945054945,0.8125,0.9398907103825137
0.9540229885057471,0.983081434694338,0.9966278889395088,0.972027972027972,0.8709677419354839,0.972027972027972
0.946969696969697,0.9747899159663865,0.9920662747139086,0.9693877551020408,0.8823529411764706,0.9644670050761421
0.9347826086956522,0.9884049773755657,0.99641017145063,0.9903846153846154,0.7647058823529411,0.958139534883721
0.9253731343283582,0.9763347763347764,0.9918889593786706,0.9595959595959596,0.8285714285714286,0.95
0.9683544303797469,0.9930483142161974,0.9989673719653238,0.9635036496350365,1.0,0.9814126394052045
0.935251798561151,0.97976011994003,0.9962297548510732,0.9741379310344828,0.7391304347826086,0.9617021276595744
0.961038961038961,0.9840690341851975,0.9971839776157679,0.9694656488549618,0.9130434782608695,0.9769230769230769
0.9322033898305084,0.9779785431959345,0.9967766326545481,0.974025974025974,0.6521739130434783,0.9615384615384616
0.943089430894309,0.9918290383406663,0.996519515187211,0.9883720930232558,0.8378378378378378,0.96045197740113
0.952,0.9889112903225806,0.996517405069381,0.978494623655914,0.875,0.9680851063829787
0.9366197183098591,0.9766771488469601,0.99227072926791,0.9905660377358491,0.7777777777777778,0.958904109589041
0.9428571428571428,0.9858503401360543,0.9953980910399007,1.0,0.7714285714285715,0.963302752293578
0.9020979020979021,0.9571428571428571,0.989860293073622,0.9304347826086956,0.7857142857142857,0.9385964912280702
0.9426229508196722,0.9811155028546333,0.995871719191032,0.9696969696969697,0.8260869565217391,0.964824120603015
0.9565217391304348,0.9883185840707964,0.9975631110224175,0.9646017699115044,0.92,0.9732142857142857
0.9354838709677419,0.9779761904761904,0.9895027929077455,0.9761904761904762,0.85,0.9534883720930233
0.9463087248322147,0.9869691119691121,0.995734944014741,0.9821428571428571,0.8378378378378378,0.9649122807017544
0.9367088607594937,0.9739892564320045,0.9948994256649178,0.9694656488549618,0.7777777777777778,0.9621212121212122
0.9770114942528736,0.9911433172302737,0.9978086559779041,0.9855072463768116,0.9444444444444444,0.9855072463768116
0.948051948051948,0.9886621315192744,0.9976791353501338,0.9841269841269841,0.7857142857142857,0.96875
0.9485294117647058,0.9886792452830189,0.9968992163691444,0.9716981132075472,0.8666666666666667,0.9671361502347418
0.927007299270073,0.9495412844036697,0.9874973041050479,0.944954128440367,0.8571428571428571,0.9537037037037037
0.9672131147540983,0.9900744416873449,0.9970695970695971,0.9560439560439561,1.0,0.9775280898876404
0.9496402877697842,0.9828070175438596,0.9965331527347783,0.9385964912280702,1.0,0.9683257918552036
0.9290780141843972,0.9789915966386554,0.9962555177294481,0.9495798319327731,0.8181818181818182,0.9576271186440678
0.9915966386554622,0.99421768707483,0.9979962281942479,0.9880952380952381,1.0,0.9940119760479041
0.9051094890510949,0.9774477447744775,0.9925897196640997,0.9504950495049505,0.7777777777777778,0.9365853658536586
0.9262295081967213,0.9641643497065183,0.9849322521620463,0.963855421686747,0.8461538461538461,0.9467455621301775
0.9785714285714285,0.98975,0.9964296004245963,0.97,1.0,0.9847715736040609
0.9292035398230089,0.9842387659289068,0.9911849167990591,0.971830985915493,0.8571428571428571,0.9452054794520548
0.9424460431654677,0.9747368421052631,0.9944600234392156,0.9473684210526315,0.92,0.9642857142857143
0.9035087719298246,0.9904731660844712,0.9941077252153452,0.9850746268656716,0.7872340425531915,0.9230769230769231
0.9389312977099237,0.9733171619163129,0.9917527274825655,0.9381443298969072,0.9411764705882353,0.9578947368421052
0.967479674796748,0.9932844932844933,0.9973356009070294,0.9761904761904762,0.9487179487179487,0.9761904761904762
0.9452054794520548,0.9913043478260869,0.9977874925443334,0.9826086956521739,0.8064516129032258,0.9658119658119658
0.9365079365079365,0.981427174975562,0.9937132245073893,0.956989247311828,0.8787878787878788,0.956989247311828
0.9541984732824428,0.9797008547008547,0.9950510169819237,0.9615384615384616,0.9259259259259259,0.970873786407767
0.9541984732824428,0.9826839826839826,0.994265642488933,0.9591836734693877,0.9393939393939394,0.9690721649484536
1.0,1.0,1.0,1.0,1.0,1.0
0.9593023255813954,0.9889705882352942,0.9973797275756737,0.9779411764705882,0.8888888888888888,0.9743589743589743
0.9411764705882353,0.9666666666666667,0.9917049338637588,0.959349593495935,0.8666666666666667,0.963265306122449
0.8923076923076924,0.9766666666666666,0.9902921954696038,0.9777777777777777,0.7,0.9263157894736842
0.9733333333333334,0.9950372208436725,0.999007934995715,0.9838709677419355,0.9230769230769231,0.9838709677419355
0.9534883720930233,0.9797570850202428,0.9926446345556352,0.978021978021978,0.8947368421052632,0.967391304347826
0.9788732394366197,0.9900854700854701,0.9978877927237197,0.9914529914529915,0.92,0.9872340425531915
0.9192546583850931,0.9628048780487806,0.9877137134915687,0.975,0.7560975609756098,0.9473684210526315
0.9285714285714286,0.9707082833133254,0.9919255333026887,0.957983193277311,0.8285714285714286,0.9539748953974896
0.963855421686747,0.9917184265010351,0.9984159506343665,0.9855072463768116,0.8571428571428571,0.9784172661870504
0.9523809523809523,0.9815074250490333,0.9920031585332262,0.9759036144578314,0.9069767441860465,0.9642857142857143
0.9681528662420382,0.98875,0.9972985374786789,0.992,0.875,0.9802371541501976
0.9640718562874252,0.9785247432306255,0.998028746225085,0.9738562091503268,0.8571428571428571,0.9802631578947368
0.94,0.9683235867446394,0.9903033973597808,0.956140350877193,0.8888888888888888,0.960352422907489
0.9626865671641791,0.9829545454545455,0.9962941431676806,0.990909090909091,0.8333333333333334,0.9775784753363229
0.9784172661870504,0.9963585434173671,0.9988622226829774,0.9904761904761905,0.9411764705882353,0.985781990521327
0.9495798319327731,0.9823129251700681,0.992746041660161,0.9523809523809523,0.9428571428571428,0.963855421686747
0.9262295081967213,0.9573643410852714,0.9828238665743042,0.9418604651162791,0.8888888888888888,0.9473684210526315
0.9115646258503401,0.9732186732186732,0.9915979477359234,0.9727272727272728,0.7297297297297297,0.9427312775330396
0.926829268292683,0.9661654135338347,0.9902104739564382,0.9473684210526315,0.8571428571428571,0.9523809523809523
0.9396551724137931,0.98493543758967,0.9939450980261055,0.9634146341463414,0.8823529411764706,0.9575757575757575
0.9705882352941176,0.993843786071566,0.9987855412562135,0.9823008849557522,0.9130434782608695,0.9823008849557522
0.9481481481481482,0.9795186891961086,0.9917360566415702,0.946236559139785,0.9523809523809523,0.9617486338797814
0.9821428571428571,0.9891891891891892,0.9955555555555556,0.9733333333333334,1.0,0.9864864864864865
0.9126984126984127,0.9591183789548525,0.988298005356866,0.9690721649484536,0.7241379310344828,0.9447236180904522
0.9661016949152542,0.9905149051490515,0.9957772060491729,1.0,0.8888888888888888,0.9761904761904762
0.9191176470588235,0.9795918367346939,0.9925975362792481,0.9693877551020408,0.7894736842105263,0.945273631840796
0.9272727272727272,0.9767267267267268,0.9896516120310187,0.972972972972973,0.8333333333333334,0.9473684210526315
0.9391891891891891,0.9881444720154398,0.9969955262236541,0.9572649572649573,0.8709677419354839,0.9613733905579399
0.9551282051282052,0.9804733727810651,0.9962675714059274,0.9769230769230769,0.8461538461538461,0.9731800766283525
0.9666666666666667,0.9894610057211684,0.9978645357777286,0.975609756097561,0.9259259259259259,0.9795918367346939
0.9259259259259259,0.9711771844660194,0.9911713128269519,0.941747572815534,0.875,0.9509803921568627
0.9785714285714285,0.9940975458216837,0.9985473919297448,0.972972972972973,1.0,0.9863013698630136
0.9014084507042254,0.9505968169761273,0.9891162068822247,0.9482758620689655,0.6923076923076923,0.9401709401709402
0.9532163742690059,0.9833795013850417,0.997976630335835,0.9605263157894737,0.8947368421052632,0.9733333333333334
0.9322033898305084,0.9641839641839642,0.9894461950244626,0.9560439560439561,0.8518518518518519,0.9560439560439561
0.927536231884058,0.96996996996997,0.9930261788976557,0.9819819819819819,0.7037037037037037,0.956140350877193
0.959349593495935,0.98796992481203,0.9967296882984159,0.9473684210526315,1.0,0.972972972972973
0.9236111111111112,0.9538177339901478,0.9891768081819852,0.9568965517241379,0.7857142857142857,0.9527896995708155
0.9395973154362416,0.9728900255754476,0.992453999142614,0.9565217391304348,0.8823529411764706,0.9606986899563319
0.8686131386861314,0.9534275248560963,0.9824344352575318,0.9387755102040817,0.6923076923076923,0.9108910891089109
0.903448275862069,0.9651548672566372,0.9910314886767024,0.9823008849557522,0.625,0.940677966101695
0.9554140127388535,0.984375,0.9965846520358058,0.9765625,0.8620689655172413,0.9727626459143969
0.9555555555555556,0.9830839297332465,0.9952597548856481,0.9622641509433962,0.9310344827586207,0.9714285714285714
0.9668874172185431,0.996608253250424,0.9992193598750977,0.9590163934426229,1.0,0.9790794979079498
0.9426229508196722,0.9808673469387755,0.9953639266503495,0.9693877551020408,0.8333333333333334,0.9644670050761421
0.9426229508196722,0.9872385678837292,0.9957579722023284,0.967032967032967,0.8709677419354839,0.9617486338797814
0.9428571428571428,0.9875737806772289,0.9968833470082621,0.9819819819819819,0.7931034482758621,0.9646017699115044
0.9307692307692308,0.9771946266791628,0.9926267130870846,0.9690721649484536,0.8181818181818182,0.9543147208121827
0.9407894736842105,0.9768888888888889,0.9950917962364363,0.96,0.8518518518518519,0.963855421686747
0.9758064516129032,0.9936170212765958,0.9981730330554519,0.9893617021276596,0.9333333333333333,0.9841269841269841
0.9452054794520548,0.9893048128342247,0.9954931051601418,0.9803921568627451,0.8636363636363636,0.9615384615384616
0.9172932330827067,0.9862568715642179,0.9933890163424308,0.9885057471264368,0.782608695652174,0.9398907103825137
0.8947368421052632,0.9440083725798012,0.9755268518526838,0.9340659340659341,0.8095238095238095,0.9239130434782609
0.9710144927536232,0.9985380116959065,0.9997026464466251,0.9649122807017544,1.0,0.9821428571428571
0.9420289855072463,0.9925073588439925,0.9972923530663443,1.0,0.7837837837837838,0.9619047619047619
0.9530201342281879,0.983225806451613,0.9968650250797993,0.9435483870967742,1.0,0.970954356846473
0.9344262295081968,0.9844026940801135,0.9948906966022224,0.978021978021978,0.8064516129032258,0.956989247311828
0.9473684210526315,0.9823407202216067,0.9920715662145116,0.9473684210526315,0.9473684210526315,0.96
0.9243697478991597,0.9844054580896686,0.9930441983685213,0.9876543209876543,0.7894736842105263,0.9467455621301775
0.96875,0.9945578231292517,0.9983833533413365,1.0,0.8666666666666667,0.98
0.9556962025316456,0.9910714285714286,0.9978289609661303,0.9761904761904762,0.875,0.9723320158102767
0.9745762711864406,0.9905523255813953,0.996568375637362,0.9883720930232558,0.9375,0.9826589595375722
0.9530201342281879,0.9832881662149955,0.993693696690943,0.9722222222222222,0.9024390243902439,0.967741935483871
0.9605263157894737,0.9922687283391096,0.9981055308328035,0.9504132231404959,1.0,0.9745762711864406
0.9398496240601504,0.9720948012232417,0.9939021362320106,0.981651376146789,0.75,0.963963963963964
0.957983193277311,0.9817021276595745,0.9956137069399111,0.9680851063829787,0.92,0.9732620320855615
0.9166666666666666,0.9837962962962962,0.9942722097257537,0.9895833333333334,0.7222222222222222,0.945273631840796
0.9850746268656716,0.9936507936507937,0.9979797979797979,0.9797979797979798,1.0,0.9897959183673469
0.9453125,0.9678571428571429,0.9912466218457721,0.97,0.8571428571428571,0.9651741293532339
0.935251798561151,0.9894822006472492,0.996557110336627,0.9902912621359223,0.7777777777777778,0.9577464788732394
0.9461538461538461,0.9811013359400457,0.9944709741401117,0.98989898989899,0.8064516129032258,0.9655172413793104
0.9383561643835616,0.9804237060874229,0.9947404883245594,0.9557522123893806,0.8787878787878788,0.96
0.940677966101695,0.9736536226268888,0.9914477863981668,0.9662921348314607,0.8620689655172413,0.9608938547486033
0.9652777777777778,0.9888392857142857,0.9968922722170209,0.9910714285714286,0.875,0.9779735682819384
0.927007299270073,0.963481436396835,0.9908129153412172,0.9056603773584906,1.0,0.9504950495049505
0.9308176100628931,0.9770992366412214,0.9953153940202552,0.9312977099236641,0.9285714285714286,0.9568627450980393
0.95,0.9800347222222222,0.9942056035869888,0.9722222222222222,0.875,0.967741935483871
0.8846153846153846,0.974896480331263,0.9879899295592438,0.9642857142857143,0.7391304347826086,0.9152542372881356
0.937984496124031,0.9644153957879448,0.9908526561669135,0.9411764705882353,0.9259259259259259,0.96
0.9345238095238095,0.9535845588235294,0.9893838914528851,0.9632352941176471,0.8125,0.9597069597069597
0.9262295081967213,0.9783783783783784,0.991065505982464,0.9882352941176471,0.7837837837837838,0.9491525423728814
0.9396551724137931,0.9734345351043643,0.9912033400769765,0.9647058823529412,0.8709677419354839,0.9590643274853801
0.9477611940298507,0.9795979597959795,0.9936166203466354,0.9702970297029703,0.8787878787878788,0.9655172413793104
0.8992805755395683,0.9634340222575516,0.9871623427526915,0.9607843137254902,0.7297297297297297,0.9333333333333333
0.9578313253012049,0.9822660098522167,0.9973724552589531,0.9655172413793104,0.9047619047619048,0.975609756097561
0.934640522875817,0.9734285714285714,0.9939654236811527,0.952,0.8571428571428571,0.9596774193548387
0.9166666666666666,0.9652777777777778,0.988863843920136,0.9259259259259259,0.8888888888888888,0.9433962264150944
0.9196428571428571,0.9800537015726888,0.9921736761130691,0.9873417721518988,0.7575757575757576,0.9454545454545454
0.9425287356321839,0.9828775267538644,0.9966817934099849,0.9724137931034482,0.7931034482758621,0.9657534246575342
0.9453125,0.975051975051975,0.9900167534264763,0.989010989010989,0.8378378378378378,0.9625668449197861
0.959349593495935,0.9913312693498452,0.9963680523688532,0.9647058823529412,0.9473684210526315,0.9704142011834319
0.946969696969697,0.9837771655953473,0.9944555779062607,0.9696969696969697,0.8787878787878788,0.964824120603015
0.968,0.9762796504369539,0.9911510721948852,0.9775280898876404,0.9444444444444444,0.9775280898876404
0.9526627218934911,0.9889546351084814,0.9967554247677959,0.9846153846153847,0.8461538461538461,0.9696969696969697
0.9416058394160584,0.9782030834662414,0.9917108152499013,0.9393939393939394,0.9473684210526315,0.9587628865979382
0.9612403100775194,0.9904526166902404,0.9975420088786425,0.9702970297029703,0.9285714285714286,0.9751243781094527
0.9557522123893806,0.9885057471264368,0.9964679327033505,0.9880952380952381,0.8620689655172413,0.9707602339181286
0.9929078014184397,1.0,1.0000000000000002,0.9912280701754386,1.0,0.9955947136563876
0.9705882352941176,0.9910714285714286,0.9978321861345387,0.9814814814814815,0.9285714285714286,0.9814814814814815
0.9384615384615385,0.9715032679738562,0.9858971411096402,0.9529411764705882,0.9111111111111111,0.9529411764705882
0.9333333333333333,0.9828477443609023,0.9944532298876111,0.9821428571428571,0.7894736842105263,0.9565217391304348
0.9726027397260274,0.9966976264189887,0.9982257328870823,1.0,0.9215686274509803,0.979381443298969
0.9333333333333333,0.9831932773109244,0.9956866784899405,0.9663865546218487,0.8064516129032258,0.9583333333333334
0.986013986013986,0.9968071519795658,0.9992618097730794,1.0,0.9259259259259259,0.9914529914529915
0.936,0.970961887477314,0.9879680769434086,0.9770114942528736,0.8421052631578947,0.9550561797752809
0.9652777777777778,0.9956896551724138,0.9990260472004893,0.9913793103448276,0.8571428571428571,0.9787234042553191
0.9391891891891891,0.9907273254129237,0.997932684184785,0.9915966386554622,0.7241379310344828,0.963265306122449
0.9646017699115044,0.9945987654320988,0.997849599697529,0.9753086419753086,0.9375,0.9753086419753086
0.9224806201550387,0.9747474747474747,0.9917860819365379,0.9583333333333334,0.8181818181818182,0.9484536082474226
0.9590163934426229,0.9843377596186585,0.9943226352086865,0.9662921348314607,0.9393939393939394,0.9717514124293786
0.9866666666666667,0.9950372208436724,0.9990224828934505,0.9838709677419355,1.0,0.991869918699187
0.9657534246575342,0.9880604288499026,0.9962336824529447,0.9537037037037037,1.0,0.976303317535545
0.9365079365079365,0.9708006279434851,0.9896452690401518,0.9560439560439561,0.8857142857142857,0.9560439560439561
0.9763779527559056,0.9971537001897534,0.9990512333965843,0.967741935483871,1.0,0.9836065573770492
0.9557522123893806,0.9773035230352305,0.987583271542321,0.9861111111111112,0.9024390243902439,0.9659863945578231
0.9508196721311475,0.9917525773195875,0.9979252256185338,1.0,0.76,0.97
0.9206349206349206,0.9695447409733124,0.9892755465957881,0.9560439560439561,0.8285714285714286,0.9456521739130435
0.9640287769784173,0.9871559633027523,0.9965241884938478,0.9724770642201835,0.9333333333333333,0.9769585253456221
0.9861111111111112,0.9960034256351699,0.9990244582259078,0.9823008849557522,1.0,0.9910714285714286
0.9319727891156463,0.9745708836617928,0.994742153790728,0.9669421487603306,0.7692307692307693,0.9590163934426229
0.9705882352941176,0.9880952380952381,0.9969244152332902,1.0,0.8571428571428571,0.9818181818181818
0.9632352941176471,0.9953589953589953,0.9983419226276368,0.9696969696969697,0.9459459459459459,0.9746192893401016
0.9932885906040269,0.9975417895771878,0.9992805237786893,0.9911504424778761,1.0,0.9955555555555555
0.9559748427672956,0.988655462184874,0.9962602458803461,0.9747899159663865,0.9,0.9707112970711297
0.9496402877697842,0.9761904761904762,0.9943929395428468,0.9553571428571429,0.9259259259259259,0.9683257918552036
0.9448275862068966,0.9878260869565217,0.9969226170759394,0.9652173913043478,0.8666666666666667,0.9652173913043478
0.959731543624161,0.981404958677686,0.9956850634007358,0.9834710743801653,0.8571428571428571,0.9754098360655737
0.9551282051282052,0.9938064516129033,0.9985172639937729,0.992,0.8064516129032258,0.9725490196078431
0.96,0.9916666666666667,0.9980318666086462,0.9833333333333333,0.8666666666666667,0.9752066115702479
0.935251798561151,0.9526029526029526,0.9912528877459729,0.9572649572649573,0.8181818181818182,0.9613733905579399
0.9558823529411765,0.9913537549407114,0.9964383781811366,0.9782608695652174,0.9090909090909091,0.967741935483871
0.9466666666666667,0.97504,0.9950685741086761,0.968,0.84,0.968
0.951048951048951,0.9800295857988166,0.9928004420840568,0.9711538461538461,0.8974358974358975,0.9665071770334929
0.92,0.9619225967540574,0.9856682808613642,0.9550561797752809,0.8333333333333334,0.9444444444444444
0.9851851851851852,0.9941444372153545,0.9985233798195241,0.9811320754716981,1.0,0.9904761904761905
0.9253731343283582,0.9838056680161944,0.9934592205084604,0.9368421052631579,0.8974358974358975,0.9468085106382979
0.9354838709677419,0.973404255319149,0.9914580722280306,0.9574468085106383,0.8666666666666667,0.9574468085106383
0.9146341463414634,0.9675070028011205,0.987876530170115,0.9663865546218487,0.7777777777777778,0.9426229508196722
0.9635036496350365,0.9853801169590644,0.9947272483478145,0.98989898989899,0.8947368421052632,0.9751243781094527
0.9349593495934959,0.9590909090909091,0.9854350626156178,0.9545454545454546,0.8857142857142857,0.9545454545454546
0.9481481481481482,0.9822222222222223,0.994844016692492,0.9714285714285714,0.8666666666666667,0.966824644549763
0.9694656488549618,0.9879120879120878,0.9973740790346544,0.9809523809523809,0.9230769230769231,0.9809523809523809
0.9236641221374046,0.9837912087912087,0.9936326452836722,0.978021978021978,0.8,0.9468085106382979
0.95,0.9816666666666667,0.9969004916023382,0.975,0.8,0.970954356846473
0.9921259842519685,0.9937037037037038,0.9985470085470087,0.99,1.0,0.9949748743718593
0.937984496124031,0.9831964152352501,0.9960229276325329,0.9805825242718447,0.7692307692307693,0.9619047619047619
0.9557522123893806,0.9893835616438356,0.9949887673322676,0.9863013698630136,0.9,0.9664429530201343
0.9626865671641791,0.9955114575950863,0.9975955078024484,0.9879518072289156,0.9215686274509803,0.9704142011834319
0.9263803680981595,0.9729729729729729,0.9921211375622978,0.9523809523809523,0.8378378378378378,0.9523809523809523
0.9461538461538461,0.9812558575445173,0.9936032657174962,0.9690721649484536,0.8787878787878788,0.9641025641025641
0.9699248120300752,0.9949399114484504,0.9985161122354047,0.9803921568627451,0.9354838709677419,0.9803921568627451
0.9921875,0.9981884057971014,0.9993345164152618,0.9891304347826086,1.0,0.994535519125683
0.925,0.9696296296296295,0.9902934875026951,0.9666666666666667,0.8,0.9508196721311475
0.9652777777777778,0.9908142999006951,0.9970593357040491,0.9716981132075472,0.9473684210526315,0.976303317535545
0.9647058823529412,0.9928042328042329,0.9981193022811643,0.9851851851851852,0.8857142857142857,0.9779411764705882
0.9159663865546218,0.9740090968161144,0.9892713167236111,0.9753086419753086,0.7894736842105263,0.9404761904761905
0.9645390070921985,0.9894419306184012,0.9960828874409664,0.9705882352941176,0.9487179487179487,0.9753694581280788
0.9548387096774194,0.9895478852698105,0.9972175913742299,0.9917355371900827,0.8235294117647058,0.97165991902834
0.9379310344827586,0.9781818181818182,0.9936119589867706,0.9363636363636364,0.9428571428571428,0.958139534883721
0.9370629370629371,0.9714285714285714,0.993019458957546,0.9565217391304348,0.8571428571428571,0.9606986899563319
0.95,0.984375,0.9922307757763119,1.0,0.85,0.963855421686747
0.9724137931034482,0.986,0.9947933884297522,0.96,1.0,0.9795918367346939
0.9294871794871795,0.9685039370078741,0.9929819910645653,0.9763779527559056,0.7241379310344828,0.9575289575289575
0.9802631578947368,0.9941964285714285,0.9979659284154138,0.9910714285714286,0.95,0.9866666666666667
0.9349112426035503,0.981016731016731,0.9973885636119679,0.9391891891891891,0.9047619047619048,0.9619377162629758
0.9402985074626866,0.9736842105263158,0.9956632321779404,0.9473684210526315,0.9,0.9642857142857143
0.9583333333333334,0.9843699120807554,0.9936828360583908,0.963855421686747,0.9459459459459459,0.9696969696969697
0.9245283018867925,0.967051467051467,0.991542058734481,0.9682539682539683,0.7575757575757576,0.953125
0.9159663865546218,0.9826839826839826,0.991043249462734,0.974025974025974,0.8095238095238095,0.9375
0.9784172661870504,0.9908519153802172,0.9972054865486868,0.9905660377358491,0.9393939393939394,0.9859154929577465
0.9322033898305084,0.9822616407982261,0.9915102382709312,0.974025974025974,0.8536585365853658,0.9493670886075949
0.9928571428571429,1.0,1.0,0.9914529914529915,1.0,0.9957081545064378
0.9461538461538461,0.9771912675138481,0.9933011735510179,0.9696969696969697,0.8709677419354839,0.964824120603015
0.9344262295081968,0.9793814432989691,0.9946213958188368,0.9587628865979382,0.84,0.9587628865979382
0.9675324675324676,0.990558615263572,0.9975900411817743,0.991869918699187,0.8709677419354839,0.9799196787148594
0.9274193548387096,0.969094247246022,0.9881455294660416,0.9418604651162791,0.8947368421052632,0.9473684210526315
0.9685534591194969,0.9889112903225806,0.9973683321848561,0.9765625,0.9354838709677419,0.9803921568627451
0.937007874015748,0.9838509316770186,0.9942624797196801,0.9782608695652174,0.8285714285714286,0.9574468085106383
0.9318181818181818,0.9741896758703481,0.9911528352523488,0.9489795918367347,0.8823529411764706,0.9538461538461539
0.9416666666666667,0.9856006062902615,0.9954613041449747,0.989010989010989,0.7931034482758621,0.9625668449197861
0.9426751592356688,0.9832615973218556,0.995642793844071,0.975609756097561,0.8235294117647058,0.963855421686747
0.957983193277311,0.9913461538461539,0.9960322234515783,0.9875,0.8974358974358975,0.9693251533742331
0.9375,0.97265625,0.9924823840191319,0.9553571428571429,0.875,0.9596412556053812
0.9387755102040817,0.9756902761104441,0.9944338898068398,0.957983193277311,0.8571428571428571,0.9620253164556962
0.9548387096774194,0.9880739415623137,0.9975987061046697,0.9767441860465116,0.8461538461538461,0.972972972972973
0.9605263157894737,0.9928769291650177,0.9990263428355062,0.9548872180451128,1.0,0.9769230769230769
0.9492753623188406,0.9848997070092405,0.9919757559677618,0.9655172413793104,0.9215686274509803,0.96
0.9379310344827586,0.981404958677686,0.9965048451441729,0.9752066115702479,0.75,0.963265306122449
0.9714285714285714,0.9874465811965811,0.9959140755122792,0.9807692307692307,0.9444444444444444,0.9807692307692307
0.9444444444444444,0.9740620657711904,0.9967124851658511,0.952755905511811,0.8823529411764706,0.968
0.9470198675496688,0.9834044570886676,0.9947607507906028,0.9824561403508771,0.8378378378378378,0.9655172413793104
0.9591836734693877,0.9984383133784487,0.9995538038224139,1.0,0.8235294117647058,0.9741379310344828
0.9241379310344827,0.9572344975053456,0.9920777104900145,0.9590163934426229,0.7391304347826086,0.9551020408163265
0.972027972027972,0.991304347826087,0.9981307671610137,0.9652173913043478,1.0,0.9823008849557522
0.9385964912280702,0.981312292358804,0.9946285436205676,0.9883720930232558,0.7857142857142857,0.96045197740113
0.9516129032258065,0.9934640522875817,0.9976522033628178,1.0,0.8235294117647058,0.967741935483871
0.9349593495934959,0.9857585139318885,0.9937517796476829,0.9529411764705882,0.8947368421052632,0.9529411764705882
0.9657534246575342,0.9896464646464647,0.9969143020341601,0.9727272727272728,0.9444444444444444,0.9771689497716894
0.9844961240310077,1.0,0.9999999999999999,0.9791666666666666,1.0,0.9894736842105263
0.9328859060402684,0.964657738095238,0.9942920703821141,0.953125,0.8095238095238095,0.9606299212598425
0.9836065573770492,0.9963768115942029,0.9988794262662486,0.9782608695652174,1.0,0.989010989010989
0.9316239316239316,0.9841911764705883,0.9942133951832082,0.9529411764705882,0.875,0.9529411764705882
0.9541984732824428,0.9829032258064516,0.9948206392713106,0.96,0.9354838709677419,0.9696969696969697
0.9626865671641791,0.9901960784313726,0.9971127046154309,0.9705882352941176,0.9375,0.9753694581280788
0.9831932773109243,0.9931972789115646,0.9986510555817486,0.9795918367346939,1.0,0.9896907216494846
0.9696969696969697,0.9921875,0.9977428869103551,0.98,0.9375,0.98
0.9624060150375939,0.9855428259683578,0.9949023544060489,0.9680851063829787,0.9487179487179487,0.9732620320855615
0.9915254237288136,0.9947478991596639,0.9981962481962482,0.9880952380952381,1.0,0.9940119760479041
0.9493670886075949,0.9924098671726755,0.9980914836943724,0.9838709677419355,0.8235294117647058,0.9682539682539683
0.948051948051948,0.9827130852340936,0.9953780319986646,0.9663865546218487,0.8857142857142857,0.9663865546218487
0.9655172413793104,0.9816370992841581,0.997659314987451,0.9607843137254902,1.0,0.98
0.9867549668874173,0.9965659340659341,0.9988832976661551,0.9821428571428571,1.0,0.990990990990991
0.9854014598540146,0.9982905982905983,0.9997174542629088,0.9829059829059829,1.0,0.9913793103448276
0.958041958041958,0.9806048652202498,0.995866407777938,0.9658119658119658,0.9230769230769231,0.9741379310344828
0.9681528662420382,0.9950166112956811,0.998961537389051,0.9767441860465116,0.9285714285714286,0.980544747081712
0.9305555555555556,0.9833664349553127,0.99438571185741,0.9622641509433962,0.8421052631578947,0.9532710280373832
0.9402985074626866,0.9768243031631696,0.9931471264277412,0.9611650485436893,0.8709677419354839,0.9611650485436893
0.986013986013986,0.9939024390243902,0.9990745074472778,0.983739837398374,1.0,0.9918032786885246
0.9349593495934959,0.981458202388435,0.9925305632149048,0.9767441860465116,0.8378378378378378,0.9545454545454546
0.9461077844311377,0.9856115107913669,0.9972062627153534,0.9496402877697842,0.9285714285714286,0.967032967032967
0.9318181818181818,0.9862145023435346,0.9948283231635234,0.967741935483871,0.8461538461538461,0.9523809523809523
0.9657534246575342,0.9873015873015873,0.9979534217622725,0.9920634920634921,0.8,0.9803921568627451
0.946969696969697,0.9889046941678521,0.9959274361375186,0.968421052631579,0.8918918918918919,0.9633507853403142
0.9640287769784173,0.9927536231884058,0.9984639398785053,0.9739130434782609,0.9166666666666666,0.9781659388646288
0.9586206896551724,0.967536231884058,0.9914641673163544,0.9826086956521739,0.8666666666666667,0.9741379310344828
0.9007633587786259,0.9711538461538461,0.9882445560322852,0.967032967032967,0.75,0.9312169312169312
0.9626865671641791,0.9699082568807339,0.9931131417908146,0.9908256880733946,0.84,0.9773755656108597
0.9548872180451128,0.981418918918919,0.9932134210749022,0.9583333333333334,0.9459459459459459,0.968421052631579
0.9727891156462585,0.9927697441601779,0.9980635941848326,1.0,0.8709677419354839,0.9830508474576272
0.9420289855072463,0.9722222222222222,0.9906457540581832,0.9803921568627451,0.8333333333333334,0.9615384615384616
0.9041095890410958,0.9372154325425354,0.977235838231284,0.9626168224299065,0.7435897435897436,0.9363636363636364
0.8896551724137931,0.9501854795972443,0.9846681719760868,0.9279279279279279,0.7647058823529411,0.9279279279279279
0.9673202614379085,0.991325468424705,0.998565969653756,0.9770992366412213,0.9090909090909091,0.9808429118773946
0.9349593495934959,0.9797739440809041,0.9906280088286745,0.975609756097561,0.8536585365853658,0.9523809523809523
0.9212598425196851,0.9577777777777777,0.9888410146451719,0.96,0.7777777777777778,0.9504950495049505
0.9567901234567902,0.9799725651577503,0.9960458842447011,0.9777777777777777,0.8518518518518519,0.974169741697417
0.9387755102040817,0.9832244008714597,0.9929483642570329,0.9705882352941176,0.8666666666666667,0.9565217391304348
0.9856115107913669,0.9904697072838665,0.9980489164518153,0.9823008849557522,1.0,0.9910714285714286
0.9259259259259259,0.9714805825242718,0.9911692165520696,0.941747572815534,0.875,0.9509803921568627
0.9565217391304348,0.9938423645320198,0.9981989730758203,0.9885057471264368,0.8571428571428571,0.9717514124293786
0.9333333333333333,0.9779701022816679,0.9930514363108272,0.9435483870967742,0.9024390243902439,0.9551020408163265
0.9166666666666666,0.9705882352941176,0.9916501471660293,0.9705882352941176,0.7333333333333333,0.9473684210526315
0.9302325581395349,0.9862604540023894,0.995367269154507,0.989247311827957,0.7777777777777778,0.9533678756476683
0.9280575539568345,0.9820728291316527,0.9943973954765136,0.9809523809523809,0.7647058823529411,0.9537037037037037
0.9856115107913669,0.9921630094043887,0.9981451489686785,0.9818181818181818,1.0,0.9908256880733946
0.9112903225806451,0.9738730979041056,0.9873925069408336,0.9629629629629629,0.813953488372093,0.9341317365269461
0.9748427672955975,0.9937984496124032,0.9986805211941283,0.9689922480620154,1.0,0.984251968503937
0.967479674796748,0.9936143039591315,0.9974333369101501,1.0,0.8888888888888888,0.9775280898876404
0.9659863945578231,0.9833413809753743,0.9951490860452269,0.9724770642201835,0.9473684210526315,0.9769585253456221
0.946969696969697,0.9904513888888888,0.996613805434003,0.9895833333333334,0.8333333333333334,0.9644670050761421
0.9461538461538461,0.9795037756202805,0.9949026064987994,0.970873786407767,0.8518518518518519,0.966183574879227
0.9490445859872612,0.9824146981627297,0.9958904272412297,0.968503937007874,0.8666666666666667,0.968503937007874
0.95625,0.9854390681003584,0.9961423902123867,0.9596774193548387,0.9444444444444444,0.9714285714285714
0.9852941176470589,0.9926267281105992,0.998086791257523,0.9809523809523809,1.0,0.9903846153846154
0.993421052631579,1.0,1.0,0.9919354838709677,1.0,0.9959514170040485
0.8947368421052632,0.9664769133459835,0.9904116726854555,0.9607843137254902,0.6774193548387096,0.9333333333333333
0.9304347826086956,0.9840232389251996,0.993460872500427,0.9753086419753086,0.8235294117647058,0.9518072289156626
0.958904109589041,0.9851364522417154,0.995301420565828,0.9444444444444444,1.0,0.9714285714285714
0.9527027027027027,0.9850018747656543,0.9975725363044088,0.9606299212598425,0.9047619047619048,0.9721115537848606
0.9391304347826087,0.9857142857142857,0.9944085300554769,0.9625,0.8857142857142857,0.9565217391304348
0.9708029197080292,0.9953379953379954,0.9986017772860369,0.9807692307692307,0.9393939393939394,0.9807692307692307
0.9538461538461539,0.9819819819819819,0.9937618737779861,0.978494623655914,0.8918918918918919,0.9680851063829787
0.9642857142857143,0.9808743169398907,0.9971487532751104,0.9754098360655737,0.8888888888888888,0.9794238683127572
0.953125,0.9887755102040816,0.9967557836864769,0.9795918367346939,0.8666666666666667,0.9696969696969697
0.9772727272727273,0.9926115373685706,0.9989491660967799,0.9738562091503268,1.0,0.9867549668874173
0.937007874015748,0.9877899877899878,0.9958736789115704,0.978021978021978,0.8333333333333334,0.956989247311828
0.951048951048951,0.9848783694937541,0.9966025743075158,0.9743589743589743,0.8461538461538461,0.9702127659574468
0.9285714285714286,0.9764939110733504,0.9929442967928711,0.9626168224299065,0.8181818181818182,0.9537037037037037
0.9545454545454546,0.9760522496371553,0.994200420350881,0.9811320754716981,0.8461538461538461,0.9719626168224299
0.9716312056737588,0.9949494949494949,0.9984298860641411,0.9814814814814815,0.9393939393939394,0.9814814814814815
0.952755905511811,0.9833333333333334,0.9927430666673153,0.9540229885057471,0.95,0.9651162790697675
0.9243697478991597,0.9910256410256411,0.9963505747126438,0.9875,0.7948717948717948,0.9461077844311377
0.9461077844311377,0.985031185031185,0.9957931036190142,0.9923076923076923,0.7837837837837838,0.9662921348314607
0.9517241379310345,0.989247311827957,0.9982456632834018,0.9596774193548387,0.9047619047619048,0.9714285714285714
0.9533333333333334,0.9834710743801652,0.9960656966813648,0.9586776859504132,0.9310344827586207,0.9707112970711297
0.9430379746835443,0.9766899766899767,0.995435174372519,0.9621212121212122,0.8461538461538461,0.9657794676806084
0.9565217391304348,0.976782752902156,0.9954558616255832,0.9626865671641791,0.9259259259259259,0.9735849056603774
0.9285714285714286,0.984251968503937,0.9953327055660197,0.952755905511811,0.8536585365853658,0.952755905511811
0.9097222222222222,0.9679144385026739,0.9905120292533534,0.9727272727272728,0.7058823529411765,0.9427312775330396
0.9712230215827338,0.9865546218487395,0.9977323582440123,0.9831932773109243,0.9,0.9831932773109243
0.948905109489051,0.9777845404747414,0.9937150213426227,0.9528301886792453,0.9354838709677419,0.9665071770334929
0.9384615384615385,0.9704491725768322,0.9889380025601116,0.9574468085106383,0.8888888888888888,0.9574468085106383
0.9454545454545454,0.9767441860465116,0.9939848013424009,0.9612403100775194,0.8888888888888888,0.9649805447470817
0.9380530973451328,0.9815078236130867,0.9911481064230617,0.9605263157894737,0.8918918918918919,0.954248366013072
0.958904109589041,0.9815573770491803,0.9966211988487049,0.9508196721311475,1.0,0.9747899159663865
0.9310344827586207,0.9711236660389202,0.9934429630144337,0.9661016949152542,0.7777777777777778,0.957983193277311
0.9407407407407408,0.9825581395348837,0.9919258385931704,0.9565217391304348,0.9069767441860465,0.9565217391304348
0.9642857142857143,0.9840060929169842,0.9944384189443595,0.9702970297029703,0.9487179487179487,0.9751243781094527
0.9453125,0.9837046890588627,0.9952325229863451,0.9690721649484536,0.8709677419354839,0.9641025641025641
0.959731543624161,0.96875,0.9950014959446688,0.96875,0.9047619047619048,0.9763779527559056
0.9467455621301775,0.9803508771929825,0.9976170515571712,0.9533333333333334,0.8947368421052632,0.9694915254237289
0.965034965034965,0.9903726708074534,0.9976162955121469,0.9739130434782609,0.9285714285714286,0.9781659388646288
0.9568965517241379,0.9794197031039137,0.9906092078903719,0.9871794871794872,0.8947368421052632,0.9685534591194969
0.9831460674157303,0.9955555555555555,0.9993134127171501,0.9803921568627451,1.0,0.9900990099009901
0.9424460431654677,0.9672782874617737,0.9909568492690338,0.963302752293578,0.8666666666666667,0.963302752293578
0.9451219512195121,0.9800995024875622,0.9955703576882643,0.9626865671641791,0.8666666666666667,0.9662921348314607
0.958904109589041,0.9829234972677595,0.996733969832344,0.9672131147540983,0.9166666666666666,0.9752066115702479
0.95,0.9844236760124611,0.9955502878620495,0.9719626168224299,0.8787878787878788,0.9674418604651163
0.9493670886075949,0.9890551708733527,0.9967984955357496,0.9834710743801653,0.8378378378378378,0.967479674796748
0.9328859060402684,0.9744208494208494,0.9918007882651344,0.9642857142857143,0.8378378378378378,0.9557522123893806
0.9416058394160584,0.9887356321839081,0.994394263490965,0.9770114942528736,0.88,0.9550561797752809
0.9290780141843972,0.9776376146788992,0.9940939894366392,0.963302752293578,0.8125,0.9545454545454546
0.96875,0.9918831168831169,0.9982588722870886,0.9924242424242424,0.8571428571428571,0.9812734082397003
0.90625,0.9567847882454623,0.9824858245509114,0.9550561797752809,0.7948717948717948,0.9340659340659341
0.9310344827586207,0.9862119013062409,0.9954464493843785,0.9622641509433962,0.8461538461538461,0.9532710280373832
0.9801324503311258,0.9962365591397849,0.9990312024868658,0.9916666666666667,0.9354838709677419,0.9875518672199171
0.958041958041958,0.9952852428099953,0.9980845114901076,0.9801980198019802,0.9047619047619048,0.9705882352941176
0.9507042253521126,0.9919372900335945,0.9964584358091491,0.968421052631579,0.9148936170212766,0.9633507853403142
0.9527027027027027,0.9733333333333334,0.994643069764754,0.991869918699187,0.76,0.9721115537848606
0.9259259259259259,0.9711830131445905,0.9881120163481688,0.9565217391304348,0.8604651162790697,0.946236559139785
0.9541984732824428,0.9886904761904762,0.9959227623852012,1.0,0.8285714285714286,0.9696969696969697
0.9558823529411765,0.9847461865466367,0.9935996454741473,0.978494623655914,0.9069767441860465,0.9680851063829787
0.9602649006622517,0.9819976771196283,0.9958943336901982,0.967479674796748,0.9285714285714286,0.9754098360655737
0.9057971014492754,0.9724377843189724,0.9906002959941103,0.9702970297029703,0.7297297297297297,0.937799043062201
0.971830985915493,0.9894356408117876,0.9971877200224983,0.981651376146789,0.9393939393939394,0.981651376146789
0.9305555555555556,0.9741889651906228,0.9900967712510749,0.9805825242718447,0.8048780487804879,0.9528301886792453
0.9071428571428571,0.9674459899378515,0.9911952498818984,0.9724770642201835,0.6774193548387096,0.9422222222222222
0.9784172661870504,0.9906201146430432,0.996867345357618,0.9702970297029703,1.0,0.9849246231155779
0.9626865671641791,0.9871967654986523,0.9968519166883518,0.9716981132075472,0.9285714285714286,0.976303317535545
0.9054054054054054,0.968130081300813,0.9938645387565866,0.9512195121951219,0.68,0.9435483870967742
0.9477611940298507,0.9764150943396226,0.9943047737561889,0.9528301886792453,0.9285714285714286,0.9665071770334929
0.9533333333333334,0.9851116625310175,0.996854027096575,0.9758064516129032,0.8461538461538461,0.9718875502008032
0.9481481481481482,0.9733483483483484,0.9944428402149771,0.972972972972973,0.8333333333333334,0.968609865470852
0.9539473684210527,0.9805583250249252,0.9945754431820193,0.9745762711864406,0.8823529411764706,0.9704641350210971
0.9770992366412213,0.9854368932038835,0.9965148120487926,0.970873786407767,1.0,0.9852216748768473
0.9710982658959537,0.983768115942029,0.9975423294281591,0.98,0.9130434782608695,0.9832775919732442
0.9512195121951219,0.9860465116279069,0.9923738893629206,0.975,0.9069767441860465,0.9629629629629629
0.9423076923076923,0.9698535745047372,0.9934500270929458,0.9612403100775194,0.8518518518518519,0.9649805447470817
0.9541984732824428,0.9812760055478502,0.9950466788198074,0.9805825242718447,0.8571428571428571,0.9711538461538461
0.9770992366412213,0.9884615384615385,0.9954655117159543,0.989010989010989,0.95,0.9836065573770492
0.8928571428571429,0.9793197278911565,0.9935431104616769,0.9714285714285714,0.6571428571428571,0.9315068493150684
0.9426229508196722,0.9881773399014778,0.9957848980730063,0.9655172413793104,0.8857142857142857,0.96
0.9637681159420289,0.9814814814814815,0.9949996753000581,0.9722222222222222,0.9333333333333333,0.9767441860465116
0.9333333333333333,0.9622222222222222,0.9911975700294887,0.95,0.8666666666666667,0.957983193277311
0.9752066115702479,0.984677923702314,0.9939376006751038,0.9634146341463414,1.0,0.9813664596273292
0.9698795180722891,0.9870600414078675,0.9973923006413802,0.9927536231884058,0.8571428571428571,0.982078853046595
0.9712230215827338,0.9941706412294647,0.998093916476447,0.9803921568627451,0.9459459459459459,0.9803921568627451
0.959349593495935,0.99247311827957,0.997665452068035,0.989247311827957,0.8666666666666667,0.9735449735449735
0.9280575539568345,0.9808321645628798,0.9914831892945946,0.978494623655914,0.8260869565217391,0.9479166666666666
0.9375,0.9783625730994152,0.9947214511566554,0.956140350877193,0.8666666666666667,0.960352422907489
0.9512195121951219,0.9813639968279144,0.9949531664937098,0.9587628865979382,0.9230769230769231,0.96875
0.9751552795031055,0.998014888337469,0.9995390312750878,1.0,0.8709677419354839,0.9848484848484849
0.9375,0.9664408866995075,0.9918841193495878,0.9568965517241379,0.8571428571428571,0.961038961038961
0.9527027027027027,0.9858407079646018,0.9955881852612556,0.9911504424778761,0.8285714285714286,0.9696969696969697
0.9483870967741935,0.9771071800208116,0.9948491426455988,0.9516129032258065,0.9354838709677419,0.9672131147540983
0.9591836734693877,0.9826229508196722,0.9965409781732331,0.9836065573770492,0.84,0.975609756097561
0.950354609929078,0.9851453855878635,0.9963802523322443,0.9911504424778761,0.7857142857142857,0.9696969696969697
0.9664429530201343,0.9838035527690699,0.9956058445732782,0.9741379310344828,0.9393939393939394,0.9783549783549783
0.9366197183098591,0.983011583011583,0.9943964825288217,0.9714285714285714,0.8378378378378378,0.9577464788732394
0.9507042253521126,0.9824423480083858,0.9948592505019361,0.9716981132075472,0.8888888888888888,0.9671361502347418
0.9844961240310077,0.9944827586206896,0.9985185185185186,0.98,1.0,0.98989898989899
0.951048951048951,0.9896825396825397,0.9967642845880372,0.9722222222222222,0.8857142857142857,0.967741935483871
0.967741935483871,0.9815546772068512,0.9966981348049434,0.9772727272727273,0.9130434782608695,0.9809885931558935
0.9318181818181818,0.9708161157024793,0.9864382707233228,0.9659090909090909,0.8636363636363636,0.9497206703910615
0.9285714285714286,0.9686700767263428,0.989500031398668,0.9456521739130435,0.8823529411764706,0.9508196721311475
0.9273743016759777,0.9682758620689655,0.9939370820828249,0.9666666666666667,0.7241379310344828,0.9570957095709571
0.9502762430939227,0.981025641025641,0.9970090572289975,0.967948717948718,0.84,0.9710610932475884
0.9236111111111112,0.949294532627866,0.9927447379693042,0.9444444444444444,0.7777777777777778,0.9558232931726908
0.9281045751633987,0.9775252525252526,0.9938510056490505,0.9416666666666667,0.8787878787878788,0.9535864978902954
0.9465648854961832,0.9706451612903225,0.9912637648690398,0.97,0.8709677419354839,0.9651741293532339
0.9618320610687023,0.9878296146044625,0.9967573287680848,0.9705882352941176,0.9310344827586207,0.9753694581280788
0.9781021897810219,0.9963481436396835,0.9989892183288409,0.9716981132075472,1.0,0.9856459330143541
0.9774436090225563,0.9939911448450348,0.998362352160182,0.9901960784313726,0.9354838709677419,0.9853658536585366
0.9851851851851852,0.9961180124223602,0.9992055524484497,1.0,0.9130434782608695,0.9911504424778761
0.9536423841059603,0.9760330578512396,0.9942169107248179,0.9586776859504132,0.9333333333333333,0.9707112970711297
0.967479674796748,0.9823232323232324,0.996137343482476,0.9595959595959596,1.0,0.979381443298969
0.9855072463768116,0.9976643309976643,0.9994655672621775,0.9819819819819819,1.0,0.990909090909091
0.9689922480620154,0.9855025773195877,0.9958578792341681,0.9587628865979382,1.0,0.9789473684210527
0.927007299270073,0.9757009345794393,0.9934443338441716,0.9439252336448598,0.8666666666666667,0.9528301886792453
0.9523809523809523,0.9728353140916808,0.991695331704607,0.9578947368421052,0.9354838709677419,0.9680851063829787
0.9358974358974359,0.9793548387096774,0.9952973688898529,0.952,0.8709677419354839,0.9596774193548387
0.9655172413793104,0.9838888888888889,0.9974664047827635,0.9733333333333334,0.9166666666666666,0.9798657718120806
0.9635036496350365,0.9887401095556908,0.996969320952335,0.9716981132075472,0.9354838709677419,0.976303317535545
0.953125,0.9833721316927171,0.9952540755324807,0.9587628865979382,0.9354838709677419,0.96875
0.9072847682119205,0.962041226747109,0.9894367210026918,0.9487179487179487,0.7647058823529411,0.940677966101695
0.9285714285714286,0.9844804318488529,0.9966913958765632,0.9824561403508771,0.6923076923076923,0.9572649572649573
0.9574468085106383,0.97724399494311,0.994152536667526,0.9823008849557522,0.8571428571428571,0.9736842105263158
0.96875,0.979096677864875,0.9971380910673003,0.9787234042553191,0.8947368421052632,0.9822064056939501
0.9657534246575342,0.9850574712643678,0.9962268926554191,0.9741379310344828,0.9333333333333333,0.9783549783549783
0.9536423841059603,0.9876923076923076,0.9973834102404213,0.96,0.9230769230769231,0.97165991902834
0.9553571428571429,0.9886178861788618,0.9958576232795309,0.9878048780487805,0.8666666666666667,0.9700598802395209
0.910958904109589,0.9432692307692307,0.98771397764467,0.975,0.6153846153846154,0.9473684210526315
0.9565217391304348,0.979739010989011,0.9952013178552188,0.9642857142857143,0.9230769230769231,0.972972972972973
0.9285714285714286,0.9736403995560488,0.9919073289899508,0.9622641509433962,0.8235294117647058,0.9532710280373832
0.9144736842105263,0.9614583333333333,0.9897412490488326,0.9416666666666667,0.8125,0.9456066945606695
0.9574468085106383,0.9883059418457649,0.9973164177695698,0.9646017699115044,0.9285714285714286,0.9732142857142857
0.968944099378882,0.9901583226358579,0.9971460001510155,0.975609756097561,0.9473684210526315,0.9795918367346939
0.9435483870967742,0.9843137254901961,0.9931480500772731,0.9647058823529412,0.8974358974358975,0.9590643274853801
0.9154929577464789,0.9588859416445623,0.9910538047236644,0.9827586206896551,0.6153846153846154,0.95
0.9710144927536232,0.9897497738920712,0.9969969525905652,0.9813084112149533,0.9354838709677419,0.9813084112149533
0.9590163934426229,0.9959595959595959,0.9977099815985003,0.987012987012987,0.9111111111111111,0.9681528662420382
0.9746835443037974,0.9931592039800995,0.9987736675893598,0.9850746268656716,0.9166666666666666,0.9850746268656716
0.9788732394366197,0.9897727272727272,0.9973174366616987,0.9727272727272728,1.0,0.9861751152073732
0.9722222222222222,0.9909979423868313,0.9969632839430894,0.9814814814814815,0.9444444444444444,0.9814814814814815
0.9696969696969697,0.9916912355936747,0.996703266488527,0.978021978021978,0.9512195121951219,0.978021978021978
0.924812030075188,0.9782258064516128,0.9910576065912703,0.978494623655914,0.8,0.9479166666666666
0.9523809523809523,0.9741863075196409,0.9930532111347251,0.9797979797979798,0.8518518518518519,0.97
0.920863309352518,0.9755351681957186,0.9937755265792858,0.9541284403669725,0.8,0.9497716894977168
0.9492753623188406,0.9774891774891775,0.9931131723735702,0.9714285714285714,0.8787878787878788,0.966824644549763
0.9426229508196722,0.9913690476190476,0.9957672440210548,0.9875,0.8571428571428571,0.9575757575757575
0.9444444444444444,0.9849624060150376,0.9968581456228012,0.9473684210526315,0.9310344827586207,0.9655172413793104
0.9076923076923077,0.9675,0.9865246033286676,0.9555555555555556,0.8,0.9347826086956522
0.948905109489051,0.9761904761904762,0.9925298989591708,0.9705882352941176,0.8857142857142857,0.9658536585365853
0.9559748427672956,0.9801790281329923,0.9967160806382876,0.9779411764705882,0.8260869565217391,0.9743589743589743
0.9662162162162162,0.9871304347826088,0.9977605508096392,0.976,0.9130434782608695,0.9799196787148594
0.9416666666666667,0.9818774918448714,0.9939629103891254,0.9662921348314607,0.8709677419354839,0.9608938547486033
0.9512195121951219,0.9828313253012049,0.9927175154546568,0.9518072289156626,0.95,0.9634146341463414
0.9122807017543859,0.9698316926008257,0.9821927193060384,0.9402985074626866,0.8723404255319149,0.9264705882352942
0.9463087248322147,0.9844173441734417,0.9948154040745248,0.9629629629629629,0.9024390243902439,0.9629629629629629
0.9333333333333333,0.9621052631578948,0.9903039229590763,0.9578947368421052,0.84,0.9578947368421052
0.9300699300699301,0.9806412583182093,0.9953896771796749,0.9824561403508771,0.7241379310344828,0.9572649572649573
0.9370629370629371,0.971976401179941,0.9927025431343018,0.9380530973451328,0.9333333333333333,0.9592760180995475
0.9769230769230769,0.9988888888888889,0.9995142538620801,0.9888888888888889,0.95,0.9834254143646409
0.9246575342465754,0.9605263157894737,0.9891821216890508,0.9736842105263158,0.75,0.9527896995708155
0.9626865671641791,0.9905882352941177,0.996822432095503,0.99,0.8823529411764706,0.9753694581280788
0.9485294117647058,0.9899371069182389,0.9972252822266076,0.9528301886792453,0.9333333333333333,0.9665071770334929
0.9751552795031055,0.9860544217687075,0.997949983599432,0.9857142857142858,0.9047619047619048,0.9857142857142858
0.940677966101695,0.96875,0.9932053217009533,0.96875,0.8181818181818182,0.9637305699481865
0.9829059829059829,1.0,1.0,0.9761904761904762,1.0,0.9879518072289156
0.9459459459459459,0.9767605633802817,0.988320854405296,0.971830985915493,0.9,0.9583333333333334
0.9343065693430657,0.9768715763846623,0.9931282190225255,0.9528301886792453,0.8709677419354839,0.957345971563981
0.9746835443037974,0.9909125331313897,0.9988241793815751,0.9856115107913669,0.8947368421052632,0.9856115107913669
0.9631901840490797,0.9922799794132784,0.9983692015387088,1.0,0.7931034482758621,0.9781021897810219
0.9883040935672515,0.9957482993197279,0.9993449869399237,0.9863945578231292,1.0,0.9931506849315068
0.9861111111111112,0.9956319956319956,0.9987887046710576,0.9819819819819819,1.0,0.990909090909091
0.9565217391304348,0.97953216374269,0.995838446380676,0.9824561403508771,0.8333333333333334,0.9739130434782609
1.0,1.0,1.0000000000000002,1.0,1.0,1.0
0.9444444444444444,0.9723837209302326,0.987372351051899,0.9651162790697675,0.9,0.9595375722543352
0.9518072289156626,0.9717239282456673,0.9953214306457745,0.958041958041958,0.9130434782608695,0.9716312056737588
0.9312977099236641,0.9667019027484144,0.9849620662098376,0.9886363636363636,0.813953488372093,0.9508196721311475
0.9210526315789473,0.9724980901451489,0.9925500604555636,0.9495798319327731,0.8181818181818182,0.9495798319327731
0.9464285714285714,0.9703934553954032,0.9965581561466557,0.9536423841059603,0.8823529411764706,0.9696969696969697
0.9849624060150376,0.9917325664989216,0.9981950816984241,0.9813084112149533,1.0,0.9905660377358491
0.9761904761904762,0.9972669298511995,0.9989029670358861,0.9887640449438202,0.9459459459459459,0.9832402234636871
0.9407894736842105,0.971875,0.9926389512488878,0.9583333333333334,0.875,0.9623430962343096
0.9776119402985075,0.9965385946694357,0.9992012141544852,0.9719626168224299,1.0,0.985781990521327
0.9318181818181818,0.9930011198208286,0.9973776130816019,0.9893617021276596,0.7894736842105263,0.9538461538461539
0.9455782312925171,0.9794275491949911,0.9924362314387832,0.9807692307692307,0.8604651162790697,0.9622641509433962
0.9166666666666666,0.9858039858039858,0.9959779950098819,0.9819819819819819,0.696969696969697,0.9478260869565217
0.9689922480620154,0.9900990099009901,0.9974757768780163,0.9603960396039604,1.0,0.9797979797979798
0.9338235294117647,0.9821222606689735,0.9943962484591549,0.9901960784313726,0.7647058823529411,0.957345971563981
0.9241379310344827,0.9712247909493359,0.9899486078684214,0.9532710280373832,0.8421052631578947,0.9488372093023256
0.948905109489051,0.9821548821548821,0.9960112547866583,0.9545454545454546,0.9259259259259259,0.967741935483871
0.9609375,0.9840909090909091,0.9934246062446901,0.9886363636363636,0.9,0.9720670391061452
0.9555555555555556,0.9826315789473684,0.9935383707026342,0.9789473684210527,0.9,0.96875
0.9508196721311475,0.9773879142300196,0.9938923243643362,0.9789473684210527,0.8518518518518519,0.96875
0.9408284023668639,0.9821322215604527,0.9972661236367784,0.958904109589041,0.8260869565217391,0.9655172413793104
0.9726027397260274,0.9915254237288136,0.9981291006014216,0.9661016949152542,1.0,0.9827586206896551
0.9591836734693877,0.9777495232040686,0.9953950943484519,0.9834710743801653,0.8461538461538461,0.9754098360655737
0.9567901234567902,0.9870365569095152,0.997373669571981,0.9624060150375939,0.9310344827586207,0.973384030418251
0.948905109489051,0.9692857142857142,0.9934137220394103,0.9553571428571429,0.92,0.9683257918552036
0.9624060150375939,0.9897233201581028,0.9977814735896591,0.9727272727272728,0.9130434782608695,0.9771689497716894
0.9407407407407408,0.9773684210526316,0.9911891312766634,0.9578947368421052,0.9,0.9578947368421052
0.9461538461538461,0.9764030612244898,0.9927193276295821,0.9693877551020408,0.875,0.9644670050761421
0.9523809523809523,0.9792929292929293,0.9977304992119864,0.9621212121212122,0.8666666666666667,0.9731800766283525
0.9432624113475178,0.971957671957672,0.9906452758801861,0.9809523809523809,0.8333333333333334,0.9626168224299065
0.8991596638655462,0.9693877551020409,0.9821588253747963,0.9714285714285714,0.7959183673469388,0.918918918918919
0.9772727272727273,0.9947964493419039,0.9984235209235209,0.98989898989899,0.9393939393939394,0.9849246231155779
0.9384615384615385,0.9802229413879899,0.9949712848627212,0.9805825242718447,0.7777777777777778,0.9619047619047619
0.9375,0.9735795454545455,0.9890876853075974,0.9545454545454546,0.9,0.9545454545454546
0.9733333333333334,0.9852799999999999,0.9971675998124808,0.984,0.92,0.984
0.9105691056910569,0.9704819277108434,0.9860157731631646,0.963855421686747,0.8,0.935672514619883
0.953125,0.9912390488110138,0.9969155113339557,1.0,0.8235294117647058,0.9690721649484536
0.9520958083832335,0.9796437659033079,0.9944838327555839,0.9694656488549618,0.8888888888888888,0.9694656488549618
0.9104477611940298,0.9592318059299192,0.9895531465309436,0.9433962264150944,0.7857142857142857,0.9433962264150944
0.9743589743589743,0.9909446388145708,0.9968337176587303,0.9823008849557522,0.9534883720930233,0.9823008849557522
0.967948717948718,0.9930555555555556,0.9987796471699557,0.9772727272727273,0.9166666666666666,0.9809885931558935
0.9545454545454546,0.9784832451499118,0.9943719979514614,0.9619047619047619,0.9259259259259259,0.9711538461538461
0.9735099337748344,1.0,1.0000000000000002,1.0,0.8571428571428571,0.984
0.9613259668508287,0.9877149877149878,0.997352334940053,0.9797297297297297,0.8787878787878788,0.9764309764309764
0.9659863945578231,0.9848765432098765,0.9966834694855015,0.975,0.9259259259259259,0.9790794979079498
0.9508196721311475,0.9730243161094225,0.9922768964041334,0.9574468085106383,0.9285714285714286,0.967741935483871
0.9140625,0.9853068280034573,0.9938506638414984,0.9887640449438202,0.7435897435897436,0.9411764705882353
0.9323308270676691,0.9850788288288288,0.9946372692668809,0.96875,0.8378378378378378,0.9538461538461539
0.936046511627907,0.9675606641123882,0.9941176410262662,0.9793103448275862,0.7037037037037037,0.9627118644067797
0.9384615384615385,0.9755892255892256,0.9952409528236154,0.9444444444444444,0.9090909090909091,0.9622641509433962
0.9591836734693877,0.9912727272727272,0.9984798135942439,0.968,0.9090909090909091,0.9758064516129032
0.953125,0.9770535417359495,0.9928348519137027,0.979381443298969,0.8709677419354839,0.9693877551020408
0.9659863945578231,0.9927437641723356,0.9970595822544336,0.9904761904761905,0.9047619047619048,0.9765258215962441
0.9224806201550387,0.9661538461538463,0.9918881223171138,0.9423076923076923,0.84,0.9514563106796117
0.9548872180451128,0.9916142557651992,0.9980671525874806,0.9811320754716981,0.8518518518518519,0.9719626168224299
0.9669421487603306,0.9930693069306932,0.9986192350635151,0.9801980198019802,0.9,0.9801980198019802
0.9416058394160584,0.9886486486486487,0.9960606868861899,0.98,0.8378378378378378,0.9607843137254902
0.9637681159420289,0.991045991045991,0.9984442629837054,0.9743589743589743,0.9047619047619048,0.9785407725321889
0.9496402877697842,0.9725274725274725,0.9922079600419557,0.9519230769230769,0.9428571428571428,0.9658536585365853
0.9933333333333333,0.9971804511278195,0.9991359447004607,0.9910714285714286,1.0,0.9955156950672646
0.910828025477707,0.9395184967704052,0.9878723050695017,0.9389312977099237,0.7692307692307693,0.9461538461538461
0.952755905511811,0.9854341736694677,0.9938166271574643,0.9764705882352941,0.9047619047619048,0.9651162790697675
0.9166666666666666,0.9791073124406456,0.9908305637852701,0.9753086419753086,0.7948717948717948,0.9404761904761905
0.9920634920634921,0.9986966438579341,0.9995565901784724,0.989247311827957,1.0,0.9945945945945946
0.9545454545454546,0.9819406183042546,0.9947406091690266,0.9595959595959596,0.9393939393939394,0.9693877551020408
0.9411764705882353,0.9886075949367089,0.9944217888959853,0.9873417721518988,0.85,0.9570552147239264
0.9069767441860465,0.9588235294117647,0.9862962880999442,0.9368421052631579,0.8235294117647058,0.9368421052631579
0.9481481481481482,0.9768253968253968,0.99336678167805,0.9714285714285714,0.8666666666666667,0.966824644549763
0.9602649006622517,0.9859903381642512,0.9957342954215337,0.9652173913043478,0.9444444444444444,0.9736842105263158
0.9683544303797469,0.9913194444444444,0.9979344990909668,0.9761904761904762,0.9375,0.9800796812749004
0.9710982658959537,0.9837164750957854,0.996641522719635,0.9930555555555556,0.8620689655172413,0.9828178694158075
0.9166666666666666,0.9666005291005292,0.9873673567425351,0.9047619047619048,0.9444444444444444,0.9382716049382716
0.9548872180451128,0.9916274201988488,0.9961644957607486,0.978021978021978,0.9047619047619048,0.967391304347826
1.0,1.0,1.0,1.0,1.0,1.0
0.940677966101695,0.9918699186991868,0.9968116671513201,0.9878048780487805,0.8333333333333334,0.9585798816568047
0.9705882352941176,0.9925545571245186,0.9968569847427059,0.9789473684210527,0.9512195121951219,0.9789473684210527
0.9440559440559441,0.9847972972972973,0.995876625625466,0.9819819819819819,0.8125,0.9646017699115044
0.9428571428571428,0.9757085020242915,0.9946457935585032,0.9649122807017544,0.8461538461538461,0.9649122807017544
0.9481481481481482,0.9767369727047146,0.9928083478140398,0.9711538461538461,0.8709677419354839,0.9665071770334929
0.9664429530201343,0.988235294117647,0.9972691622103388,0.957983193277311,1.0,0.9785407725321889
0.9675324675324676,0.9892413793103447,0.9975696891728247,0.992,0.8620689655172413,0.9802371541501976
0.9760479041916168,0.9962049335863378,0.9991719677353039,0.9852941176470589,0.9354838709677419,0.9852941176470589
0.9629629629629629,0.986031746031746,0.9963250049183552,0.9714285714285714,0.9333333333333333,0.9760765550239234
0.9708029197080292,0.9969072164948454,0.9987751352454834,1.0,0.9,0.9797979797979798
0.8939393939393939,0.9744565217391304,0.9897923615705987,0.9782608695652174,0.7,0.9278350515463918
0.9022556390977443,0.9416445623342174,0.9841678845812201,0.9711538461538461,0.6551724137931034,0.9395348837209302
0.9570552147239264,0.9806774809160305,0.9955304493927284,0.9618320610687023,0.9375,0.972972972972973
0.9558823529411765,0.9843696907917092,0.9962487738918281,0.981651376146789,0.8518518518518519,0.9727272727272728
0.958904109589041,0.981132075471698,0.9936402228338989,0.9622641509433962,0.95,0.9714285714285714
0.9455782312925171,0.9712171052631579,0.9957612534271372,0.953125,0.8947368421052632,0.9682539682539683
0.9666666666666667,0.9959663865546218,0.9983384869869646,0.9764705882352941,0.9428571428571428,0.9764705882352941
0.9805194805194806,0.9956782713085234,0.9988182773109243,0.9747899159663865,1.0,0.9872340425531915
0.9276315789473685,0.9643229166666667,0.990681615679167,0.975,0.75,0.9551020408163265
0.9583333333333334,0.9842245989304813,0.9953336653127677,0.9636363636363636,0.9411764705882353,0.9724770642201835
0.9366197183098591,0.9713152273420812,0.9930742435804996,0.9557522123893806,0.8620689655172413,0.96
0.9606299212598425,0.9899193548387097,0.9968194378345946,0.9895833333333334,0.8709677419354839,0.9743589743589743
0.937984496124031,0.9739938080495356,0.9913892962106182,0.9789473684210527,0.8235294117647058,0.9587628865979382
0.9567901234567902,0.9816186556927298,0.9962801486045614,0.9777777777777777,0.8518518518518519,0.974169741697417
0.935251798561151,0.9823232323232323,0.9929394083795943,0.9494949494949495,0.9,0.9543147208121827
0.9624060150375939,0.9915857605177993,0.9976743535458474,0.970873786407767,0.9333333333333333,0.975609756097561
0.9609375,0.9804946011842564,0.9941679224702169,0.98989898989899,0.8620689655172413,0.9751243781094527
0.9849624060150376,0.9980106100795756,0.9994522440549289,1.0,0.9310344827586207,0.9904761904761905
0.9710144927536232,0.9938186813186813,0.9985948099787385,0.9821428571428571,0.9230769230769231,0.9821428571428571
0.9590163934426229,0.9886904761904762,0.9949021798349329,0.9625,0.9523809523809523,0.9685534591194969
0.9312977099236641,0.9730983302411874,0.9921731220026078,0.9489795918367347,0.8787878787878788,0.9538461538461539
0.9671052631578947,0.9858267716535433,0.9973877733890195,0.9606299212598425,1.0,0.9799196787148594
0.9699248120300752,0.9874213836477987,0.997122069957907,0.9622641509433962,1.0,0.9807692307692307
0.9606299212598425,0.9876288659793815,0.996420962325191,0.9896907216494846,0.8666666666666667,0.9746192893401016
0.952755905511811,0.981786941580756,0.994907103587806,0.979381443298969,0.8666666666666667,0.9693877551020408
0.9432624113475178,0.9824507389162562,0.995584598129641,0.9821428571428571,0.7931034482758621,0.9649122807017544
0.984251968503937,0.9960526315789473,0.9988194786030498,0.9789473684210527,1.0,0.9893617021276596
0.9712230215827338,0.988095238095238,0.9974105461393596,0.9642857142857143,1.0,0.9818181818181818
0.9230769230769231,0.9671782762691854,0.9907761182203902,0.9669421487603306,0.7714285714285715,0.9512195121951219
0.890625,0.9656699889258029,0.9850061011702475,0.9534883720930233,0.7619047619047619,0.9213483146067416
0.9315068493150684,0.9653361344537815,0.9899673055257103,0.9642857142857143,0.8235294117647058,0.9557522123893806
0.9481481481481482,0.9845266990291263,0.9955719661868068,0.9514563106796117,0.9375,0.9655172413793104
0.9820359281437125,0.9930640554875562,0.9980719181636812,0.9922480620155039,0.9473684210526315,0.9884169884169884
0.9495798319327731,0.9815789473684211,0.995686007826028,0.9578947368421052,0.9166666666666666,0.9680851063829787
0.9659863945578231,0.9840656687590537,0.9947260686667504,0.9724770642201835,0.9473684210526315,0.9769585253456221
0.9627329192546584,0.9886521537748959,0.9971719368490275,0.968503937007874,0.9411764705882353,0.9761904761904762
0.9428571428571428,1.0,1.0,1.0,0.7777777777777778,0.9629629629629629
0.9463087248322147,0.98503861003861,0.9954823774405,0.9642857142857143,0.8918918918918919,0.9642857142857143
0.9478260869565217,0.9853068280034573,0.9958679241498508,0.9775280898876404,0.8461538461538461,0.9666666666666667
0.9262295081967213,0.9766040411201702,0.9921520319782255,0.967032967032967,0.8064516129032258,0.9513513513513514
0.9285714285714286,0.9606060606060607,0.9894155034787636,0.9636363636363636,0.8,0.954954954954955
0.9586206896551724,0.9827391058290887,0.9955184570988473,0.9649122807017544,0.9354838709677419,0.9734513274336283
0.967741935483871,0.9957516339869281,0.9984573655248198,0.9777777777777777,0.9411764705882353,0.9777777777777777
0.9708029197080292,0.9912457912457914,0.9979607422790916,0.9636363636363636,1.0,0.9814814814814815
0.904,0.9594992636229749,0.9885210647130047,0.979381443298969,0.6428571428571429,0.9405940594059405
0.9626865671641791,0.995956873315364,0.9989613403669142,0.9905660377358491,0.8571428571428571,0.9767441860465116
0.9363057324840764,0.9833333333333333,0.9946301796305441,0.9487179487179487,0.9,0.9568965517241379
0.9632352941176471,0.9846153846153847,0.9928575054306453,0.967032967032967,0.9555555555555556,0.9723756906077348
0.9779411764705882,0.9963963963963964,0.9992554538009084,0.990990990990991,0.92,0.9865470852017937
0.958904109589041,0.9913793103448276,0.9978779501766705,0.9655172413793104,0.9333333333333333,0.9739130434782609
0.9662162162162162,0.993939393939394,0.9983712905452035,0.9565217391304348,1.0,0.9777777777777777
0.9266666666666666,0.948076923076923,0.9924320048270224,0.9461538461538461,0.8,0.9571984435797666
0.9673202614379085,0.9814631735046959,0.9947928611933816,0.9915966386554622,0.8823529411764706,0.979253112033195
0.9230769230769231,0.9790139906728847,0.9904731743265437,0.9620253164556962,0.8421052631578947,0.9440993788819876
0.9461538461538461,0.9808808467053602,0.9950024059815243,0.9504950495049505,0.9310344827586207,0.964824120603015
0.9574468085106383,0.9883040935672515,0.9972792778671524,0.9824561403508771,0.8518518518518519,0.9739130434782609
0.9738562091503268,0.9923526765632028,0.9976522293084813,0.9824561403508771,0.9487179487179487,0.9824561403508771
0.9636363636363636,0.983159828536436,0.9972691230892576,0.9859154929577465,0.8260869565217391,0.9790209790209791
0.9264705882352942,0.9672619047619048,0.9915976004273777,0.9444444444444444,0.8571428571428571,0.9532710280373832
0.9037037037037037,0.9526034712950601,0.9877007706428362,0.9532710280373832,0.7142857142857143,0.9400921658986175
0.9217391304347826,0.9826807228915664,0.9942384255637267,0.9879518072289156,0.75,0.9479768786127167
0.9328859060402684,0.9841915085817524,0.994301388230485,1.0,0.7560975609756098,0.9557522123893806
0.9732142857142857,0.9929750614682121,0.9961243149739696,0.9863013698630136,0.9487179487179487,0.9795918367346939
0.9708029197080292,0.9933049300060863,0.9980837001668154,0.9811320754716981,0.9354838709677419,0.9811320754716981
0.9855072463768116,0.9986653319986653,0.9996810970262298,1.0,0.9259259259259259,0.9910714285714286
0.9689922480620154,0.9929278642149929,0.9982100683856067,0.9603960396039604,1.0,0.9797979797979798
0.9702380952380952,0.9910044977511245,0.9985698288067155,0.993103448275862,0.8260869565217391,0.9829351535836177
0.9428571428571428,0.9853913043478261,0.9969725601947831,0.9478260869565217,0.92,0.9646017699115044
0.9328358208955224,0.9806985294117647,0.9941343294244852,0.9705882352941176,0.8125,0.9565217391304348
0.9230769230769231,0.9704232534421213,0.9902007458678636,0.9528301886792453,0.8378378378378378,0.9483568075117371
0.928,0.9856569133677567,0.9931219009512163,0.9879518072289156,0.8095238095238095,0.9479768786127167
1.0,1.0,1.0,1.0,1.0,1.0
0.9307692307692308,0.9894898743911817,0.9943596931410708,0.9879518072289156,0.8297872340425532,0.9479768786127167
0.951048951048951,0.9755932203389831,0.9949316176041267,0.9745762711864406,0.84,0.9704641350210971
0.967741935483871,0.9861660079051383,0.9978208728208728,0.9621212121212122,1.0,0.9806949806949807
0.9850746268656716,0.9942722371967655,0.9986031023766873,0.9811320754716981,1.0,0.9904761904761905
0.9357142857142857,0.9693913043478262,0.9935718585374946,0.9565217391304348,0.84,0.9606986899563319
0.9365079365079365,0.9740740740740741,0.9900270377164408,0.9555555555555556,0.8888888888888888,0.9555555555555556
0.9781021897810219,0.9977116704805492,0.999561403508772,0.9736842105263158,1.0,0.9866666666666667
0.9802631578947368,0.9914529914529915,0.9976720810054143,0.9743589743589743,1.0,0.987012987012987
0.9424460431654677,0.9755469755469756,0.9941529104585961,0.963963963963964,0.8571428571428571,0.963963963963964
0.9605263157894737,0.9868236613400616,0.9968735693840592,0.967479674796748,0.9310344827586207,0.9754098360655737
0.9696969696969697,0.9895897121861604,0.9983150828574507,0.9788732394366197,0.9130434782608695,0.9823321554770318
0.968,0.9933726067746685,0.9981817460948057,0.979381443298969,0.9285714285714286,0.979381443298969
0.9810126582278481,0.9968253968253968,0.999608843537415,0.9785714285714285,1.0,0.9891696750902527
0.9767441860465116,0.997979797979798,0.9994227994227993,0.9696969696969697,1.0,0.9846153846153847
0.9673202614379085,0.9949762030671603,0.9987615804163252,0.9754098360655737,0.9354838709677419,0.9794238683127572
0.9432624113475178,0.9800785634118968,0.9941654983241787,0.9814814814814815,0.8181818181818182,0.9636363636363636
0.959731543624161,0.987012987012987,0.9970316713865948,0.9834710743801653,0.8571428571428571,0.9754098360655737
0.9530201342281879,0.9846517119244392,0.9966381592643427,0.9586776859504132,0.9285714285714286,0.9707112970711297
0.9575757575757575,0.9753030983385721,0.9939924125899182,0.9618320610687023,0.9411764705882353,0.972972972972973
0.9436619718309859,0.9860592481951705,0.9947504356836214,1.0,0.7948717948717948,0.9626168224299065
0.94,0.9811363636363637,0.993501412374197,0.9727272727272728,0.85,0.9596412556053812
0.9428571428571428,0.9894062576989406,0.9961981700251074,0.9797979797979798,0.8536585365853658,0.9603960396039604
0.9130434782608695,0.9593256622959594,0.9859666912282883,0.9405940594059405,0.8378378378378378,0.9405940594059405
0.9689922480620154,0.9910352805089647,0.9966432689352628,0.978021978021978,0.9473684210526315,0.978021978021978
0.9047619047619048,0.963558106169297,0.9835096914767033,0.9529411764705882,0.8048780487804879,0.9310344827586207
0.935064935064935,0.9722222222222222,0.9918519808554426,0.9661016949152542,0.8333333333333334,0.957983193277311
0.9411764705882353,0.9714621947631656,0.9909168067843901,0.9611650485436893,0.8787878787878788,0.9611650485436893
0.9785714285714285,0.989159891598916,0.9960984944942165,0.9696969696969697,1.0,0.9846153846153847
0.9367088607594937,0.9786706349206349,0.9946463806247801,0.9682539682539683,0.8125,0.9606299212598425
0.94,0.9829011114277573,0.9958318717879027,0.9586776859504132,0.8620689655172413,0.9626556016597511
0.936,0.9782608695652174,0.9924445130873508,0.9782608695652174,0.8181818181818182,0.9574468085106383
0.9253731343283582,0.9652364547447542,0.9900298705085285,0.9611650485436893,0.8064516129032258,0.9519230769230769
0.9920634920634921,0.9980053191489362,0.9993617021276595,0.9893617021276596,1.0,0.9946524064171123
0.9612903225806452,0.9783226723525231,0.99663472568017,0.9701492537313433,0.9047619047619048,0.9774436090225563
0.9541984732824428,0.9868131868131869,0.9969367893696849,0.9619047619047619,0.9230769230769231,0.9711538461538461
0.9615384615384616,0.9846119536128457,0.9953714887859517,0.9830508474576272,0.8947368421052632,0.9747899159663865
0.971830985915493,0.9942020140372292,0.9986170378696893,0.9823008849557522,0.9310344827586207,0.9823008849557522
0.9383561643835616,0.9835263835263836,0.9947316006529059,0.954954954954955,0.8857142857142857,0.9592760180995475
0.9126984126984127,0.9472443265546715,0.9793948447094655,0.9425287356321839,0.8461538461538461,0.9371428571428572
0.9448275862068966,0.9742965367965368,0.9925402655898579,0.9821428571428571,0.8181818181818182,0.9649122807017544
0.9172932330827067,0.9752186588921283,0.991936120121777,0.9693877551020408,0.7714285714285715,0.945273631840796
0.9565217391304348,0.9823087129588677,0.9971687028197919,0.9831932773109243,0.7894736842105263,0.975
0.9532710280373832,0.9903303787268332,0.9959329428587191,0.9863013698630136,0.8823529411764706,0.9664429530201343
0.9801324503311258,0.9954776710005653,0.9989245190603667,0.9918032786885246,0.9310344827586207,0.9877551020408163
0.9428571428571428,0.9835069444444444,0.9954101125071799,0.9629629629629629,0.875,0.9629629629629629
0.9929078014184397,0.9950146627565983,0.9987831066571223,0.990909090909091,1.0,0.9954337899543378
0.9548387096774194,0.9886282871357498,0.9982382994970392,0.9626865671641791,0.9047619047619048,0.9735849056603774
0.984,0.9948287007110537,0.998039626380646,1.0,0.9411764705882353,0.9891304347826086
0.9483870967741935,0.9790476190476189,0.9942637322241751,0.9666666666666667,0.8857142857142857,0.9666666666666667
0.8840579710144928,0.9558823529411764,0.9843191114179776,0.9019607843137255,0.8333333333333334,0.92
0.968,0.9873529411764705,0.9939914762080904,0.9764705882352941,0.95,0.9764705882352941
0.9850746268656716,0.9978553921568627,0.9993703903579781,0.9803921568627451,1.0,0.9900990099009901
0.9300699300699301,0.9796460176991151,0.9947650737979559,0.9823008849557522,0.7333333333333333,0.9568965517241379
0.9153846153846154,0.9589848756729044,0.9796306868556672,0.9156626506024096,0.9148936170212766,0.9325153374233128
0.9652173913043478,0.992696287279367,0.993915081504853,1.0,0.9245283018867925,0.96875
0.9097222222222222,0.9606914515747099,0.9857468425124432,0.970873786407767,0.7560975609756098,0.9389671361502347
0.9032258064516129,0.9630681818181818,0.9813916465156047,0.975,0.7727272727272727,0.9285714285714286
0.921875,0.9698067632850242,0.9884628803374741,0.9565217391304348,0.8333333333333334,0.946236559139785
0.9078014184397163,0.9597883597883597,0.9866467624902218,0.9714285714285714,0.7222222222222222,0.9400921658986175
0.9545454545454546,0.9738977072310405,0.993601687063592,0.9809523809523809,0.8518518518518519,0.9716981132075472
0.9671052631578947,0.9901878329128119,0.9977935183113817,0.991869918699187,0.8620689655172413,0.9799196787148594
0.9490445859872612,0.9808728448275862,0.9955750717514891,0.96875,0.8620689655172413,0.96875
0.9615384615384616,0.979779411764706,0.9970276409644566,0.9705882352941176,0.9,0.9777777777777777
0.9236111111111112,0.9748883928571429,0.9931957658196827,0.9732142857142857,0.75,0.9519650655021834
0.9318181818181818,0.9668430335097001,0.9916194486945176,0.9714285714285714,0.7777777777777778,0.9577464788732394
0.896551724137931,0.9647019647019647,0.9836626057553581,0.948051948051948,0.7948717948717948,0.9240506329113924
0.9328859060402684,0.9754475703324808,0.9930296016025617,0.9652173913043478,0.8235294117647058,0.9568965517241379
0.9647887323943662,0.9903846153846154,0.9978582677151357,0.9741379310344828,0.9230769230769231,0.9783549783549783
0.9354838709677419,0.9873303167420814,0.9944091898550687,0.9764705882352941,0.8461538461538461,0.9540229885057471
0.917910447761194,0.9838998211091236,0.9933198012438823,0.989010989010989,0.7674418604651163,0.9424083769633508
0.954248366013072,0.9854633555420957,0.9969368936775427,0.9606299212598425,0.9230769230769231,0.9721115537848606
0.9133858267716536,0.9691056910569105,0.98505978443795,0.9634146341463414,0.8222222222222222,0.9349112426035503
0.9452054794520548,0.9721638655462185,0.9917916641144,0.9821428571428571,0.8235294117647058,0.9649122807017544
0.9253731343283582,0.9661740558292282,0.991209109759348,0.9619047619047619,0.7931034482758621,0.9528301886792453
0.9602649006622517,0.9789915966386553,0.9947098035202602,0.9663865546218487,0.9375,0.9745762711864406
0.9296875,0.969377990430622,0.9901113958572423,0.968421052631579,0.8181818181818182,0.9533678756476683
0.95,0.9797453703703705,0.9943300525102043,0.9722222222222222,0.875,0.967741935483871
0.9142857142857143,0.9593531468531469,0.9908611029887437,0.951048951048951,0.75,0.9477351916376306
0.9097222222222222,0.9620158887785503,0.9873124675557365,0.9528301886792453,0.7894736842105263,0.9395348837209302
0.9302325581395349,0.9769570707070707,0.9929583360101686,0.96875,0.8181818181818182,0.9538461538461539
0.9824561403508771,0.9993648777389648,0.9995673804888602,1.0,0.9574468085106383,0.9852941176470589
0.9285714285714286,0.970343137254902,0.9915642488567367,0.9583333333333334,0.8235294117647058,0.9543568464730291
0.9078014184397163,0.9321321321321322,0.9821071056011537,0.9369369369369369,0.8,0.9411764705882353
0.9767441860465116,0.9942010309278351,0.9983863738233976,0.9690721649484536,1.0,0.9842931937172775
0.9940828402366864,0.9984032846715328,0.9996451743714516,0.9927007299270073,1.0,0.9963369963369964
0.9477611940298507,0.9925531914893617,0.9970224223373434,0.9680851063829787,0.9,0.9629629629629629
0.9338842975206612,0.975206611570248,0.9914209864872289,0.9545454545454546,0.8787878787878788,0.9545454545454546
0.9463087248322147,0.9817927170868347,0.9957574460055485,0.9495798319327731,0.9333333333333333,0.9658119658119658
0.9513888888888888,0.9834267040149394,0.9939864168026817,0.9705882352941176,0.9047619047619048,0.9658536585365853
0.9090909090909091,0.9712418300653595,0.9915153406643272,0.9411764705882353,0.8,0.9411764705882353
0.9607843137254902,0.9931428571428572,0.9985628463108779,0.984,0.8571428571428571,0.9761904761904762
0.9262295081967213,0.9718844984802432,0.9920568835978915,0.9680851063829787,0.7857142857142857,0.9528795811518325
0.954248366013072,0.9894179894179894,0.9977944509835321,0.9761904761904762,0.8518518518518519,0.9723320158102767
0.9701492537313433,0.9919137466307278,0.997925638803786,0.9811320754716981,0.9285714285714286,0.9811320754716981
0.9194630872483222,0.9658263305322128,0.9915199210347682,0.9327731092436975,0.8666666666666667,0.9487179487179487
0.9813664596273292,0.9953682260305697,0.9989287053404039,0.9763779527559056,1.0,0.9880478087649402
0.9183673469387755,0.9655172413793104,0.9911437615776291,0.9827586206896551,0.6774193548387096,0.95
0.943089430894309,0.9886363636363636,0.9957494452052573,0.9886363636363636,0.8285714285714286,0.9613259668508287
0.9572649572649573,0.9763313609467457,0.989947031792742,0.9615384615384616,0.9487179487179487,0.967741935483871
0.9712230215827338,0.998805256869773,0.9996693121693121,1.0,0.8709677419354839,0.9818181818181818
0.9556962025316456,0.9801587301587302,0.9950667422732664,0.9761904761904762,0.875,0.9723320158102767
0.9911504424778761,1.0,1.0000000000000002,0.9868421052631579,1.0,0.9933774834437086
0.9758064516129032,0.9973856209150327,0.9990176523916957,0.9888888888888889,0.9411764705882353,0.9834254143646409
0.9274193548387096,0.9715686274509804,0.9899280094766707,0.9666666666666667,0.8235294117647058,0.9508196721311475
0.9562043795620438,0.9797507788161994,0.9949098564462924,0.9439252336448598,1.0,0.9711538461538461
0.9318181818181818,0.9647058823529412,0.9900183913640057,0.9509803921568627,0.8666666666666667,0.9556650246305419
0.9230769230769231,0.9741353383458646,0.9914326924279552,0.9578947368421052,0.8285714285714286,0.9479166666666666
0.9914529914529915,0.9950716845878136,0.9988626964433416,0.989247311827957,1.0,0.9945945945945946
0.9754098360655737,0.9956521739130435,0.9986690328305237,0.967391304347826,1.0,0.9834254143646409
0.9097744360902256,0.9712121212121212,0.9873894091729939,0.9545454545454546,0.8222222222222222,0.9333333333333333
0.9523809523809523,0.9877149877149878,0.9959009728940315,0.9727272727272728,0.8918918918918919,0.9683257918552036
0.9708029197080292,0.9978193146417446,0.999426135432038,0.9626168224299065,1.0,0.9809523809523809
0.9402985074626866,0.978988603988604,0.995163839148966,0.9629629629629629,0.8461538461538461,0.9629629629629629
0.9851851851851852,1.0,0.9999999999999999,0.9807692307692307,1.0,0.9902912621359223
0.9854014598540146,0.9950419527078566,0.9990582564395147,0.9824561403508771,1.0,0.9911504424778761
0.9568965517241379,0.9860114777618365,0.9944125463988425,0.9878048780487805,0.8823529411764706,0.9700598802395209
0.9319727891156463,0.9558641975308642,0.9901115619783342,0.95,0.8518518518518519,0.957983193277311
0.9453125,0.9761904761904762,0.9929871060502382,0.9489795918367347,0.9333333333333333,0.9637305699481865
0.9855072463768116,0.9988455988455989,0.9996439697374275,1.0,0.9393939393939394,0.9905660377358491
0.9180327868852459,0.974712643678161,0.9909279699314938,0.9540229885057471,0.8285714285714286,0.9431818181818182
0.9586206896551724,0.9871311989956059,0.997066491328968,0.9830508474576272,0.8518518518518519,0.9747899159663865
0.983739837398374,0.9972527472527473,0.9991119991119991,0.978021978021978,1.0,0.9888888888888889
0.9259259259259259,0.9826315789473685,0.9930985309854239,0.9789473684210527,0.8,0.9489795918367347
0.9640287769784173,0.9874551971326164,0.9966449500347806,0.9537037037037037,1.0,0.976303317535545
0.9389312977099237,0.9850901525658807,0.9961727811627346,0.9611650485436893,0.8571428571428571,0.9611650485436893
0.9448275862068966,0.9932268988872762,0.9975743019994162,1.0,0.7948717948717948,0.9636363636363636
0.9344262295081968,0.9733036707452726,0.9916490378403773,0.956989247311828,0.8620689655172413,0.956989247311828
0.916030534351145,0.958021851638873,0.984227378331187,0.9680851063829787,0.7837837837837838,0.9430051813471503
0.9455782312925171,0.9921915668922436,0.9977254128828765,0.9646017699115044,0.8823529411764706,0.9646017699115044
0.9281045751633987,0.9742424242424242,0.9929745617603861,0.975,0.7575757575757576,0.9551020408163265
0.9333333333333333,0.9833938764919564,0.9931273963891389,0.9468085106382979,0.9024390243902439,0.9518716577540107
0.9224806201550387,0.9713793103448276,0.9917982783876108,0.96,0.7931034482758621,0.9504950495049505
0.937007874015748,0.9851851851851853,0.9961511517508616,0.96,0.8518518518518519,0.96
0.8991596638655462,0.9442176870748299,0.9773991727865471,0.9047619047619048,0.8857142857142857,0.926829268292683
0.9154929577464789,0.9703947368421053,0.9896180372144168,0.9807692307692307,0.7368421052631579,0.9444444444444444
0.9916666666666667,0.998,0.9996153846153847,0.99,1.0,0.9949748743718593
0.9606299212598425,0.9816770186335403,0.9935382906058274,0.9891304347826086,0.8857142857142857,0.9732620320855615
0.971830985915493,0.9911036975257159,0.9975576871630172,0.963302752293578,1.0,0.9813084112149533
0.9675324675324676,0.9916666666666667,0.9978082893266946,0.975,0.9411764705882353,0.9790794979079498
0.9328859060402684,0.9764411027568922,0.9930553697651067,0.9824561403508771,0.7714285714285715,0.9572649572649573
0.9473684210526315,0.9797775530839231,0.9965513747756687,0.9689922480620154,0.8260869565217391,0.9689922480620154
0.96,0.9838461538461539,0.9975114876996839,0.9692307692307692,0.9,0.9767441860465116
