Accuracy,AUROC,AUPRC,Sensitivity,Specificity,F1
0.9398496240601504,0.9863339275103981,0.9956265036123493,0.9595959595959596,0.8823529411764706,0.9595959595959596
0.916030534351145,0.9828785446762975,0.9925486131631087,0.9662921348314607,0.8095238095238095,0.9398907103825137
0.975609756097561,0.9947826086956523,0.9988461538461539,0.97,1.0,0.9847715736040609
0.9928057553956835,1.0,1.0000000000000002,0.9905660377358491,1.0,0.995260663507109
1.0,1.0,0.9999999999999999,1.0,1.0,1.0
0.9640287769784173,0.9913381123058542,0.9976557916487817,0.9722222222222222,0.9354838709677419,0.9767441860465116
0.94,0.9786335403726708,0.9938222190627103,0.9565217391304348,0.8857142857142857,0.9606986899563319
0.9534883720930233,0.9879256965944272,0.996117709260112,0.9789473684210527,0.8823529411764706,0.96875
0.918918918918919,0.9727123029875324,0.9906973671032049,0.963302752293578,0.7948717948717948,0.9459459459459459
0.9455782312925171,0.9853782581055308,0.9970209412290736,0.9834710743801653,0.7692307692307693,0.967479674796748
0.9126984126984127,0.9758913412563668,0.992651322730049,0.968421052631579,0.7419354838709677,0.9435897435897436
0.9781021897810219,0.9878865979381443,0.9957306735212886,0.9690721649484536,1.0,0.9842931937172775
0.959349593495935,0.9733520336605891,0.9925577751664709,0.9456521739130435,1.0,0.9720670391061452
0.9545454545454546,0.985,0.9943596738678974,0.9875,0.8666666666666667,0.9693251533742331
0.9534883720930233,0.9989053092501369,0.9994834043652331,1.0,0.8571428571428571,0.9666666666666667
0.9615384615384616,0.9876543209876544,0.9974888385099888,0.9689922480620154,0.9259259259259259,0.9765625
0.9555555555555556,0.990990990990991,0.9981145861668902,0.963963963963964,0.9166666666666666,0.9727272727272728
0.9271523178807947,0.965840220385675,0.9918426018133353,0.9586776859504132,0.8,0.9547325102880658
0.9300699300699301,0.9882831181252989,0.99589132040855,0.9803921568627451,0.8048780487804879,0.9523809523809523
0.9393939393939394,0.9845931632161771,0.9967535674292783,0.9701492537313433,0.8064516129032258,0.9629629629629629
0.9477611940298507,0.9727088948787062,0.9932715637651672,0.9716981132075472,0.8571428571428571,0.9671361502347418
0.96,0.9913941480206541,0.9955828572643184,0.963855421686747,0.9523809523809523,0.9696969696969697
0.937007874015748,0.9587362991618311,0.9865429446027096,0.9574468085106383,0.8787878787878788,0.9574468085106383
0.965034965034965,0.988135593220339,0.997660663841808,0.9576271186440678,1.0,0.9783549783549783
0.9830508474576272,0.9933259176863181,0.9975723764258719,1.0,0.9354838709677419,0.9886363636363636
0.9622641509433962,0.9768518518518519,0.9975662601934916,0.9861111111111112,0.7333333333333333,0.9793103448275862
0.9673202614379085,0.983343428225318,0.9967730434395274,0.9921259842519685,0.8461538461538461,0.980544747081712
1.0,1.0,0.9999999999999999,1.0,1.0,1.0
0.9411764705882353,0.978930817610063,0.9946061054316908,0.9811320754716981,0.8,0.9629629629629629
0.9366197183098591,0.9696356275303644,0.9894798072132819,0.9519230769230769,0.8947368421052632,0.9565217391304348
0.9777777777777777,0.9982517482517483,0.9997176736307172,0.974025974025974,1.0,0.9868421052631579
0.9548872180451128,0.977446483180428,0.9951136294021474,0.963302752293578,0.9166666666666666,0.9722222222222222
0.9171974522292994,0.9544719827586207,0.9900891721659211,0.9453125,0.7931034482758621,0.9490196078431372
0.8759124087591241,0.9511904761904763,0.9858380859064829,0.9333333333333333,0.6875,0.92018779342723
0.9666666666666667,0.9849779849779849,0.9960171723243489,0.9743589743589743,0.9393939393939394,0.9785407725321889
0.9618320610687023,0.9812865497076023,0.9939703230037713,0.9473684210526315,1.0,0.972972972972973
0.9440559440559441,0.9778406412069779,0.9913141981808467,0.9603960396039604,0.9047619047619048,0.9603960396039604
0.9574468085106383,0.9912039582188016,0.9973340790835344,0.9626168224299065,0.9411764705882353,0.9716981132075472
0.950354609929078,0.9929618768328446,0.998082019116883,0.990909090909091,0.8064516129032258,0.9688888888888889
0.9523809523809523,0.9795918367346939,0.9943476769577708,0.9795918367346939,0.8571428571428571,0.9696969696969697
0.9818181818181818,0.9963269054178145,0.9991341991341991,0.9772727272727273,1.0,0.9885057471264368
0.9319727891156463,0.9675704412546517,0.9906815943974743,0.9649122807017544,0.8181818181818182,0.9565217391304348
0.9285714285714286,0.9765840220385675,0.9963220602657212,0.9772727272727273,0.6363636363636364,0.9591078066914498
0.9668874172185431,0.9929029304029303,0.9976918945864554,0.9553571428571429,1.0,0.9771689497716894
0.9241379310344827,0.9640672782874617,0.9877514894276025,0.9357798165137615,0.8888888888888888,0.9488372093023256
0.9781021897810219,0.99504662004662,0.9984000433715482,0.9903846153846154,0.9393939393939394,0.9856459330143541
0.9159663865546218,0.9759036144578312,0.9903082457916538,0.9518072289156626,0.8333333333333334,0.9404761904761905
0.9440993788819876,0.9789939192924267,0.9959144473120657,0.9626865671641791,0.8518518518518519,0.9662921348314607
0.916030534351145,0.9871589085072231,0.9945393036233738,0.9887640449438202,0.7619047619047619,0.9411764705882353
0.9602272727272727,0.9864864864864864,0.9974503748898913,0.9932432432432432,0.7857142857142857,0.9767441860465116
0.9279279279279279,0.9677419354838709,0.9885928111436859,0.95,0.8709677419354839,0.95
0.9851851851851852,1.0,1.0,0.9795918367346939,1.0,0.9896907216494846
0.9570552147239264,0.9890267175572519,0.9975043788349786,0.9770992366412213,0.875,0.973384030418251
0.9492753623188406,0.9850649350649351,0.9961453650874112,0.9727272727272728,0.8571428571428571,0.9683257918552036
0.94,0.9855476673427991,0.9959752536348033,0.9741379310344828,0.8235294117647058,0.9617021276595744
0.9457364341085271,0.9897179788484136,0.9962890956210512,0.967391304347826,0.8918918918918919,0.9621621621621622
0.9661016949152542,0.9891067538126362,0.998373673845372,0.9607843137254902,1.0,0.98
0.9312977099236641,0.9618585298196948,0.9901896546570458,0.9514563106796117,0.8571428571428571,0.9560975609756097
0.952,0.9844444444444445,0.9943214631726248,0.9777777777777777,0.8857142857142857,0.967032967032967
0.9084507042253521,0.9634055265123226,0.9872133147145318,0.970873786407767,0.7435897435897436,0.9389671361502347
0.9533333333333334,0.99,0.9976108938992465,0.975,0.8666666666666667,0.970954356846473
0.9624060150375939,0.9867036011080332,0.9953775395936652,0.968421052631579,0.9473684210526315,0.9735449735449735
0.943089430894309,0.9838709677419356,0.9954216313801942,0.967741935483871,0.8666666666666667,0.9625668449197861
0.9794520547945206,0.9956427015250545,0.9990662931839401,0.9747899159663865,1.0,0.9872340425531915
0.9470198675496688,0.9783251231527094,0.9941187539088739,0.9482758620689655,0.9428571428571428,0.9649122807017544
0.9765625,0.9863636363636364,0.9979373567608861,0.9727272727272728,1.0,0.9861751152073732
0.952054794520548,0.9816091954022989,0.9954992683467984,0.9913793103448276,0.8,0.9704641350210971
0.965034965034965,0.9801587301587301,0.9945111889663806,0.9722222222222222,0.9428571428571428,0.9767441860465116
0.9523809523809523,0.9833147942157953,0.9960867366116882,0.9568965517241379,0.9354838709677419,0.9694323144104804
0.9707602339181286,0.9938884644766998,0.9993464868464867,0.9675324675324676,1.0,0.9834983498349835
0.9632352941176471,0.9937106918238994,0.9982559357811251,0.9905660377358491,0.8666666666666667,0.9767441860465116
0.9554140127388535,0.9743589743589743,0.9948140130207673,0.9615384615384616,0.9259259259259259,0.9727626459143969
0.9781021897810219,0.9828282828282828,0.9963493199713672,0.9727272727272728,1.0,0.9861751152073732
0.9764705882352941,0.9938095238095238,0.9987331909923773,0.9857142857142858,0.9333333333333333,0.9857142857142858
0.9844961240310077,0.9953917050691244,0.9987244897959184,0.9795918367346939,1.0,0.9896907216494846
0.9583333333333334,0.9902216427640157,0.9979360553743748,0.9661016949152542,0.9230769230769231,0.9743589743589743
0.9858156028368794,0.9919732441471573,0.9981401036833033,1.0,0.9230769230769231,0.9913793103448276
0.9210526315789473,0.9612068965517241,0.9881753394644409,0.9482758620689655,0.8333333333333334,0.9482758620689655
0.9415584415584416,0.9896395424131232,0.9966841016517664,0.9911504424778761,0.8048780487804879,0.9613733905579399
0.9745762711864406,0.9873829873829874,0.9964199854319786,0.989010989010989,0.9259259259259259,0.9836065573770492
0.8873239436619719,0.9645969498910675,0.9895390956121203,0.9629629629629629,0.6470588235294118,0.9285714285714286
0.927007299270073,0.9712643678160919,0.9924173566499694,0.9629629629629629,0.7931034482758621,0.9541284403669725
0.9817073170731707,0.9960609243697479,0.9992511260125468,0.9926470588235294,0.9285714285714286,0.989010989010989
0.9371069182389937,0.9805068226120858,0.9932847751844299,0.9824561403508771,0.8222222222222222,0.9572649572649573
0.9371069182389937,0.9795866935483871,0.9953338615318068,0.96875,0.8064516129032258,0.9612403100775194
0.9285714285714286,0.9787497421085207,0.9941650494478318,0.9541984732824428,0.8378378378378378,0.9541984732824428
0.924812030075188,0.9717741935483871,0.9892316334524403,0.956989247311828,0.85,0.9468085106382979
0.935251798561151,0.9775357385976855,0.9951766376622155,0.9557522123893806,0.8461538461538461,0.96
0.967741935483871,0.9906902086677368,0.9961426742419395,0.9775280898876404,0.9428571428571428,0.9775280898876404
0.9150326797385621,0.9687651331719128,0.9912894264365324,0.9576271186440678,0.7714285714285715,0.9456066945606695
0.9477611940298507,0.9750410509031199,0.9934408290585567,0.9714285714285714,0.8620689655172413,0.966824644549763
0.935251798561151,0.981043956043956,0.9938007307560157,0.9711538461538461,0.8285714285714286,0.957345971563981
0.9621212121212122,0.9849888214627915,0.99542284440845,0.9900990099009901,0.8709677419354839,0.975609756097561
0.9545454545454546,0.9722133503672947,0.9918345873836336,0.9603960396039604,0.9354838709677419,0.97
0.9324324324324325,0.9761248852157943,0.9953159826502836,0.9669421487603306,0.7777777777777778,0.9590163934426229
0.9384615384615385,0.972,0.9922014602051303,0.96,0.8666666666666667,0.96
0.9571428571428572,0.9807419994335882,0.9947955264651076,0.9813084112149533,0.8787878787878788,0.9722222222222222
0.9487179487179487,0.9828833172613307,0.9954462769294488,0.9672131147540983,0.8823529411764706,0.9672131147540983
0.9333333333333333,0.9792799792799792,0.994478530958045,0.9487179487179487,0.8787878787878788,0.9568965517241379
0.9593023255813954,0.9787476280834915,0.997643381173238,0.967741935483871,0.8823529411764706,0.9771986970684039
0.9261744966442953,0.9599749843652282,0.9916976698420534,0.959349593495935,0.7692307692307693,0.9554655870445344
0.9548872180451128,0.9817004504504505,0.993877035564013,0.9791666666666666,0.8918918918918919,0.9690721649484536
0.9590643274853801,0.9914529914529914,0.9975721807432243,0.9924242424242424,0.8461538461538461,0.9739776951672863
0.9370629370629371,0.97996228194248,0.9923887733365074,0.9702970297029703,0.8571428571428571,0.9560975609756097
0.9699248120300752,0.9964426877470356,0.9993124522536286,0.9636363636363636,1.0,0.9814814814814815
0.9533333333333334,0.9852454080096356,0.9967883402558132,0.975609756097561,0.8518518518518519,0.97165991902834
0.9731543624161074,0.9865546218487395,0.996581553919583,1.0,0.8666666666666667,0.9834710743801653
0.9937888198757764,1.0,1.0,0.9923664122137404,1.0,0.9961685823754789
0.9724137931034482,0.9948347107438016,0.9989993119206731,0.9834710743801653,0.9166666666666666,0.9834710743801653
0.9637681159420289,0.9950069348127601,0.9983351671516361,0.9902912621359223,0.8857142857142857,0.9760765550239234
0.9923664122137404,0.9956709956709957,0.9987244897959184,0.9897959183673469,1.0,0.9948717948717949
0.9696969696969697,0.991295614328758,0.9976959208898217,0.9805825242718447,0.9310344827586207,0.9805825242718447
0.9795918367346939,0.9975543478260869,0.9993378310844578,0.991304347826087,0.9375,0.987012987012987
0.9552238805970149,0.9829545454545454,0.9963995139340602,0.9818181818181818,0.8333333333333334,0.972972972972973
0.9681528662420382,0.9870689655172413,0.9972036845993901,0.9765625,0.9310344827586207,0.9803921568627451
0.949685534591195,0.9747474747474747,0.9949179489444147,0.9696969696969697,0.8518518518518519,0.9696969696969697
0.9078947368421053,0.9431693989071038,0.9866191666257069,0.9344262295081968,0.8,0.9421487603305785
0.9117647058823529,0.96484375,0.9902357921852282,0.9615384615384616,0.75,0.9433962264150944
0.9379310344827586,0.9591944886062532,0.9874793782926864,0.972972972972973,0.8235294117647058,0.96
0.9831932773109243,0.9974340175953079,0.9991626794258373,0.9772727272727273,1.0,0.9885057471264368
0.9694656488549618,0.9932079414838035,0.9971545903349458,0.9770114942528736,0.9545454545454546,0.9770114942528736
0.9206349206349206,0.9749484232242853,0.9903616590828695,0.9540229885057471,0.8461538461538461,0.9431818181818182
0.9699248120300752,0.986734693877551,0.9966477772303171,0.9809523809523809,0.9285714285714286,0.9809523809523809
0.9724137931034482,0.995243757431629,0.9988701507110196,0.9827586206896551,0.9310344827586207,0.9827586206896551
0.9328859060402684,0.969355847404628,0.9936300578749866,0.967479674796748,0.7692307692307693,0.9596774193548387
0.9940828402366864,0.9971223021582734,0.9994282719519748,0.9928057553956835,1.0,0.9963898916967509
0.9448818897637795,0.971764705882353,0.9931341321286226,0.9901960784313726,0.76,0.9665071770334929
0.9754098360655737,0.9948090470893586,0.9983654609212429,0.989247311827957,0.9310344827586207,0.983957219251337
0.9732142857142857,0.9942307692307691,0.9961538461538462,0.9833333333333333,0.9615384615384616,0.9752066115702479
0.9642857142857143,0.9892303651168899,0.9979577201077611,0.9858156028368794,0.8518518518518519,0.9788732394366197
0.9487179487179487,0.9806795469686876,0.9919012203773624,0.9493670886075949,0.9473684210526315,0.9615384615384616
0.951048951048951,0.9844202898550724,0.9969719366391128,0.9916666666666667,0.7391304347826086,0.9714285714285714
0.943089430894309,0.9815789473684211,0.9947042618605557,0.9473684210526315,0.9285714285714286,0.9625668449197861
0.9527027027027027,0.9860909881193857,0.996718348961147,0.9747899159663865,0.8620689655172413,0.9707112970711297
0.8920863309352518,0.9626262626262626,0.9865876164669972,0.9494949494949495,0.75,0.9261083743842364
0.9305555555555556,0.9604166666666666,0.9920903935570098,0.9666666666666667,0.75,0.9586776859504132
0.9477124183006536,0.9752525252525253,0.9937060504285247,0.9833333333333333,0.8181818181818182,0.9672131147540983
0.9735099337748344,0.9960629921259843,0.9992548594709592,0.984251968503937,0.9166666666666666,0.984251968503937
0.9857142857142858,0.99565082323703,0.9989311345243549,0.9819819819819819,1.0,0.990909090909091
0.9565217391304348,0.9872399445214979,0.9959794602531327,0.9611650485436893,0.9428571428571428,0.9705882352941176
0.975,0.9953416149068323,0.9986690328305236,0.967391304347826,1.0,0.9834254143646409
0.9366197183098591,0.9713365539452496,0.9935773545461856,0.991304347826087,0.7037037037037037,0.9620253164556962
0.9724137931034482,0.9909502262443439,0.998131851165663,0.9663865546218487,1.0,0.9829059829059829
0.965034965034965,0.9823728813559321,0.9966153149537421,0.9576271186440678,1.0,0.9783549783549783
0.9603960396039604,0.982873851294904,0.9918621037176045,0.9682539682539683,0.9473684210526315,0.9682539682539683
0.9772727272727273,0.9912698412698413,0.9977961669174392,0.9857142857142858,0.9444444444444444,0.9857142857142858
0.9452054794520548,0.9839080459770114,0.9960830143854407,0.9827586206896551,0.8,0.9661016949152542
0.9618320610687023,0.9901098901098901,0.9958926974447465,0.989010989010989,0.9,0.972972972972973
0.9620253164556962,0.9855219710439421,0.9966984397695524,0.952755905511811,1.0,0.9758064516129032
0.9090909090909091,0.9776674937965261,0.9914472756753376,0.978494623655914,0.7435897435897436,0.9381443298969072
0.9927007299270073,0.9974226804123711,0.9990365160420079,0.9896907216494846,1.0,0.9948186528497409
0.9662162162162162,0.9908172635445363,0.998069271618309,0.9752066115702479,0.9259259259259259,0.979253112033195
0.9259259259259259,0.9831649831649831,0.9939999895754273,0.9595959595959596,0.8333333333333334,0.95
0.9453125,0.9724972497249724,0.9928831294352831,0.9900990099009901,0.7777777777777778,0.966183574879227
0.8991596638655462,0.9571428571428572,0.9836525932903496,0.9523809523809523,0.7714285714285715,0.9302325581395349
0.9482758620689655,0.9824753559693319,0.9934568950805556,0.9759036144578314,0.8787878787878788,0.9642857142857143
0.9411764705882353,0.9751953788651038,0.9942119370843602,0.963302752293578,0.8518518518518519,0.963302752293578
0.9069767441860465,0.9696223316912972,0.9864590082885918,0.9540229885057471,0.8095238095238095,0.9325842696629213
0.9264705882352942,0.9782608695652174,0.9902554003932688,0.9565217391304348,0.8636363636363636,0.946236559139785
0.9735099337748344,0.9875145180023228,0.9972066193467578,0.983739837398374,0.9285714285714286,0.983739837398374
0.9407894736842105,0.9816939890710382,0.9956505259832281,0.9754098360655737,0.8,0.9635627530364372
0.9640287769784173,0.9808841099163681,0.9948239172674231,0.9722222222222222,0.9354838709677419,0.9767441860465116
0.9594594594594594,0.9863095238095239,0.9967701942426316,0.9833333333333333,0.8571428571428571,0.9752066115702479
0.9518072289156626,0.9783251231527094,0.9968200904662999,0.9586206896551724,0.9047619047619048,0.972027972027972
0.9426229508196722,0.9822463768115942,0.9943761060793691,0.967391304347826,0.8666666666666667,0.9621621621621622
0.9347826086956522,0.9713674070109714,0.9901919157730212,0.9702970297029703,0.8378378378378378,0.9560975609756097
0.9193548387096774,0.9758169934640523,0.9913343812855585,0.9555555555555556,0.8235294117647058,0.945054945054945
0.9591836734693877,0.9793442622950819,0.9958722016357782,0.9672131147540983,0.92,0.9752066115702479
0.9463087248322147,0.9743991640543365,0.993767844698824,0.9655172413793104,0.8787878787878788,0.9655172413793104
0.9539473684210527,0.9822916666666667,0.9952440150570521,0.975,0.875,0.970954356846473
0.9154929577464789,0.9507337526205452,0.9842871853911304,0.9433962264150944,0.8333333333333334,0.9433962264150944
0.9664429530201343,0.9872093023255814,0.9979850765289056,0.9767441860465116,0.9,0.980544747081712
0.9712643678160919,0.9889964788732394,0.9977337332409253,0.9788732394366197,0.9375,0.9823321554770318
0.9452054794520548,0.9777777777777777,0.9964797642869094,0.9682539682539683,0.8,0.9682539682539683
0.9712230215827338,0.9963624338624337,0.9991400953691568,0.9821428571428571,0.9259259259259259,0.9821428571428571
0.875,0.9556878306878307,0.9833655639893992,0.9404761904761905,0.7222222222222222,0.9132947976878613
0.9761904761904762,0.9969135802469136,0.9988487702773415,0.9888888888888889,0.9444444444444444,0.9834254143646409
0.9448275862068966,0.9768009768009768,0.9946600435827967,0.9829059829059829,0.7857142857142857,0.9663865546218487
0.9308176100628931,0.9755294117647059,0.9936943519487332,0.976,0.7647058823529411,0.9568627450980393
0.9523809523809523,0.986709197235513,0.9961630425254069,0.9736842105263158,0.8787878787878788,0.9694323144104804
0.9741935483870968,0.9881422924901186,0.9979265012367706,0.9848484848484849,0.9130434782608695,0.9848484848484849
0.9084967320261438,0.9666388657214345,0.9873208360968744,0.963302752293578,0.7727272727272727,0.9375
0.9523809523809523,0.9814271749755621,0.9936666413786112,0.978494623655914,0.8787878787878788,0.9680851063829787
0.965034965034965,0.9823728813559321,0.9961506841416972,0.9745762711864406,0.92,0.9787234042553191
0.9357142857142857,0.9819611470860314,0.9920137995078147,0.9680851063829787,0.8695652173913043,0.9528795811518325
0.9651162790697675,0.9938967136150235,0.9987942771641608,0.9859154929577465,0.8666666666666667,0.9790209790209791
0.9863013698630136,0.9969523809523809,0.9995187969924813,0.984,1.0,0.9919354838709677
0.9624060150375939,0.9933586337760911,0.9980031623326351,0.9705882352941176,0.9354838709677419,0.9753694581280788
0.9714285714285714,0.986111111111111,0.9964157706093189,0.9629629629629629,1.0,0.9811320754716981
0.917910447761194,0.954059829059829,0.9888234644406835,0.9537037037037037,0.7692307692307693,0.9493087557603687
0.937888198757764,0.9802941176470588,0.9965121092464124,0.9705882352941176,0.76,0.9635036496350365
0.9496402877697842,0.9758064516129031,0.9930599812656675,0.9907407407407407,0.8064516129032258,0.9683257918552036
0.9609375,0.9861751152073732,0.9950932087920807,0.989247311827957,0.8857142857142857,0.9735449735449735
0.9230769230769231,0.9707436001625355,0.9940863677686741,0.9626168224299065,0.7391304347826086,0.9537037037037037
0.9836065573770492,1.0,1.0,0.98,1.0,0.98989898989899
0.8872180451127819,0.9565217391304348,0.9799290338507431,0.9425287356321839,0.782608695652174,0.9162011173184358
0.940677966101695,0.9903236569903237,0.9961256164825965,0.9876543209876543,0.8378378378378378,0.9580838323353293
0.9847328244274809,0.9960981047937569,0.9984628897672376,0.9782608695652174,1.0,0.989010989010989
0.9493670886075949,0.9854322407513897,0.994267365132025,0.9819819819819819,0.8723404255319149,0.9646017699115044
0.873015873015873,0.9347050754458162,0.9681755399501362,0.9259259259259259,0.7777777777777778,0.9036144578313253
0.9403973509933775,0.9750898818695429,0.9933908245274862,0.9576271186440678,0.8787878787878788,0.9617021276595744
0.9295774647887324,0.9744433198380567,0.9910157550176899,0.9807692307692307,0.7894736842105263,0.9532710280373832
0.9933774834437086,1.0,1.0,0.9923076923076923,1.0,0.9961389961389961
0.9290780141843972,0.9814814814814815,0.9949782376611646,0.9629629629629629,0.8181818181818182,0.9541284403669725
0.9428571428571428,0.981975120588982,0.9931434668555088,0.9801980198019802,0.8461538461538461,0.9611650485436893
0.957983193277311,0.9834791059280855,0.9966624342805338,0.9693877551020408,0.9047619047619048,0.9743589743589743
0.9426229508196722,0.9894909688013137,0.9958924217544907,0.9425287356321839,0.9428571428571428,0.9590643274853801
0.9435483870967742,0.99265605875153,0.9968641907469007,0.9883720930232558,0.8421052631578947,0.96045197740113
0.9548872180451128,0.9829222011385199,0.9948583724187838,0.9607843137254902,0.9354838709677419,0.9702970297029703
0.9452054794520548,0.9775641025641025,0.9953826020485959,0.9666666666666667,0.8461538461538461,0.9666666666666667
0.9367088607594937,0.9804919423240035,0.996057201711903,0.9694656488549618,0.7777777777777778,0.9621212121212122
0.9631901840490797,0.9831555306007861,0.9967266136044414,0.9854014598540146,0.8461538461538461,0.9782608695652174
0.9781021897810219,0.9929971988795518,0.9979454249139863,0.9901960784313726,0.9428571428571428,0.9853658536585366
0.9444444444444444,0.9871064467766116,0.9969180836205651,0.9826086956521739,0.7931034482758621,0.9658119658119658
0.9722222222222222,0.9903213317847465,0.9984548091094948,0.967479674796748,1.0,0.9834710743801653
0.9596774193548387,0.9927404718693285,0.9978337809087363,0.9894736842105263,0.8620689655172413,0.9740932642487047
0.9620253164556962,0.9963570127504553,0.9989507525202924,0.9836065573770492,0.8888888888888888,0.975609756097561
0.9485294117647058,0.9810012836970476,0.9929494475954997,0.968421052631579,0.9024390243902439,0.9633507853403142
0.9103448275862069,0.9485956544780074,0.9847763111440283,0.954954954954955,0.7647058823529411,0.9422222222222222
0.9290780141843972,0.9675675675675676,0.99146792578142,0.9819819819819819,0.7333333333333333,0.956140350877193
0.9371069182389937,0.9716417910447761,0.994804085237718,0.9701492537313433,0.76,0.9629629629629629
0.9276315789473685,0.9407488186114141,0.9907881218469642,0.9465648854961832,0.8095238095238095,0.9575289575289575
0.9571428571428572,0.98725,0.9949804994759517,0.98,0.9,0.9702970297029703
0.9491525423728814,0.975609756097561,0.9892032682934924,0.975609756097561,0.8888888888888888,0.963855421686747
0.9776536312849162,0.9909844054580896,0.9984319218876906,0.9868421052631579,0.9259259259259259,0.9868421052631579
0.965034965034965,0.9854037267080746,0.9966671646611229,0.991304347826087,0.8571428571428571,0.9785407725321889
0.9692307692307692,0.9819128528363935,0.9929796237248019,0.9775280898876404,0.9512195121951219,0.9775280898876404
0.9436619718309859,0.968452380952381,0.9914635760705477,0.9642857142857143,0.8666666666666667,0.9642857142857143
0.974025974025974,0.9935897435897436,0.9989172176254009,0.9692307692307692,1.0,0.984375
0.9657534246575342,0.9876373626373627,0.9957685706188185,0.9711538461538461,0.9523809523809523,0.9758454106280193
0.9865771812080537,1.0,0.9999999999999999,0.9841269841269841,1.0,0.992
0.9253731343283582,0.9605848696757787,0.9958960132173665,0.9669421487603306,0.5384615384615384,0.9590163934426229
0.9606299212598425,0.992003046458492,0.9980014832215516,0.9702970297029703,0.9230769230769231,0.9751243781094527
0.961038961038961,0.9885271317829457,0.9978787452938886,0.9844961240310077,0.84,0.9769230769230769
0.9774436090225563,0.9925566343042072,0.9980510757209786,0.970873786407767,1.0,0.9852216748768473
0.9722222222222222,0.9955357142857143,0.9988095238095238,0.9642857142857143,1.0,0.9818181818181818
0.9341317365269461,0.9686800894854587,0.9963022760094615,0.9530201342281879,0.7777777777777778,0.9627118644067797
0.927536231884058,0.9689473684210527,0.9891267857000297,0.96,0.8421052631578947,0.9504950495049505
0.9632352941176471,0.9960474308300395,0.9981593926738904,0.9891304347826086,0.9090909090909091,0.9732620320855615
0.9615384615384616,0.9920533196616252,0.9953621056371365,0.9879518072289156,0.9148936170212766,0.9704142011834319
0.9647887323943662,0.9882997261638038,0.9957510475012159,0.9902912621359223,0.8974358974358975,0.9760765550239234
0.9006622516556292,0.9578418523372652,0.9850812985915222,0.9357798165137615,0.8095238095238095,0.9315068493150684
0.975,0.9917486512218343,0.9986845027464799,0.9708029197080292,1.0,0.9851851851851852
0.9370629370629371,0.967436974789916,0.9934133401775961,0.9411764705882353,0.9166666666666666,0.9613733905579399
0.9415584415584416,0.9965465141377077,0.9989023804623722,0.9911504424778761,0.8048780487804879,0.9613733905579399
0.9327731092436975,0.9811379097093383,0.9904990278316883,0.974025974025974,0.8571428571428571,0.9493670886075949
0.9568345323741008,0.9850152905198777,0.9959431780294035,0.981651376146789,0.8666666666666667,0.9727272727272728
0.9517241379310345,0.981404958677686,0.9964356287411207,0.9752066115702479,0.8333333333333334,0.9711934156378601
0.9370629370629371,0.9760848126232742,0.9911051935919399,0.9711538461538461,0.8461538461538461,0.957345971563981
0.9548387096774194,0.9883286647992531,0.996700884505934,0.957983193277311,0.9444444444444444,0.9702127659574468
0.9913793103448276,1.0,0.9999999999999999,0.9883720930232558,1.0,0.9941520467836257
0.9343065693430657,0.9786486486486486,0.992649631047114,0.97,0.8378378378378378,0.9556650246305419
0.9624060150375939,0.9839449541284404,0.9964722656018483,0.9908256880733946,0.8333333333333334,0.9773755656108597
0.984251968503937,0.9912414318354913,0.997676438453966,1.0,0.9230769230769231,0.9901960784313726
0.9338235294117647,0.9802922188243289,0.9953625201313626,0.9724770642201835,0.7777777777777778,0.9592760180995475
0.9545454545454546,0.9839719509140998,0.9959193810134207,0.9752066115702479,0.8787878787878788,0.9711934156378601
0.9655172413793104,0.9958946288060212,0.9980720830013987,0.9746835443037974,0.9459459459459459,0.9746835443037974
0.9624060150375939,0.991304347826087,0.9983471074380165,0.9545454545454546,1.0,0.9767441860465116
0.95,0.98805256869773,0.9968610105878465,0.956989247311828,0.9259259259259259,0.967391304347826
0.9797297297297297,0.9946120689655172,0.9984827381911068,0.9913793103448276,0.9375,0.9871244635193133
0.9752066115702479,0.9866396761133603,0.9965446934707755,0.9894736842105263,0.9230769230769231,0.9842931937172775
0.9491525423728814,0.9884453781512605,0.99590308324396,0.9285714285714286,1.0,0.9629629629629629
0.9432624113475178,0.9765765765765766,0.9940349380829057,0.963963963963964,0.8666666666666667,0.963963963963964
0.9571428571428572,0.98875,0.9960233740107307,0.98,0.9,0.9702970297029703
0.958904109589041,0.9813218390804598,0.9956831869835292,0.9482758620689655,1.0,0.9734513274336283
0.9251700680272109,0.977981029810298,0.9958205598863791,0.943089430894309,0.8333333333333334,0.9547325102880658
0.9419354838709677,0.9787692307692307,0.995889209760016,0.9615384615384616,0.84,0.9652509652509652
0.9545454545454546,0.9879951980792316,0.996355782115515,0.9795918367346939,0.8823529411764706,0.9696969696969697
0.9382716049382716,0.9763779527559056,0.9937925379789435,0.968503937007874,0.8285714285714286,0.9609375
0.976,0.9915305505142166,0.9968733072318483,0.9655172413793104,1.0,0.9824561403508771
0.9512195121951219,0.9778318464449851,0.9956722280255002,0.9854014598540146,0.7777777777777778,0.9712230215827338
0.9555555555555556,0.9861638632664135,0.9950016604603091,0.979381443298969,0.8947368421052632,0.9693877551020408
0.9375,0.983167296461697,0.9903792179766375,0.9577464788732394,0.9024390243902439,0.951048951048951
0.9925925925925926,1.0,0.9999999999999999,0.990909090909091,1.0,0.9954337899543378
0.9694656488549618,0.9909035779260158,0.9972393130468199,0.979381443298969,0.9411764705882353,0.979381443298969
0.950920245398773,0.9820071971211515,0.9944242875816894,0.9672131147540983,0.9024390243902439,0.9672131147540983
0.9483870967741935,0.9830905306971904,0.9958542989256207,0.967741935483871,0.8709677419354839,0.967741935483871
0.940677966101695,0.9901719901719902,0.9947036289194362,0.9864864864864865,0.8636363636363636,0.954248366013072
0.9645390070921985,0.991891891891892,0.9979802926308535,0.954954954954955,1.0,0.9769585253456221
0.9490445859872612,0.9818268770923003,0.9953510667470942,0.983739837398374,0.8235294117647058,0.968
0.9801324503311258,0.9983091787439613,0.9995010691375622,0.9739130434782609,1.0,0.986784140969163
0.9567901234567902,0.9829424307036247,0.9965709084554589,0.9776119402985075,0.8571428571428571,0.9739776951672863
0.9315068493150684,0.9796677411356312,0.993735664564427,0.944954128440367,0.8918918918918919,0.9537037037037037
0.9632352941176471,0.9966666666666667,0.9988709097446962,0.99,0.8888888888888888,0.9753694581280788
0.9473684210526315,0.9845513963161021,0.9952116881305331,0.9494949494949495,0.9411764705882353,0.9641025641025641
0.9777777777777777,0.9918421052631579,0.9970539556438267,0.968421052631579,1.0,0.983957219251337
0.9465648854961832,0.989247311827957,0.9957404936540795,0.989247311827957,0.8421052631578947,0.9633507853403142
0.927536231884058,0.9811373092926491,0.9939709976836237,0.9611650485436893,0.8285714285714286,0.9519230769230769
0.9294871794871795,0.9743386243386244,0.9941116211268932,0.9603174603174603,0.8,0.9565217391304348
0.9107142857142857,0.9708108108108108,0.9866872328062009,0.9733333333333334,0.7837837837837838,0.9358974358974359
0.9389312977099237,0.9837728194726166,0.9957799974757339,0.9607843137254902,0.8620689655172413,0.9607843137254902
0.9612403100775194,0.9893103448275863,0.9969359321677658,0.99,0.8620689655172413,0.9753694581280788
0.9398496240601504,0.9845157657657657,0.994630362148929,0.9583333333333334,0.8918918918918919,0.9583333333333334
0.9568345323741008,0.9882970137207426,0.998011150605377,0.9661016949152542,0.9047619047619048,0.9743589743589743
0.9933774834437086,0.9960662525879916,0.9985407066052225,0.9904761904761905,1.0,0.9952153110047847
0.9166666666666666,0.9609625668449199,0.9886262668555289,0.9636363636363636,0.7647058823529411,0.9464285714285714
0.9214285714285714,0.9633333333333334,0.9904580267289471,0.9727272727272728,0.7333333333333333,0.9511111111111111
0.9290780141843972,0.9799876847290641,0.9950134149604769,0.9821428571428571,0.7241379310344828,0.9565217391304348
0.9700598802395209,0.9857142857142858,0.9980415715258003,0.9931972789115646,0.8,0.9831649831649831
0.9624060150375939,0.9855442176870749,0.9972984261097273,0.9732142857142857,0.9047619047619048,0.9775784753363229
0.958041958041958,0.9838935574229692,0.9969184174788089,0.9831932773109243,0.8333333333333334,0.975
0.9285714285714286,0.9731460950973146,0.9896614638049115,0.9393939393939394,0.9024390243902439,0.9489795918367347
0.9583333333333334,0.9886056971514242,0.9972004178980849,0.9826086956521739,0.8620689655172413,0.9741379310344828
0.972027972027972,0.9902073732718893,0.9972013874444707,0.9821428571428571,0.9354838709677419,0.9821428571428571
0.943089430894309,0.9686054196959683,0.9888862619251504,0.9662921348314607,0.8823529411764706,0.9608938547486033
0.9523809523809523,0.9846153846153847,0.9973118113825388,0.972027972027972,0.84,0.972027972027972
0.9605263157894737,0.9852304558186912,0.9961877026354171,0.9831932773109243,0.8787878787878788,0.975
0.9254658385093167,0.9697297297297297,0.9867992794657711,0.963963963963964,0.84,0.9469026548672567
0.9517241379310345,0.980641592920354,0.9947709656536401,0.9734513274336283,0.875,0.9691629955947136
0.9548872180451128,0.9819892473118279,0.9929641494833497,0.956989247311828,0.95,0.967391304347826
0.8934426229508197,0.9894024138946129,0.9948017550185406,0.9873417721518988,0.7209302325581395,0.9230769230769231
0.9337748344370861,0.9560367454068242,0.9917592163436068,0.952755905511811,0.8333333333333334,0.9603174603174603
0.95625,0.9831495098039216,0.9971469589283174,0.9779411764705882,0.8333333333333334,0.9743589743589743
0.9788732394366197,0.9912816041848299,0.997854997854998,0.972972972972973,1.0,0.9863013698630136
0.9655172413793104,0.9840000000000001,0.9967211776371826,0.975,0.92,0.9790794979079498
0.948051948051948,0.9754098360655737,0.9938291944288639,0.9672131147540983,0.875,0.9672131147540983
0.9621212121212122,0.9834215167548502,0.9961666461235055,0.9523809523809523,1.0,0.975609756097561
0.9848484848484849,0.9994485800937414,0.9997736276174307,1.0,0.9487179487179487,0.9893617021276596
0.9637681159420289,0.9948748869460355,0.9985475965972305,0.9719626168224299,0.9354838709677419,0.9765258215962441
0.9735099337748344,0.9870967741935484,0.9967793207773527,0.9833333333333333,0.9354838709677419,0.9833333333333333
0.8992805755395683,0.964576802507837,0.9910808665882753,0.9636363636363636,0.6551724137931034,0.9380530973451328
0.9398496240601504,0.9836014851485149,0.995041735019442,0.9603960396039604,0.875,0.9603960396039604
0.96,0.9897959183673469,0.9973374139510937,0.9897959183673469,0.8518518518518519,0.9748743718592965
0.9741935483870968,0.9913617886178862,0.9977799925183873,0.983739837398374,0.9375,0.983739837398374
0.9424460431654677,0.9724919093851132,0.9908168502391199,0.9611650485436893,0.8888888888888888,0.9611650485436893
0.9491525423728814,0.9811276794035414,0.9965684743298167,0.9527027027027027,0.9310344827586207,0.9690721649484536
0.959731543624161,0.9861546499477535,0.9962383552968781,0.9827586206896551,0.8787878787878788,0.9743589743589743
0.9920634920634921,0.9979166666666668,0.9993872549019608,0.9895833333333334,1.0,0.9947643979057592
0.943089430894309,0.9810035842293906,0.9944929819514293,0.967741935483871,0.8666666666666667,0.9625668449197861
0.948905109489051,0.9745575221238938,0.994859657941795,0.9557522123893806,0.9166666666666666,0.968609865470852
0.9858156028368794,0.9919724770642202,0.9979141503696279,0.981651376146789,1.0,0.9907407407407407
0.9664429530201343,0.9878787878787879,0.9963553307072026,0.9727272727272728,0.9487179487179487,0.9771689497716894
0.9672131147540983,0.9956140350877193,0.9980570804266282,1.0,0.8947368421052632,0.9767441860465116
0.9230769230769231,0.9622418879056047,0.9902771152334532,0.9380530973451328,0.8666666666666667,0.9506726457399103
0.9767441860465116,0.9897456931911403,0.9978460112382466,0.9905660377358491,0.9130434782608695,0.9859154929577465
0.9847328244274809,1.0,1.0,0.9818181818181818,1.0,0.9908256880733946
0.9389312977099237,0.9780564263322884,0.9899675451289912,0.9540229885057471,0.9090909090909091,0.9540229885057471
0.948051948051948,0.9867241951543313,0.9977227643079255,0.9541984732824428,0.9130434782608695,0.9689922480620154
0.9657142857142857,0.9869825010670081,0.9971080328193531,0.9859154929577465,0.8787878787878788,0.9790209790209791
0.9496402877697842,0.9767025089605735,0.9941473740391058,0.9537037037037037,0.9354838709677419,0.9671361502347418
0.9635036496350365,0.9842657342657343,0.9953386090369011,0.9903846153846154,0.8787878787878788,0.976303317535545
0.9703703703703703,0.9942354368932038,0.9982696983098003,0.9805825242718447,0.9375,0.9805825242718447
0.9693251533742331,0.9888392857142857,0.997086450803377,0.9765625,0.9428571428571428,0.9803921568627451
0.9490445859872612,0.9856035437430786,0.9969898927039289,0.9844961240310077,0.7857142857142857,0.9694656488549618
0.9436619718309859,0.9826086956521739,0.9959598767833684,0.9652173913043478,0.8518518518518519,0.9652173913043478
0.9411764705882353,0.9706119162640902,0.9919123368156335,0.967391304347826,0.8518518518518519,0.9621621621621622
0.9703703703703703,0.9906471183013145,0.9961702855121422,0.9782608695652174,0.9534883720930233,0.9782608695652174
0.9482758620689655,0.9837742504409172,0.9939552343573808,0.9506172839506173,0.9428571428571428,0.9625
0.9565217391304348,0.9883805374001452,0.9951707265793097,0.9876543209876543,0.8823529411764706,0.9696969696969697
0.9508196721311475,0.9810309278350515,0.9954925667547067,0.9587628865979382,0.92,0.96875
0.9428571428571428,0.9813176007866273,0.9957326260214177,0.9646017699115044,0.8518518518518519,0.9646017699115044
0.9774436090225563,0.9938892882818117,0.9984901806700042,0.9906542056074766,0.9230769230769231,0.986046511627907
0.9407407407407408,0.9761258817145957,0.991775047020998,0.979381443298969,0.8421052631578947,0.9595959595959596
0.9366197183098591,0.9840909090909091,0.9955579149365403,0.9727272727272728,0.8125,0.9596412556053812
0.9371069182389937,0.9846079846079846,0.9963473835419534,0.9841269841269841,0.7575757575757576,0.9612403100775194
0.921875,0.9611294462779612,0.9899511477535735,0.9603960396039604,0.7777777777777778,0.9509803921568627
0.9428571428571428,0.9815051020408164,0.9957330609444179,0.9642857142857143,0.8571428571428571,0.9642857142857143
0.9606299212598425,0.9842105263157894,0.9954480796586059,0.9473684210526315,1.0,0.972972972972973
0.9933333333333333,0.9950310559006211,0.9987117552334943,0.991304347826087,1.0,0.9956331877729258
0.9745762711864406,0.9821428571428571,0.9952380952380953,0.9666666666666667,1.0,0.9830508474576272
0.9591836734693877,0.9771398192450824,0.9939774839039632,0.9649122807017544,0.9393939393939394,0.9734513274336283
0.9276315789473685,0.977308826866349,0.9921977966592102,0.9734513274336283,0.7948717948717948,0.9523809523809523
0.9743589743589743,0.991747936984246,0.9973718429607403,0.9651162790697675,1.0,0.9822485207100592
0.9533333333333334,0.9807302231237323,0.9950384288594899,0.9568965517241379,0.9411764705882353,0.9694323144104804
0.925,0.97314453125,0.9936663749484994,0.96875,0.75,0.9538461538461539
0.959731543624161,0.9938618925831202,0.998198276712411,0.9826086956521739,0.8823529411764706,0.9741379310344828
0.9259259259259259,0.9825119236883941,0.9931963478527674,0.972972972972973,0.8235294117647058,0.9473684210526315
0.9659863945578231,0.9834757834757835,0.9958235417071798,0.9914529914529915,0.8666666666666667,0.9789029535864979
0.8780487804878049,0.9698795180722891,0.9879888298112921,0.963855421686747,0.7,0.9142857142857143
0.976,0.9962207105064249,0.9990237375682121,0.9897959183673469,0.9259259259259259,0.9847715736040609
0.9090909090909091,0.9648760330578513,0.9878154711115106,0.9659090909090909,0.7575757575757576,0.9392265193370166
0.9710144927536232,0.9892439101550142,0.9971459585827189,1.0,0.8620689655172413,0.9819819819819819
0.9470198675496688,0.9798898071625345,0.9952782808897578,0.9669421487603306,0.8666666666666667,0.9669421487603306
0.9787234042553191,0.9884960718294051,0.9967242704584188,0.9907407407407407,0.9393939393939394,0.9861751152073732
0.9673202614379085,0.9890975166565718,0.9979627406596571,0.9763779527559056,0.9230769230769231,0.9802371541501976
0.9387755102040817,0.9778761061946903,0.9935823988723462,0.9557522123893806,0.8823529411764706,0.96
0.9767441860465116,0.9927703875072297,0.9973731861486962,0.967032967032967,1.0,0.9832402234636871
0.9307692307692308,0.9705555555555555,0.9877821509459529,0.9444444444444444,0.9,0.9497206703910615
0.958904109589041,0.9840848806366048,0.9963988603988604,0.9487179487179487,1.0,0.9736842105263158
0.9512195121951219,0.9856532356532356,0.9940040740402375,0.9761904761904762,0.8974358974358975,0.9647058823529412
0.9302325581395349,0.9661726804123711,0.9892539058824331,0.9278350515463918,0.9375,0.9523809523809523
0.8985507246376812,0.9366371681415928,0.9859184180605175,0.9469026548672567,0.68,0.9385964912280702
0.9534883720930233,0.9870786516853932,0.9950629817666911,0.9775280898876404,0.9,0.9666666666666667
0.9821428571428571,0.9955277280858675,0.9987887596899225,0.9767441860465116,1.0,0.9882352941176471
0.948051948051948,0.9834333733493397,0.995456858427675,0.9831932773109243,0.8285714285714286,0.9669421487603306
0.910958904109589,0.975596674711719,0.9934564378088719,0.9734513274336283,0.696969696969697,0.944206008583691
0.9256198347107438,0.9842293906810036,0.9945975846956236,0.9222222222222223,0.9354838709677419,0.9485714285714286
0.9701492537313433,0.987998799879988,0.9966106634791942,0.9801980198019802,0.9393939393939394,0.9801980198019802
0.9444444444444444,0.964883401920439,0.9930934510137943,0.9777777777777777,0.7777777777777778,0.967032967032967
0.9166666666666666,0.9718045112781956,0.9864822840697608,0.9857142857142858,0.7894736842105263,0.9387755102040817
0.9436619718309859,0.9810802563320109,0.9952629001490184,0.9646017699115044,0.8620689655172413,0.9646017699115044
0.9714285714285714,0.9909654104284976,0.9984517473623272,0.9932885906040269,0.8461538461538461,0.9833887043189369
0.9490445859872612,0.9831378299120235,0.9957493185917299,0.9838709677419355,0.8181818181818182,0.9682539682539683
0.9752066115702479,0.9972222222222222,0.9987654320987654,0.9629629629629629,1.0,0.9811320754716981
0.9612903225806452,0.9932508436445445,0.9985877329294564,0.984251968503937,0.8571428571428571,0.9765625
0.9640287769784173,0.9861907243355915,0.9949518340160144,0.9900990099009901,0.8947368421052632,0.975609756097561
0.9349593495934959,0.9678571428571429,0.9883588205090933,0.9318181818181818,0.9428571428571428,0.9534883720930233
0.9312977099236641,0.9763353617308993,0.9938826036624693,0.9509803921568627,0.8620689655172413,0.9556650246305419
0.9635036496350365,0.9916274201988488,0.9969786297190418,0.9693877551020408,0.9487179487179487,0.9743589743589743
0.9536423841059603,0.9817567567567568,0.9937155924468499,0.990990990990991,0.85,0.9691629955947136
0.9733333333333334,0.9936111111111112,0.9984862715361589,0.9833333333333333,0.9333333333333333,0.9833333333333333
0.9523809523809523,0.9863945578231292,0.9983406129363813,0.9583333333333334,0.9047619047619048,0.972809667673716
0.8936170212765957,0.9711292795094533,0.9899429979144274,0.970873786407767,0.6842105263157895,0.9302325581395349
0.9408284023668639,0.9721674876847292,0.9945048073218702,0.9571428571428572,0.8620689655172413,0.9640287769784173
0.9444444444444444,0.9863695937090433,0.9960125852640297,0.963302752293578,0.8857142857142857,0.963302752293578
0.9645390070921985,0.9893103448275863,0.9978195573108464,0.9741379310344828,0.92,0.9783549783549783
0.9836065573770492,0.9930555555555556,0.9978216818642348,0.9777777777777777,1.0,0.9887640449438202
0.9701492537313433,0.987390350877193,0.9958589323109139,0.9791666666666666,0.9473684210526315,0.9791666666666666
0.952054794520548,0.9862142099681867,0.9975627353676135,0.943089430894309,1.0,0.9707112970711297
0.8970588235294118,0.9758454106280194,0.988808031029082,0.9555555555555556,0.782608695652174,0.9247311827956989
0.98,0.9968919968919968,0.9991460027817496,0.9914529914529915,0.9393939393939394,0.9872340425531915
0.9214285714285714,0.9798609446175978,0.9913503642176693,0.9484536082474226,0.8604651162790697,0.9435897435897436
0.9617834394904459,0.9782201405152224,0.994239703868043,0.9672131147540983,0.9428571428571428,0.9752066115702479
0.9583333333333334,0.9930555555555556,0.9987004188223699,0.95,1.0,0.9743589743589743
0.9808917197452229,0.9912121212121212,0.9984567901234569,0.9772727272727273,1.0,0.9885057471264368
0.9727891156462585,0.9895887558563249,0.997054771307615,0.9823008849557522,0.9411764705882353,0.9823008849557522
0.9615384615384616,0.9906666666666667,0.997187734181564,0.99,0.8666666666666667,0.9753694581280788
0.9808917197452229,0.9909147869674185,0.9983512820392786,0.9924812030075187,0.9166666666666666,0.9887640449438202
0.9490445859872612,0.9850780532598715,0.9959160367483628,0.9834710743801653,0.8333333333333334,0.967479674796748
0.9558823529411765,0.9847094801223242,0.9965757471585415,0.963302752293578,0.9259259259259259,0.9722222222222222
0.98,0.9906716417910448,0.9989353062431283,0.9776119402985075,1.0,0.9886792452830189
0.9577464788732394,0.985062893081761,0.9949850726504575,0.9811320754716981,0.8888888888888888,0.9719626168224299
0.9069767441860465,0.9458966565349545,0.9820042122071159,0.9574468085106383,0.7714285714285715,0.9375
0.958041958041958,0.9817004504504505,0.995108056280568,0.963963963963964,0.9375,0.9727272727272728
0.9130434782608695,0.960960960960961,0.9908763581919214,0.9459459459459459,0.7777777777777778,0.9459459459459459
0.9454545454545454,0.990200081665986,0.9962725949319295,1.0,0.8064516129032258,0.9634146341463414
0.9790209790209791,0.9902329075882795,0.9982962850844466,0.9917355371900827,0.9090909090909091,0.9876543209876543
0.9530201342281879,0.9831730769230769,0.9954836512839887,0.9572649572649573,0.9375,0.9696969696969697
0.9819819819819819,0.9999999999999999,0.9999999999999998,1.0,0.95,0.9861111111111112
0.8920863309352518,0.9592307692307692,0.9852580341980159,0.97,0.6923076923076923,0.9282296650717703
0.9583333333333334,0.9935165174436554,0.9966630669792571,0.9873417721518988,0.9024390243902439,0.968944099378882
0.974025974025974,0.9903225806451612,0.9977307801791188,0.9838709677419355,0.9333333333333333,0.9838709677419355
0.9448275862068966,0.9793388429752066,0.9960017806000117,0.9504132231404959,0.9166666666666666,0.9663865546218487
0.9798657718120806,0.9887839433293979,0.9976745549144452,0.9752066115702479,1.0,0.9874476987447699
0.9496402877697842,0.984736355226642,0.9926959869691767,0.967391304347826,0.9148936170212766,0.9621621621621622
0.9596774193548387,0.9835858585858586,0.9943463006501798,0.9659090909090909,0.9444444444444444,0.9714285714285714
1.0,1.0,1.0000000000000002,1.0,1.0,1.0
0.9862068965517241,0.9942442442442443,0.9982490986561783,0.9814814814814815,1.0,0.9906542056074766
0.9215686274509803,0.9661393969352448,0.9907484284760737,0.9663865546218487,0.7647058823529411,0.9504132231404959
0.9432624113475178,0.9762041284403671,0.9934048471573931,0.963302752293578,0.875,0.963302752293578
0.9862068965517241,0.9950106913756238,0.999116741182315,0.9836065573770492,1.0,0.9917355371900827
0.9341317365269461,0.9677419354838709,0.9927921637652867,0.9779411764705882,0.7419354838709677,0.9602888086642599
0.9315068493150684,0.9722300140252456,0.9930277194775885,0.9652173913043478,0.8064516129032258,0.9568965517241379
0.9675324675324676,0.9931972789115646,0.9985799060364886,0.9761904761904762,0.9285714285714286,0.9800796812749004
0.9668874172185431,0.9888888888888889,0.9978363295785162,0.9920634920634921,0.84,0.9803921568627451
0.9759036144578314,0.9957367439381828,0.9991936584212359,0.9856115107913669,0.9259259259259259,0.9856115107913669
0.9562043795620438,0.9878787878787879,0.9970811550803307,0.9818181818181818,0.8518518518518519,0.972972972972973
0.9264705882352942,0.9798603651987111,0.9927610928631773,0.9795918367346939,0.7894736842105263,0.9504950495049505
0.9166666666666666,0.9757029757029757,0.993142669142087,0.963963963963964,0.7575757575757576,0.9469026548672567
0.8947368421052632,0.9695945945945946,0.9891454923399335,0.9583333333333334,0.7297297297297297,0.9292929292929293
0.9545454545454546,0.9905225409836067,0.9975747062159401,0.9918032786885246,0.8125,0.9718875502008032
0.9395973154362416,0.9740918803418803,0.99331993021644,0.9572649572649573,0.875,0.9613733905579399
0.9615384615384616,0.9950015620118713,0.9983462676164524,0.9896907216494846,0.8787878787878788,0.9746192893401016
0.9568345323741008,0.9910394265232975,0.9975601510732862,0.9629629629629629,0.9354838709677419,0.9719626168224299
0.984,0.9950869236583522,0.998804927376356,0.9795918367346939,1.0,0.9896907216494846
0.8923076923076924,0.958151700087184,0.9846862605312865,0.956989247311828,0.7297297297297297,0.9270833333333334
0.9699248120300752,0.9900530503978779,0.9972411924045612,0.9807692307692307,0.9310344827586207,0.9807692307692307
0.9565217391304348,0.9765432098765432,0.994026561945257,0.9814814814814815,0.8666666666666667,0.9724770642201835
0.9825581395348837,0.9923923923923923,0.9979458416291356,0.9925925925925926,0.9459459459459459,0.988929889298893
0.9716312056737588,0.9896831245394252,0.9980077148551122,1.0,0.8260869565217391,0.9833333333333333
0.9133858267716536,0.9693362193362193,0.9923022062431149,0.9494949494949495,0.7857142857142857,0.9447236180904522
0.9470198675496688,0.9787087912087912,0.9928321732880264,0.9821428571428571,0.8461538461538461,0.9649122807017544
0.9859154929577465,0.993581514762516,0.9990686337506913,0.983739837398374,1.0,0.9918032786885246
0.9425287356321839,0.9772222222222223,0.9964068898525894,0.9733333333333334,0.75,0.9668874172185431
0.9602649006622517,0.9820936639118457,0.9958073465305162,0.9834710743801653,0.8666666666666667,0.9754098360655737
0.9126984126984127,0.962962962962963,0.9898798241886853,0.9292929292929293,0.8518518518518519,0.9435897435897436
0.9485294117647058,0.9923076923076923,0.998216696514302,0.990909090909091,0.7692307692307693,0.9688888888888889
0.94,0.9709318894271872,0.9930760748407671,0.9752066115702479,0.7931034482758621,0.963265306122449
0.9230769230769231,0.9764563106796116,0.9914092671218132,0.9514563106796117,0.85,0.9468599033816425
0.958904109589041,0.98765756302521,0.9963968092210896,0.9821428571428571,0.8823529411764706,0.9734513274336283
0.9790209790209791,0.9909937888198758,0.997812173672847,0.991304347826087,0.9285714285714286,0.987012987012987
0.9470198675496688,0.9740143369175627,0.9944754631552754,0.967741935483871,0.8518518518518519,0.967741935483871
0.9578313253012049,0.9791666666666666,0.9967684684622348,0.9791666666666666,0.8181818181818182,0.9757785467128027
0.9262295081967213,0.9742647058823528,0.990680852105999,0.9659090909090909,0.8235294117647058,0.9497206703910615
0.8978102189781022,0.9284844796104685,0.9800179142525258,0.9245283018867925,0.8064516129032258,0.9333333333333333
0.9517241379310345,0.9808,0.9970652719195261,0.976,0.8,0.9721115537848606
0.937984496124031,0.9863247863247864,0.9941850977490666,0.9555555555555556,0.8974358974358975,0.9555555555555556
0.9097222222222222,0.9636909636909637,0.9896207648579445,0.972972972972973,0.696969696969697,0.9432314410480349
0.9555555555555556,0.9802399435426958,0.9956527135976678,0.981651376146789,0.8461538461538461,0.9727272727272728
0.9568345323741008,0.986833855799373,0.9964623584354898,0.9636363636363636,0.9310344827586207,0.9724770642201835
0.984375,0.9918648310387985,0.9974665787987196,0.9787234042553191,1.0,0.989247311827957
0.921875,0.9781121751025992,0.9897136636812611,0.9764705882352941,0.813953488372093,0.9431818181818182
0.9139072847682119,0.9711224965067535,0.9904525813136951,0.9734513274336283,0.7368421052631579,0.944206008583691
0.9596774193548387,0.988984088127295,0.995974955277281,0.9418604651162791,1.0,0.9700598802395209
0.9,0.9623161764705882,0.9874123113112067,0.9479166666666666,0.7647058823529411,0.9333333333333333
0.972027972027972,0.9918355855855856,0.9979432251547206,0.963963963963964,1.0,0.981651376146789
0.948051948051948,0.9717150017901897,0.9955807950889508,0.9699248120300752,0.8095238095238095,0.9699248120300752
0.9407894736842105,0.9781420765027322,0.9947272476614719,0.9754098360655737,0.8,0.9635627530364372
0.9565217391304348,0.9861673414304992,0.9941407700351927,0.9605263157894737,0.9487179487179487,0.9668874172185431
0.9404761904761905,0.984412955465587,0.995743719300143,0.9846153846153847,0.7894736842105263,0.9624060150375939
0.9657534246575342,0.9879310344827587,0.9968702477380068,0.9741379310344828,0.9333333333333333,0.9783549783549783
0.9473684210526315,0.9915178571428571,0.9972151959734418,0.9821428571428571,0.85,0.9649122807017544
0.9661016949152542,0.9863013698630136,0.9971957523150576,0.9726027397260274,0.9354838709677419,0.9793103448275862
0.9583333333333334,0.9880834160873884,0.9959228245779294,0.9622641509433962,0.9473684210526315,0.9714285714285714
0.951048951048951,0.9869565217391305,0.9968958184362555,0.991304347826087,0.7857142857142857,0.9702127659574468
0.9389312977099237,0.9782738095238094,0.9927216926822185,0.9583333333333334,0.8857142857142857,0.9583333333333334
0.971830985915493,0.9937106918238994,0.9980139026812314,0.9622641509433962,1.0,0.9807692307692307
0.950354609929078,0.9815882874889086,0.9907717657850812,0.9456521739130435,0.9591836734693877,0.9613259668508287
0.927007299270073,0.9662203286670724,0.9905753836705922,0.9622641509433962,0.8064516129032258,0.9532710280373832
0.9466666666666667,0.9880859880859881,0.9968088533429666,0.9829059829059829,0.8181818181818182,0.9663865546218487
0.9612403100775194,0.9851125635439361,0.9964810547550917,0.9705882352941176,0.9259259259259259,0.9753694581280788
0.9763779527559056,0.993421052631579,0.9980417883257218,0.9894736842105263,0.9375,0.9842931937172775
0.9836065573770492,0.9929896907216494,0.9984626514740458,0.979381443298969,1.0,0.9895833333333334
0.9536423841059603,0.9785747554727526,0.9929481848313315,0.9734513274336283,0.8947368421052632,0.9691629955947136
0.9186991869918699,0.9771084337349398,0.9905121011815137,0.9759036144578314,0.8,0.9418604651162791
0.9527027027027027,0.9845238095238095,0.996427599023137,0.9916666666666667,0.7857142857142857,0.9714285714285714
0.8760330578512396,0.9882716049382716,0.9949547636811458,0.9876543209876543,0.65,0.9142857142857143
0.9246575342465754,0.970467032967033,0.9893431580831609,0.9711538461538461,0.8095238095238095,0.9483568075117371
0.9477611940298507,0.9857899136249652,0.9944150421074097,0.9690721649484536,0.8918918918918919,0.9641025641025641
0.9296875,0.9877972465581978,0.9957911329767309,0.9893617021276596,0.7647058823529411,0.9538461538461539
0.952054794520548,0.9813218390804598,0.9953389760181882,0.9741379310344828,0.8666666666666667,0.9699570815450643
0.9338235294117647,0.9721097615834458,0.9954257581582839,0.9572649572649573,0.7894736842105263,0.9613733905579399
0.975,0.9916636462486408,0.9971912378371108,0.9887640449438202,0.9354838709677419,0.9832402234636871
0.9465648854961832,0.9787096774193547,0.9934976647491092,0.97,0.8709677419354839,0.9651741293532339
0.9452054794520548,0.9836065573770493,0.9969559825447436,0.9508196721311475,0.9166666666666666,0.9666666666666667
0.9444444444444444,0.9762308998302208,0.9925767434701583,0.968421052631579,0.8709677419354839,0.9633507853403142
0.9621212121212122,0.9909023850504057,0.9951020086568606,0.9879518072289156,0.9183673469387755,0.9704142011834319
0.9385964912280702,0.9764705882352942,0.9907272927167285,0.9875,0.8235294117647058,0.9575757575757575
0.9453125,0.976461038961039,0.9879547031095411,0.9880952380952381,0.8636363636363636,0.9595375722543352
0.9047619047619048,0.9855442176870749,0.9938206314106657,0.9761904761904762,0.7619047619047619,0.9318181818181818
0.9305555555555556,0.9819819819819819,0.9949535653820305,0.963963963963964,0.8181818181818182,0.9553571428571429
0.935251798561151,0.9748831775700935,0.993169469142431,0.9719626168224299,0.8125,0.9585253456221198
0.9777777777777777,0.9949164851125635,0.9991102960922514,0.9869281045751634,0.9259259259259259,0.9869281045751634
0.9503105590062112,0.987389659520807,0.9961633786769462,0.9836065573770492,0.8461538461538461,0.967741935483871
0.9516129032258065,0.9895941727367326,0.9965284912939724,0.978494623655914,0.8709677419354839,0.9680851063829787
0.9253731343283582,0.9782828282828283,0.9896533421114789,0.9777777777777777,0.8181818181818182,0.946236559139785
0.9559748427672956,0.9923215898825655,0.9978019211125819,0.991869918699187,0.8333333333333334,0.9721115537848606
0.9419354838709677,0.9741679085941382,0.9936578568820152,0.9590163934426229,0.8787878787878788,0.9629629629629629
0.9492753623188406,0.9713949843260188,0.9945361373237764,0.9741379310344828,0.8181818181818182,0.9699570815450643
0.9363636363636364,0.9759348389485376,0.9896164099160816,0.958904109589041,0.8918918918918919,0.9523809523809523
0.9389312977099237,0.9766414141414141,0.9924995091878496,1.0,0.75,0.9611650485436893
0.9657142857142857,0.9944120505344995,0.9989785062282848,0.9863945578231292,0.8571428571428571,0.9797297297297297
0.9854014598540146,0.9978378378378379,0.9992592592592594,0.98,1.0,0.98989898989899
0.9715909090909091,0.9881936245572609,0.9983091159983997,0.9805194805194806,0.9090909090909091,0.9837133550488599
0.9196428571428571,0.969009009009009,0.9857319480692256,0.96,0.8378378378378378,0.9411764705882353
0.9761904761904762,0.9895691609977324,0.9981153448593235,0.9714285714285714,1.0,0.9855072463768116
0.9178082191780822,0.9692671394799055,0.9859921568133966,0.9393939393939394,0.8723404255319149,0.9393939393939394
0.9841269841269841,0.9959150326797386,0.9991246498599441,0.9803921568627451,1.0,0.9900990099009901
0.954248366013072,0.9815656565656565,0.9951986687297628,0.975,0.8787878787878788,0.970954356846473
0.9594594594594594,0.9765285424514634,0.9945600934894313,0.9663865546218487,0.9310344827586207,0.9745762711864406
0.9574468085106383,0.9919137466307278,0.9973936092025439,0.9811320754716981,0.8857142857142857,0.9719626168224299
0.9813084112149533,0.9985074626865671,0.9991283989260856,1.0,0.95,0.9852941176470589
0.9495798319327731,0.9775086505190311,0.9924110066546383,0.9529411764705882,0.9411764705882353,0.9642857142857143
1.0,1.0,1.0,1.0,1.0,1.0
1.0,1.0,1.0,1.0,1.0,1.0
0.9735099337748344,0.9927806241266884,0.9976439218456544,0.9823008849557522,0.9473684210526315,0.9823008849557522
0.9607843137254902,0.9830777366472766,0.9958036407855179,0.9672131147540983,0.9354838709677419,0.9752066115702479
0.9223300970873787,0.9707446808510638,0.9783351494276044,0.9642857142857143,0.8723404255319149,0.9310344827586207
0.916083916083916,0.9735360360360361,0.9926792258661956,0.9819819819819819,0.6875,0.9478260869565217
0.9624060150375939,0.9850788288288289,0.9943734096290724,0.9895833333333334,0.8918918918918919,0.9743589743589743
0.9741935483870968,0.9914559125085441,0.9985737369330986,0.9849624060150376,0.9090909090909091,0.9849624060150376
0.9797297297297297,0.989692846835704,0.9959270120560443,0.9696969696969697,1.0,0.9846153846153847
0.9477611940298507,0.9752525252525253,0.9899636313899028,0.9666666666666667,0.9090909090909091,0.9613259668508287
0.9733333333333334,0.9907407407407407,0.9972415426669781,0.9824561403508771,0.9444444444444444,0.9824561403508771
0.952755905511811,0.9917525773195877,0.9975740542726076,1.0,0.8,0.97
0.9104477611940298,0.9626225490196078,0.9890858546434159,0.9411764705882353,0.8125,0.9411764705882353
0.9294871794871795,0.9758930528161297,0.9924602515206743,0.9572649572649573,0.8461538461538461,0.9531914893617022
0.9606299212598425,0.9889112903225806,0.9968283544218888,0.96875,0.9354838709677419,0.9738219895287958
0.9558823529411765,0.9823899371069182,0.9951467318529632,0.9622641509433962,0.9333333333333333,0.9714285714285714
0.9545454545454546,0.988502076014053,0.9966799367678596,0.9801980198019802,0.8709677419354839,0.9705882352941176
0.9538461538461539,0.9828605200945627,0.9935839771941135,0.9574468085106383,0.9444444444444444,0.967741935483871
0.9618320610687023,0.9921052631578947,0.9972178879270266,0.968421052631579,0.9444444444444444,0.9735449735449735
0.9503105590062112,0.9875909285408643,0.9964005597492072,0.967479674796748,0.8947368421052632,0.967479674796748
0.9703703703703703,0.9932432432432433,0.9986550890672001,0.963963963963964,1.0,0.981651376146789
0.9577464788732394,0.9879430032882719,0.9977197759469609,0.9663865546218487,0.9130434782608695,0.9745762711864406
0.9714285714285714,0.9953775038520802,0.9991367430332521,0.9830508474576272,0.9090909090909091,0.9830508474576272
0.9181818181818182,0.9637171417993335,0.9844219857948977,0.958904109589041,0.8378378378378378,0.9395973154362416
0.9367088607594937,0.985593220338983,0.9952785390117004,0.9661016949152542,0.85,0.957983193277311
0.9276315789473685,0.9802585193889541,0.993651173031161,0.9565217391304348,0.8378378378378378,0.9523809523809523
0.9624060150375939,0.9893203883495145,0.997129779057776,0.9902912621359223,0.8666666666666667,0.9760765550239234
0.9111111111111111,0.9733250620347396,0.9924438509380633,0.9615384615384616,0.7419354838709677,0.9433962264150944
0.9645390070921985,0.9870417193426042,0.9968457886477344,0.9911504424778761,0.8571428571428571,0.9781659388646288
0.9477124183006536,0.9841819080573406,0.9954987436211273,0.9831932773109243,0.8235294117647058,0.9669421487603306
0.9754098360655737,0.9982993197278911,0.9995998399359745,0.9693877551020408,1.0,0.9844559585492227
0.9555555555555556,0.9848073792729244,0.9949169457366989,0.9587628865979382,0.9473684210526315,0.96875
0.9300699300699301,0.9784205693296603,0.9907141522590713,0.9595959595959596,0.8636363636363636,0.95
0.9264705882352942,0.9674508540122462,0.9912270470216025,0.9439252336448598,0.8620689655172413,0.9528301886792453
0.9612403100775194,0.9805986696230599,0.9917912610299031,0.9659090909090909,0.9512195121951219,0.9714285714285714
0.976,0.9908000000000001,0.9979603122966818,0.97,1.0,0.9847715736040609
0.936,0.9809308338720103,0.9934686393580058,0.978021978021978,0.8235294117647058,0.956989247311828
0.9365079365079365,0.9714095744680851,0.9904168648161953,0.9574468085106383,0.875,0.9574468085106383
0.9782608695652174,0.9936199722607489,0.9978436653132559,0.9902912621359223,0.9428571428571428,0.9855072463768116
0.9865771812080537,0.9924953095684803,0.998554652213189,0.983739837398374,1.0,0.9918032786885246
0.9787234042553191,0.9890049477735019,0.9970564427110162,0.9719626168224299,1.0,0.985781990521327
0.9765625,0.995169082125604,0.9980796723503554,0.9891304347826086,0.9444444444444444,0.9837837837837838
0.9577464788732394,0.9936057825966084,0.998108970857137,0.963302752293578,0.9393939393939394,0.9722222222222222
0.9559748427672956,0.9887082204155375,0.9968220999645762,0.975609756097561,0.8888888888888888,0.97165991902834
0.951048951048951,0.9836817950025497,0.9946999524141532,0.9716981132075472,0.8918918918918919,0.9671361502347418
0.9470198675496688,0.9876847290640394,0.9964961712012528,0.9482758620689655,0.9428571428571428,0.9649122807017544
0.9285714285714286,0.9714285714285714,0.9898954794832162,0.967032967032967,0.8285714285714286,0.9513513513513514
0.9586206896551724,0.9788961038961039,0.9946577277684149,0.9642857142857143,0.9393939393939394,0.972972972972973
0.9111111111111111,0.9764309764309764,0.9921550301267184,0.9595959595959596,0.7777777777777778,0.9405940594059405
0.9328358208955224,0.9721265267773254,0.9919658663892862,0.970873786407767,0.8064516129032258,0.9569377990430622
0.9477124183006536,0.9719725013220519,0.9928059986731764,0.9672131147540983,0.8709677419354839,0.9672131147540983
0.9483870967741935,0.9822312190733244,0.9946385861495234,0.9658119658119658,0.8947368421052632,0.9658119658119658
0.9640287769784173,0.9884210526315789,0.9974588117585732,0.9736842105263158,0.92,0.9779735682819384
0.9619565217391305,0.979235197368421,0.9957873867628177,0.9802631578947368,0.875,0.9770491803278688
0.9402985074626866,0.9861471861471861,0.9952442972620719,0.9797979797979798,0.8285714285714286,0.9603960396039604
0.9735099337748344,0.9862579281183932,0.9977338189176104,0.9844961240310077,0.9090909090909091,0.9844961240310077
0.9145299145299145,0.9891033623910336,0.99395932520229,1.0,0.7727272727272727,0.9358974358974359
0.9807692307692307,0.9923076923076923,0.9985580906251992,0.9769230769230769,1.0,0.9883268482490273
0.9477611940298507,0.9720057720057721,0.9900418809729199,0.98989898989899,0.8285714285714286,0.9655172413793104
0.9696969696969697,0.99625,0.9988801942795467,0.96,1.0,0.9795918367346939
0.9794520547945206,0.9968390804597701,0.999214667212985,0.9913793103448276,0.9333333333333333,0.9871244635193133
0.9015151515151515,0.9706047032474804,0.9887959815299974,0.9680851063829787,0.7368421052631579,0.9333333333333333
0.9651162790697675,0.9884976525821596,0.99776636637528,0.9577464788732394,1.0,0.9784172661870504
0.9236111111111112,0.9812865497076023,0.9956971047528325,0.9736842105263158,0.7333333333333333,0.9527896995708155
0.9281045751633987,0.9804336329984136,0.9951318894292398,0.9590163934426229,0.8064516129032258,0.9551020408163265
0.9661016949152542,0.9907444668008049,0.9978382016908567,0.9859154929577465,0.8857142857142857,0.9790209790209791
0.9934640522875817,0.9967532467532467,0.9995164410058026,0.9924242424242424,1.0,0.9961977186311787
0.9602649006622517,0.9938423645320196,0.9982078636306985,0.9827586206896551,0.8857142857142857,0.9743589743589743
0.9844961240310077,0.9982758620689656,0.9995238095238095,0.98,1.0,0.98989898989899
0.9367088607594937,0.9638694638694639,0.9927892364888488,0.9545454545454546,0.8461538461538461,0.9618320610687023
0.950354609929078,0.9879898862199746,0.9970100269750507,0.9734513274336283,0.8571428571428571,0.9691629955947136
0.9290780141843972,0.9759358288770053,0.9957326768137416,0.9663865546218487,0.7272727272727273,0.9583333333333334
0.9545454545454546,0.9860597439544809,0.9952673543473383,0.9578947368421052,0.9459459459459459,0.9680851063829787
0.9781021897810219,0.9922558922558923,0.998280232615935,0.9727272727272728,1.0,0.9861751152073732
0.9770992366412213,0.9981807155852032,0.9993687758745531,0.9896907216494846,0.9411764705882353,0.9846153846153847
0.9568345323741008,0.9906296851574213,0.998207175755392,0.9655172413793104,0.9130434782608695,0.9739130434782609
0.921875,0.9786935800392487,0.9904095006358496,0.9540229885057471,0.8536585365853658,0.9431818181818182
0.8956521739130435,0.9678571428571429,0.9871534874660509,0.975,0.7142857142857143,0.9285714285714286
0.9432624113475178,0.9868035190615836,0.9965322911555407,0.9818181818181818,0.8064516129032258,0.9642857142857143
0.8785714285714286,0.9577991452991452,0.9864680989525811,0.9711538461538461,0.6111111111111112,0.9223744292237442
0.9621212121212122,0.9864506627393225,0.995197240811165,0.9690721649484536,0.9428571428571428,0.9740932642487047
0.9618320610687023,0.9861290322580646,0.996050612420319,0.97,0.9354838709677419,0.9748743718592965
0.9781021897810219,0.9942178940961656,0.9982716216388017,0.9905660377358491,0.9354838709677419,0.9859154929577465
0.9629629629629629,0.9919110212335692,0.9965333605692775,0.967391304347826,0.9534883720930233,0.9726775956284153
0.90625,0.9857142857142858,0.9959987084602475,0.9795918367346939,0.6666666666666666,0.9411764705882353
0.9448275862068966,0.9872110181997048,0.9956074831855479,1.0,0.7894736842105263,0.963963963963964
0.9393939393939394,0.9711340206185567,0.9901360550583316,0.979381443298969,0.8285714285714286,0.9595959595959596
0.9430379746835443,0.966355668645745,0.9927422779315328,0.9618320610687023,0.8518518518518519,0.9655172413793104
0.9801324503311258,0.9913978494623655,0.9977378665097401,0.9916666666666667,0.9354838709677419,0.9875518672199171
0.9652777777777778,0.993155149934811,0.9985762711864407,0.9576271186440678,1.0,0.9783549783549783
0.9554140127388535,0.9916094584286804,0.9989026486460999,0.9492753623188406,1.0,0.9739776951672863
0.889763779527559,0.9555900621118013,0.983930257834007,0.9565217391304348,0.7142857142857143,0.9263157894736842
0.9565217391304348,0.9787610619469027,0.9953782713888456,0.9646017699115044,0.92,0.9732142857142857
0.95,0.98681640625,0.9969608043734579,0.96875,0.875,0.96875
0.9444444444444444,0.977524630541872,0.9947819911691983,0.9655172413793104,0.8571428571428571,0.9655172413793104
0.9626865671641791,0.98989898989899,0.996664760815704,0.9494949494949495,1.0,0.9740932642487047
0.9708029197080292,0.9967532467532467,0.9982310581687822,1.0,0.9183673469387755,0.9777777777777777
0.9705882352941176,0.9891891891891892,0.9977231226179923,0.963963963963964,1.0,0.981651376146789
0.958904109589041,0.9807033924680983,0.995562479009374,0.9663865546218487,0.9259259259259259,0.9745762711864406
0.9701492537313433,0.9883786848072562,0.9962896598065144,0.9591836734693877,1.0,0.9791666666666666
0.9230769230769231,0.9834268230494646,0.9947787097691114,0.9905660377358491,0.7297297297297297,0.9502262443438914
0.9302325581395349,0.9882022471910112,0.9948916018889806,0.9887640449438202,0.8,0.9513513513513514
0.9389312977099237,0.979591836734694,0.9940567678746508,0.9591836734693877,0.8787878787878788,0.9591836734693877
0.9496402877697842,0.9752100840336134,0.9960563328905153,0.9747899159663865,0.8,0.9707112970711297
0.9230769230769231,0.972,0.9921245264065854,0.96,0.8,0.9504950495049505
0.9603174603174603,0.9922525107604017,0.9962490135903495,0.9882352941176471,0.9024390243902439,0.9710982658959537
0.9299363057324841,0.9713261648745518,0.9933236247983656,0.9603174603174603,0.8064516129032258,0.9565217391304348
0.9659863945578231,0.9901093180635087,0.9973095393487759,0.9734513274336283,0.9411764705882353,0.9777777777777777
0.9538461538461539,0.9843333333333333,0.9957394557823129,0.96,0.9333333333333333,0.9696969696969697
0.9586206896551724,0.9899311075781664,0.997074630879398,0.963963963963964,0.9411764705882353,0.9727272727272728
0.9481481481481482,0.9794254658385093,0.9957728694404285,0.9732142857142857,0.8260869565217391,0.9688888888888889
0.9481481481481482,0.9789081885856079,0.993932405502474,0.9711538461538461,0.8709677419354839,0.9665071770334929
0.9565217391304348,0.9895749799518845,0.9968443368171502,0.9651162790697675,0.9310344827586207,0.9707602339181286
0.9103448275862069,0.9930434782608696,0.998350206224222,0.991304347826087,0.6,0.946058091286307
0.9663865546218487,0.996704021094265,0.9985195178606838,0.975609756097561,0.9459459459459459,0.975609756097561
0.9130434782608695,0.9725877192982455,0.9945998656261843,0.9824561403508771,0.5833333333333334,0.9491525423728814
0.8805970149253731,0.9616734143049933,0.9855154613510069,0.9578947368421052,0.6923076923076923,0.9191919191919192
0.940677966101695,0.9824938574938575,0.990648795301142,0.9594594594594594,0.9090909090909091,0.9530201342281879
0.9407407407407408,0.9772970085470086,0.9913933431780829,0.9791666666666666,0.8461538461538461,0.9591836734693877
0.9571428571428572,0.9795918367346937,0.9935960909217014,0.9619047619047619,0.9428571428571428,0.9711538461538461
0.9577464788732394,0.9906542056074766,0.9972973288434176,0.9813084112149533,0.8857142857142857,0.9722222222222222
0.9538461538461539,0.9786666666666667,0.9950097486989831,0.9809523809523809,0.84,0.9716981132075472
0.9552238805970149,0.9862198559348575,0.9959574537270803,0.9805825242718447,0.8709677419354839,0.9711538461538461
0.9375,0.9759417537195315,0.9946425272049702,0.9572649572649573,0.8518518518518519,0.9613733905579399
0.9328358208955224,0.987012987012987,0.9956823978515896,0.98989898989899,0.7714285714285715,0.9560975609756097
0.9831932773109243,0.9915433403805497,0.997152349311818,0.9767441860465116,1.0,0.9882352941176471
0.9078014184397163,0.9651219512195122,0.9863318220372803,0.97,0.7560975609756098,0.9371980676328503
0.9428571428571428,0.9669365721997302,0.9927090745927576,0.9824561403508771,0.7692307692307693,0.9655172413793104
0.9655172413793104,0.9939278937381404,0.9977867225721547,1.0,0.8709677419354839,0.9770114942528736
0.9361702127659575,0.9873170731707317,0.9952498571867023,0.99,0.8048780487804879,0.9565217391304348
0.9436619718309859,0.9806079664570231,0.9935736695528941,0.9811320754716981,0.8333333333333334,0.9629629629629629
0.9712230215827338,0.9965963240299524,0.9992356645322746,1.0,0.8461538461538461,0.9826086956521739
0.9751552795031055,0.9890070921985815,0.9985301145721954,0.9858156028368794,0.9,0.9858156028368794
0.9864864864864865,0.9981940144478842,0.9994925329853559,0.9824561403508771,1.0,0.9911504424778761
0.9506172839506173,0.9792929292929293,0.9952665213544319,0.9696969696969697,0.8666666666666667,0.9696969696969697
0.9758064516129032,0.9948979591836734,0.9987640872306665,0.9897959183673469,0.9230769230769231,0.9847715736040609
0.958904109589041,0.9882110226937812,0.9973152706184379,0.9829059829059829,0.8620689655172413,0.9745762711864406
0.9861111111111112,1.0,1.0,0.9819819819819819,1.0,0.990909090909091
0.9629629629629629,0.9903459372485921,0.9981962504522469,0.9734513274336283,0.9090909090909091,0.9777777777777777
0.9692307692307692,0.9911232502560601,0.9977010756363467,0.9801980198019802,0.9310344827586207,0.9801980198019802
0.9312977099236641,0.9813266443701226,0.9925602910105654,0.967391304347826,0.8461538461538461,0.9518716577540107
0.9784172661870504,0.9869723814486712,0.9955199429267771,0.9900990099009901,0.9473684210526315,0.9852216748768473
0.9280575539568345,0.9659498207885304,0.9903991673149328,0.9814814814814815,0.7419354838709677,0.954954954954955
0.9426229508196722,0.9840409515206263,0.9928311584018463,0.9876543209876543,0.8536585365853658,0.9580838323353293
0.9699248120300752,0.9919636617749826,0.9980931584705169,0.9622641509433962,1.0,0.9807692307692307
0.9354838709677419,0.9841008771929824,0.9915770996833942,0.9736842105263158,0.875,0.9487179487179487
0.986013986013986,0.9925465838509318,0.9983567271482369,0.9826086956521739,1.0,0.9912280701754386
0.9545454545454546,0.9777078415945449,0.9945234320740889,0.959349593495935,0.9354838709677419,0.9711934156378601
0.916030534351145,0.9835562987736901,0.9938652191552709,0.9891304347826086,0.7435897435897436,0.9430051813471503
0.9848484848484849,0.9977124183006536,0.9993703903579779,0.9803921568627451,1.0,0.9900990099009901
0.9264705882352942,0.9688779688779688,0.9885108811273621,0.9595959595959596,0.8378378378378378,0.95
0.927536231884058,0.9826839826839826,0.9950364259812745,0.9619047619047619,0.8181818181818182,0.9528301886792453
0.9343065693430657,0.9797297297297297,0.9926468298081244,0.97,0.8378378378378378,0.9556650246305419
0.9485294117647058,0.9830555555555556,0.9943438301348144,0.97,0.8888888888888888,0.9651741293532339
0.8947368421052632,0.9656862745098039,0.9827433434608436,0.9529411764705882,0.7916666666666666,0.9204545454545454
0.98,0.9976580796252927,0.9994657698352001,0.9918032786885246,0.9285714285714286,0.9877551020408163
0.9588235294117647,0.9887503056982148,0.9978090977989353,0.9787234042553191,0.8620689655172413,0.9752650176678446
0.9624060150375939,0.9747995418098511,0.9917992644040775,0.9690721649484536,0.9444444444444444,0.9740932642487047
0.9444444444444444,0.981389252948886,0.9941218001453729,0.981651376146789,0.8285714285714286,0.963963963963964
0.9661016949152542,0.9918427882832777,0.9973466520946261,0.9770114942528736,0.9354838709677419,0.9770114942528736
0.9931972789115646,0.9932098765432101,0.9987089201877933,0.9916666666666667,1.0,0.99581589958159
0.9436619718309859,0.9859627708269759,0.9965788180885404,0.9823008849557522,0.7931034482758621,0.9652173913043478
0.9586776859504132,0.9862258953168045,0.9948333895688113,0.9659090909090909,0.9393939393939394,0.9714285714285714
0.8978102189781022,0.9687194525904204,0.9867497600117243,0.9354838709677419,0.8181818181818182,0.925531914893617
0.9473684210526315,0.9848595848595848,0.9956832863808293,0.9829059829059829,0.8285714285714286,0.9663865546218487
0.9655172413793104,0.9956043956043956,0.9987973768488287,0.978021978021978,0.92,0.978021978021978
0.9230769230769231,0.9750078100593563,0.9925197561610823,0.9587628865979382,0.8181818181818182,0.9489795918367347
0.9236641221374046,0.9660066006600659,0.9903678711198427,0.9603960396039604,0.8,0.9509803921568627
0.944,0.9773404889683959,0.9912545417919025,0.9651162790697675,0.8974358974358975,0.9595375722543352
0.9637681159420289,0.9846938775510203,0.9946254820213193,0.9693877551020408,0.95,0.9743589743589743
0.8823529411764706,0.97119341563786,0.9895281481941123,0.9814814814814815,0.6444444444444445,0.9217391304347826
0.875,0.9588993382096831,0.9851928696918372,0.9655172413793104,0.6363636363636364,0.9180327868852459
0.9583333333333334,0.9847222222222222,0.9972005054094606,0.95,1.0,0.9743589743589743
0.9857142857142858,1.0,1.0,1.0,0.9310344827586207,0.9910714285714286
0.9642857142857143,0.9850361197110423,0.9948197086013899,0.9705882352941176,0.9473684210526315,0.9753694581280788
0.9611650485436893,0.9976700838769804,0.9991447143345877,0.9459459459459459,1.0,0.9722222222222222
0.9815950920245399,0.9912023460410557,0.9981311601436553,0.9772727272727273,1.0,0.9885057471264368
0.9347826086956522,0.9773755656108597,0.9928571604895284,0.9711538461538461,0.8235294117647058,0.957345971563981
0.9302325581395349,0.9799880525686978,0.9928162057978858,0.9247311827956989,0.9444444444444444,0.9502762430939227
0.9205298013245033,0.9516806722689076,0.987033595818872,0.9495798319327731,0.8125,0.9495798319327731
0.923728813559322,0.984593837535014,0.9940042669184653,0.9642857142857143,0.8235294117647058,0.9473684210526315
0.943089430894309,0.9729729729729729,0.9889464364664678,0.9651162790697675,0.8918918918918919,0.9595375722543352
0.9625,0.9868616232252596,0.9959452810627615,0.9669421487603306,0.9487179487179487,0.975
0.9694656488549618,0.9872650090964221,0.9961180654889104,0.9587628865979382,1.0,0.9789473684210527
0.9396551724137931,0.98110661268556,0.9912549142764094,0.9871794871794872,0.8421052631578947,0.9565217391304348
0.961038961038961,0.9863624442696041,0.9968150806904739,0.967479674796748,0.9354838709677419,0.9754098360655737
0.9548872180451128,0.9822896900695762,0.995241462339693,0.9607843137254902,0.9354838709677419,0.9702970297029703
0.9302325581395349,0.981733746130031,0.994093268886502,0.968421052631579,0.8235294117647058,0.9533678756476683
0.9652777777777778,0.9943028485757122,0.9986079328756675,0.9739130434782609,0.9310344827586207,0.9781659388646288
0.9251700680272109,0.9699879951980792,0.9930170653531363,0.9411764705882353,0.8571428571428571,0.9531914893617022
0.9386503067484663,0.9796992481203007,0.9957626400318513,0.9699248120300752,0.8,0.9626865671641791
0.9090909090909091,0.9423076923076923,0.9883722993856427,0.953125,0.6923076923076923,0.9457364341085271
0.9473684210526315,0.9869765066394279,0.9940608346250694,0.9887640449438202,0.8636363636363636,0.9617486338797814
0.96,0.9910049627791564,0.9981659080911067,0.9838709677419355,0.8461538461538461,0.976
0.9242424242424242,0.965625,0.9893856295118569,0.96,0.8125,0.9504950495049505
0.916083916083916,0.975,0.990974231660783,0.941747572815534,0.85,0.941747572815534
0.924812030075188,0.9860742705570292,0.9962721781112898,0.9807692307692307,0.7241379310344828,0.9532710280373832
0.9491525423728814,0.9888765294771968,0.996149766585694,1.0,0.8064516129032258,0.9666666666666667
0.9512195121951219,0.9793956043956044,0.9936674977438549,0.9340659340659341,1.0,0.9659090909090909
0.9452054794520548,0.9899018232819073,0.997368887022456,0.9826086956521739,0.8064516129032258,0.9658119658119658
0.9285714285714286,0.9715892275821248,0.9924245251392114,0.963302752293578,0.8064516129032258,0.9545454545454546
0.8962962962962963,0.9337568058076224,0.9884905165424299,0.9137931034482759,0.7894736842105263,0.9380530973451328
0.9463087248322147,0.9722550177095631,0.9941602719876703,0.9669421487603306,0.8571428571428571,0.9669421487603306
0.9253731343283582,0.9698857736240913,0.9925745578479109,0.9626168224299065,0.7777777777777778,0.9537037037037037
0.9801324503311258,0.9972347913524384,0.9991937424486689,0.9914529914529915,0.9411764705882353,0.9872340425531915
0.9568345323741008,0.9761403508771931,0.994977268460441,0.9649122807017544,0.92,0.9734513274336283
0.920863309352518,0.976682564917859,0.9920128775253667,0.9509803921568627,0.8378378378378378,0.9463414634146341
0.952054794520548,0.9891891891891892,0.9967548675276241,0.972972972972973,0.8857142857142857,0.968609865470852
0.9230769230769231,0.9768115942028985,0.9905936000337427,0.9710144927536232,0.8285714285714286,0.9436619718309859
0.9567901234567902,0.9862773722627737,0.9975421631600225,0.9781021897810219,0.84,0.9745454545454545
0.9380530973451328,0.9819819819819819,0.9905906084986036,0.9864864864864865,0.8461538461538461,0.954248366013072
0.9609375,0.9940476190476191,0.9969564547774473,0.9880952380952381,0.9090909090909091,0.9707602339181286
0.9565217391304348,0.9897497738920711,0.9972696721277383,0.9626168224299065,0.9354838709677419,0.9716981132075472
0.967741935483871,0.9898666666666667,0.997737001684447,0.96,1.0,0.9795918367346939
0.9433962264150944,0.982686567164179,0.9968942948587778,0.9776119402985075,0.76,0.966789667896679
0.9689922480620154,0.9873039581777445,0.9971527902232913,0.9805825242718447,0.9230769230769231,0.9805825242718447
0.924812030075188,0.9800759013282732,0.9941475047841587,0.9607843137254902,0.8064516129032258,0.9514563106796117
0.9285714285714286,0.9610042735042735,0.9867262154895456,0.9807692307692307,0.7777777777777778,0.9532710280373832
0.9530201342281879,0.9905149051490515,0.9966448413728238,0.9722222222222222,0.9024390243902439,0.967741935483871
0.9457364341085271,0.9848582474226805,0.9953851020561332,0.9690721649484536,0.875,0.9641025641025641
0.9124087591240876,0.9767567567567567,0.9918149046097593,0.98,0.7297297297297297,0.9423076923076923
0.993006993006993,1.0,0.9999999999999998,0.991304347826087,1.0,0.9956331877729258
0.9675324675324676,0.9923469387755103,0.9983922437377994,0.9761904761904762,0.9285714285714286,0.9800796812749004
0.9803921568627451,0.9917695473251029,0.9989549245023699,0.9777777777777777,1.0,0.9887640449438202
0.9536423841059603,0.9914809960681521,0.9967977776019723,0.9908256880733946,0.8571428571428571,0.968609865470852
0.9006622516556292,0.9689034369885432,0.9873788121843826,0.9711538461538461,0.7446808510638298,0.9308755760368663
0.9465648854961832,0.9836257309941521,0.99382454117524,0.9894736842105263,0.8333333333333334,0.9641025641025641
0.9159663865546218,0.9644396551724138,0.9876128844015684,0.9770114942528736,0.75,0.9444444444444444
0.9230769230769231,0.9697950377562028,0.9924636244135594,0.9611650485436893,0.7777777777777778,0.9519230769230769
0.9253731343283582,0.9721203228173148,0.9859883192655841,0.9770114942528736,0.8297872340425532,0.9444444444444444
0.920863309352518,0.9777015437392796,0.9937550754217732,0.9716981132075472,0.7575757575757576,0.9493087557603687
0.9420289855072463,0.9793952368209794,0.9927790990239675,0.9603960396039604,0.8918918918918919,0.9603960396039604
0.9545454545454546,0.9835380193362948,0.9931653118215115,0.9550561797752809,0.9534883720930233,0.9659090909090909
0.9455782312925171,0.9885260370697264,0.995417371514927,0.9805825242718447,0.8636363636363636,0.9619047619047619
0.9634146341463414,0.9895902547065337,0.9972920464857706,0.9844961240310077,0.8857142857142857,0.9769230769230769
0.9178082191780822,0.972885352195697,0.9934768270806336,0.9658119658119658,0.7241379310344828,0.9495798319327731
0.972972972972973,0.9895833333333334,0.9979995729673202,0.9838709677419355,0.9166666666666666,0.9838709677419355
0.9666666666666667,0.9930555555555556,0.9987147886560527,0.9761904761904762,0.9166666666666666,0.9800796812749004
0.9423076923076923,0.9713679745493108,0.9904239088023921,0.9391304347826087,0.9512195121951219,0.96
0.9615384615384616,0.9733727810650888,0.9939146799186944,0.9711538461538461,0.9230769230769231,0.9758454106280193
0.9545454545454546,0.9700176366843034,0.9921637020214491,0.9809523809523809,0.8518518518518519,0.9716981132075472
0.9349593495934959,0.9661654135338346,0.9901655990840947,0.9578947368421052,0.8571428571428571,0.9578947368421052
0.9538461538461539,0.9886642156862745,0.9961924233098632,0.9583333333333334,0.9411764705882353,0.968421052631579
0.9849624060150376,0.9978787878787879,0.9993457943925235,0.98,1.0,0.98989898989899
0.8869565217391304,0.9665071770334929,0.9852860463264236,0.961038961038961,0.7368421052631579,0.9192546583850931
0.9782608695652174,0.9982683982683982,0.9994608844537051,0.9904761904761905,0.9393939393939394,0.985781990521327
0.950920245398773,0.9760869565217392,0.9960842298617645,0.9571428571428572,0.9130434782608695,0.9710144927536232
0.920863309352518,0.9594594594594594,0.9903953277097141,0.954954954954955,0.7857142857142857,0.9506726457399103
0.951048951048951,0.9808743169398907,0.9967889079325732,0.9590163934426229,0.9047619047619048,0.970954356846473
0.9389312977099237,0.9655677655677656,0.9919865829278166,0.9619047619047619,0.8461538461538461,0.9619047619047619
0.9262295081967213,0.9819376026272577,0.9934500398125085,0.9655172413793104,0.8285714285714286,0.9491525423728814
0.9640287769784173,0.9950495049504952,0.9982035442439803,0.9702970297029703,0.9473684210526315,0.9751243781094527
0.9548872180451128,0.9824561403508771,0.9971484573530189,0.9824561403508771,0.7894736842105263,0.9739130434782609
0.936,0.978448275862069,0.9937261620893354,0.9583333333333334,0.8620689655172413,0.9583333333333334
0.9375,0.9761668321747765,0.9919736152116484,0.9716981132075472,0.8421052631578947,0.958139534883721
0.9433962264150944,0.9696470588235294,0.9918992624188125,0.976,0.8235294117647058,0.9644268774703557
0.9291338582677166,0.9754704301075269,0.9921357652882603,0.96875,0.8064516129032258,0.9538461538461539
0.917910447761194,0.9717948717948718,0.9925820147878323,0.9519230769230769,0.8,0.9473684210526315
0.92,0.9685294117647059,0.9855012370254788,0.9529411764705882,0.85,0.9418604651162791
0.9078014184397163,0.9640852974186308,0.9899016022163429,0.9537037037037037,0.7575757575757576,0.9406392694063926
0.9586206896551724,0.983370288248337,0.9969851056475101,0.967479674796748,0.9090909090909091,0.9754098360655737
0.9295774647887324,0.9711779448621555,0.993154961428139,0.9649122807017544,0.7857142857142857,0.9565217391304348
0.95,0.9891838741396264,0.9975395588962233,0.9734513274336283,0.8518518518518519,0.9691629955947136
0.9416666666666667,0.978454172366621,0.9922111742963856,0.9883720930232558,0.8235294117647058,0.96045197740113
0.975609756097561,0.9980842911877394,0.9992162334645199,0.9885057471264368,0.9444444444444444,0.9828571428571429
0.9612903225806452,0.9798807749627422,0.9947293467793578,0.9836065573770492,0.8787878787878788,0.975609756097561
0.9316770186335404,0.9854981084489282,0.9957116188508196,0.9754098360655737,0.7948717948717948,0.9558232931726908
0.9645390070921985,0.9892541087231351,0.9975365089521225,0.9734513274336283,0.9285714285714286,0.9777777777777777
0.9727891156462585,0.9875065070275898,0.9964097508269336,0.9823008849557522,0.9411764705882353,0.9823008849557522
0.8931297709923665,0.9641649763353618,0.9906576940957272,0.9607843137254902,0.6551724137931034,0.9333333333333333
0.9810126582278481,0.9955357142857142,0.9995795281582953,0.9791666666666666,1.0,0.9894736842105263
0.9428571428571428,0.9791666666666667,0.9941826060752674,0.9814814814814815,0.8125,0.9636363636363636
0.9790209790209791,0.9944186046511627,0.997857142857143,0.97,1.0,0.9847715736040609
0.9705882352941176,0.9806451612903225,0.9952380952380953,0.9619047619047619,1.0,0.9805825242718447
0.9172413793103448,0.969164118246687,0.9904819297727001,0.963302752293578,0.7777777777777778,0.9459459459459459
0.9825581395348837,0.99375,0.9986709732076671,0.9785714285714285,1.0,0.9891696750902527
0.9448275862068966,0.9786666666666667,0.9954382323727106,0.9666666666666667,0.84,0.9666666666666667
0.9644970414201184,0.9898749255509232,0.9984503966983802,0.9726027397260274,0.9130434782608695,0.9793103448275862
0.9869281045751634,1.0,1.0,0.9847328244274809,1.0,0.9923076923076923
0.9836065573770492,0.9916666666666667,0.9973856209150326,0.9777777777777777,1.0,0.9887640449438202
0.934640522875817,0.9772607086197779,0.9944580921538996,0.9672131147540983,0.8064516129032258,0.959349593495935
0.9323308270676691,0.9775757575757575,0.9929696524583046,0.95,0.8787878787878788,0.9547738693467337
0.9363057324840764,0.9836149513568869,0.9963404140793847,0.9682539682539683,0.8064516129032258,0.9606299212598425
0.9536423841059603,0.9796923076923076,0.9958155675879399,0.976,0.8461538461538461,0.9721115537848606
0.9618320610687023,0.9965986394557823,0.998915605846299,0.9897959183673469,0.8787878787878788,0.9748743718592965
0.9801324503311258,0.9949223416965353,0.9989462798474469,0.9758064516129032,1.0,0.9877551020408163
0.9827586206896551,0.9946172248803827,0.9992671888669943,0.9802631578947368,1.0,0.9900332225913622
0.930379746835443,0.981140350877193,0.994493432992445,0.975,0.7894736842105263,0.9551020408163265
0.9567901234567902,0.9944444444444445,0.9988004863431208,0.9924242424242424,0.8,0.9739776951672863
0.9358974358974359,0.9786509198273904,0.9934498081933695,0.9831932773109243,0.7837837837837838,0.9590163934426229
0.9266666666666666,0.9705165692007798,0.9910969267950143,0.9736842105263158,0.7777777777777778,0.9527896995708155
0.9357142857142857,0.9736608464042616,0.9929309493996483,0.9724770642201835,0.8064516129032258,0.9592760180995475
0.918918918918919,0.9739130434782609,0.9927914188018735,0.9652173913043478,0.7575757575757576,0.9487179487179487
0.910958904109589,0.9602564102564103,0.9919733491704499,0.925,0.8461538461538461,0.9446808510638298
0.9810126582278481,0.9950248756218906,0.999143789636172,0.9776119402985075,1.0,0.9886792452830189
0.965034965034965,0.9857142857142858,0.9968582326965385,0.9565217391304348,1.0,0.9777777777777777
0.9647887323943662,0.9907335907335907,0.99671398149571,0.9714285714285714,0.9459459459459459,0.9760765550239234
0.927536231884058,0.9734700030147724,0.9924779284395024,0.9626168224299065,0.8064516129032258,0.9537037037037037
0.9586206896551724,0.9901902497027347,0.9976488340112337,0.9827586206896551,0.8620689655172413,0.9743589743589743
0.9844961240310077,0.9925925925925926,0.997986207036132,0.9797979797979798,1.0,0.9897959183673469
0.965034965034965,0.9952852428099953,0.9983634727109075,0.9900990099009901,0.9047619047619048,0.975609756097561
0.95,0.9775641025641025,0.9925331818132728,0.9711538461538461,0.8888888888888888,0.9665071770334929
0.9463087248322147,0.9836317135549872,0.9956845131515237,0.9652173913043478,0.8823529411764706,0.9652173913043478
0.9402985074626866,0.9795454545454546,0.9957568544064785,0.9818181818181818,0.75,0.9642857142857143
0.9503105590062112,0.9839690436705362,0.9969811345797682,0.9701492537313433,0.8518518518518519,0.9701492537313433
0.9461538461538461,0.9792729591836735,0.9934609440969067,0.9489795918367347,0.9375,0.9637305699481865
0.925,0.9761273209549071,0.9927345390885625,0.967032967032967,0.7931034482758621,0.9513513513513514
0.961038961038961,0.9893375680580763,0.9965345088740022,0.9827586206896551,0.8947368421052632,0.9743589743589743
0.9307692307692308,0.9921536796536796,0.9965891849390964,0.9886363636363636,0.8095238095238095,0.9508196721311475
0.9487179487179487,0.9847253017984725,0.9962402021735792,0.967479674796748,0.8787878787878788,0.967479674796748
0.9440559440559441,0.9811209439528022,0.9955546580572545,0.9646017699115044,0.8666666666666667,0.9646017699115044
0.9866666666666667,0.9978922011442337,0.9995622263914948,0.983739837398374,1.0,0.9918032786885246
0.961038961038961,0.9941673957421988,0.9987463693215554,0.968503937007874,0.9259259259259259,0.9761904761904762
0.8970588235294118,0.9465033838221075,0.9862806620292623,0.9626168224299065,0.6551724137931034,0.9363636363636364
0.9440559440559441,0.9809437386569874,0.9954742763772737,0.9824561403508771,0.7931034482758621,0.9655172413793104
0.96875,0.9927536231884058,0.9971693719381239,1.0,0.8888888888888888,0.9787234042553191
0.9496402877697842,0.986111111111111,0.9966427795222996,0.9732142857142857,0.8518518518518519,0.9688888888888889
0.9140625,0.9664389664389664,0.9869627835931742,0.967032967032967,0.7837837837837838,0.9411764705882353
0.9624060150375939,0.9868804664723032,0.9952714828449607,0.9897959183673469,0.8857142857142857,0.9748743718592965
0.9090909090909091,0.9776553412917051,0.9932823504370762,0.9797979797979798,0.696969696969697,0.941747572815534
0.9655172413793104,0.9867514573396926,0.9960660500307691,0.972972972972973,0.9411764705882353,0.9773755656108597
0.9448275862068966,0.978021978021978,0.9951195952057624,0.9495798319327731,0.9230769230769231,0.9658119658119658
0.9705882352941176,0.9880184331797236,0.9966289739453305,0.9809523809523809,0.9354838709677419,0.9809523809523809
0.9375,0.9728260869565218,0.9895630897865542,0.9565217391304348,0.8888888888888888,0.9565217391304348
0.9455782312925171,0.9659016393442622,0.9931545873817789,0.9508196721311475,0.92,0.9666666666666667
0.952054794520548,0.9849232456140351,0.9958472856834095,0.9912280701754386,0.8125,0.9699570815450643
0.9747899159663865,0.985531914893617,0.9963517977110801,0.9893617021276596,0.92,0.9841269841269841
0.9465648854961832,0.9836116264687692,0.9944625953221173,0.9693877551020408,0.8787878787878788,0.9644670050761421
0.9225352112676056,0.9752450980392157,0.9916265784631799,0.9705882352941176,0.8,0.9473684210526315
0.9632352941176471,0.9920697858842189,0.9970291616460178,0.9896907216494846,0.8974358974358975,0.9746192893401016
0.967741935483871,0.9908200734394125,0.9965431748955983,0.9767441860465116,0.9473684210526315,0.9767441860465116
0.992,0.995475113122172,0.9985347985347985,0.989010989010989,1.0,0.994475138121547
0.9844961240310077,1.0,1.0,0.9813084112149533,1.0,0.9905660377358491
0.8992805755395683,0.9670981661272924,0.9890724025621499,0.9805825242718447,0.6666666666666666,0.9351851851851852
0.9455782312925171,0.9826086956521739,0.995485970157568,0.9652173913043478,0.875,0.9652173913043478
0.9691358024691358,0.9912208504801097,0.998345677977232,0.9777777777777777,0.9259259259259259,0.9814126394052045
0.9290780141843972,0.9719676549865229,0.9908931014872545,0.9622641509433962,0.8285714285714286,0.9532710280373832
0.9733333333333334,0.98336,0.9967146060293435,0.984,0.92,0.984
0.9411764705882353,0.9693333333333335,0.9958056236919094,0.9466666666666667,0.9,0.9659863945578231
0.9224137931034483,0.9848777348777349,0.9919773091582281,0.9864864864864865,0.8095238095238095,0.9419354838709677
0.9384615384615385,0.9728209934395501,0.9908426566394267,0.979381443298969,0.8181818181818182,0.9595959595959596
0.948905109489051,0.9801678108314263,0.9962765068028226,0.956140350877193,0.9130434782608695,0.9688888888888889
0.9606299212598425,0.9785185185185185,0.9943238753743588,0.99,0.8518518518518519,0.9753694581280788
0.9583333333333334,0.9933155080213903,0.9978730998593516,1.0,0.8235294117647058,0.9734513274336283
0.9649122807017544,0.992798353909465,0.9987405254698966,0.9861111111111112,0.8518518518518519,0.9793103448275862
0.9166666666666666,0.9798136645962733,0.9910407333997325,0.9795918367346939,0.782608695652174,0.9411764705882353
0.8974358974358975,0.969020652898068,0.9862157073111765,0.9746835443037974,0.7368421052631579,0.927710843373494
0.95,0.9760734185512946,0.9944526977220288,0.9557522123893806,0.9259259259259259,0.968609865470852
0.9851851851851852,1.0,1.0,0.9791666666666666,1.0,0.9894736842105263
0.9691358024691358,0.9939643347050754,0.99881964640449,0.9925925925925926,0.8518518518518519,0.9816849816849816
0.9465648854961832,0.9750631313131313,0.9924060615599836,0.9696969696969697,0.875,0.964824120603015
0.952,0.9748,0.9935991484369996,0.98,0.84,0.9702970297029703
0.9371069182389937,0.9716589861751153,0.9924984017398539,0.9838709677419355,0.7714285714285715,0.9606299212598425
0.9622641509433962,0.9886592741935484,0.9974560566167134,0.984375,0.8709677419354839,0.9767441860465116
0.9594594594594594,0.9923728813559323,0.998198318430535,0.9491525423728814,1.0,0.9739130434782609
0.95,0.9890240992603196,0.9973544398390837,0.984251968503937,0.8181818181818182,0.9689922480620154
0.9452054794520548,0.9709699453551912,0.9944603263693992,0.9672131147540983,0.8333333333333334,0.9672131147540983
0.9431818181818182,0.9708029197080292,0.9920704318298204,0.9708029197080292,0.8461538461538461,0.9637681159420289
0.9712643678160919,0.9903355704697987,0.9984105286782491,0.9798657718120806,0.92,0.9831649831649831
0.9583333333333334,0.9845679012345678,0.9951350530817387,0.9814814814814815,0.8888888888888888,0.9724770642201835
0.9552238805970149,0.9807256235827665,0.9938430777716494,0.9591836734693877,0.9444444444444444,0.9690721649484536
0.9814814814814815,0.9982002249718784,0.9995217497483866,0.9921259842519685,0.9428571428571428,0.9882352941176471
0.9361702127659575,0.9816513761467891,0.9948544720805919,0.9541284403669725,0.875,0.9585253456221198
0.9078947368421053,0.9738705738705739,0.9926167457642938,0.9829059829059829,0.6571428571428571,0.9426229508196722
0.953125,0.9795673076923077,0.9954801529715215,0.9807692307692307,0.8333333333333334,0.9714285714285714
0.9455782312925171,0.9846938775510204,0.9952815560167283,0.9642857142857143,0.8857142857142857,0.9642857142857143
0.968,0.9907773386034255,0.9967395943683562,0.9782608695652174,0.9393939393939394,0.9782608695652174
0.8898305084745762,0.9541504345220257,0.9742196037111073,0.9577464788732394,0.7872340425531915,0.912751677852349
0.9178082191780822,0.9707413835854203,0.9903740673694931,0.963302752293578,0.7837837837837838,0.9459459459459459
0.9154929577464789,0.963673350770125,0.9904839829994087,0.9459459459459459,0.8064516129032258,0.9459459459459459
0.9259259259259259,0.9708436724565757,0.991840783902756,0.9230769230769231,0.9354838709677419,0.9504950495049505
0.910958904109589,0.9625668449197862,0.9848055310279886,0.9509803921568627,0.8181818181818182,0.9371980676328503
0.9466666666666667,0.9808339808339808,0.9947619664463122,0.9658119658119658,0.8787878787878788,0.9658119658119658
0.9743589743589743,0.9931457431457431,0.9976326894394121,0.9880952380952381,0.9393939393939394,0.9822485207100592
0.9574468085106383,0.9909290819131391,0.9974377530737655,0.9813084112149533,0.8823529411764706,0.9722222222222222
0.9618320610687023,0.9910813823857302,0.996253771426487,0.9891304347826086,0.8974358974358975,0.9732620320855615
0.9224806201550387,0.9723404255319149,0.990302810301457,0.9574468085106383,0.8285714285714286,0.9473684210526315
0.9646017699115044,0.9893314366998578,0.9958032041827057,0.9736842105263158,0.9459459459459459,0.9736842105263158
0.9738562091503268,0.9902143522833178,0.9972309235496882,0.9655172413793104,1.0,0.9824561403508771
0.9457364341085271,0.9887242268041236,0.9964682337952817,0.9896907216494846,0.8125,0.964824120603015
0.9771428571428571,0.993006993006993,0.9985259189080846,0.972027972027972,1.0,0.9858156028368794
0.9318181818181818,0.9746031746031747,0.9937646691267098,0.9523809523809523,0.8518518518518519,0.9569377990430622
0.9185185185185185,0.9631578947368421,0.9847073636938464,0.968421052631579,0.8,0.9435897435897436
0.9703703703703703,0.9897119341563787,0.9976674715731955,0.9814814814814815,0.9259259259259259,0.9814814814814815
0.9328859060402684,0.9782818532818534,0.9930537916464666,0.9642857142857143,0.8378378378378378,0.9557522123893806
0.9924812030075187,0.9940711462450593,0.9989090909090909,0.990909090909091,1.0,0.9954337899543378
0.9403973509933775,0.9778461538461538,0.9954095324034669,0.976,0.7692307692307693,0.9644268774703557
0.9047619047619048,0.9686700767263425,0.9894920965028982,0.9565217391304348,0.7647058823529411,0.9361702127659575
0.9428571428571428,0.9817687074829933,0.9945557717578913,0.9428571428571428,0.9428571428571428,0.9611650485436893
0.9785714285714285,0.9975652173913043,0.9995010691375624,0.9739130434782609,1.0,0.986784140969163
0.9407894736842105,0.9764309764309765,0.9909143620627893,0.9722222222222222,0.8636363636363636,0.958904109589041
0.959349593495935,0.976304945054945,0.9926517424198839,0.967032967032967,0.9375,0.9723756906077348
0.9459459459459459,0.9757375241246209,0.9939564542135821,0.9829059829059829,0.8064516129032258,0.9663865546218487
0.9402985074626866,0.9777638584403382,0.993395636230386,0.9805825242718447,0.8064516129032258,0.9619047619047619
0.9673202614379085,0.99085516559565,0.9976732990879065,0.9747899159663865,0.9411764705882353,0.9789029535864979
0.9461538461538461,0.9657142857142857,0.9919982489754577,0.9714285714285714,0.84,0.966824644549763
0.9699248120300752,0.9929629629629628,0.9985294596121859,0.9814814814814815,0.92,0.9814814814814815
0.9661016949152542,0.988974113135187,0.9979807440488623,0.9731543624161074,0.9285714285714286,0.9797297297297297
0.9861111111111112,0.9988304093567252,0.9996962045293143,1.0,0.9333333333333333,0.991304347826087
0.912621359223301,0.9710144927536232,0.9881266242660934,0.9565217391304348,0.8235294117647058,0.9361702127659575
0.912,0.9666070363744782,0.9857974054704448,0.9651162790697675,0.7948717948717948,0.9378531073446328
0.9370629370629371,0.9849428868120457,0.9950878567049904,0.9719626168224299,0.8333333333333334,0.9585253456221198
0.9655172413793104,0.9946641556811049,0.9988639677488617,0.9576271186440678,1.0,0.9783549783549783
0.9007633587786259,0.9569811320754716,0.9902302899740602,0.9528301886792453,0.68,0.9395348837209302
0.9701492537313433,0.9914614121510673,0.9976495449313585,1.0,0.8620689655172413,0.9813084112149533
0.9166666666666666,0.9793103448275862,0.9950350532702908,0.9478260869565217,0.7931034482758621,0.9478260869565217
0.9545454545454546,0.9811126373626373,0.9950950541601368,0.9807692307692307,0.8571428571428571,0.9714285714285714
0.9733333333333334,0.9945784765519111,0.9986588428794397,0.9831932773109243,0.9354838709677419,0.9831932773109243
0.9916666666666667,0.9961180124223602,0.9989343563512362,0.9891304347826086,1.0,0.994535519125683
0.9868421052631579,0.9986979166666666,0.9996666666666667,0.9833333333333333,1.0,0.9915966386554622
0.9555555555555556,0.9749034749034748,0.9909387640722035,0.9591836734693877,0.9459459459459459,0.9690721649484536
0.9416058394160584,0.9822082679225536,0.9937591454962138,0.9591836734693877,0.8974358974358975,0.9591836734693877
0.889763779527559,0.946551724137931,0.97719603026105,0.9540229885057471,0.75,0.9222222222222223
0.9391304347826087,0.994,0.9969996874511642,0.9866666666666667,0.85,0.9548387096774194
0.9815950920245399,0.9892652671755725,0.997647181846701,0.9770992366412213,1.0,0.9884169884169884
0.9606299212598425,0.987231182795699,0.9964397866271735,0.96875,0.9354838709677419,0.9738219895287958
0.9758064516129032,0.9945652173913043,0.9980799151924926,0.9891304347826086,0.9375,0.9837837837837838
0.925,0.9862002567394095,0.9941381129778961,0.9878048780487805,0.7894736842105263,0.9473684210526315
0.9548872180451128,0.9849557522123895,0.9973076708633535,0.9823008849557522,0.8,0.9736842105263158
0.8931297709923665,0.9487179487179487,0.986673172188672,0.9230769230769231,0.7777777777777778,0.9320388349514563
0.9527027027027027,0.9870882740447958,0.9965012252360003,0.9565217391304348,0.9393939393939394,0.9691629955947136
0.9848484848484849,0.9875816993464052,0.9969210824825798,0.9803921568627451,1.0,0.9900990099009901
0.9178082191780822,0.9623693379790941,0.9859817706079487,0.9619047619047619,0.8048780487804879,0.9439252336448598
0.9594594594594594,0.9841056034482758,0.9957749113916585,0.9827586206896551,0.875,0.9743589743589743
0.96875,0.9871125043538836,0.9961935718551711,0.9797979797979798,0.9310344827586207,0.9797979797979798
0.9305555555555556,0.9783904619970194,0.9962062483878504,0.9344262295081968,0.9090909090909091,0.957983193277311
0.9540816326530612,0.9836309523809523,0.9972575582605768,0.9702380952380952,0.8571428571428571,0.9731343283582089
0.9545454545454546,0.984551724137931,0.9966055387731596,0.96,0.9310344827586207,0.97165991902834
0.9624060150375939,0.9806122448979592,0.9949408880436493,0.9714285714285714,0.9285714285714286,0.9760765550239234
0.9552238805970149,0.9858379228953579,0.9940518803503798,0.978494623655914,0.9024390243902439,0.9680851063829787
0.9319727891156463,0.976068376068376,0.994014794693833,0.9658119658119658,0.8,0.9576271186440678
0.9856115107913669,0.9964940668824164,0.9987677180322805,1.0,0.9444444444444444,0.9903846153846154
0.9411764705882353,0.9752342704149933,0.9904298303339952,0.963855421686747,0.8888888888888888,0.9580838323353293
0.9645390070921985,0.9923034634414514,0.9977647457018325,0.9906542056074766,0.8823529411764706,0.9769585253456221
0.9539473684210527,0.9848595848595849,0.9954793391736091,0.9572649572649573,0.9428571428571428,0.9696969696969697
0.9642857142857143,0.9859062602425435,0.9969276858086753,0.9557522123893806,1.0,0.9773755656108597
0.9863013698630136,0.993172268907563,0.998175355340739,0.9821428571428571,1.0,0.990990990990991
0.9611650485436893,0.9957983193277311,0.9979155245589231,1.0,0.8857142857142857,0.9714285714285714
0.9558823529411765,0.9835664335664336,0.9963942916950297,0.9636363636363636,0.9230769230769231,0.9724770642201835
0.9857142857142858,0.994619088077032,0.9983065328762883,1.0,0.9393939393939394,0.9907407407407407
0.9747899159663865,0.9913857677902622,0.9972223144319985,0.9887640449438202,0.9333333333333333,0.9832402234636871
0.920863309352518,0.984102564102564,0.9945397255636673,0.97,0.7948717948717948,0.9463414634146341
0.9552238805970149,0.9780303030303031,0.9952422177560935,0.9636363636363636,0.9166666666666666,0.9724770642201835
0.9117647058823529,0.9578616352201258,0.9883236816133222,0.9622641509433962,0.7333333333333333,0.9444444444444444
0.9645390070921985,0.9866220735785953,0.9971032745008463,0.9739130434782609,0.9230769230769231,0.9781659388646288
0.9212598425196851,0.9694749694749696,0.9888673045379891,0.9340659340659341,0.8888888888888888,0.9444444444444444
0.9338235294117647,0.9748630357718336,0.9933836705271326,0.9532710280373832,0.8620689655172413,0.9577464788732394
0.95,0.9901477832512315,0.9970108994506236,0.978021978021978,0.8620689655172413,0.967391304347826
0.9461538461538461,0.9936974789915967,0.9983506461225921,0.9901960784313726,0.7857142857142857,0.9665071770334929
0.9463087248322147,0.9858323494687131,0.9968906217437945,0.9669421487603306,0.8571428571428571,0.9669421487603306
0.958904109589041,0.9871162280701755,0.9964722807181269,0.9649122807017544,0.9375,0.9734513274336283
0.9624060150375939,0.9927272727272727,0.9977559081885181,0.99,0.8787878787878788,0.9753694581280788
0.8759124087591241,0.9505952380952382,0.9855815475374469,0.8952380952380953,0.8125,0.9170731707317074
0.9745222929936306,0.9974937343358395,0.9995510915969958,0.9849624060150376,0.9166666666666666,0.9849624060150376
0.9555555555555556,0.9859396433470506,0.996465520484884,0.9629629629629629,0.9259259259259259,0.9719626168224299
0.9481481481481482,0.9883540372670808,0.9977657004830918,0.9375,1.0,0.967741935483871
0.9606299212598425,0.9831615120274914,0.9950951470805642,0.9690721649484536,0.9333333333333333,0.9740932642487047
0.9824561403508771,0.9975659229208924,0.9991822773734239,1.0,0.9310344827586207,0.9883720930232558
0.9365079365079365,0.980263157894737,0.991794129674094,0.9545454545454546,0.8947368421052632,0.9545454545454546
0.9416058394160584,0.9854054054054053,0.9950138133111557,0.96,0.8918918918918919,0.96
0.9296875,0.9831029185867897,0.9939779353875491,0.989247311827957,0.7714285714285715,0.9533678756476683
0.9481481481481482,0.9705714285714286,0.9906618442828867,0.97,0.8857142857142857,0.9651741293532339
0.8854961832061069,0.9636143117040631,0.9885579715059405,0.9484536082474226,0.7058823529411765,0.9246231155778895
0.9615384615384616,0.9907818368043702,0.997481877006904,0.9900990099009901,0.8620689655172413,0.975609756097561
0.9172932330827067,0.9750795334040296,0.9910127770729349,0.967391304347826,0.8048780487804879,0.9417989417989417
0.9387755102040817,0.9866497139224413,0.997264007510096,0.9917355371900827,0.6923076923076923,0.963855421686747
0.9338842975206612,0.978494623655914,0.9927804330695171,0.9777777777777777,0.8064516129032258,0.9565217391304348
0.9603174603174603,0.9912023460410557,0.9971742029126172,0.967741935483871,0.9393939393939394,0.972972972972973
0.9530201342281879,0.9900255754475703,0.9971362880642853,0.9739130434782609,0.8823529411764706,0.9696969696969697
0.9767441860465116,0.989247311827957,0.9965126416739319,0.967741935483871,1.0,0.9836065573770492
0.9122807017543859,0.9688888888888889,0.9843051517035536,0.92,0.8974358974358975,0.9324324324324325
0.927007299270073,0.9705710955710956,0.9911478838670026,0.9807692307692307,0.7575757575757576,0.9532710280373832
0.9444444444444444,0.9817091454272864,0.9956988347842113,0.9652173913043478,0.8620689655172413,0.9652173913043478
0.9191176470588235,0.9797235023041474,0.9945182527473595,0.9714285714285714,0.7419354838709677,0.9488372093023256
0.9918032786885246,1.0,0.9999999999999999,0.99,1.0,0.9949748743718593
0.9477124183006536,0.9878615702479339,0.9968502629535048,0.9834710743801653,0.8125,0.967479674796748
0.9662162162162162,0.9857707509881423,0.9958521500346272,0.991304347826087,0.8787878787878788,0.9785407725321889
0.920863309352518,0.9767025089605734,0.9936734753773327,0.9722222222222222,0.7419354838709677,0.9502262443438914
0.9655172413793104,0.9884066587395958,0.9972890791507315,0.9913793103448276,0.8620689655172413,0.9787234042553191
0.9666666666666667,0.9834155087404751,0.9960422885435511,0.979381443298969,0.9130434782608695,0.979381443298969
0.9354838709677419,0.9759229534510433,0.991763028388996,0.9775280898876404,0.8285714285714286,0.9560439560439561
0.9186991869918699,0.9729015201586252,0.990517887123854,0.9325842696629213,0.8823529411764706,0.9431818181818182
0.9465648854961832,0.9860646599777034,0.9947293150988273,0.967391304347826,0.8974358974358975,0.9621621621621622
0.9621212121212122,0.9891956782713086,0.996239852814188,0.9897959183673469,0.8823529411764706,0.9748743718592965
0.9214285714285714,0.9690909090909091,0.9917159191783357,0.9363636363636364,0.8666666666666667,0.9493087557603687
0.9251700680272109,0.9906318082788671,0.996132881322018,0.9901960784313726,0.7777777777777778,0.9483568075117371
0.9363057324840764,0.9668642241379309,0.9925776869686668,0.96875,0.7931034482758621,0.9612403100775194
0.9396551724137931,0.9780941949616648,0.9919905617765478,0.963855421686747,0.8787878787878788,0.9580838323353293
0.9710144927536232,0.9943985849056604,0.9984353695298116,0.9811320754716981,0.9375,0.9811320754716981
0.9455782312925171,0.9830246913580248,0.9964030408525104,0.95,0.9259259259259259,0.9661016949152542
0.987012987012987,0.9933793103448275,0.9986237762237764,0.984,1.0,0.9919354838709677
0.9847328244274809,0.996082621082621,0.9990802675585285,0.9807692307692307,1.0,0.9902912621359223
0.9354838709677419,0.983350676378772,0.994535916778458,0.978494623655914,0.8064516129032258,0.9578947368421052
0.8897058823529411,0.9604621309370988,0.9844347647714237,0.9473684210526315,0.7560975609756098,0.9230769230769231
0.9435483870967742,0.9915329768270945,0.9982950793205867,0.9901960784313726,0.7272727272727273,0.9665071770334929
0.9527027027027027,0.9829721362229101,0.9952629685125334,0.9912280701754386,0.8235294117647058,0.9699570815450643
0.9463087248322147,0.9743589743589743,0.9947511613377854,0.9512195121951219,0.9230769230769231,0.9669421487603306
0.9455782312925171,0.9744565217391304,0.993250830393989,0.9652173913043478,0.875,0.9652173913043478
0.971830985915493,0.9929193899782135,0.997988112976461,0.9814814814814815,0.9411764705882353,0.9814814814814815
0.9701492537313433,0.9916666666666666,0.9978764133593679,0.9615384615384616,1.0,0.9803921568627451
0.9259259259259259,0.9775025278058646,0.9911123997145495,0.9565217391304348,0.8604651162790697,0.946236559139785
0.9404761904761905,0.9737373737373738,0.9938322137911051,0.9555555555555556,0.8787878787878788,0.9626865671641791
0.9435483870967742,0.9767695099818511,0.9931742106594725,0.968421052631579,0.8620689655172413,0.9633507853403142
0.9637681159420289,0.9979979979979979,0.9995379995379996,0.954954954954955,1.0,0.9769585253456221
0.9384615384615385,0.9875792811839323,0.9943818910483337,0.9767441860465116,0.8636363636363636,0.9545454545454546
0.9705882352941176,0.994059405940594,0.9980392844325261,0.9801980198019802,0.9428571428571428,0.9801980198019802
0.9803921568627451,0.9978632478632479,0.9993894993894995,0.9743589743589743,1.0,0.987012987012987
0.9328358208955224,0.9801980198019801,0.9937627369495936,0.9702970297029703,0.8181818181818182,0.9560975609756097
0.9515151515151515,0.9856621480709072,0.9971170605140129,0.9562043795620438,0.9285714285714286,0.9703703703703703
0.9078947368421053,0.9813226605679436,0.9909241060681906,0.9797979797979798,0.7735849056603774,0.9326923076923077
0.9333333333333333,0.9775353016688061,0.9913563241651,0.975609756097561,0.8421052631578947,0.9523809523809523
0.9194630872483222,0.9503205128205128,0.9864782646252275,0.9658119658119658,0.75,0.9495798319327731
0.972972972972973,0.9902874902874903,0.9967559073336739,0.9871794871794872,0.9393939393939394,0.9808917197452229
0.925,0.9791598827743405,0.9918985869252461,0.9397590361445783,0.8918918918918919,0.9454545454545454
0.9307692307692308,0.9836956521739131,0.9938141807812153,0.9456521739130435,0.8947368421052632,0.9508196721311475
0.9342105263157895,0.96171875,0.9900346023344462,0.95,0.875,0.957983193277311
0.9923076923076923,0.998561668464581,0.9996370565284456,0.9902912621359223,1.0,0.9951219512195122
0.9354838709677419,0.9843749999999999,0.9968024090479272,0.984375,0.7037037037037037,0.9618320610687023
0.9440993788819876,0.9694302918017601,0.9921006487074371,0.9606299212598425,0.8823529411764706,0.9644268774703557
0.9459459459459459,0.9940159574468085,0.9958597109412326,1.0,0.8723404255319149,0.9552238805970149
0.9416666666666667,0.9761344537815126,0.9909483522035921,0.9882352941176471,0.8285714285714286,0.96
0.9420289855072463,0.9770877298763944,0.9936755677810875,0.9626168224299065,0.8709677419354839,0.9626168224299065
0.8970588235294118,0.9612446958981612,0.9870850276280034,0.9405940594059405,0.7714285714285715,0.9313725490196079
0.9214285714285714,0.9726684248381683,0.9883875506548019,0.9484536082474226,0.8604651162790697,0.9435897435897436
0.920863309352518,0.9663887441375716,0.9889511308403715,0.9504950495049505,0.8421052631578947,0.9458128078817734
0.9615384615384616,0.9834838709677419,0.9960180876050446,0.968,0.9354838709677419,0.9758064516129032
0.9576271186440678,0.9945799457994579,0.9978033631267988,0.9390243902439024,1.0,0.9685534591194969
0.9461077844311377,0.9906160750713994,0.997318649329997,0.9922480620155039,0.7894736842105263,0.9660377358490566
0.9202898550724637,0.9628537735849056,0.9901452291424194,0.9339622641509434,0.875,0.9473684210526315
0.9701492537313433,0.9858784893267651,0.9965805174528828,0.9619047619047619,1.0,0.9805825242718447
0.9534883720930233,0.9809559372666169,0.9956438666739802,0.941747572815534,1.0,0.97
0.9457831325301205,0.9759316770186336,0.9952008407478962,0.9782608695652174,0.7857142857142857,0.967741935483871
0.9098360655737705,0.9823170731707317,0.9919254836651329,0.9634146341463414,0.8,0.9349112426035503
0.9548872180451128,0.9720116618075801,0.9907419515501653,0.9591836734693877,0.9428571428571428,0.9690721649484536
0.9496402877697842,0.9755469755469754,0.9938992152287194,0.954954954954955,0.9285714285714286,0.9680365296803652
0.9854014598540146,0.9947575360419397,0.9988256880733946,0.981651376146789,1.0,0.9907407407407407
0.9728260869565217,0.9876470588235293,0.997323340230633,0.9933333333333333,0.8823529411764706,0.9834983498349835
0.9315068493150684,0.9839098954143203,0.9954865016563716,0.9646017699115044,0.8181818181818182,0.956140350877193
0.9625,0.9816207184628237,0.9963124624392913,0.9849624060150376,0.8518518518518519,0.9776119402985075
0.953125,0.9871428571428572,0.996440296857536,1.0,0.7857142857142857,0.970873786407767
0.9411764705882353,0.9913793103448276,0.9969427330603036,0.9885057471264368,0.8125,0.9608938547486033
0.9861111111111112,0.9893048128342246,0.9972027972027971,0.9818181818181818,1.0,0.9908256880733946
0.953125,0.9921197793538218,0.9957977241743474,0.9506172839506173,0.9574468085106383,0.9625
0.9419354838709677,0.9720026350461133,0.99515931051869,0.9621212121212122,0.8260869565217391,0.9657794676806084
0.9507042253521126,0.9795197740112994,0.995919408379341,0.9745762711864406,0.8333333333333334,0.9704641350210971
0.927536231884058,0.9746759119686463,0.9930601026535384,0.9626168224299065,0.8064516129032258,0.9537037037037037
0.9526627218934911,0.9813218390804598,0.996933978155447,0.9862068965517241,0.75,0.9727891156462585
0.9817073170731707,0.9922885572139304,0.9982851144042643,0.9925373134328358,0.9333333333333333,0.9888475836431226
0.9029850746268657,0.9688235294117646,0.9899130691671723,0.97,0.7058823529411765,0.9371980676328503
0.9558823529411765,0.9788172992056487,0.9937242289114732,0.9805825242718447,0.8787878787878788,0.9711538461538461
0.993103448275862,0.9968,0.9995187969924813,0.992,1.0,0.9959839357429718
0.9873417721518988,0.9971537001897532,0.9992555831265509,0.9838709677419355,1.0,0.991869918699187
0.9391891891891891,0.9858757062146891,0.9966772692065434,0.9745762711864406,0.8,0.9623430962343096
0.9758064516129032,0.9935461956521738,0.9976989378294181,0.9891304347826086,0.9375,0.9837837837837838
0.924812030075188,0.9777851458885942,0.9941973826780843,0.9423076923076923,0.8620689655172413,0.9514563106796117
0.9591836734693877,0.9877377377377378,0.9963825269635668,0.963963963963964,0.9444444444444444,0.9727272727272728
0.9637681159420289,0.991991991991992,0.9981364954505293,0.972972972972973,0.9259259259259259,0.9773755656108597
0.9669421487603306,0.9858815426997245,0.9945230591734256,1.0,0.8787878787878788,0.9777777777777777
0.958041958041958,0.9876033057851239,0.996377685040359,0.9818181818181818,0.8787878787878788,0.972972972972973
0.926829268292683,0.9689298043728424,0.9855178702184633,0.9620253164556962,0.8636363636363636,0.9440993788819876
0.9745222929936306,0.9859913793103448,0.9971535852713178,0.96875,1.0,0.9841269841269841
0.9722222222222222,0.9990384615384615,0.9996438746438747,1.0,0.9,0.9811320754716981
0.9507042253521126,0.989059829059829,0.9977074677136575,0.9743589743589743,0.84,0.9702127659574468
0.9635036496350365,0.993886230728336,0.9980957112104651,0.98989898989899,0.8947368421052632,0.9751243781094527
0.9142857142857143,0.9842599644579844,0.9942275138086809,0.9801980198019802,0.7435897435897436,0.9428571428571428
0.9640287769784173,0.9813384813384813,0.9954072350325919,0.990990990990991,0.8571428571428571,0.9777777777777777
0.9530201342281879,0.9884302689180738,0.9976541530555543,0.959349593495935,0.9230769230769231,0.9711934156378601
0.9404761904761905,0.9871323529411765,0.9971831669819664,0.9705882352941176,0.8125,0.9635036496350365
0.954248366013072,0.990702479338843,0.9977461601830035,0.9752066115702479,0.875,0.9711934156378601
0.9847328244274809,0.9987631416202845,0.9995897753040611,1.0,0.9393939393939394,0.98989898989899
0.9558823529411765,0.9819819819819819,0.9961553772357836,0.9819819819819819,0.84,0.9732142857142857
0.9477611940298507,0.9837313949463482,0.9960875366936103,0.9906542056074766,0.7777777777777778,0.9680365296803652
0.967948717948718,0.9959804766006316,0.9992073994081692,0.9922480620155039,0.8518518518518519,0.9808429118773946
0.9401709401709402,0.9786008230452675,0.993595064237203,0.9666666666666667,0.8518518518518519,0.9613259668508287
0.9716312056737588,0.9935465768799102,0.9982266996583009,0.9629629629629629,1.0,0.9811320754716981
0.9797297297297297,0.9946902654867258,0.9983164462322421,0.9911504424778761,0.9428571428571428,0.986784140969163
0.900709219858156,0.9690243902439024,0.9886057231620058,0.96,0.7560975609756098,0.9320388349514563
0.9795918367346939,0.9948402948402948,0.9983066677832748,0.990909090909091,0.9459459459459459,0.9864253393665159
0.9285714285714286,0.9756944444444444,0.9919149045160521,0.9807692307692307,0.7777777777777778,0.9532710280373832
0.9285714285714286,0.9745262503883194,0.9935345336466925,0.9459459459459459,0.8620689655172413,0.9545454545454546
0.9316770186335404,0.9805871212121212,0.9952886497783868,0.9609375,0.8181818181818182,0.9571984435797666
0.9863945578231292,0.9963636363636363,0.9994074074074074,0.984,1.0,0.9919354838709677
0.9640287769784173,0.9941089837997055,0.9974463286615909,0.9896907216494846,0.9047619047619048,0.9746192893401016
0.9624060150375939,0.9842543077837196,0.9950772843316017,0.98989898989899,0.8823529411764706,0.9751243781094527
0.9726027397260274,0.9935897435897436,0.9978290539588616,0.9807692307692307,0.9523809523809523,0.9807692307692307
0.9115646258503401,0.9715099715099715,0.993187338806673,0.9743589743589743,0.6666666666666666,0.946058091286307
0.9333333333333333,0.988085988085988,0.9969411354857176,0.9829059829059829,0.7575757575757576,0.9583333333333334
0.9565217391304348,0.9861471861471862,0.9957554608612426,0.9619047619047619,0.9393939393939394,0.9711538461538461
0.9617834394904459,0.9800646551724137,0.9960218253968254,0.96875,0.9310344827586207,0.9763779527559056
0.9181818181818182,0.9722222222222222,0.9872102199950027,0.9864864864864865,0.7777777777777778,0.9419354838709677
0.9464285714285714,0.9764664559185107,0.9889287989114873,0.9726027397260274,0.8974358974358975,0.9594594594594594
0.9863013698630136,0.9987179487179487,0.9997256469313102,1.0,0.9230769230769231,0.9917355371900827
0.9305555555555556,0.9824769121477622,0.9934087452784106,0.9805825242718447,0.8048780487804879,0.9528301886792453
0.8650793650793651,0.9532182103610676,0.9840685595750835,0.945054945054945,0.6571428571428571,0.91005291005291
0.9675324675324676,0.987820512820513,0.9977119302145396,0.9769230769230769,0.9166666666666666,0.9806949806949807
0.9402985074626866,0.9816337719298246,0.9933920582233954,0.9791666666666666,0.8421052631578947,0.9591836734693877
0.9849624060150376,0.9928571428571429,0.9980570445631401,1.0,0.9285714285714286,0.9905660377358491
0.8444444444444444,0.9471688574317492,0.9782585224396034,0.9456521739130435,0.627906976744186,0.8923076923076924
0.9710144927536232,0.9906542056074767,0.9974459500442117,0.9813084112149533,0.9354838709677419,0.9813084112149533
0.9517241379310345,0.9686386315039202,0.9945098459115869,0.9590163934426229,0.9130434782608695,0.970954356846473
0.90625,0.9617559028932491,0.9881307589922259,0.9381443298969072,0.8064516129032258,0.9381443298969072
0.9588235294117647,0.9856639839034205,0.9973154681979639,0.9507042253521126,1.0,0.9747292418772563
0.9485294117647058,0.9827027027027027,0.9962133963161598,0.954954954954955,0.92,0.9680365296803652
0.9615384615384616,0.9846335697399526,0.9946340167349644,0.9680851063829787,0.9444444444444444,0.9732620320855615
0.9545454545454546,0.9829365079365079,0.9960075856244834,0.9571428571428572,0.9444444444444444,0.9710144927536232
0.9534883720930233,0.984015984015984,0.9900603347433623,0.974025974025974,0.9230769230769231,0.9615384615384616
0.952,0.9841269841269842,0.9958565807429562,0.9795918367346939,0.8518518518518519,0.9696969696969697
0.9455782312925171,0.9751607247223846,0.9940035526504758,0.9491525423728814,0.9310344827586207,0.9655172413793104
0.9241379310344827,0.9699418228829993,0.9936841064937321,0.957983193277311,0.7692307692307693,0.9539748953974896
0.9328358208955224,0.9671201814058956,0.9881508210259635,0.9489795918367347,0.8888888888888888,0.9538461538461539
0.9605263157894737,0.9899074852817494,0.9977920086574101,0.967479674796748,0.9310344827586207,0.9754098360655737
0.96875,0.9854202401372213,0.9969808968208269,0.9811320754716981,0.9090909090909091,0.9811320754716981
0.9795918367346939,0.9901315789473684,0.9986607142857142,0.9765625,1.0,0.9881422924901185
0.9477611940298507,0.9836182336182336,0.9961408433292274,0.9722222222222222,0.8461538461538461,0.967741935483871
0.9424460431654677,0.9901123595505618,0.9946759580654274,1.0,0.84,0.956989247311828
0.9681528662420382,0.9854545454545455,0.9974747474747475,0.9621212121212122,1.0,0.9806949806949807
0.9212598425196851,0.9763157894736842,0.9925027750773082,0.9368421052631579,0.875,0.9468085106382979
0.9415584415584416,0.9842278719397364,0.9955826864496271,0.9745762711864406,0.8333333333333334,0.9623430962343096
0.950354609929078,0.9814814814814815,0.9947375716048639,0.9722222222222222,0.8787878787878788,0.967741935483871
0.9154929577464789,0.9554256485202777,0.9916447638566306,0.9663865546218487,0.6521739130434783,0.9504132231404959
0.9722222222222222,0.9837483617300131,0.9948430871370835,0.981651376146789,0.9428571428571428,0.981651376146789
0.9615384615384616,0.9897186147186148,0.9949983621215542,0.9659090909090909,0.9523809523809523,0.9714285714285714
0.9722222222222222,0.9879032258064515,0.998052657123554,0.9838709677419355,0.9,0.9838709677419355
0.9296875,0.9726303658887929,0.9890100562783914,0.9213483146067416,0.9487179487179487,0.9479768786127167
0.972972972972973,0.9910011248593926,0.9985961979586067,0.984251968503937,0.9047619047619048,0.984251968503937
0.958904109589041,0.9804375804375806,0.9943493453516956,0.963963963963964,0.9428571428571428,0.9727272727272728
0.9534883720930233,0.981118373275236,0.9954225521883734,0.9803921568627451,0.8518518518518519,0.970873786407767
0.9701492537313433,0.9833700171191,0.9925129072720924,0.9770114942528736,0.9574468085106383,0.9770114942528736
0.92,0.9633736559139785,0.9878983736761636,0.9354838709677419,0.875,0.9456521739130435
0.9789473684210527,0.997589199614272,0.9986775284765768,1.0,0.9411764705882353,0.9838709677419355
0.9625,0.9871264367816092,0.998692862556839,0.9724137931034482,0.8666666666666667,0.9791666666666666
0.9180327868852459,0.9622093023255814,0.9856895192490706,0.9534883720930233,0.8333333333333334,0.9425287356321839
0.967741935483871,0.9851778656126481,0.9973535137679094,0.9924242424242424,0.8260869565217391,0.9812734082397003
0.9530201342281879,0.9899645808736718,0.9977381951930264,0.9586776859504132,0.9285714285714286,0.9707112970711297
0.9130434782608695,0.9666289592760182,0.9902707330149966,0.9423076923076923,0.8235294117647058,0.9423076923076923
0.9379310344827586,0.9722222222222222,0.9936791013980674,0.9572649572649573,0.8571428571428571,0.9613733905579399
0.958041958041958,0.9925423728813559,0.9984904268648205,0.9830508474576272,0.84,0.9747899159663865
0.9487179487179487,0.9695060483870968,0.9922276356067407,0.9838709677419355,0.8125,0.9682539682539683
0.904,0.9519489247311829,0.9840678556056428,0.956989247311828,0.75,0.9368421052631579
0.9473684210526315,0.9775533108866442,0.9914481167855674,0.9506172839506173,0.9393939393939394,0.9625
0.9583333333333334,0.9800171281758493,0.9946802128517426,0.9823008849557522,0.8709677419354839,0.9736842105263158
0.9548872180451128,0.9912536443148688,0.9970060339367272,0.9795918367346939,0.8857142857142857,0.9696969696969697
0.9481481481481482,0.9677142857142856,0.9901693574443236,0.95,0.9428571428571428,0.9644670050761421
0.9384615384615385,1.0,1.0,1.0,0.7777777777777778,0.9591836734693877
0.9632352941176471,0.9825456498388829,0.9936856668613527,0.9693877551020408,0.9473684210526315,0.9743589743589743
0.95,0.9824561403508772,0.9936788008773118,0.9901960784313726,0.8421052631578947,0.9665071770334929
0.9503105590062112,0.9779806659505907,0.9955268769198782,0.9849624060150376,0.7857142857142857,0.9703703703703703
0.9076923076923077,0.9712595097210481,0.9884055005235463,0.9560439560439561,0.7948717948717948,0.9354838709677419
0.9398496240601504,0.9897854954034729,0.995132660776398,0.9775280898876404,0.8636363636363636,0.9560439560439561
0.9770992366412213,0.9887445887445887,0.9978420791516077,0.990909090909091,0.9047619047619048,0.9864253393665159
0.9666666666666667,0.98989898989899,0.9987012987012986,0.9621212121212122,1.0,0.9806949806949807
0.943089430894309,0.9808049535603715,0.99218214196416,0.9647058823529412,0.8947368421052632,0.9590643274853801
0.9609375,0.9813084112149533,0.9963919959691011,0.9719626168224299,0.9047619047619048,0.9765258215962441
0.8991596638655462,0.9665327978580991,0.9861683342001121,0.9759036144578314,0.7222222222222222,0.9310344827586207
0.9375,0.974481658692185,0.9921665323040578,0.9789473684210527,0.8181818181818182,0.9587628865979382
0.9552238805970149,0.9868233618233618,0.9970802821559667,0.9814814814814815,0.8461538461538461,0.9724770642201835
0.9440559440559441,0.9689349112426034,0.9894480535463088,0.9615384615384616,0.8974358974358975,0.9615384615384616
0.9291338582677166,0.9714381720430108,0.9914445784682155,0.96875,0.8064516129032258,0.9538461538461539
0.9271523178807947,0.978494623655914,0.9946456518547481,0.975,0.7419354838709677,0.9551020408163265
0.951048951048951,0.9858407079646018,0.9965510379555348,0.9557522123893806,0.9333333333333333,0.968609865470852
0.9731543624161074,0.9918154761904762,0.9987289895935492,0.96875,1.0,0.9841269841269841
0.9487179487179487,0.9766283524904213,0.9924540818884036,0.9540229885057471,0.9333333333333333,0.9651162790697675
0.9743589743589743,0.9940035273368607,0.9991098373505782,0.9851851851851852,0.9047619047619048,0.9851851851851852
0.9788732394366197,0.9937888198757764,0.9988664044496548,0.9915966386554622,0.9130434782608695,0.9874476987447699
0.9339622641509434,0.9699275362318841,0.9807735802333865,0.95,0.9130434782608695,0.9421487603305785
0.944,0.9828414550446123,0.9944140046437016,0.9680851063829787,0.8709677419354839,0.9629629629629629
0.9302325581395349,0.9827134625458356,0.9910653282642292,0.963855421686747,0.8695652173913043,0.9467455621301775
0.968503937007874,0.9910152740341419,0.9982648544518837,0.9811320754716981,0.9047619047619048,0.9811320754716981
0.9393939393939394,0.9828571428571429,0.9955433980735516,0.9692307692307692,0.8285714285714286,0.9618320610687023
0.971830985915493,0.9945071711931646,0.9986145208953926,1.0,0.8620689655172413,0.9826086956521739
0.9787234042553191,0.9927099044746104,0.997440102254494,0.9901960784313726,0.9487179487179487,0.9853658536585366
0.9487179487179487,0.9723772321428571,0.9940725343288721,0.96875,0.8571428571428571,0.96875
0.9383561643835616,0.9751461988304093,0.9919812191179775,0.9537037037037037,0.8947368421052632,0.958139534883721
0.9609375,0.9885714285714285,0.9970521353732535,0.97,0.9285714285714286,0.9748743718592965
0.972972972972973,0.9906779661016949,0.9975669316488083,0.9830508474576272,0.9333333333333333,0.9830508474576272
0.9548387096774194,0.9878607420980302,0.9965439887324421,0.9745762711864406,0.8918918918918919,0.9704641350210971
0.9444444444444444,0.9867049946101331,0.9975977580309175,0.9669421487603306,0.8260869565217391,0.9669421487603306
0.9398496240601504,0.9727463312368972,0.9931917605906827,0.9622641509433962,0.8518518518518519,0.9622641509433962
0.9415584415584416,0.9768275862068965,0.9946817708169475,0.96,0.8620689655172413,0.963855421686747
0.9652777777777778,0.9963159106608335,0.9984692335219051,0.9900990099009901,0.9069767441860465,0.975609756097561
0.9862068965517241,0.9950106913756237,0.999116741182315,0.9836065573770492,1.0,0.9917355371900827
0.9490445859872612,0.9858108108108109,0.9959358500460591,0.9666666666666667,0.8918918918918919,0.9666666666666667
0.9432624113475178,0.9816687737041719,0.9955041722559649,0.9646017699115044,0.8571428571428571,0.9646017699115044
0.9586776859504132,0.993211334120425,0.9961199382791337,0.987012987012987,0.9090909090909091,0.9681528662420382
0.9407894736842105,0.9897589076168125,0.9961360468361311,0.9724770642201835,0.8604651162790697,0.9592760180995475
0.951048951048951,0.9864631336405528,0.9962190164864186,0.9553571428571429,0.9354838709677419,0.9683257918552036
0.9682539682539683,0.9865728900255755,0.9955338657202011,0.9565217391304348,1.0,0.9777777777777777
0.9726027397260274,0.9892250310816412,0.9985376827896513,0.968503937007874,1.0,0.984
0.9180327868852459,0.9576354679802956,0.9832088774257659,0.9770114942528736,0.7714285714285715,0.9444444444444444
0.9242424242424242,0.9693287037037036,0.9894444199340159,0.9583333333333334,0.8333333333333334,0.9484536082474226
0.9347826086956522,0.9869505494505495,0.9969785167950086,0.9375,0.9230769230769231,0.958904109589041
0.9642857142857143,0.9817687074829932,0.994871794871795,0.9714285714285714,0.9428571428571428,0.9760765550239234
0.8872180451127819,0.9483965014577258,0.9823338079007989,0.9489795918367347,0.7142857142857143,0.9253731343283582
0.9105691056910569,0.9663461538461539,0.9881895435926782,0.945054945054945,0.8125,0.9398907103825137
0.9540229885057471,0.983081434694338,0.9966278889395088,0.972027972027972,0.8709677419354839,0.972027972027972
0.946969696969697,0.9741896758703481,0.9921235925412611,0.9693877551020408,0.8823529411764706,0.9644670050761421
0.9347826086956522,0.9884049773755657,0.9964080179490366,0.9903846153846154,0.7647058823529411,0.958139534883721
0.9253731343283582,0.9763347763347764,0.9918889593786706,0.9595959595959596,0.8285714285714286,0.95
0.9683544303797469,0.9930483142161974,0.9989673719653238,0.9635036496350365,1.0,0.9814126394052045
0.935251798561151,0.97976011994003,0.9962297548510732,0.9741379310344828,0.7391304347826086,0.9617021276595744
0.961038961038961,0.9844009293063393,0.9972665735755685,0.9694656488549618,0.9130434782608695,0.9769230769230769
0.9322033898305084,0.9776962168266516,0.9967292347969312,0.974025974025974,0.6521739130434783,0.9615384615384616
0.943089430894309,0.9918290383406662,0.9965195151872112,0.9883720930232558,0.8378378378378378,0.96045197740113
0.952,0.9885752688172043,0.996435504987481,0.978494623655914,0.875,0.9680851063829787
0.9366197183098591,0.9772012578616351,0.9924630884275516,0.9905660377358491,0.7777777777777778,0.958904109589041
0.9428571428571428,0.9858503401360544,0.9953980910399007,1.0,0.7714285714285715,0.963302752293578
0.9020979020979021,0.9590062111801241,0.9903683919653525,0.9304347826086956,0.7857142857142857,0.9385964912280702
0.9426229508196722,0.9806763285024154,0.9957954415403837,0.9696969696969697,0.8260869565217391,0.964824120603015
0.9565217391304348,0.9883185840707964,0.9975631110224177,0.9646017699115044,0.92,0.9732142857142857
0.9354838709677419,0.9779761904761906,0.9895027929077458,0.9761904761904762,0.85,0.9534883720930233
0.9463087248322147,0.9864864864864865,0.9955615736957396,0.9821428571428571,0.8378378378378378,0.9649122807017544
0.9367088607594937,0.9742719819055696,0.9950002453359904,0.9694656488549618,0.7777777777777778,0.9621212121212122
0.9770114942528736,0.9915458937198067,0.9979192876849514,0.9855072463768116,0.9444444444444444,0.9855072463768116
0.948051948051948,0.9880952380952381,0.9975826800812648,0.9841269841269841,0.7857142857142857,0.96875
0.9485294117647058,0.9877358490566038,0.9966104216059561,0.9716981132075472,0.8666666666666667,0.9671361502347418
0.927007299270073,0.9498689384010485,0.9880807228375617,0.944954128440367,0.8571428571428571,0.9537037037037037
0.9672131147540983,0.988656504785537,0.9967135668070246,0.9560439560439561,1.0,0.9775280898876404
0.9496402877697842,0.9821052631578947,0.9964120287037705,0.9385964912280702,1.0,0.9683257918552036
0.9290780141843972,0.9789915966386554,0.9962555177294482,0.9495798319327731,0.8181818181818182,0.9576271186440678
0.9915966386554622,0.9938775510204082,0.9978991596638654,0.9880952380952381,1.0,0.9940119760479041
0.9051094890510949,0.9774477447744775,0.9925897196640996,0.9504950495049505,0.7777777777777778,0.9365853658536586
0.9262295081967213,0.9660179178251468,0.9860738843277749,0.963855421686747,0.8461538461538461,0.9467455621301775
0.9785714285714285,0.9894999999999999,0.9963618589261544,0.97,1.0,0.9847715736040609
0.9292035398230089,0.9839034205231388,0.9910440509667218,0.971830985915493,0.8571428571428571,0.9452054794520548
0.9424460431654677,0.9768421052631578,0.9949916555497951,0.9473684210526315,0.92,0.9642857142857143
0.9035087719298246,0.9904731660844712,0.9941077252153452,0.9850746268656716,0.7872340425531915,0.9230769230769231
0.9389312977099237,0.9733171619163129,0.9917527274825654,0.9381443298969072,0.9411764705882353,0.9578947368421052
0.967479674796748,0.9926739926739927,0.9971470639537866,0.9761904761904762,0.9487179487179487,0.9761904761904762
0.9452054794520548,0.9910238429172511,0.9977240004808412,0.9826086956521739,0.8064516129032258,0.9658119658119658
0.9365079365079365,0.9814271749755621,0.9938008907240876,0.956989247311828,0.8787878787878788,0.956989247311828
0.9541984732824428,0.98005698005698,0.995210387410257,0.9615384615384616,0.9259259259259259,0.970873786407767
0.9541984732824428,0.9820655534941248,0.9942270175276365,0.9591836734693877,0.9393939393939394,0.9690721649484536
1.0,1.0,1.0,1.0,1.0,1.0
0.9593023255813954,0.9889705882352942,0.997379727575674,0.9779411764705882,0.8888888888888888,0.9743589743589743
0.9411764705882353,0.9677506775067751,0.9921492796141625,0.959349593495935,0.8666666666666667,0.963265306122449
0.8923076923076924,0.9755555555555555,0.9897434986246106,0.9777777777777777,0.7,0.9263157894736842
0.9733333333333334,0.9950372208436725,0.999007934995715,0.9838709677419355,0.9230769230769231,0.9838709677419355
0.9534883720930233,0.9797570850202428,0.9928769381928629,0.978021978021978,0.8947368421052632,0.967391304347826
0.9788732394366197,0.9900854700854701,0.9978877927237199,0.9914529914529915,0.92,0.9872340425531915
0.9192546583850931,0.9628048780487805,0.9877969266712966,0.975,0.7560975609756098,0.9473684210526315
0.9285714285714286,0.9709483793517407,0.9920733822311172,0.957983193277311,0.8285714285714286,0.9539748953974896
0.963855421686747,0.9917184265010351,0.9984159506343665,0.9855072463768116,0.8571428571428571,0.9784172661870504
0.9523809523809523,0.9820678061081536,0.9924591440118712,0.9759036144578314,0.9069767441860465,0.9642857142857143
0.9681528662420382,0.988,0.9971140324454559,0.992,0.875,0.9802371541501976
0.9640718562874252,0.9785247432306255,0.9980385860250629,0.9738562091503268,0.8571428571428571,0.9802631578947368
0.94,0.9688109161793372,0.9905365554742092,0.956140350877193,0.8888888888888888,0.960352422907489
0.9626865671641791,0.9829545454545455,0.9963141059737396,0.990909090909091,0.8333333333333334,0.9775784753363229
0.9784172661870504,0.996358543417367,0.9988622226829773,0.9904761904761905,0.9411764705882353,0.985781990521327
0.9495798319327731,0.9816326530612245,0.9926335946723657,0.9523809523809523,0.9428571428571428,0.963855421686747
0.9262295081967213,0.9560723514211885,0.9827652980646606,0.9418604651162791,0.8888888888888888,0.9473684210526315
0.9115646258503401,0.9722358722358722,0.9915243748570073,0.9727272727272728,0.7297297297297297,0.9427312775330396
0.926829268292683,0.9665413533834586,0.9903745500993334,0.9473684210526315,0.8571428571428571,0.9523809523809523
0.9396551724137931,0.98493543758967,0.9939450980261055,0.9634146341463414,0.8823529411764706,0.9575757575757575
0.9705882352941176,0.993843786071566,0.9987855412562134,0.9823008849557522,0.9130434782608695,0.9823008849557522
0.9481481481481482,0.9795186891961085,0.99173605664157,0.946236559139785,0.9523809523809523,0.9617486338797814
0.9821428571428571,0.9884684684684687,0.9953113553113553,0.9733333333333334,1.0,0.9864864864864865
0.9126984126984127,0.9633842872378244,0.989657470633857,0.9690721649484536,0.7241379310344828,0.9447236180904522
0.9661016949152542,0.9901761517615176,0.9956078293554058,1.0,0.8888888888888888,0.9761904761904762
0.9191176470588235,0.9790547798066594,0.9923574402408326,0.9693877551020408,0.7894736842105263,0.945273631840796
0.9272727272727272,0.9786036036036037,0.9906503296889885,0.972972972972973,0.8333333333333334,0.9473684210526315
0.9391891891891891,0.9881444720154398,0.996995526223654,0.9572649572649573,0.8709677419354839,0.9613733905579399
0.9551282051282052,0.9819526627218935,0.9965875455494309,0.9769230769230769,0.8461538461538461,0.9731800766283525
0.9666666666666667,0.9885576633544113,0.9976986982984585,0.975609756097561,0.9259259259259259,0.9795918367346939
0.9259259259259259,0.9705703883495145,0.9912096019638076,0.941747572815534,0.875,0.9509803921568627
0.9785714285714285,0.9934762348555453,0.998407335907336,0.972972972972973,1.0,0.9863013698630136
0.9014084507042254,0.9515915119363396,0.9893552680239227,0.9482758620689655,0.6923076923076923,0.9401709401709402
0.9532163742690059,0.9833795013850417,0.9979766303358348,0.9605263157894737,0.8947368421052632,0.9733333333333334
0.9322033898305084,0.962962962962963,0.9890644139916871,0.9560439560439561,0.8518518518518519,0.9560439560439561
0.927536231884058,0.9719719719719719,0.9936153280274425,0.9819819819819819,0.7037037037037037,0.956140350877193
0.959349593495935,0.98796992481203,0.9967296882984159,0.9473684210526315,1.0,0.972972972972973
0.9236111111111112,0.9556650246305419,0.9897522928784094,0.9568965517241379,0.7857142857142857,0.9527896995708155
0.9395973154362416,0.9741687979539642,0.9928879034026052,0.9565217391304348,0.8823529411764706,0.9606986899563319
0.8686131386861314,0.9529042386185242,0.9821793332167155,0.9387755102040817,0.6923076923076923,0.9108910891089109
0.903448275862069,0.9662610619469026,0.9913590122134428,0.9823008849557522,0.625,0.940677966101695
0.9554140127388535,0.9854525862068966,0.9968472570778226,0.9765625,0.8620689655172413,0.9727626459143969
0.9555555555555556,0.9830839297332465,0.9952573993395146,0.9622641509433962,0.9310344827586207,0.9714285714285714
0.9668874172185431,0.9966082532504239,0.9992193598750977,0.9590163934426229,1.0,0.9790794979079498
0.9426229508196722,0.9812925170068026,0.9955453517749892,0.9693877551020408,0.8333333333333334,0.9644670050761421
0.9426229508196722,0.9872385678837292,0.9957579722023284,0.967032967032967,0.8709677419354839,0.9617486338797814
0.9428571428571428,0.987573780677229,0.9968833470082622,0.9819819819819819,0.7931034482758621,0.9646017699115044
0.9307692307692308,0.9768822243049047,0.9925967237531435,0.9690721649484536,0.8181818181818182,0.9543147208121827
0.9407894736842105,0.9765925925925926,0.9950177221623623,0.96,0.8518518518518519,0.963855421686747
0.9758064516129032,0.9936170212765957,0.9981730330554519,0.9893617021276596,0.9333333333333333,0.9841269841269841
0.9452054794520548,0.9893048128342246,0.9954931051601418,0.9803921568627451,0.8636363636363636,0.9615384615384616
0.9172932330827067,0.9847576211894052,0.9925679982800334,0.9885057471264368,0.782608695652174,0.9398907103825137
0.8947368421052632,0.9455782312925171,0.9771859049774069,0.9340659340659341,0.8095238095238095,0.9239130434782609
0.9710144927536232,0.9985380116959065,0.9997026464466252,0.9649122807017544,1.0,0.9821428571428571
0.9420289855072463,0.9925073588439924,0.9972923530663443,1.0,0.7837837837837838,0.9619047619047619
0.9530201342281879,0.9832258064516128,0.9968650250797993,0.9435483870967742,1.0,0.970954356846473
0.9344262295081968,0.9844026940801134,0.9948906966022224,0.978021978021978,0.8064516129032258,0.956989247311828
0.9473684210526315,0.9802631578947368,0.9913701399811704,0.9473684210526315,0.9473684210526315,0.96
0.9243697478991597,0.9837556855100714,0.9927059605873612,0.9876543209876543,0.7894736842105263,0.9467455621301775
0.96875,0.9945578231292517,0.9983833533413365,1.0,0.8666666666666667,0.98
0.9556962025316456,0.9910714285714286,0.9978289609661304,0.9761904761904762,0.875,0.9723320158102767
0.9745762711864406,0.9898255813953488,0.9962702241764197,0.9883720930232558,0.9375,0.9826589595375722
0.9530201342281879,0.983739837398374,0.993901769932724,0.9722222222222222,0.9024390243902439,0.967741935483871
0.9605263157894737,0.9922687283391096,0.9981055308328033,0.9504132231404959,1.0,0.9745762711864406
0.9398496240601504,0.9720948012232417,0.9939021362320104,0.981651376146789,0.75,0.963963963963964
0.957983193277311,0.9812765957446808,0.9955332693594735,0.9680851063829787,0.92,0.9732620320855615
0.9166666666666666,0.9820601851851852,0.9935777652813093,0.9895833333333334,0.7222222222222222,0.945273631840796
0.9850746268656716,0.9936507936507936,0.9979797979797979,0.9797979797979798,1.0,0.9897959183673469
0.9453125,0.9678571428571429,0.9913088280011986,0.97,0.8571428571428571,0.9651741293532339
0.935251798561151,0.9894822006472492,0.9965571103366269,0.9902912621359223,0.7777777777777778,0.9577464788732394
0.9461538461538461,0.982078853046595,0.9948262518173706,0.98989898989899,0.8064516129032258,0.9655172413793104
0.9383561643835616,0.978814695628855,0.9943934669249062,0.9557522123893806,0.8787878787878788,0.96
0.940677966101695,0.9736536226268888,0.9914477863981668,0.9662921348314607,0.8620689655172413,0.9608938547486033
0.9652777777777778,0.9885602678571428,0.9968038705197083,0.9910714285714286,0.875,0.9779735682819384
0.927007299270073,0.960438222763238,0.9901928756586775,0.9056603773584906,1.0,0.9504950495049505
0.9308176100628931,0.9770992366412214,0.9953153940202553,0.9312977099236641,0.9285714285714286,0.9568627450980393
0.95,0.9800347222222223,0.99428637724379,0.9722222222222222,0.875,0.967741935483871
0.8846153846153846,0.9746376811594203,0.9880377472209524,0.9642857142857143,0.7391304347826086,0.9152542372881356
0.937984496124031,0.9651416122004357,0.9911666549655801,0.9411764705882353,0.9259259259259259,0.96
0.9345238095238095,0.95703125,0.9903493343826127,0.9632352941176471,0.8125,0.9597069597069597
0.9262295081967213,0.9790143084260731,0.9913592267096213,0.9882352941176471,0.7837837837837838,0.9491525423728814
0.9396551724137931,0.9749525616698291,0.9918842954985623,0.9647058823529412,0.8709677419354839,0.9590643274853801
0.9477611940298507,0.9798979897989798,0.9938017351982393,0.9702970297029703,0.8787878787878788,0.9655172413793104
0.8992805755395683,0.9642289348171701,0.9874680564360143,0.9607843137254902,0.7297297297297297,0.9333333333333333
0.9578313253012049,0.9825944170771757,0.9974259103227598,0.9655172413793104,0.9047619047619048,0.975609756097561
0.934640522875817,0.9731428571428572,0.9939862231715175,0.952,0.8571428571428571,0.9596774193548387
0.9166666666666666,0.9652777777777778,0.9891218303548732,0.9259259259259259,0.8888888888888888,0.9433962264150944
0.9196428571428571,0.978902953586498,0.9916673469991449,0.9873417721518988,0.7575757575757576,0.9454545454545454
0.9425287356321839,0.9835909631391201,0.9968419147120532,0.9724137931034482,0.7931034482758621,0.9657534246575342
0.9453125,0.9756459756459757,0.9903879381698925,0.989010989010989,0.8378378378378378,0.9625668449197861
0.959349593495935,0.9913312693498452,0.9963680523688532,0.9647058823529412,0.9473684210526315,0.9704142011834319
0.946969696969697,0.9834710743801653,0.9943323948562484,0.9696969696969697,0.8787878787878788,0.964824120603015
0.968,0.976903870162297,0.9915894479703398,0.9775280898876404,0.9444444444444444,0.9775280898876404
0.9526627218934911,0.9889546351084813,0.9967554247677959,0.9846153846153847,0.8461538461538461,0.9696969696969697
0.9416058394160584,0.9787347155768209,0.992076512959854,0.9393939393939394,0.9473684210526315,0.9587628865979382
0.9612403100775194,0.9897454031117398,0.9973811337177675,0.9702970297029703,0.9285714285714286,0.9751243781094527
0.9557522123893806,0.9889162561576355,0.99666669373719,0.9880952380952381,0.8620689655172413,0.9707602339181286
0.9929078014184397,1.0,1.0000000000000002,0.9912280701754386,1.0,0.9955947136563876
0.9705882352941176,0.9904100529100529,0.9977021048337258,0.9814814814814815,0.9285714285714286,0.9814814814814815
0.9384615384615385,0.9720261437908496,0.9864803163515357,0.9529411764705882,0.9111111111111111,0.9529411764705882
0.9333333333333333,0.9833176691729324,0.9946318013161826,0.9821428571428571,0.7894736842105263,0.9565217391304348
0.9726027397260274,0.9964912280701754,0.9981074596759645,1.0,0.9215686274509803,0.979381443298969
0.9333333333333333,0.9829222011385199,0.9956074014961243,0.9663865546218487,0.8064516129032258,0.9583333333333334
0.986013986013986,0.9968071519795657,0.9992618097730794,1.0,0.9259259259259259,0.9914529914529915
0.936,0.9727767695099818,0.9889706389307752,0.9770114942528736,0.8421052631578947,0.9550561797752809
0.9652777777777778,0.9956896551724138,0.9990260472004893,0.9913793103448276,0.8571428571428571,0.9787234042553191
0.9391891891891891,0.9904375543320777,0.9978782179538481,0.9915966386554622,0.7241379310344828,0.963265306122449
0.9646017699115044,0.9945987654320988,0.997849599697529,0.9753086419753086,0.9375,0.9753086419753086
0.9224806201550387,0.9750631313131313,0.9919085958015218,0.9583333333333334,0.8181818181818182,0.9484536082474226
0.9590163934426229,0.9843377596186584,0.9943732400345722,0.9662921348314607,0.9393939393939394,0.9717514124293786
0.9866666666666667,0.9950372208436725,0.9990224828934506,0.9838709677419355,1.0,0.991869918699187
0.9657534246575342,0.9873294346978557,0.9960337624209575,0.9537037037037037,1.0,0.976303317535545
0.9365079365079365,0.9720565149136577,0.9902051487209104,0.9560439560439561,0.8857142857142857,0.9560439560439561
0.9763779527559056,0.9971537001897534,0.9990512333965843,0.967741935483871,1.0,0.9836065573770492
0.9557522123893806,0.9776422764227642,0.9881006139812059,0.9861111111111112,0.9024390243902439,0.9659863945578231
0.9508196721311475,0.9901030927835052,0.9974865329227672,1.0,0.76,0.97
0.9206349206349206,0.9698587127158556,0.9894712579640659,0.9560439560439561,0.8285714285714286,0.9456521739130435
0.9640287769784173,0.9865443425076453,0.9963350274231962,0.9724770642201835,0.9333333333333333,0.9769585253456221
0.9861111111111112,0.995717956037682,0.9989629424778761,0.9823008849557522,1.0,0.9910714285714286
0.9319727891156463,0.9745708836617928,0.9947407234579468,0.9669421487603306,0.7692307692307693,0.9590163934426229
0.9705882352941176,0.9854497354497355,0.9961910085592895,1.0,0.8571428571428571,0.9818181818181818
0.9632352941176471,0.9953589953589952,0.9983419226276368,0.9696969696969697,0.9459459459459459,0.9746192893401016
0.9932885906040269,0.9975417895771879,0.9992805237786893,0.9911504424778761,1.0,0.9955555555555555
0.9559748427672956,0.9869747899159664,0.9956490923280159,0.9747899159663865,0.9,0.9707112970711297
0.9496402877697842,0.9768518518518519,0.9946323866527744,0.9553571428571429,0.9259259259259259,0.9683257918552036
0.9448275862068966,0.9878260869565216,0.9969226170759393,0.9652173913043478,0.8666666666666667,0.9652173913043478
0.959731543624161,0.9814049586776858,0.9956850634007358,0.9834710743801653,0.8571428571428571,0.9754098360655737
0.9551282051282052,0.9938064516129033,0.9985172639937729,0.992,0.8064516129032258,0.9725490196078431
0.96,0.9916666666666667,0.9980318666086464,0.9833333333333333,0.8666666666666667,0.9752066115702479
0.935251798561151,0.9533799533799534,0.9915242060720425,0.9572649572649573,0.8181818181818182,0.9613733905579399
0.9558823529411765,0.9906126482213438,0.9962173022784101,0.9782608695652174,0.9090909090909091,0.967741935483871
0.9466666666666667,0.97568,0.9952140039421794,0.968,0.84,0.968
0.951048951048951,0.9800295857988166,0.9927917354539579,0.9711538461538461,0.8974358974358975,0.9665071770334929
0.92,0.9612983770287141,0.9857482547490619,0.9550561797752809,0.8333333333333334,0.9444444444444444
0.9851851851851852,0.9941444372153546,0.9985233798195242,0.9811320754716981,1.0,0.9904761904761905
0.9253731343283582,0.9838056680161943,0.9934592205084604,0.9368421052631579,0.8974358974358975,0.9468085106382979
0.9354838709677419,0.973404255319149,0.9914580722280305,0.9574468085106383,0.8666666666666667,0.9574468085106383
0.9146341463414634,0.9675070028011205,0.987876530170115,0.9663865546218487,0.7777777777777778,0.9426229508196722
0.9635036496350365,0.9853801169590644,0.9947246096304422,0.98989898989899,0.8947368421052632,0.9751243781094527
0.9349593495934959,0.9597402597402598,0.9859881708769624,0.9545454545454546,0.8857142857142857,0.9545454545454546
0.9481481481481482,0.9815873015873017,0.9946299985009456,0.9714285714285714,0.8666666666666667,0.966824644549763
0.9694656488549618,0.9871794871794871,0.99724607084213,0.9809523809523809,0.9230769230769231,0.9809523809523809
0.9236641221374046,0.984065934065934,0.9937589211965419,0.978021978021978,0.8,0.9468085106382979
0.95,0.98125,0.996821875250137,0.975,0.8,0.970954356846473
0.9921259842519685,0.9937037037037036,0.9985470085470087,0.99,1.0,0.9949748743718593
0.937984496124031,0.9828230022404779,0.9959517127058843,0.9805825242718447,0.7692307692307693,0.9619047619047619
0.9557522123893806,0.9893835616438356,0.9949887673322676,0.9863013698630136,0.9,0.9664429530201343
0.9626865671641791,0.9955114575950862,0.9975955078024484,0.9879518072289156,0.9215686274509803,0.9704142011834319
0.9263803680981595,0.9734019734019734,0.9923120084723469,0.9523809523809523,0.8378378378378378,0.9523809523809523
0.9461538461538461,0.9806310527960013,0.9933487156347675,0.9690721649484536,0.8787878787878788,0.9641025641025641
0.9699248120300752,0.9949399114484504,0.9985161122354047,0.9803921568627451,0.9354838709677419,0.9803921568627451
0.9921875,0.9981884057971014,0.9993345164152618,0.9891304347826086,1.0,0.994535519125683
0.925,0.9703703703703704,0.9905577151449716,0.9666666666666667,0.8,0.9508196721311475
0.9652777777777778,0.9905660377358491,0.996995843640557,0.9716981132075472,0.9473684210526315,0.976303317535545
0.9647058823529412,0.9925925925925926,0.9980595651246529,0.9851851851851852,0.8857142857142857,0.9779411764705882
0.9159663865546218,0.9753086419753086,0.9900225396446454,0.9753086419753086,0.7894736842105263,0.9404761904761905
0.9645390070921985,0.9899446958270488,0.9962937244639476,0.9705882352941176,0.9487179487179487,0.9753694581280788
0.9548387096774194,0.9895478852698104,0.9972175913742298,0.9917355371900827,0.8235294117647058,0.97165991902834
0.9379310344827586,0.9771428571428572,0.9933678034596995,0.9363636363636364,0.9428571428571428,0.958139534883721
0.9370629370629371,0.9711180124223603,0.992960550859785,0.9565217391304348,0.8571428571428571,0.9606986899563319
0.95,0.9843749999999999,0.9922307757763119,1.0,0.85,0.963855421686747
0.9724137931034482,0.9846666666666667,0.994390243902439,0.96,1.0,0.9795918367346939
0.9294871794871795,0.9690469725767038,0.9931281252679892,0.9763779527559056,0.7241379310344828,0.9575289575289575
0.9802631578947368,0.9941964285714285,0.997965928415414,0.9910714285714286,0.95,0.9866666666666667
0.9349112426035503,0.9806949806949807,0.9973497437361916,0.9391891891891891,0.9047619047619048,0.9619377162629758
0.9402985074626866,0.9723684210526317,0.995478684933846,0.9473684210526315,0.9,0.9642857142857143
0.9583333333333334,0.9837186584174535,0.99335720922674,0.963855421686747,0.9459459459459459,0.9696969696969697
0.9245283018867925,0.968013468013468,0.9918688665736042,0.9682539682539683,0.7575757575757576,0.953125
0.9159663865546218,0.9823747680890538,0.9908522639776307,0.974025974025974,0.8095238095238095,0.9375
0.9784172661870504,0.9908519153802172,0.9972054865486868,0.9905660377358491,0.9393939393939394,0.9859154929577465
0.9322033898305084,0.9816281279695914,0.9914100824612467,0.974025974025974,0.8536585365853658,0.9493670886075949
0.9928571428571429,1.0,0.9999999999999999,0.9914529914529915,1.0,0.9957081545064378
0.9461538461538461,0.9771912675138481,0.9935065901877683,0.9696969696969697,0.8709677419354839,0.964824120603015
0.9344262295081968,0.9789690721649484,0.994498666314664,0.9587628865979382,0.84,0.9587628865979382
0.9675324675324676,0.9905586152635719,0.9975900411817743,0.991869918699187,0.8709677419354839,0.9799196787148594
0.9274193548387096,0.9672582619339046,0.987631082068288,0.9418604651162791,0.8947368421052632,0.9473684210526315
0.9685534591194969,0.9889112903225806,0.9973683321848562,0.9765625,0.9354838709677419,0.9803921568627451
0.937007874015748,0.9838509316770185,0.99426247971968,0.9782608695652174,0.8285714285714286,0.9574468085106383
0.9318181818181818,0.973889555822329,0.9912113358075177,0.9489795918367347,0.8823529411764706,0.9538461538461539
0.9416666666666667,0.9852216748768473,0.9953256373426412,0.989010989010989,0.7931034482758621,0.9625668449197861
0.9426751592356688,0.9839789574366331,0.9958704971000631,0.975609756097561,0.8235294117647058,0.963855421686747
0.957983193277311,0.9910256410256411,0.995860990574866,0.9875,0.8974358974358975,0.9693251533742331
0.9375,0.9737723214285714,0.9928779378695046,0.9553571428571429,0.875,0.9596412556053812
0.9387755102040817,0.9759903961584634,0.9945418218061414,0.957983193277311,0.8571428571428571,0.9620253164556962
0.9548387096774194,0.9877757901013715,0.9975330117149706,0.9767441860465116,0.8461538461538461,0.972972972972973
0.9605263157894737,0.9928769291650179,0.999026342835506,0.9548872180451128,1.0,0.9769230769230769
0.9492753623188406,0.9851250845165652,0.9921855330677635,0.9655172413793104,0.9215686274509803,0.96
0.9379310344827586,0.9817493112947658,0.9965766988807596,0.9752066115702479,0.75,0.963265306122449
0.9714285714285714,0.9871794871794872,0.9958430963518862,0.9807692307692307,0.9444444444444444,0.9807692307692307
0.9444444444444444,0.9722093561834183,0.9965009121202572,0.952755905511811,0.8823529411764706,0.968
0.9470198675496688,0.9824561403508771,0.9944200933216878,0.9824561403508771,0.8378378378378378,0.9655172413793104
0.9591836734693877,0.9984383133784487,0.999553803822414,1.0,0.8235294117647058,0.9741379310344828
0.9241379310344827,0.9590163934426229,0.9925058615214725,0.9590163934426229,0.7391304347826086,0.9551020408163265
0.972027972027972,0.9909937888198758,0.9980754880012568,0.9652173913043478,1.0,0.9823008849557522
0.9385964912280702,0.9821428571428572,0.9948955487134425,0.9883720930232558,0.7857142857142857,0.96045197740113
0.9516129032258065,0.9931372549019608,0.9975244894420003,1.0,0.8235294117647058,0.967741935483871
0.9349593495934959,0.9854489164086687,0.9935949169025848,0.9529411764705882,0.8947368421052632,0.9529411764705882
0.9657534246575342,0.9896464646464647,0.9969143020341599,0.9727272727272728,0.9444444444444444,0.9771689497716894
0.9844961240310077,1.0,0.9999999999999999,0.9791666666666666,1.0,0.9894736842105263
0.9328859060402684,0.9642857142857143,0.9942190929008796,0.953125,0.8095238095238095,0.9606299212598425
0.9836065573770492,0.9963768115942029,0.9988794262662483,0.9782608695652174,1.0,0.989010989010989
0.9316239316239316,0.9841911764705883,0.9942133951832082,0.9529411764705882,0.875,0.9529411764705882
0.9541984732824428,0.9819354838709677,0.9945141931230636,0.96,0.9354838709677419,0.9696969696969697
0.9626865671641791,0.9901960784313726,0.9971127046154309,0.9705882352941176,0.9375,0.9753694581280788
0.9831932773109243,0.9927113702623906,0.9985661082490949,0.9795918367346939,1.0,0.9896907216494846
0.9696969696969697,0.991875,0.997670454634533,0.98,0.9375,0.98
0.9624060150375939,0.9855428259683578,0.9949023544060489,0.9680851063829787,0.9487179487179487,0.9732620320855615
0.9915254237288136,0.9947478991596639,0.9981962481962483,0.9880952380952381,1.0,0.9940119760479041
0.9493670886075949,0.9924098671726755,0.9980914836943724,0.9838709677419355,0.8235294117647058,0.9682539682539683
0.948051948051948,0.9812725090036014,0.995074049832285,0.9663865546218487,0.8857142857142857,0.9663865546218487
0.9655172413793104,0.9816370992841582,0.997659314987451,0.9607843137254902,1.0,0.98
0.9867549668874173,0.9961080586080586,0.9987510924837121,0.9821428571428571,1.0,0.990990990990991
0.9854014598540146,0.9982905982905983,0.9997174542629088,0.9829059829059829,1.0,0.9913793103448276
0.958041958041958,0.9809335963182116,0.995972392930389,0.9658119658119658,0.9230769230769231,0.9741379310344828
0.9681528662420382,0.9950166112956811,0.9989615373890512,0.9767441860465116,0.9285714285714286,0.980544747081712
0.9305555555555556,0.9833664349553128,0.99438571185741,0.9622641509433962,0.8421052631578947,0.9532710280373832
0.9402985074626866,0.9771374882555591,0.9932524944970014,0.9611650485436893,0.8709677419354839,0.9611650485436893
0.986013986013986,0.9934959349593496,0.999019228287521,0.983739837398374,1.0,0.9918032786885246
0.9349593495934959,0.9808296668761785,0.9923486759867234,0.9767441860465116,0.8378378378378378,0.9545454545454546
0.9461077844311377,0.98535457348407,0.9971626935274831,0.9496402877697842,0.9285714285714286,0.967032967032967
0.9318181818181818,0.9859387923904053,0.9947493092570758,0.967741935483871,0.8461538461538461,0.9523809523809523
0.9657534246575342,0.9873015873015872,0.9979534217622726,0.9920634920634921,0.8,0.9803921568627451
0.946969696969697,0.9889046941678521,0.9959274361375188,0.968421052631579,0.8918918918918919,0.9633507853403142
0.9640287769784173,0.9927536231884058,0.9984639398785053,0.9739130434782609,0.9166666666666666,0.9781659388646288
0.9586206896551724,0.9675362318840579,0.9916457520443122,0.9826086956521739,0.8666666666666667,0.9741379310344828
0.9007633587786259,0.9722527472527472,0.9888429673722284,0.967032967032967,0.75,0.9312169312169312
0.9626865671641791,0.969908256880734,0.9931762427596014,0.9908256880733946,0.84,0.9773755656108597
0.9548872180451128,0.9814189189189189,0.993210284469462,0.9583333333333334,0.9459459459459459,0.968421052631579
0.9727891156462585,0.9924916573971079,0.9979830269917936,1.0,0.8709677419354839,0.9830508474576272
0.9420289855072463,0.974400871459695,0.9914982689771943,0.9803921568627451,0.8333333333333334,0.9615384615384616
0.9041095890410958,0.9410496046010064,0.9788790548277717,0.9626168224299065,0.7435897435897436,0.9363636363636364
0.8896551724137931,0.9501854795972443,0.9846310639298255,0.9279279279279279,0.7647058823529411,0.9279279279279279
0.9673202614379085,0.991325468424705,0.998565969653756,0.9770992366412213,0.9090909090909091,0.9808429118773946
0.9349593495934959,0.9797739440809042,0.9907081248950048,0.975609756097561,0.8536585365853658,0.9523809523809523
0.9212598425196851,0.9592592592592593,0.9892849892751931,0.96,0.7777777777777778,0.9504950495049505
0.9567901234567902,0.9799725651577503,0.9960646041917938,0.9777777777777777,0.8518518518518519,0.974169741697417
0.9387755102040817,0.9832244008714597,0.9929483642570329,0.9705882352941176,0.8666666666666667,0.9565217391304348
0.9856115107913669,0.9904697072838665,0.9980489164518151,0.9823008849557522,1.0,0.9910714285714286
0.9259259259259259,0.9717839805825242,0.9912847628005254,0.941747572815534,0.875,0.9509803921568627
0.9565217391304348,0.9938423645320197,0.9981989730758203,0.9885057471264368,0.8571428571428571,0.9717514124293786
0.9333333333333333,0.977183320220299,0.9929835777932509,0.9435483870967742,0.9024390243902439,0.9551020408163265
0.9166666666666666,0.9705882352941178,0.9916501471660292,0.9705882352941176,0.7333333333333333,0.9473684210526315
0.9302325581395349,0.9859617682198327,0.9953891886767925,0.989247311827957,0.7777777777777778,0.9533678756476683
0.9280575539568345,0.9803921568627451,0.9938201948993131,0.9809523809523809,0.7647058823529411,0.9537037037037037
0.9856115107913669,0.9921630094043887,0.9981451489686783,0.9818181818181818,1.0,0.9908256880733946
0.9112903225806451,0.9744473155325868,0.9877127053736652,0.9629629629629629,0.813953488372093,0.9341317365269461
0.9748427672955975,0.9937984496124032,0.9986805211941283,0.9689922480620154,1.0,0.984251968503937
0.967479674796748,0.9923371647509579,0.9968859915352186,1.0,0.8888888888888888,0.9775280898876404
0.9659863945578231,0.9833413809753742,0.9951490860452268,0.9724770642201835,0.9473684210526315,0.9769585253456221
0.946969696969697,0.9881365740740741,0.9957080083325538,0.9895833333333334,0.8333333333333334,0.9644670050761421
0.9461538461538461,0.9802229413879899,0.9950946985735858,0.970873786407767,0.8518518518518519,0.966183574879227
0.9490445859872612,0.9832020997375328,0.996104441478186,0.968503937007874,0.8666666666666667,0.968503937007874
0.95625,0.984094982078853,0.9958405793471956,0.9596774193548387,0.9444444444444444,0.9714285714285714
0.9852941176470589,0.9920122887864824,0.9979567099567102,0.9809523809523809,1.0,0.9903846153846154
0.993421052631579,1.0,1.0,0.9919354838709677,1.0,0.9959514170040485
0.8947368421052632,0.9664769133459835,0.9904516396886415,0.9607843137254902,0.6774193548387096,0.9333333333333333
0.9304347826086956,0.9829339143064633,0.9929464692082461,0.9753086419753086,0.8235294117647058,0.9518072289156626
0.958904109589041,0.9851364522417154,0.995301420565828,0.9444444444444444,1.0,0.9714285714285714
0.9527027027027027,0.984251968503937,0.9974667497816119,0.9606299212598425,0.9047619047619048,0.9721115537848606
0.9391304347826087,0.9857142857142855,0.9944085300554767,0.9625,0.8857142857142857,0.9565217391304348
0.9708029197080292,0.9953379953379953,0.9986017772860369,0.9807692307692307,0.9393939393939394,0.9807692307692307
0.9538461538461539,0.9819819819819819,0.9937618737779861,0.978494623655914,0.8918918918918919,0.9680851063829787
0.9642857142857143,0.9799635701275046,0.9969969621397129,0.9754098360655737,0.8888888888888888,0.9794238683127572
0.953125,0.9887755102040816,0.9967557836864769,0.9795918367346939,0.8666666666666667,0.9696969696969697
0.9772727272727273,0.9923273657289002,0.998912656421716,0.9738562091503268,1.0,0.9867549668874173
0.937007874015748,0.9865689865689865,0.995571129936455,0.978021978021978,0.8333333333333334,0.956989247311828
0.951048951048951,0.9848783694937541,0.9966025743075159,0.9743589743589743,0.8461538461538461,0.9702127659574468
0.9285714285714286,0.9759274992919853,0.9927389427318853,0.9626168224299065,0.8181818181818182,0.9537037037037037
0.9545454545454546,0.9771407837445574,0.9945102782079087,0.9811320754716981,0.8461538461538461,0.9719626168224299
0.9716312056737588,0.994949494949495,0.9984298860641411,0.9814814814814815,0.9393939393939394,0.9814814814814815
0.952755905511811,0.9833333333333334,0.9928060844641147,0.9540229885057471,0.95,0.9651162790697675
0.9243697478991597,0.9903846153846153,0.9961544962812712,0.9875,0.7948717948717948,0.9461077844311377
0.9461077844311377,0.985031185031185,0.9957931036190144,0.9923076923076923,0.7837837837837838,0.9662921348314607
0.9517241379310345,0.989247311827957,0.9982456632834017,0.9596774193548387,0.9047619047619048,0.9714285714285714
0.9533333333333334,0.9834710743801652,0.9961033907896217,0.9586776859504132,0.9310344827586207,0.9707112970711297
0.9430379746835443,0.9769813519813519,0.995533406142415,0.9621212121212122,0.8461538461538461,0.9657794676806084
0.9565217391304348,0.9773355444997236,0.9956346602421118,0.9626865671641791,0.9259259259259259,0.9735849056603774
0.9285714285714286,0.9836758210101786,0.995187017920332,0.952755905511811,0.8536585365853658,0.952755905511811
0.9097222222222222,0.9679144385026738,0.9905120292533534,0.9727272727272728,0.7058823529411765,0.9427312775330396
0.9712230215827338,0.9861344537815127,0.997654549342674,0.9831932773109243,0.9,0.9831932773109243
0.948905109489051,0.9777845404747414,0.9937475670403932,0.9528301886792453,0.9354838709677419,0.9665071770334929
0.9384615384615385,0.9701536643026004,0.9890483344565576,0.9574468085106383,0.8888888888888888,0.9574468085106383
0.9454545454545454,0.9776055124892333,0.9942521095487629,0.9612403100775194,0.8888888888888888,0.9649805447470817
0.9380530973451328,0.9815078236130867,0.9911481064230617,0.9605263157894737,0.8918918918918919,0.954248366013072
0.958904109589041,0.9815573770491803,0.9966211988487049,0.9508196721311475,1.0,0.9747899159663865
0.9310344827586207,0.9723791588198367,0.9937785897974509,0.9661016949152542,0.7777777777777778,0.957983193277311
0.9407407407407408,0.9825581395348837,0.9920524282962166,0.9565217391304348,0.9069767441860465,0.9565217391304348
0.9642857142857143,0.9845138359989845,0.9946490783081683,0.9702970297029703,0.9487179487179487,0.9751243781094527
0.9453125,0.983372131692717,0.9951600907105231,0.9690721649484536,0.8709677419354839,0.9641025641025641
0.959731543624161,0.9698660714285715,0.9952101309189287,0.96875,0.9047619047619048,0.9763779527559056
0.9467455621301775,0.9792982456140351,0.9975034410141127,0.9533333333333334,0.8947368421052632,0.9694915254237289
0.965034965034965,0.9900621118012423,0.9975318717046332,0.9739130434782609,0.9285714285714286,0.9781659388646288
0.9568965517241379,0.9800944669365722,0.9911214386006224,0.9871794871794872,0.8947368421052632,0.9685534591194969
0.9831460674157303,0.9950326797385621,0.9992399481270825,0.9803921568627451,1.0,0.9900990099009901
0.9424460431654677,0.9691131498470947,0.9915321258742789,0.963302752293578,0.8666666666666667,0.963302752293578
0.9451219512195121,0.9798507462686566,0.9955464124731263,0.9626865671641791,0.8666666666666667,0.9662921348314607
0.958904109589041,0.9836065573770492,0.9968803398557631,0.9672131147540983,0.9166666666666666,0.9752066115702479
0.95,0.983857264231096,0.9954337377454994,0.9719626168224299,0.8787878787878788,0.9674418604651163
0.9493670886075949,0.9890551708733526,0.9967984955357496,0.9834710743801653,0.8378378378378378,0.967479674796748
0.9328859060402684,0.9744208494208494,0.9919662078527507,0.9642857142857143,0.8378378378378378,0.9557522123893806
0.9416058394160584,0.9885057471264368,0.9943152495845174,0.9770114942528736,0.88,0.9550561797752809
0.9290780141843972,0.9776376146788991,0.9940939894366394,0.963302752293578,0.8125,0.9545454545454546
0.96875,0.9918831168831168,0.9982588722870886,0.9924242424242424,0.8571428571428571,0.9812734082397003
0.90625,0.9611063094209161,0.9847065534638848,0.9550561797752809,0.7948717948717948,0.9340659340659341
0.9310344827586207,0.9862119013062409,0.9954464493843785,0.9622641509433962,0.8461538461538461,0.9532710280373832
0.9801324503311258,0.996236559139785,0.9990312024868657,0.9916666666666667,0.9354838709677419,0.9875518672199171
0.958041958041958,0.9952852428099952,0.9980845114901076,0.9801980198019802,0.9047619047619048,0.9705882352941176
0.9507042253521126,0.9919372900335945,0.9964584358091491,0.968421052631579,0.9148936170212766,0.9633507853403142
0.9527027027027027,0.9739837398373984,0.9947856101511966,0.991869918699187,0.76,0.9721115537848606
0.9259259259259259,0.9721941354903944,0.9886055403502874,0.9565217391304348,0.8604651162790697,0.946236559139785
0.9541984732824428,0.9886904761904762,0.995922762385201,1.0,0.8285714285714286,0.9696969696969697
0.9558823529411765,0.9847461865466366,0.9935964857068325,0.978494623655914,0.9069767441860465,0.9680851063829787
0.9602649006622517,0.9825783972125436,0.996046297826662,0.967479674796748,0.9285714285714286,0.9754098360655737
0.9057971014492754,0.9721701899919722,0.9905311276407258,0.9702970297029703,0.7297297297297297,0.937799043062201
0.971830985915493,0.9883236030025021,0.9969397041494823,0.981651376146789,0.9393939393939394,0.981651376146789
0.9305555555555556,0.9741889651906228,0.9900871811902138,0.9805825242718447,0.8048780487804879,0.9528301886792453
0.9071428571428571,0.96833382657591,0.9915587746002752,0.9724770642201835,0.6774193548387096,0.9422222222222222
0.9784172661870504,0.9900990099009901,0.9967284468229975,0.9702970297029703,1.0,0.9849246231155779
0.9626865671641791,0.9871967654986523,0.9968519166883518,0.9716981132075472,0.9285714285714286,0.976303317535545
0.9054054054054054,0.967479674796748,0.9937602743420313,0.9512195121951219,0.68,0.9435483870967742
0.9477611940298507,0.9764150943396226,0.9943047737561888,0.9528301886792453,0.9285714285714286,0.9665071770334929
0.9533333333333334,0.9844913151364765,0.9967060543235653,0.9758064516129032,0.8461538461538461,0.9718875502008032
0.9481481481481482,0.9748498498498498,0.9948068405789774,0.972972972972973,0.8333333333333334,0.968609865470852
0.9539473684210527,0.981555333998006,0.9949013884232187,0.9745762711864406,0.8823529411764706,0.9704641350210971
0.9770992366412213,0.9843966712898752,0.9962975152213263,0.970873786407767,1.0,0.9852216748768473
0.9710982658959537,0.9846376811594203,0.9977136395850026,0.98,0.9130434782608695,0.9832775919732442
0.9512195121951219,0.986046511627907,0.9923738893629207,0.975,0.9069767441860465,0.9629629629629629
0.9423076923076923,0.9695664656904966,0.9933942428597854,0.9612403100775194,0.8518518518518519,0.9649805447470817
0.9541984732824428,0.981622746185853,0.9952147462139704,0.9805825242718447,0.8571428571428571,0.9711538461538461
0.9770992366412213,0.9887362637362638,0.9955947571119812,0.989010989010989,0.95,0.9836065573770492
0.8928571428571429,0.9793197278911564,0.9935431104616769,0.9714285714285714,0.6571428571428571,0.9315068493150684
0.9426229508196722,0.987848932676519,0.9956983629397422,0.9655172413793104,0.8857142857142857,0.96
0.9637681159420289,0.9820987654320988,0.9952584085042548,0.9722222222222222,0.9333333333333333,0.9767441860465116
0.9333333333333333,0.9627777777777778,0.9914454574275,0.95,0.8666666666666667,0.957983193277311
0.9752066115702479,0.9846779237023139,0.9939376006751038,0.9634146341463414,1.0,0.9813664596273292
0.9698795180722891,0.9855072463768115,0.9970552598594457,0.9927536231884058,0.8571428571428571,0.982078853046595
0.9712230215827338,0.9936406995230525,0.9979526735385937,0.9803921568627451,0.9459459459459459,0.9803921568627451
0.959349593495935,0.9924731182795699,0.997665452068035,0.989247311827957,0.8666666666666667,0.9735449735449735
0.9280575539568345,0.9810659186535764,0.9917653078148069,0.978494623655914,0.8260869565217391,0.9479166666666666
0.9375,0.9771929824561404,0.9944918695690987,0.956140350877193,0.8666666666666667,0.960352422907489
0.9512195121951219,0.9805709754163362,0.9947017206802826,0.9587628865979382,0.9230769230769231,0.96875
0.9751552795031055,0.998014888337469,0.9995390312750878,1.0,0.8709677419354839,0.9848484848484849
0.9375,0.9664408866995073,0.9919365866609304,0.9568965517241379,0.8571428571428571,0.961038961038961
0.9527027027027027,0.9858407079646018,0.9955881852612556,0.9911504424778761,0.8285714285714286,0.9696969696969697
0.9483870967741935,0.9771071800208116,0.9948491426455988,0.9516129032258065,0.9354838709677419,0.9672131147540983
0.9591836734693877,0.9826229508196721,0.9965598327570349,0.9836065573770492,0.84,0.975609756097561
0.950354609929078,0.9851453855878635,0.996380252332244,0.9911504424778761,0.7857142857142857,0.9696969696969697
0.9664429530201343,0.9840647857889236,0.9956887200401706,0.9741379310344828,0.9393939393939394,0.9783549783549783
0.9366197183098591,0.9824967824967824,0.9941959812756889,0.9714285714285714,0.8378378378378378,0.9577464788732394
0.9507042253521126,0.9824423480083857,0.9948592505019362,0.9716981132075472,0.8888888888888888,0.9671361502347418
0.9844961240310077,0.9944827586206896,0.9985185185185186,0.98,1.0,0.98989898989899
0.951048951048951,0.9894179894179894,0.9966707567167316,0.9722222222222222,0.8857142857142857,0.967741935483871
0.967741935483871,0.9822134387351779,0.9968310428325884,0.9772727272727273,0.9130434782608695,0.9809885931558935
0.9318181818181818,0.9710743801652894,0.9866787743291991,0.9659090909090909,0.8636363636363636,0.9497206703910615
0.9285714285714286,0.9673913043478262,0.9895775147935941,0.9456521739130435,0.8823529411764706,0.9508196721311475
0.9273743016759777,0.9680459770114942,0.9938854024962617,0.9666666666666667,0.7241379310344828,0.9570957095709571
0.9502762430939227,0.9817948717948718,0.997169222246947,0.967948717948718,0.84,0.9710610932475884
0.9236111111111112,0.9528218694885361,0.9933494242882762,0.9444444444444444,0.7777777777777778,0.9558232931726908
0.9281045751633987,0.9777777777777779,0.99393111860038,0.9416666666666667,0.8787878787878788,0.9535864978902954
0.9465648854961832,0.970967741935484,0.9914131950877696,0.97,0.8709677419354839,0.9651741293532339
0.9618320610687023,0.9871534820824881,0.9966047734667878,0.9705882352941176,0.9310344827586207,0.9753694581280788
0.9781021897810219,0.9963481436396835,0.9989892183288409,0.9716981132075472,1.0,0.9856459330143541
0.9774436090225563,0.993674889310563,0.9982899198843599,0.9901960784313726,0.9354838709677419,0.9853658536585366
0.9851851851851852,0.9953416149068324,0.9990402085331058,1.0,0.9130434782608695,0.9911504424778761
0.9536423841059603,0.9768595041322314,0.9945281524320939,0.9586776859504132,0.9333333333333333,0.9707112970711297
0.967479674796748,0.9814814814814814,0.9959820880873509,0.9595959595959596,1.0,0.979381443298969
0.9855072463768116,0.9976643309976644,0.9994655672621775,0.9819819819819819,1.0,0.990909090909091
0.9689922480620154,0.9826030927835052,0.9951591214701928,0.9587628865979382,1.0,0.9789473684210527
0.927007299270073,0.9753894080996885,0.9934018298958525,0.9439252336448598,0.8666666666666667,0.9528301886792453
0.9523809523809523,0.9741935483870968,0.9921935652402534,0.9578947368421052,0.9354838709677419,0.9680851063829787
0.9358974358974359,0.9788387096774193,0.9951974787689858,0.952,0.8709677419354839,0.9596774193548387
0.9655172413793104,0.9838888888888889,0.9974656891680503,0.9733333333333334,0.9166666666666666,0.9798657718120806
0.9635036496350365,0.9887401095556908,0.996969320952335,0.9716981132075472,0.9354838709677419,0.976303317535545
0.953125,0.9820419022281343,0.9949515951937029,0.9587628865979382,0.9354838709677419,0.96875
0.9072847682119205,0.9622926093514329,0.989544192594293,0.9487179487179487,0.7647058823529411,0.940677966101695
0.9285714285714286,0.9844804318488528,0.9966913958765633,0.9824561403508771,0.6923076923076923,0.9572649572649573
0.9574468085106383,0.9766118836915296,0.9939700715639772,0.9823008849557522,0.8571428571428571,0.9736842105263158
0.96875,0.9798432250839866,0.9972779030461695,0.9787234042553191,0.8947368421052632,0.9822064056939501
0.9657534246575342,0.9847701149425288,0.9961423760901723,0.9741379310344828,0.9333333333333333,0.9783549783549783
0.9536423841059603,0.987076923076923,0.9972379556949668,0.96,0.9230769230769231,0.97165991902834
0.9553571428571429,0.9882113821138211,0.9956928243342442,0.9878048780487805,0.8666666666666667,0.9700598802395209
0.910958904109589,0.944871794871795,0.9881364970173825,0.975,0.6153846153846154,0.9473684210526315
0.9565217391304348,0.979739010989011,0.9952287378058186,0.9642857142857143,0.9230769230769231,0.972972972972973
0.9285714285714286,0.9747502774694784,0.9922963583616684,0.9622641509433962,0.8235294117647058,0.9532710280373832
0.9144736842105263,0.9619791666666666,0.990016442400647,0.9416666666666667,0.8125,0.9456066945606695
0.9574468085106383,0.9883059418457649,0.9973164177695699,0.9646017699115044,0.9285714285714286,0.9732142857142857
0.968944099378882,0.9899443731279418,0.997109426510627,0.975609756097561,0.9473684210526315,0.9795918367346939
0.9435483870967742,0.9840120663650075,0.9930505688616043,0.9647058823529412,0.8974358974358975,0.9590643274853801
0.9154929577464789,0.9588859416445624,0.9910538047236646,0.9827586206896551,0.6153846153846154,0.95
0.9710144927536232,0.9894482966536027,0.9968985758074861,0.9813084112149533,0.9354838709677419,0.9813084112149533
0.9590163934426229,0.9953823953823954,0.9973589812475,0.987012987012987,0.9111111111111111,0.9681528662420382
0.9746835443037974,0.9928482587064678,0.9987144399181919,0.9850746268656716,0.9166666666666666,0.9850746268656716
0.9788732394366197,0.9897727272727272,0.997317436661699,0.9727272727272728,1.0,0.9861751152073732
0.9722222222222222,0.9907407407407407,0.9968658180561499,0.9814814814814815,0.9444444444444444,0.9814814814814815
0.9696969696969697,0.9906191369606004,0.9963785120840455,0.978021978021978,0.9512195121951219,0.978021978021978
0.924812030075188,0.9776881720430107,0.9907985056714621,0.978494623655914,0.8,0.9479166666666666
0.9523809523809523,0.9745604190048635,0.9931988953974417,0.9797979797979798,0.8518518518518519,0.97
0.920863309352518,0.9755351681957187,0.9937755265792858,0.9541284403669725,0.8,0.9497716894977168
0.9492753623188406,0.9786435786435786,0.9935099977703956,0.9714285714285714,0.8787878787878788,0.966824644549763
0.9426229508196722,0.9907738095238096,0.995429406183217,0.9875,0.8571428571428571,0.9575757575757575
0.9444444444444444,0.9849624060150376,0.9968581456228012,0.9473684210526315,0.9310344827586207,0.9655172413793104
0.9076923076923077,0.9688888888888889,0.9873578974521977,0.9555555555555556,0.8,0.9347826086956522
0.948905109489051,0.9775910364145658,0.9930673789084153,0.9705882352941176,0.8857142857142857,0.9658536585365853
0.9559748427672956,0.9808184143222506,0.9968346764637147,0.9779411764705882,0.8260869565217391,0.9743589743589743
0.9662162162162162,0.9871304347826088,0.9977605508096392,0.976,0.9130434782608695,0.9799196787148594
0.9416666666666667,0.9818774918448713,0.9939629103891254,0.9662921348314607,0.8709677419354839,0.9608938547486033
0.9512195121951219,0.9828313253012049,0.9927175154546568,0.9518072289156626,0.95,0.9634146341463414
0.9122807017543859,0.9698316926008257,0.9827319633761247,0.9402985074626866,0.8723404255319149,0.9264705882352942
0.9463087248322147,0.9823848238482386,0.9942702799073534,0.9629629629629629,0.9024390243902439,0.9629629629629629
0.9333333333333333,0.9654736842105264,0.9912946350333798,0.9578947368421052,0.84,0.9578947368421052
0.9300699300699301,0.9806412583182091,0.995389677179675,0.9824561403508771,0.7241379310344828,0.9572649572649573
0.9370629370629371,0.9725663716814158,0.9929856322812813,0.9380530973451328,0.9333333333333333,0.9592760180995475
0.9769230769230769,0.9988888888888888,0.99951425386208,0.9888888888888889,0.95,0.9834254143646409
0.9246575342465754,0.9616228070175439,0.9895609418453515,0.9736842105263158,0.75,0.9527896995708155
0.9626865671641791,0.9905882352941177,0.996822432095503,0.99,0.8823529411764706,0.9753694581280788
0.9485294117647058,0.9893081761006289,0.9970727269253109,0.9528301886792453,0.9333333333333333,0.9665071770334929
0.9751552795031055,0.9867346938775511,0.9980590348535215,0.9857142857142858,0.9047619047619048,0.9857142857142858
0.940677966101695,0.9682765151515152,0.9930770727269451,0.96875,0.8181818181818182,0.9637305699481865
0.9829059829059829,1.0,0.9999999999999999,0.9761904761904762,1.0,0.9879518072289156
0.9459459459459459,0.9774647887323944,0.9887607698838303,0.971830985915493,0.9,0.9583333333333334
0.9343065693430657,0.9768715763846623,0.9931282190225257,0.9528301886792453,0.8709677419354839,0.957345971563981
0.9746835443037974,0.9909125331313897,0.9988241793815749,0.9856115107913669,0.8947368421052632,0.9856115107913669
0.9631901840490797,0.9922799794132784,0.9983692015387088,1.0,0.7931034482758621,0.9781021897810219
0.9883040935672515,0.9951814058956916,0.9992658730158731,0.9863945578231292,1.0,0.9931506849315068
0.9861111111111112,0.9956319956319957,0.9987887046710576,0.9819819819819819,1.0,0.990909090909091
0.9565217391304348,0.9788011695906432,0.9956729382707785,0.9824561403508771,0.8333333333333334,0.9739130434782609
1.0,1.0,1.0000000000000004,1.0,1.0,1.0
0.9444444444444444,0.9723837209302325,0.9875910110717872,0.9651162790697675,0.9,0.9595375722543352
0.9518072289156626,0.9726360595925813,0.9954987124397449,0.958041958041958,0.9130434782608695,0.9716312056737588
0.9312977099236641,0.9680232558139535,0.9858342038308199,0.9886363636363636,0.813953488372093,0.9508196721311475
0.9210526315789473,0.9712248535777948,0.9922512000070779,0.9495798319327731,0.8181818181818182,0.9495798319327731
0.9464285714285714,0.9707830151928322,0.9966432115533529,0.9536423841059603,0.8823529411764706,0.9696969696969697
0.9849624060150376,0.99137311286844,0.9981284416877617,0.9813084112149533,1.0,0.9905660377358491
0.9761904761904762,0.9972669298511996,0.9989029670358861,0.9887640449438202,0.9459459459459459,0.9832402234636871
0.9407894736842105,0.97265625,0.9928990902671792,0.9583333333333334,0.875,0.9623430962343096
0.9776119402985075,0.9961924541363792,0.999128781878663,0.9719626168224299,1.0,0.985781990521327
0.9318181818181818,0.9924412094064949,0.9971463457365509,0.9893617021276596,0.7894736842105263,0.9538461538461539
0.9455782312925171,0.9803220035778175,0.9928602867617998,0.9807692307692307,0.8604651162790697,0.9622641509433962
0.9166666666666666,0.9852579852579852,0.9958063948382819,0.9819819819819819,0.696969696969697,0.9478260869565217
0.9689922480620154,0.99009900990099,0.9974757768780161,0.9603960396039604,1.0,0.9797979797979798
0.9338235294117647,0.9826989619377162,0.9945921601571674,0.9901960784313726,0.7647058823529411,0.957345971563981
0.9241379310344827,0.9731923266109198,0.9908079912608374,0.9532710280373832,0.8421052631578947,0.9488372093023256
0.948905109489051,0.9821548821548821,0.9960112547866582,0.9545454545454546,0.9259259259259259,0.967741935483871
0.9609375,0.9829545454545454,0.9929776045942226,0.9886363636363636,0.9,0.9720670391061452
0.9555555555555556,0.9828947368421053,0.9937509829150003,0.9789473684210527,0.9,0.96875
0.9508196721311475,0.9785575048732944,0.9942580814382795,0.9789473684210527,0.8518518518518519,0.96875
0.9408284023668639,0.9821322215604527,0.9972661236367784,0.958904109589041,0.8260869565217391,0.9655172413793104
0.9726027397260274,0.9915254237288136,0.9981291006014215,0.9661016949152542,1.0,0.9827586206896551
0.9591836734693877,0.979020979020979,0.9957163976154387,0.9834710743801653,0.8461538461538461,0.9754098360655737
0.9567901234567902,0.9870365569095151,0.9973736695719813,0.9624060150375939,0.9310344827586207,0.973384030418251
0.948905109489051,0.9703571428571428,0.9936861063981611,0.9553571428571429,0.92,0.9683257918552036
0.9624060150375939,0.9881422924901186,0.9974104160757444,0.9727272727272728,0.9130434782608695,0.9771689497716894
0.9407407407407408,0.9776315789473684,0.9913703451644431,0.9578947368421052,0.9,0.9578947368421052
0.9461538461538461,0.9776785714285714,0.9933093518220909,0.9693877551020408,0.875,0.9644670050761421
0.9523809523809523,0.9792929292929293,0.9977304992119864,0.9621212121212122,0.8666666666666667,0.9731800766283525
0.9432624113475178,0.9719576719576719,0.990727522035802,0.9809523809523809,0.8333333333333334,0.9626168224299065
0.8991596638655462,0.9693877551020408,0.9821006482577959,0.9714285714285714,0.7959183673469388,0.918918918918919
0.9772727272727273,0.9947964493419038,0.9984235209235208,0.98989898989899,0.9393939393939394,0.9849246231155779
0.9384615384615385,0.978784609852571,0.9945624959000233,0.9805825242718447,0.7777777777777778,0.9619047619047619
0.9375,0.9735795454545455,0.9890876853075974,0.9545454545454546,0.9,0.9545454545454546
0.9733333333333334,0.9855999999999999,0.9972678741541885,0.984,0.92,0.984
0.9105691056910569,0.9704819277108434,0.9860157731631646,0.963855421686747,0.8,0.935672514619883
0.953125,0.9912390488110138,0.9969155113339557,1.0,0.8235294117647058,0.9690721649484536
0.9520958083832335,0.9794317217981339,0.9944876847956436,0.9694656488549618,0.8888888888888888,0.9694656488549618
0.9104477611940298,0.9595687331536388,0.9896860033469944,0.9433962264150944,0.7857142857142857,0.9433962264150944
0.9743589743589743,0.9907388351512657,0.9968121632912245,0.9823008849557522,0.9534883720930233,0.9823008849557522
0.967948717948718,0.9930555555555555,0.9987796471699558,0.9772727272727273,0.9166666666666666,0.9809885931558935
0.9545454545454546,0.9788359788359788,0.9945147670597476,0.9619047619047619,0.9259259259259259,0.9711538461538461
0.9735099337748344,1.0,1.0,1.0,0.8571428571428571,0.984
0.9613259668508287,0.987919737919738,0.9974012916898471,0.9797297297297297,0.8787878787878788,0.9764309764309764
0.9659863945578231,0.9845679012345679,0.9966275874656872,0.975,0.9259259259259259,0.9790794979079498
0.9508196721311475,0.9737841945288754,0.9926643660330109,0.9574468085106383,0.9285714285714286,0.967741935483871
0.9140625,0.9853068280034573,0.9938506638414983,0.9887640449438202,0.7435897435897436,0.9411764705882353
0.9323308270676691,0.9850788288288288,0.9946372692668809,0.96875,0.8378378378378378,0.9538461538461539
0.936046511627907,0.9701149425287355,0.994634595428592,0.9793103448275862,0.7037037037037037,0.9627118644067797
0.9384615384615385,0.9755892255892256,0.9952409528236155,0.9444444444444444,0.9090909090909091,0.9622641509433962
0.9591836734693877,0.9912727272727273,0.9984798135942439,0.968,0.9090909090909091,0.9758064516129032
0.953125,0.9763884270036581,0.9926675588533056,0.979381443298969,0.8709677419354839,0.9693877551020408
0.9659863945578231,0.9927437641723356,0.9970595822544335,0.9904761904761905,0.9047619047619048,0.9765258215962441
0.9224806201550387,0.9661538461538461,0.991964165517093,0.9423076923076923,0.84,0.9514563106796117
0.9548872180451128,0.9916142557651992,0.9980671525874806,0.9811320754716981,0.8518518518518519,0.9719626168224299
0.9669421487603306,0.9930693069306931,0.998619235063515,0.9801980198019802,0.9,0.9801980198019802
0.9416058394160584,0.9886486486486487,0.9960606868861899,0.98,0.8378378378378378,0.9607843137254902
0.9637681159420289,0.991045991045991,0.9984442629837056,0.9743589743589743,0.9047619047619048,0.9785407725321889
0.9496402877697842,0.9708791208791209,0.9918473831188785,0.9519230769230769,0.9428571428571428,0.9658536585365853
0.9933333333333333,0.9971804511278197,0.9991359447004607,0.9910714285714286,1.0,0.9955156950672646
0.910828025477707,0.9442160892542572,0.9890137761403444,0.9389312977099237,0.7692307692307693,0.9461538461538461
0.952755905511811,0.9851540616246498,0.9938945112013555,0.9764705882352941,0.9047619047619048,0.9651162790697675
0.9166666666666666,0.9797404241848686,0.9912869694196691,0.9753086419753086,0.7948717948717948,0.9404761904761905
0.9920634920634921,0.9986966438579342,0.9995565901784724,0.989247311827957,1.0,0.9945945945945946
0.9545454545454546,0.9813284358738904,0.9946005531466175,0.9595959595959596,0.9393939393939394,0.9693877551020408
0.9411764705882353,0.9886075949367089,0.9944217888959853,0.9873417721518988,0.85,0.9570552147239264
0.9069767441860465,0.9613003095975232,0.987375910232198,0.9368421052631579,0.8235294117647058,0.9368421052631579
0.9481481481481482,0.9780952380952381,0.9937677841843157,0.9714285714285714,0.8666666666666667,0.966824644549763
0.9602649006622517,0.9864734299516909,0.9959031430365611,0.9652173913043478,0.9444444444444444,0.9736842105263158
0.9683544303797469,0.9913194444444444,0.9979344990909668,0.9761904761904762,0.9375,0.9800796812749004
0.9710982658959537,0.9832375478927202,0.9965338569142947,0.9930555555555556,0.8620689655172413,0.9828178694158075
0.9166666666666666,0.9659391534391534,0.9871893416112489,0.9047619047619048,0.9444444444444444,0.9382716049382716
0.9548872180451128,0.9916274201988488,0.9961644957607485,0.978021978021978,0.9047619047619048,0.967391304347826
1.0,1.0,1.0,1.0,1.0,1.0
0.940677966101695,0.9915311653116531,0.9966553194339969,0.9878048780487805,0.8333333333333334,0.9585798816568047
0.9705882352941176,0.9925545571245186,0.9968569847427059,0.9789473684210527,0.9512195121951219,0.9789473684210527
0.9440559440559441,0.9847972972972973,0.995876625625466,0.9819819819819819,0.8125,0.9646017699115044
0.9428571428571428,0.9763832658569501,0.9948634195313554,0.9649122807017544,0.8461538461538461,0.9649122807017544
0.9481481481481482,0.9754962779156328,0.9923712848769769,0.9711538461538461,0.8709677419354839,0.9665071770334929
0.9664429530201343,0.9876750700280111,0.9971552410437862,0.957983193277311,1.0,0.9785407725321889
0.9675324675324676,0.9897931034482759,0.9977076202073075,0.992,0.8620689655172413,0.9802371541501976
0.9760479041916168,0.9962049335863378,0.9991719677353038,0.9852941176470589,0.9354838709677419,0.9852941176470589
0.9629629629629629,0.986031746031746,0.9963250049183553,0.9714285714285714,0.9333333333333333,0.9760765550239234
0.9708029197080292,0.9969072164948454,0.9987751352454833,1.0,0.9,0.9797979797979798
0.8939393939393939,0.9744565217391304,0.9897923615705987,0.9782608695652174,0.7,0.9278350515463918
0.9022556390977443,0.9436339522546419,0.9847738370069087,0.9711538461538461,0.6551724137931034,0.9395348837209302
0.9570552147239264,0.9804389312977099,0.9955091470215953,0.9618320610687023,0.9375,0.972972972972973
0.9558823529411765,0.9847094801223242,0.9963545643380938,0.981651376146789,0.8518518518518519,0.9727272727272728
0.958904109589041,0.9818396226415095,0.9940303357948461,0.9622641509433962,0.95,0.9714285714285714
0.9455782312925171,0.9708059210526315,0.9957272215842528,0.953125,0.8947368421052632,0.9682539682539683
0.9666666666666667,0.9959663865546219,0.9983384869869645,0.9764705882352941,0.9428571428571428,0.9764705882352941
0.9805194805194806,0.9956782713085234,0.9988182773109244,0.9747899159663865,1.0,0.9872340425531915
0.9276315789473685,0.9669270833333333,0.991484920065461,0.975,0.75,0.9551020408163265
0.9583333333333334,0.9842245989304813,0.9953630399153668,0.9636363636363636,0.9411764705882353,0.9724770642201835
0.9366197183098591,0.9710100701861459,0.993161813944071,0.9557522123893806,0.8620689655172413,0.96
0.9606299212598425,0.9895833333333333,0.9967010666224734,0.9895833333333334,0.8709677419354839,0.9743589743589743
0.937984496124031,0.974922600619195,0.9917209754331006,0.9789473684210527,0.8235294117647058,0.9587628865979382
0.9567901234567902,0.9821673525377229,0.9964067709534061,0.9777777777777777,0.8518518518518519,0.974169741697417
0.935251798561151,0.9823232323232324,0.9929394083795943,0.9494949494949495,0.9,0.9543147208121827
0.9624060150375939,0.9915857605177995,0.9976743535458474,0.970873786407767,0.9333333333333333,0.975609756097561
0.9609375,0.9797979797979798,0.9939357153414581,0.98989898989899,0.8620689655172413,0.9751243781094527
0.9849624060150376,0.9980106100795756,0.9994522440549292,1.0,0.9310344827586207,0.9904761904761905
0.9710144927536232,0.9938186813186813,0.9985948099787385,0.9821428571428571,0.9230769230769231,0.9821428571428571
0.9590163934426229,0.9877976190476191,0.9946109176990106,0.9625,0.9523809523809523,0.9685534591194969
0.9312977099236641,0.9724799010513296,0.9920387404935034,0.9489795918367347,0.8787878787878788,0.9538461538461539
0.9671052631578947,0.9858267716535433,0.9973877733890195,0.9606299212598425,1.0,0.9799196787148594
0.9699248120300752,0.9870719776380154,0.9970554299472445,0.9622641509433962,1.0,0.9807692307692307
0.9606299212598425,0.9872852233676975,0.996306414787963,0.9896907216494846,0.8666666666666667,0.9746192893401016
0.952755905511811,0.9814432989690721,0.9948333711328665,0.979381443298969,0.8666666666666667,0.9693877551020408
0.9432624113475178,0.9824507389162562,0.9955845981296412,0.9821428571428571,0.7931034482758621,0.9649122807017544
0.984251968503937,0.9960526315789473,0.9988194786030498,0.9789473684210527,1.0,0.9893617021276596
0.9712230215827338,0.9874338624338623,0.9972855617624069,0.9642857142857143,1.0,0.9818181818181818
0.9230769230769231,0.9676505312868949,0.9909941541058167,0.9669421487603306,0.7714285714285715,0.9512195121951219
0.890625,0.9656699889258029,0.9849908088382049,0.9534883720930233,0.7619047619047619,0.9213483146067416
0.9315068493150684,0.9674369747899159,0.9906888062472111,0.9642857142857143,0.8235294117647058,0.9557522123893806
0.9481481481481482,0.9839199029126213,0.9954295363335095,0.9514563106796117,0.9375,0.9655172413793104
0.9820359281437125,0.99265605875153,0.9979437869573258,0.9922480620155039,0.9473684210526315,0.9884169884169884
0.9495798319327731,0.9815789473684211,0.995686007826028,0.9578947368421052,0.9166666666666666,0.9680851063829787
0.9659863945578231,0.9843070980202802,0.9948196639881666,0.9724770642201835,0.9473684210526315,0.9769585253456221
0.9627329192546584,0.9881889763779528,0.9970768074730763,0.968503937007874,0.9411764705882353,0.9761904761904762
0.9428571428571428,1.0,1.0,1.0,0.7777777777777778,0.9629629629629629
0.9463087248322147,0.9847972972972974,0.9954236575344518,0.9642857142857143,0.8918918918918919,0.9642857142857143
0.9478260869565217,0.9853068280034573,0.9958679241498507,0.9775280898876404,0.8461538461538461,0.9666666666666667
0.9262295081967213,0.9751861042183624,0.9916093647688916,0.967032967032967,0.8064516129032258,0.9513513513513514
0.9285714285714286,0.9609090909090909,0.9895440552710228,0.9636363636363636,0.8,0.954954954954955
0.9586206896551724,0.9830220713073006,0.995602786521299,0.9649122807017544,0.9354838709677419,0.9734513274336283
0.967741935483871,0.9957516339869281,0.9984573655248198,0.9777777777777777,0.9411764705882353,0.9777777777777777
0.9708029197080292,0.9912457912457913,0.9979607422790916,0.9636363636363636,1.0,0.9814814814814815
0.904,0.9580265095729013,0.9880181730861504,0.979381443298969,0.6428571428571429,0.9405940594059405
0.9626865671641791,0.995956873315364,0.9989613403669142,0.9905660377358491,0.8571428571428571,0.9767441860465116
0.9363057324840764,0.982905982905983,0.99451451920954,0.9487179487179487,0.9,0.9568965517241379
0.9632352941176471,0.9841269841269841,0.9926299791579442,0.967032967032967,0.9555555555555556,0.9723756906077348
0.9779411764705882,0.9963963963963964,0.9992554538009084,0.990990990990991,0.92,0.9865470852017937
0.958904109589041,0.9913793103448276,0.9978779501766702,0.9655172413793104,0.9333333333333333,0.9739130434782609
0.9662162162162162,0.9934123847167327,0.9982472826086954,0.9565217391304348,1.0,0.9777777777777777
0.9266666666666666,0.9523076923076923,0.9931672040290409,0.9461538461538461,0.8,0.9571984435797666
0.9673202614379085,0.9819574888779041,0.9949441692515445,0.9915966386554622,0.8823529411764706,0.979253112033195
0.9230769230769231,0.9790139906728847,0.9904731743265438,0.9620253164556962,0.8421052631578947,0.9440993788819876
0.9461538461538461,0.9778081256401502,0.9943391782733446,0.9504950495049505,0.9310344827586207,0.964824120603015
0.9574468085106383,0.9886289798570501,0.9973612437882444,0.9824561403508771,0.8518518518518519,0.9739130434782609
0.9738562091503268,0.9923526765632029,0.9976522293084813,0.9824561403508771,0.9487179487179487,0.9824561403508771
0.9636363636363636,0.983159828536436,0.997268242917589,0.9859154929577465,0.8260869565217391,0.9790209790209791
0.9264705882352942,0.9666005291005291,0.9913963121826113,0.9444444444444444,0.8571428571428571,0.9532710280373832
0.9037037037037037,0.9499332443257676,0.9868413872504204,0.9532710280373832,0.7142857142857143,0.9400921658986175
0.9217391304347826,0.9823042168674698,0.9941485783040679,0.9879518072289156,0.75,0.9479768786127167
0.9328859060402684,0.9823848238482386,0.9935891375182342,1.0,0.7560975609756098,0.9557522123893806
0.9732142857142857,0.9922725676150334,0.9956962327821888,0.9863013698630136,0.9487179487179487,0.9795918367346939
0.9708029197080292,0.9933049300060863,0.9980837001668155,0.9811320754716981,0.9354838709677419,0.9811320754716981
0.9855072463768116,0.9986653319986653,0.9996810970262299,1.0,0.9259259259259259,0.9910714285714286
0.9689922480620154,0.9929278642149929,0.9982100683856066,0.9603960396039604,1.0,0.9797979797979798
0.9702380952380952,0.9910044977511244,0.9985698288067154,0.993103448275862,0.8260869565217391,0.9829351535836177
0.9428571428571428,0.9850434782608695,0.996909068131291,0.9478260869565217,0.92,0.9646017699115044
0.9328358208955224,0.9806985294117647,0.9941672904765628,0.9705882352941176,0.8125,0.9565217391304348
0.9230769230769231,0.9719530851606324,0.9907801948794218,0.9528301886792453,0.8378378378378378,0.9483568075117371
0.928,0.9856569133677567,0.9931219009512163,0.9879518072289156,0.8095238095238095,0.9479768786127167
1.0,1.0,1.0,1.0,1.0,1.0
0.9307692307692308,0.9894898743911817,0.9943596931410706,0.9879518072289156,0.8297872340425532,0.9479768786127167
0.951048951048951,0.9783050847457627,0.9955423978759237,0.9745762711864406,0.84,0.9704641350210971
0.967741935483871,0.9861660079051383,0.9978208728208727,0.9621212121212122,1.0,0.9806949806949807
0.9850746268656716,0.9935983827493261,0.9984594551742165,0.9811320754716981,1.0,0.9904761904761905
0.9357142857142857,0.9693913043478262,0.9936300937170113,0.9565217391304348,0.84,0.9606986899563319
0.9365079365079365,0.9740740740740741,0.9900932309333191,0.9555555555555556,0.8888888888888888,0.9555555555555556
0.9781021897810219,0.9977116704805492,0.999561403508772,0.9736842105263158,1.0,0.9866666666666667
0.9802631578947368,0.9912087912087911,0.9976151204221378,0.9743589743589743,1.0,0.987012987012987
0.9424460431654677,0.9771557271557272,0.9945980090225065,0.963963963963964,0.8571428571428571,0.963963963963964
0.9605263157894737,0.9865433137089992,0.996798290853496,0.967479674796748,0.9310344827586207,0.9754098360655737
0.9696969696969697,0.9895897121861605,0.9983150828574507,0.9788732394366197,0.9130434782608695,0.9823321554770318
0.968,0.9933726067746687,0.9981817460948056,0.979381443298969,0.9285714285714286,0.979381443298969
0.9810126582278481,0.996031746031746,0.9995175318449526,0.9785714285714285,1.0,0.9891696750902527
0.9767441860465116,0.997979797979798,0.9994227994227993,0.9696969696969697,1.0,0.9846153846153847
0.9673202614379085,0.9949762030671603,0.9987615804163251,0.9754098360655737,0.9354838709677419,0.9794238683127572
0.9432624113475178,0.9800785634118968,0.9942249536108754,0.9814814814814815,0.8181818181818182,0.9636363636363636
0.959731543624161,0.9867178276269185,0.9969551485827992,0.9834710743801653,0.8571428571428571,0.9754098360655737
0.9530201342281879,0.9846517119244392,0.9966381592643428,0.9586776859504132,0.9285714285714286,0.9707112970711297
0.9575757575757575,0.9757521329142343,0.9941947264709092,0.9618320610687023,0.9411764705882353,0.972972972972973
0.9436619718309859,0.9860592481951704,0.9947504356836214,1.0,0.7948717948717948,0.9626168224299065
0.94,0.9818181818181819,0.9938501363180492,0.9727272727272728,0.85,0.9596412556053812
0.9428571428571428,0.9894062576989406,0.9961981700251074,0.9797979797979798,0.8536585365853658,0.9603960396039604
0.9130434782608695,0.9598608509499599,0.9862959249119064,0.9405940594059405,0.8378378378378378,0.9405940594059405
0.9689922480620154,0.9904569115095432,0.9964749187669124,0.978021978021978,0.9473684210526315,0.978021978021978
0.9047619047619048,0.9670014347202296,0.9852967354082001,0.9529411764705882,0.8048780487804879,0.9310344827586207
0.935064935064935,0.974105461393597,0.9924855940345967,0.9661016949152542,0.8333333333333334,0.957983193277311
0.9411764705882353,0.9720506031185643,0.9912161010625726,0.9611650485436893,0.8787878787878788,0.9611650485436893
0.9785714285714285,0.9891598915989159,0.9960984944942164,0.9696969696969697,1.0,0.9846153846153847
0.9367088607594937,0.9789186507936507,0.9947301577696066,0.9682539682539683,0.8125,0.9606299212598425
0.94,0.9829011114277572,0.9958318717879026,0.9586776859504132,0.8620689655172413,0.9626556016597511
0.936,0.9782608695652173,0.992444513087351,0.9782608695652174,0.8181818181818182,0.9574468085106383
0.9253731343283582,0.9652364547447542,0.9901781104449636,0.9611650485436893,0.8064516129032258,0.9519230769230769
0.9920634920634921,0.9980053191489362,0.9993617021276596,0.9893617021276596,1.0,0.9946524064171123
0.9612903225806452,0.9790334044065387,0.9967915532357182,0.9701492537313433,0.9047619047619048,0.9774436090225563
0.9541984732824428,0.9864468864468865,0.9968667613584804,0.9619047619047619,0.9230769230769231,0.9711538461538461
0.9615384615384616,0.9855040142729705,0.9956714737867016,0.9830508474576272,0.8947368421052632,0.9747899159663865
0.971830985915493,0.9942020140372292,0.9986170378696893,0.9823008849557522,0.9310344827586207,0.9823008849557522
0.9383561643835616,0.9824967824967825,0.9943482385674162,0.954954954954955,0.8857142857142857,0.9592760180995475
0.9126984126984127,0.9516651930445034,0.9815070364768297,0.9425287356321839,0.8461538461538461,0.9371428571428572
0.9448275862068966,0.9748376623376623,0.9927151927035605,0.9821428571428571,0.8181818181818182,0.9649122807017544
0.9172932330827067,0.9752186588921283,0.991986479427245,0.9693877551020408,0.7714285714285715,0.945273631840796
0.9565217391304348,0.9805395842547545,0.9968658789875562,0.9831932773109243,0.7894736842105263,0.975
0.9532710280373832,0.9899274778404512,0.9957344119871685,0.9863013698630136,0.8823529411764706,0.9664429530201343
0.9801324503311258,0.9949123798756359,0.9987831962791345,0.9918032786885246,0.9310344827586207,0.9877551020408163
0.9428571428571428,0.9832175925925926,0.9953423710087378,0.9629629629629629,0.875,0.9629629629629629
0.9929078014184397,0.9941348973607039,0.9986013986013984,0.990909090909091,1.0,0.9954337899543378
0.9548387096774194,0.9879175550817342,0.9981384093761723,0.9626865671641791,0.9047619047619048,0.9735849056603774
0.984,0.9948287007110537,0.9980396263806459,1.0,0.9411764705882353,0.9891304347826086
0.9483870967741935,0.9792857142857143,0.9944145353254297,0.9666666666666667,0.8857142857142857,0.9666666666666667
0.8840579710144928,0.9580610021786492,0.9852640677137487,0.9019607843137255,0.8333333333333334,0.92
0.968,0.9873529411764705,0.9939914762080904,0.9764705882352941,0.95,0.9764705882352941
0.9850746268656716,0.9978553921568627,0.9993703903579781,0.9803921568627451,1.0,0.9900990099009901
0.9300699300699301,0.979646017699115,0.9947650737979556,0.9823008849557522,0.7333333333333333,0.9568965517241379
0.9153846153846154,0.9600102537810817,0.9806954498128135,0.9156626506024096,0.9148936170212766,0.9325153374233128
0.9652173913043478,0.9914790018259282,0.9928027344525727,1.0,0.9245283018867925,0.96875
0.9097222222222222,0.9630594364196069,0.9867897026853786,0.970873786407767,0.7560975609756098,0.9389671361502347
0.9032258064516129,0.9639204545454546,0.9818833294901644,0.975,0.7727272727272727,0.9285714285714286
0.921875,0.9692028985507246,0.9881841735370283,0.9565217391304348,0.8333333333333334,0.946236559139785
0.9078014184397163,0.9587301587301588,0.986237136274144,0.9714285714285714,0.7222222222222222,0.9400921658986175
0.9545454545454546,0.9742504409171076,0.993701793995997,0.9809523809523809,0.8518518518518519,0.9716981132075472
0.9671052631578947,0.9901878329128119,0.9977935183113816,0.991869918699187,0.8620689655172413,0.9799196787148594
0.9490445859872612,0.9808728448275863,0.9955750717514891,0.96875,0.8620689655172413,0.96875
0.9615384615384616,0.979779411764706,0.9970266281626418,0.9705882352941176,0.9,0.9777777777777777
0.9236111111111112,0.9754464285714286,0.9934261564834108,0.9732142857142857,0.75,0.9519650655021834
0.9318181818181818,0.9675485008818342,0.991902673095389,0.9714285714285714,0.7777777777777778,0.9577464788732394
0.896551724137931,0.966033966033966,0.9844154760734458,0.948051948051948,0.7948717948717948,0.9240506329113924
0.9328859060402684,0.9757033248081841,0.9931139230781876,0.9652173913043478,0.8235294117647058,0.9568965517241379
0.9647887323943662,0.990053050397878,0.9977947756516435,0.9741379310344828,0.9230769230769231,0.9783549783549783
0.9354838709677419,0.9873303167420814,0.9944091898550687,0.9764705882352941,0.8461538461538461,0.9540229885057471
0.917910447761194,0.9833887043189369,0.9931069910891224,0.989010989010989,0.7674418604651163,0.9424083769633508
0.954248366013072,0.9854633555420957,0.9969368936775428,0.9606299212598425,0.9230769230769231,0.9721115537848606
0.9133858267716536,0.9710027100271003,0.9861838033465217,0.9634146341463414,0.8222222222222222,0.9349112426035503
0.9452054794520548,0.9737394957983193,0.9923185025125255,0.9821428571428571,0.8235294117647058,0.9649122807017544
0.9253731343283582,0.9661740558292282,0.9914336122244407,0.9619047619047619,0.7931034482758621,0.9528301886792453
0.9602649006622517,0.9792542016806722,0.9948529306371087,0.9663865546218487,0.9375,0.9745762711864406
0.9296875,0.9700159489633174,0.9903716244631664,0.968421052631579,0.8181818181818182,0.9533678756476683
0.95,0.9803240740740741,0.9945868932573444,0.9722222222222222,0.875,0.967741935483871
0.9142857142857143,0.9619755244755245,0.9915489397421543,0.951048951048951,0.75,0.9477351916376306
0.9097222222222222,0.9637537239324728,0.988122354161526,0.9528301886792453,0.7894736842105263,0.9395348837209302
0.9302325581395349,0.9775883838383839,0.9932446000658113,0.96875,0.8181818181818182,0.9538461538461539
0.9824561403508771,0.9993648777389647,0.9995673804888602,1.0,0.9574468085106383,0.9852941176470589
0.9285714285714286,0.9723039215686275,0.9921991694916573,0.9583333333333334,0.8235294117647058,0.9543568464730291
0.9078014184397163,0.9357357357357358,0.9837773016271532,0.9369369369369369,0.8,0.9411764705882353
0.9767441860465116,0.9938788659793815,0.9983114113046568,0.9690721649484536,1.0,0.9842931937172775
0.9940828402366864,0.9984032846715328,0.9996451743714518,0.9927007299270073,1.0,0.9963369963369964
0.9477611940298507,0.9925531914893617,0.9970224223373434,0.9680851063829787,0.9,0.9629629629629629
0.9338842975206612,0.9755509641873279,0.9916709783153196,0.9545454545454546,0.8787878787878788,0.9545454545454546
0.9463087248322147,0.9792717086834734,0.9952671965230342,0.9495798319327731,0.9333333333333333,0.9658119658119658
0.9513888888888888,0.9820261437908496,0.9935992700740717,0.9705882352941176,0.9047619047619048,0.9658536585365853
0.9090909090909091,0.9709150326797387,0.9913986273123199,0.9411764705882353,0.8,0.9411764705882353
0.9607843137254902,0.9931428571428572,0.9985628463108778,0.984,0.8571428571428571,0.9761904761904762
0.9262295081967213,0.9718844984802432,0.9920456380398869,0.9680851063829787,0.7857142857142857,0.9528795811518325
0.954248366013072,0.9894179894179894,0.997794450983532,0.9761904761904762,0.8518518518518519,0.9723320158102767
0.9701492537313433,0.9912398921832885,0.997736959558503,0.9811320754716981,0.9285714285714286,0.9811320754716981
0.9194630872483222,0.9669467787114846,0.9918629153753615,0.9327731092436975,0.8666666666666667,0.9487179487179487
0.9813664596273292,0.9949050486336267,0.9988373936479416,0.9763779527559056,1.0,0.9880478087649402
0.9183673469387755,0.9666295884315907,0.9914402403223839,0.9827586206896551,0.6774193548387096,0.95
0.943089430894309,0.987987012987013,0.9954788824346946,0.9886363636363636,0.8285714285714286,0.9613259668508287
0.9572649572649573,0.9763313609467456,0.9901001214968007,0.9615384615384616,0.9487179487179487,0.967741935483871
0.9712230215827338,0.9988052568697731,0.9996693121693122,1.0,0.8709677419354839,0.9818181818181818
0.9556962025316456,0.9809027777777777,0.9952874173166365,0.9761904761904762,0.875,0.9723320158102767
0.9911504424778761,1.0,1.0,0.9868421052631579,1.0,0.9933774834437086
0.9758064516129032,0.9973856209150327,0.9990176523916957,0.9888888888888889,0.9411764705882353,0.9834254143646409
0.9274193548387096,0.9718954248366013,0.9901146094213846,0.9666666666666667,0.8235294117647058,0.9508196721311475
0.9562043795620438,0.9797507788161993,0.9949098564462925,0.9439252336448598,1.0,0.9711538461538461
0.9318181818181818,0.9643790849673203,0.9901633168247416,0.9509803921568627,0.8666666666666667,0.9556650246305419
0.9230769230769231,0.9735338345864663,0.9912774370328302,0.9578947368421052,0.8285714285714286,0.9479166666666666
0.9914529914529915,0.9950716845878137,0.9988626964433415,0.989247311827957,1.0,0.9945945945945946
0.9754098360655737,0.9956521739130435,0.9986690328305237,0.967391304347826,1.0,0.9834254143646409
0.9097744360902256,0.970959595959596,0.9873117814754313,0.9545454545454546,0.8222222222222222,0.9333333333333333
0.9523809523809523,0.9872235872235873,0.9957209548922314,0.9727272727272728,0.8918918918918919,0.9683257918552036
0.9708029197080292,0.9978193146417446,0.9994261354320381,0.9626168224299065,1.0,0.9809523809523809
0.9402985074626866,0.9786324786324787,0.9951023234009346,0.9629629629629629,0.8461538461538461,0.9629629629629629
0.9851851851851852,1.0,0.9999999999999999,0.9807692307692307,1.0,0.9902912621359223
0.9854014598540146,0.994279176201373,0.9989281751387014,0.9824561403508771,1.0,0.9911504424778761
0.9568965517241379,0.9856527977044477,0.9942454899337572,0.9878048780487805,0.8823529411764706,0.9700598802395209
0.9319727891156463,0.9580246913580246,0.9907438642677919,0.95,0.8518518518518519,0.957983193277311
0.9453125,0.9758503401360544,0.992946273439475,0.9489795918367347,0.9333333333333333,0.9637305699481865
0.9855072463768116,0.9988455988455989,0.9996439697374275,1.0,0.9393939393939394,0.9905660377358491
0.9180327868852459,0.9750410509031199,0.9910661919597202,0.9540229885057471,0.8285714285714286,0.9431818181818182
0.9586206896551724,0.9871311989956059,0.9970664913289677,0.9830508474576272,0.8518518518518519,0.9747899159663865
0.983739837398374,0.9972527472527473,0.9991119991119991,0.978021978021978,1.0,0.9888888888888889
0.9259259259259259,0.9826315789473685,0.9930985309854239,0.9789473684210527,0.8,0.9489795918367347
0.9640287769784173,0.9865591397849462,0.9964313052548347,0.9537037037037037,1.0,0.976303317535545
0.9389312977099237,0.9850901525658807,0.9961727811627346,0.9611650485436893,0.8571428571428571,0.9611650485436893
0.9448275862068966,0.9927431059506531,0.9973893223471779,1.0,0.7948717948717948,0.9636363636363636
0.9344262295081968,0.9736744530960326,0.9918118939469514,0.956989247311828,0.8620689655172413,0.956989247311828
0.916030534351145,0.9580218516388729,0.9845161870171615,0.9680851063829787,0.7837837837837838,0.9430051813471503
0.9455782312925171,0.9921915668922435,0.9977254128828765,0.9646017699115044,0.8823529411764706,0.9646017699115044
0.9281045751633987,0.9742424242424242,0.9929745617603861,0.975,0.7575757575757576,0.9551020408163265
0.9333333333333333,0.9833938764919564,0.9931273963891389,0.9468085106382979,0.9024390243902439,0.9518716577540107
0.9224806201550387,0.9693103448275863,0.9911316117209441,0.96,0.7931034482758621,0.9504950495049505
0.937007874015748,0.9851851851851853,0.9961511517508616,0.96,0.8518518518518519,0.96
0.8991596638655462,0.9462585034013605,0.9790853950610048,0.9047619047619048,0.8857142857142857,0.926829268292683
0.9154929577464789,0.9716599190283401,0.9901472381013197,0.9807692307692307,0.7368421052631579,0.9444444444444444
0.9916666666666667,0.998,0.9996153846153847,0.99,1.0,0.9949748743718593
0.9606299212598425,0.9816770186335403,0.9936336426281571,0.9891304347826086,0.8857142857142857,0.9732620320855615
0.971830985915493,0.9894356408117876,0.9971642445400666,0.963302752293578,1.0,0.9813084112149533
0.9675324675324676,0.9916666666666667,0.9978082893266946,0.975,0.9411764705882353,0.9790794979079498
0.9328859060402684,0.9776942355889725,0.9934829491278029,0.9824561403508771,0.7714285714285715,0.9572649572649573
0.9473684210526315,0.979103471520054,0.9964542496785436,0.9689922480620154,0.8260869565217391,0.9689922480620154
0.96,0.9850000000000001,0.9977032567149824,0.9692307692307692,0.9,0.9767441860465116
