Accuracy,AUROC,AUPRC,Sensitivity,Specificity,F1
0.9398496240601504,0.9860368389780154,0.9952369958058269,0.9696969696969697,0.8529411764705882,0.96
0.8854961832061069,0.9652220438737292,0.9841926168939046,0.9438202247191011,0.7619047619047619,0.9180327868852459
0.9349593495934959,1.0,1.0,0.92,1.0,0.9583333333333334
0.9640287769784173,0.9942824471126358,0.9982559973938935,0.9905660377358491,0.8787878787878788,0.9767441860465116
1.0,1.0,0.9999999999999999,1.0,1.0,1.0
0.920863309352518,0.982078853046595,0.9948081198815704,0.9444444444444444,0.8387096774193549,0.9488372093023256
0.92,0.9580124223602484,0.9761864040196866,0.9391304347826087,0.8571428571428571,0.9473684210526315
0.9302325581395349,0.9613003095975232,0.9745329202588152,0.9578947368421052,0.8529411764705882,0.9528795811518325
0.8986486486486487,0.9374264878852034,0.964391871142825,0.944954128440367,0.7692307692307693,0.9321266968325792
0.9183673469387755,0.9437380801017164,0.9783050247044554,0.9586776859504132,0.7307692307692307,0.9508196721311475
0.8492063492063492,0.9432937181663837,0.9821652673916362,0.9157894736842105,0.6451612903225806,0.9015544041450777
0.948905109489051,0.9963917525773196,0.9984980357308647,0.9484536082474226,0.95,0.9633507853403142
0.9105691056910569,0.9859747545582048,0.9953889884866158,0.9347826086956522,0.8387096774193549,0.9398907103825137
0.9090909090909091,0.9187500000000001,0.9434642854682403,0.9625,0.7666666666666667,0.9390243902439024
0.9147286821705426,0.9707170224411604,0.9731765500725719,0.9770114942528736,0.7857142857142857,0.9392265193370166
0.9487179487179487,0.9537754809072638,0.9786618468664886,0.9612403100775194,0.8888888888888888,0.96875
0.9037037037037037,0.9868618618618619,0.9971209691236268,0.9099099099099099,0.875,0.9395348837209302
0.8675496688741722,0.9212121212121213,0.9672487339466787,0.9173553719008265,0.6666666666666666,0.9173553719008265
0.916083916083916,0.9770444763271162,0.9910197659913822,0.9607843137254902,0.8048780487804879,0.9423076923076923
0.9090909090909091,0.9682233991333654,0.9927399121932179,0.9552238805970149,0.7096774193548387,0.9446494464944649
0.9104477611940298,0.9171159029649596,0.9623282315774423,0.9433962264150944,0.7857142857142857,0.9433962264150944
0.944,0.9687320711417097,0.9672237576390655,0.9518072289156626,0.9285714285714286,0.9575757575757575
0.8661417322834646,0.9174725983236621,0.952809140829036,0.9042553191489362,0.7575757575757576,0.9090909090909091
0.9230769230769231,0.9877966101694915,0.9973654480314709,0.9322033898305084,0.88,0.9523809523809523
0.923728813559322,0.9629217649239896,0.9776049558365985,0.9425287356321839,0.8709677419354839,0.9479768786127167
0.9119496855345912,0.9069444444444444,0.9824168283862196,0.9375,0.6666666666666666,0.9507042253521126
0.9281045751633987,0.9121744397334949,0.9621866541507043,0.952755905511811,0.8076923076923077,0.9565217391304348
0.9243697478991597,0.9892241379310345,0.996174027388757,0.9540229885057471,0.84375,0.9485714285714286
0.9044117647058824,0.9437106918238994,0.9746069346303305,0.9528301886792453,0.7333333333333333,0.9395348837209302
0.8873239436619719,0.9225708502024292,0.9416521269474913,0.9230769230769231,0.7894736842105263,0.9230769230769231
0.9555555555555556,0.9962537462537463,0.9993449524365268,0.9545454545454546,0.9615384615384616,0.9735099337748344
0.9022556390977443,0.9499235474006117,0.97952638603877,0.908256880733945,0.875,0.9383886255924171
0.8662420382165605,0.8933189655172414,0.9536062632393751,0.90625,0.6896551724137931,0.9169960474308301
0.8540145985401459,0.9241071428571428,0.9648066924458089,0.9047619047619048,0.6875,0.9047619047619048
0.94,0.9658119658119658,0.9811638681487255,0.9487179487179487,0.9090909090909091,0.961038961038961
0.8854961832061069,0.97953216374269,0.9921475382371121,0.8947368421052632,0.8611111111111112,0.918918918918919
0.8951048951048951,0.9396511079679396,0.9525785094416438,0.9108910891089109,0.8571428571428571,0.9246231155778895
0.9219858156028369,0.9881803188565145,0.9961225487153583,0.9252336448598131,0.9117647058823529,0.9473684210526315
0.9219858156028369,0.953958944281525,0.9761498892267225,0.9545454545454546,0.8064516129032258,0.9502262443438914
0.8968253968253969,0.9442419825072885,0.971541427002404,0.9285714285714286,0.7857142857142857,0.9333333333333333
0.9515151515151515,0.9972451790633609,0.9992888801964945,0.946969696969697,0.9696969696969697,0.9689922480620154
0.8979591836734694,0.9165337586390219,0.9539337429365955,0.9298245614035088,0.7878787878787878,0.933920704845815
0.922077922077922,0.9724517906336089,0.9955384321253933,0.9696969696969697,0.6363636363636364,0.9552238805970149
0.9205298013245033,1.0,0.9999999999999999,0.8928571428571429,1.0,0.9433962264150944
0.896551724137931,0.9273700305810398,0.9532657198260348,0.908256880733945,0.8611111111111112,0.9295774647887324
0.9708029197080292,0.9656177156177157,0.9758818972935545,0.9903846153846154,0.9090909090909091,0.9809523809523809
0.8991596638655462,0.9210174029451137,0.9399468683400186,0.963855421686747,0.75,0.9302325581395349
0.9254658385093167,0.9444444444444444,0.9761707650328492,0.9477611940298507,0.8148148148148148,0.9548872180451128
0.8778625954198473,0.9336543606206528,0.9424334100031209,0.9550561797752809,0.7142857142857143,0.9139784946236559
0.9318181818181818,0.9054054054054054,0.960082689804739,0.972972972972973,0.7142857142857143,0.96
0.9009009009009009,0.9294354838709677,0.9556343949216579,0.925,0.8387096774193549,0.9308176100628931
0.9703703703703703,0.9955874241588527,0.9983833533413365,1.0,0.8918918918918919,0.98
0.9202453987730062,0.9833015267175572,0.9959381818304553,0.9465648854961832,0.8125,0.9501915708812261
0.9347826086956522,0.9477272727272728,0.978290968034433,0.9818181818181818,0.75,0.96
0.9133333333333333,0.9558823529411765,0.9763787679472371,0.9396551724137931,0.8235294117647058,0.9437229437229437
0.9147286821705426,0.9809048178613397,0.9926362541128485,0.9782608695652174,0.7567567567567568,0.9424083769633508
0.903954802259887,0.9836601307189542,0.9974009205278513,0.9150326797385621,0.8333333333333334,0.9427609427609428
0.8778625954198473,0.9112343966712899,0.9573915532793981,0.8932038834951457,0.8214285714285714,0.92
0.896,0.9523809523809523,0.971241781250825,0.9222222222222223,0.8285714285714286,0.9273743016759777
0.8591549295774648,0.8976848394324122,0.9303885686995309,0.912621359223301,0.717948717948718,0.9038461538461539
0.9266666666666666,0.9852777777777778,0.9963201794012391,0.95,0.8333333333333334,0.9539748953974896
0.924812030075188,0.9911357340720223,0.9964668879233453,0.9368421052631579,0.8947368421052632,0.9468085106382979
0.9105691056910569,0.9810035842293907,0.9938896400839561,0.9354838709677419,0.8333333333333334,0.9405405405405406
0.9383561643835616,0.992530345471522,0.9982587697340781,0.9411764705882353,0.9259259259259259,0.9613733905579399
0.8940397350993378,0.9822660098522168,0.9944301569298623,0.896551724137931,0.8857142857142857,0.9285714285714286
0.9453125,0.9959595959595959,0.9993262394364492,0.9454545454545454,0.9444444444444444,0.9674418604651163
0.9041095890410958,0.8876436781609196,0.9468955017772402,0.9655172413793104,0.6666666666666666,0.9411764705882353
0.9370629370629371,0.96005291005291,0.9734479516328387,0.9629629629629629,0.8571428571428571,0.9585253456221198
0.9251700680272109,0.9799777530589544,0.9946728605061526,0.9568965517241379,0.8064516129032258,0.9527896995708155
0.9532163742690059,1.0,0.9999999999999999,0.948051948051948,1.0,0.9733333333333334
0.9264705882352942,0.979874213836478,0.9944517814623822,0.9716981132075472,0.7666666666666667,0.9537037037037037
0.9044585987261147,0.935042735042735,0.974071140378044,0.9307692307692308,0.7777777777777778,0.9416342412451362
0.9562043795620438,0.993939393939394,0.9985321436407519,0.9727272727272728,0.8888888888888888,0.9727272727272728
0.9529411764705882,0.9885714285714287,0.9975261849579187,0.9714285714285714,0.8666666666666667,0.9714285714285714
0.9612403100775194,0.9953917050691243,0.9985288571165336,0.9693877551020408,0.9354838709677419,0.9743589743589743
0.9236111111111112,0.9863102998696219,0.9967740082519575,0.923728813559322,0.9230769230769231,0.9519650655021834
0.9219858156028369,0.9501672240802677,0.9781273489327619,0.9478260869565217,0.8076923076923077,0.9519650655021834
0.8881578947368421,0.9209770114942529,0.9566531828474505,0.9224137931034483,0.7777777777777778,0.9264069264069265
0.935064935064935,0.9410748974746385,0.9573636568524089,0.9911504424778761,0.7804878048780488,0.9572649572649573
0.9067796610169492,0.951973951973952,0.9766457172383152,0.945054945054945,0.7777777777777778,0.9398907103825137
0.8591549295774648,0.8916122004357299,0.9354535035968262,0.9444444444444444,0.5882352941176471,0.9107142857142857
0.9124087591240876,0.9144316730523627,0.9573536164304994,0.9537037037037037,0.7586206896551724,0.944954128440367
0.9512195121951219,0.993172268907563,0.998557282129365,0.9558823529411765,0.9285714285714286,0.9701492537313433
0.9056603773584906,0.9440545808966861,0.954612047329455,0.9649122807017544,0.7555555555555555,0.9361702127659575
0.9119496855345912,0.9523689516129032,0.978941311120175,0.9375,0.8064516129032258,0.9448818897637795
0.9047619047619048,0.9401691768103982,0.9728408003222283,0.9541984732824428,0.7297297297297297,0.9398496240601504
0.9097744360902256,0.9620967741935483,0.9723232265154481,0.9354838709677419,0.85,0.9354838709677419
0.8848920863309353,0.95643294758339,0.9900422518870045,0.9292035398230089,0.6923076923076923,0.9292035398230089
0.9274193548387096,0.9617977528089887,0.9696588637463819,0.9325842696629213,0.9142857142857143,0.9485714285714286
0.8888888888888888,0.9186440677966102,0.9536462123085485,0.940677966101695,0.7142857142857143,0.9288702928870293
0.9104477611940298,0.9481116584564862,0.9756962057832372,0.9523809523809523,0.7586206896551724,0.9433962264150944
0.8633093525179856,0.9370879120879121,0.9648346373687843,0.9038461538461539,0.7428571428571429,0.9082125603864735
0.9090909090909091,0.9271798147556691,0.961468369918963,0.9405940594059405,0.8064516129032258,0.9405940594059405
0.8712121212121212,0.9466624081763014,0.9704637861925212,0.8712871287128713,0.8709677419354839,0.9119170984455959
0.9121621621621622,0.9776553412917048,0.9951175927068487,0.9504132231404959,0.7407407407407407,0.9465020576131687
0.9153846153846154,0.9523333333333334,0.9766104323954643,0.94,0.8333333333333334,0.9447236180904522
0.9142857142857143,0.956386292834891,0.974268071383988,0.9532710280373832,0.7878787878787878,0.9444444444444444
0.9230769230769231,0.9578109932497589,0.9758370537049854,0.9508196721311475,0.8235294117647058,0.9508196721311475
0.9,0.9823879823879824,0.9948679374448297,0.905982905982906,0.8787878787878788,0.933920704845815
0.9127906976744186,0.923719165085389,0.9793522498157365,0.9225806451612903,0.8235294117647058,0.9501661129568106
0.8926174496644296,0.8667917448405253,0.9456819160522204,0.9186991869918699,0.7692307692307693,0.9338842975206612
0.9097744360902256,0.9586148648648648,0.9715013122829795,0.9479166666666666,0.8108108108108109,0.9381443298969072
0.9122807017543859,0.9601787101787101,0.976348540908411,0.9393939393939394,0.8205128205128205,0.9429657794676806
0.9090909090909091,0.9415370108439416,0.9554873340388719,0.9306930693069307,0.8571428571428571,0.9353233830845771
0.9022556390977443,0.9889328063241107,0.9976077284165629,0.9,0.9130434782608695,0.9383886255924171
0.9133333333333333,0.94579945799458,0.9742555929116979,0.9349593495934959,0.8148148148148148,0.9465020576131687
0.912751677852349,0.9193277310924369,0.9571568170071394,0.9411764705882353,0.8,0.9451476793248945
0.9751552795031055,0.9969465648854962,0.9993015556511736,0.9847328244274809,0.9333333333333333,0.9847328244274809
0.9517241379310345,0.9889807162534436,0.9977738985090918,0.9669421487603306,0.875,0.970954356846473
0.9492753623188406,0.9339805825242719,0.9530439964658901,0.9902912621359223,0.8285714285714286,0.966824644549763
0.9618320610687023,1.0,1.0,0.9489795918367347,1.0,0.9738219895287958
0.946969696969697,0.9902912621359223,0.9972195859271651,0.9611650485436893,0.896551724137931,0.9658536585365853
0.9591836734693877,0.9929347826086956,0.9979739154719355,0.9652173913043478,0.9375,0.9736842105263158
0.9328358208955224,0.946590909090909,0.9776502075755021,0.9636363636363636,0.7916666666666666,0.9592760180995475
0.9363057324840764,0.9568965517241379,0.9758413149114974,0.9453125,0.896551724137931,0.9603174603174603
0.9371069182389937,0.9450056116722784,0.9784248207686336,0.9621212121212122,0.8148148148148148,0.9621212121212122
0.8947368421052632,0.8781420765027321,0.9422526870279697,0.9262295081967213,0.7666666666666667,0.9338842975206612
0.875,0.87109375,0.9239558867613533,0.9423076923076923,0.65625,0.92018779342723
0.903448275862069,0.8873873873873874,0.9298594112797017,0.9459459459459459,0.7647058823529411,0.9375
0.9243697478991597,0.9912023460410557,0.996885233049581,0.9318181818181818,0.9032258064516129,0.9479768786127167
0.9465648854961832,0.9921630094043887,0.9960558893057816,0.9655172413793104,0.9090909090909091,0.96
0.9126984126984127,0.9637488947833776,0.9756089825809338,0.9425287356321839,0.8461538461538461,0.9371428571428572
0.9398496240601504,0.9540816326530613,0.9787329105780198,0.9619047619047619,0.8571428571428571,0.9619047619047619
0.9103448275862069,0.9869203329369798,0.9967046185431347,0.9224137931034483,0.8620689655172413,0.9427312775330396
0.87248322147651,0.9255784865540964,0.9744784960003077,0.9024390243902439,0.7307692307692307,0.921161825726141
0.9763313609467456,0.9985611510791367,0.9996864070063872,0.9784172661870504,0.9666666666666667,0.9855072463768116
0.8818897637795275,0.8505882352941176,0.9265422624025738,0.9411764705882353,0.64,0.927536231884058
0.9508196721311475,0.9606970708194289,0.9786327457445736,0.978494623655914,0.8620689655172413,0.9680851063829787
0.8839285714285714,0.9833333333333334,0.9866176224922931,0.9166666666666666,0.8461538461538461,0.8943089430894309
0.9404761904761905,0.9527186761229314,0.9821133045477278,0.9574468085106383,0.8518518518518519,0.9642857142857143
0.9401709401709402,0.9946702198534311,0.9973883075123033,0.9367088607594937,0.9473684210526315,0.9548387096774194
0.9370629370629371,0.9311594202898551,0.9771154415877024,0.975,0.7391304347826086,0.9629629629629629
0.943089430894309,0.9545112781954888,0.9785409292793139,0.9578947368421052,0.8928571428571429,0.9629629629629629
0.9391891891891891,0.9556650246305418,0.9779891406935466,0.957983193277311,0.8620689655172413,0.9620253164556962
0.8561151079136691,0.9095959595959596,0.9364948689152287,0.9090909090909091,0.725,0.9
0.8819444444444444,0.8833333333333333,0.9513912101512927,0.9166666666666666,0.7083333333333334,0.9282700421940928
0.9281045751633987,0.9303030303030303,0.959850734724137,0.9583333333333334,0.8181818181818182,0.9543568464730291
0.9668874172185431,0.9931102362204723,0.9986955215119763,0.984251968503937,0.875,0.9803921568627451
0.9,0.9888164026095061,0.9970282050591764,0.9009009009009009,0.896551724137931,0.9345794392523364
0.927536231884058,0.9905686546463246,0.9966065876667048,0.9223300970873787,0.9428571428571428,0.95
0.925,0.9891304347826088,0.9967358784047903,0.9456521739130435,0.8571428571428571,0.9508196721311475
0.8802816901408451,0.8956521739130435,0.9591358863747024,0.9478260869565217,0.5925925925925926,0.9276595744680851
0.9172413793103448,0.9896574014221073,0.9976480998919929,0.9159663865546218,0.9230769230769231,0.9478260869565217
0.9020979020979021,0.9952542372881356,0.9989508136462485,0.8898305084745762,0.96,0.9375
0.9207920792079208,0.9920634920634921,0.9954217463138699,0.9523809523809523,0.868421052631579,0.9375
0.9488636363636364,0.9668650793650795,0.9804137908641056,0.9571428571428572,0.9166666666666666,0.9675090252707581
0.9246575342465754,0.95,0.9779009700790491,0.9655172413793104,0.7666666666666667,0.9531914893617022
0.9083969465648855,0.9310439560439561,0.9406252526910646,0.967032967032967,0.775,0.9361702127659575
0.9113924050632911,0.9964439928879858,0.9990970476523788,0.8976377952755905,0.967741935483871,0.9421487603305785
0.8787878787878788,0.9211469534050178,0.9390145901573845,0.967741935483871,0.6666666666666666,0.9183673469387755
0.948905109489051,0.9963917525773196,0.9984982691075256,0.9484536082474226,0.95,0.9633507853403142
0.9527027027027027,0.9889807162534435,0.9974949475822059,0.9669421487603306,0.8888888888888888,0.970954356846473
0.9333333333333333,0.952300785634119,0.9746897065236431,0.9797979797979798,0.8055555555555556,0.9556650246305419
0.875,0.896956362302897,0.9507220732743267,0.9504950495049505,0.5925925925925926,0.9230769230769231
0.865546218487395,0.8993197278911564,0.9331877688073573,0.9285714285714286,0.7142857142857143,0.9069767441860465
0.896551724137931,0.9299014238773274,0.9461700097089438,0.9156626506024096,0.8484848484848485,0.926829268292683
0.8970588235294118,0.9364593951749914,0.9711004820794227,0.9357798165137615,0.7407407407407407,0.9357798165137615
0.8992248062015504,0.9299397920087575,0.9428149781546856,0.9425287356321839,0.8095238095238095,0.9265536723163842
0.9044117647058824,0.9142786561264822,0.9082518518740851,0.9456521739130435,0.8181818181818182,0.93048128342246
0.9602649006622517,0.960801393728223,0.9830536109864695,0.975609756097561,0.8928571428571429,0.975609756097561
0.9144736842105263,0.9180327868852459,0.952616287499261,0.9426229508196722,0.8,0.9465020576131687
0.8992805755395683,0.9489247311827956,0.972623124891375,0.9259259259259259,0.8064516129032258,0.9345794392523364
0.9459459459459459,0.9488095238095238,0.9767806791423665,0.975,0.8214285714285714,0.9669421487603306
0.9156626506024096,0.9399014778325123,0.9823548659524702,0.9241379310344827,0.8571428571428571,0.950354609929078
0.9016393442622951,0.947463768115942,0.9700052850546502,0.9239130434782609,0.8333333333333334,0.9340659340659341
0.8768115942028986,0.924003211131924,0.9485636397287225,0.9108910891089109,0.7837837837837838,0.9154228855721394
0.8790322580645161,0.9405228758169935,0.964902542495778,0.9333333333333333,0.7352941176470589,0.9180327868852459
0.9251700680272109,0.9508196721311475,0.9818997744288879,0.9426229508196722,0.84,0.9543568464730291
0.9194630872483222,0.9853709508881923,0.9957536988251433,0.9310344827586207,0.8787878787878788,0.9473684210526315
0.9144736842105263,0.9234375,0.9570660043496451,0.9416666666666667,0.8125,0.9456066945606695
0.8802816901408451,0.9137840670859538,0.9569714689011918,0.9056603773584906,0.8055555555555556,0.9186602870813397
0.9194630872483222,0.9418604651162791,0.9822812821982013,0.9302325581395349,0.85,0.9523809523809523
0.9482758620689655,0.992737676056338,0.9983386139800954,0.9577464788732394,0.90625,0.9679715302491103
0.910958904109589,0.9285714285714286,0.9802029297949302,0.9365079365079365,0.75,0.9477911646586346
0.9496402877697842,0.9854497354497355,0.9964574459503757,0.9732142857142857,0.8518518518518519,0.9688888888888889
0.85,0.9312169312169312,0.9537896097227622,0.9166666666666666,0.6944444444444444,0.8953488372093024
0.9682539682539683,0.9938271604938271,0.9974751538641196,0.9777777777777777,0.9444444444444444,0.9777777777777777
0.9241379310344827,0.9465811965811965,0.9783998965005779,0.9572649572649573,0.7857142857142857,0.9531914893617022
0.8930817610062893,0.9087058823529411,0.9534453327427734,0.944,0.7058823529411765,0.932806324110672
0.9183673469387755,0.951089845826688,0.9715945835755286,0.9473684210526315,0.8181818181818182,0.9473684210526315
0.9419354838709677,0.9472990777338604,0.9809615697857024,0.9621212121212122,0.8260869565217391,0.9657794676806084
0.869281045751634,0.884487072560467,0.9100003300642673,0.9174311926605505,0.75,0.9090909090909091
0.8968253968253969,0.9429781687846205,0.9668117513664682,0.946236559139785,0.7575757575757576,0.9312169312169312
0.916083916083916,0.9515254237288135,0.9789373241248859,0.9152542372881356,0.92,0.9473684210526315
0.9285714285714286,0.9472710453283996,0.9574015794612587,0.9893617021276596,0.8043478260869565,0.9489795918367347
0.9244186046511628,0.988262910798122,0.9975550044837451,0.9507042253521126,0.8,0.9540636042402827
0.9246575342465754,0.9801904761904762,0.996631686946351,0.944,0.8095238095238095,0.9554655870445344
0.9323308270676691,0.9864010120177104,0.9958869660816164,0.9607843137254902,0.8387096774193549,0.9560975609756097
0.9571428571428572,0.9965277777777778,0.9989708093804961,0.9629629629629629,0.9375,0.9719626168224299
0.8656716417910447,0.8960113960113961,0.9615759430914879,0.8981481481481481,0.7307692307692307,0.9150943396226415
0.9192546583850931,0.9776470588235294,0.9959943205990961,0.9632352941176471,0.68,0.9527272727272728
0.9496402877697842,0.9032258064516129,0.9511827284533549,0.9907407407407407,0.8064516129032258,0.9683257918552036
0.8984375,0.9302611367127496,0.9507564278681768,0.9354838709677419,0.8,0.93048128342246
0.8846153846153846,0.892726533929297,0.9609511181165415,0.9345794392523364,0.6521739130434783,0.9302325581395349
0.9672131147540983,0.9931818181818182,0.9985174722669297,0.99,0.8636363636363636,0.9801980198019802
0.8721804511278195,0.9140429785107446,0.9297899371989801,0.9425287356321839,0.7391304347826086,0.9060773480662984
0.9067796610169492,0.991991991991992,0.9966327067364567,0.9629629629629629,0.7837837837837838,0.9341317365269461
0.9236641221374046,0.9924749163879599,0.9967839816854828,0.9239130434782609,0.9230769230769231,0.9444444444444444
0.9050632911392406,0.9620471535365153,0.9711534033091198,0.9369369369369369,0.8297872340425532,0.9327354260089686
0.8253968253968254,0.8737997256515775,0.8827875220846797,0.8888888888888888,0.7111111111111111,0.8674698795180723
0.9072847682119205,0.9388803287108372,0.9688434867626142,0.940677966101695,0.7878787878787878,0.940677966101695
0.9154929577464789,0.9008097165991903,0.9325245269980807,0.9711538461538461,0.7631578947368421,0.9439252336448598
0.9668874172185431,0.9978021978021978,0.9996412213318813,0.9692307692307692,0.9523809523809523,0.980544747081712
0.9219858156028369,0.9781144781144782,0.9933946476739813,0.9537037037037037,0.8181818181818182,0.9493087557603687
0.9,0.9367859862909369,0.9626952854870443,0.9306930693069307,0.8205128205128205,0.9306930693069307
0.9159663865546218,0.9825072886297377,0.9962494580831878,0.9387755102040817,0.8095238095238095,0.9484536082474226
0.9426229508196722,0.9842364532019705,0.9935580816520554,0.9655172413793104,0.8857142857142857,0.96
0.9193548387096774,0.9277845777233782,0.9335644079343449,0.9767441860465116,0.7894736842105263,0.9438202247191011
0.9172932330827067,0.9560404807084124,0.9760471065835884,0.9411764705882353,0.8387096774193549,0.9458128078817734
0.9178082191780822,0.9490384615384615,0.9777617257831804,0.9416666666666667,0.8076923076923077,0.9495798319327731
0.9177215189873418,0.9346904156064462,0.9744165100391762,0.9541984732824428,0.7407407407407407,0.9505703422053232
0.9141104294478528,0.9371139809096013,0.9767931321124679,0.9416058394160584,0.7692307692307693,0.9485294117647058
0.9416058394160584,0.9913165266106443,0.9970714529009165,0.9705882352941176,0.8571428571428571,0.9611650485436893
0.9375,0.9499250374812594,0.974751096842277,0.9826086956521739,0.7586206896551724,0.9617021276595744
0.9236111111111112,0.9914827719705768,0.9985128205979341,0.926829268292683,0.9047619047619048,0.9539748953974896
0.9354838709677419,0.9880217785843921,0.9964189076813311,0.968421052631579,0.8275862068965517,0.9583333333333334
0.9367088607594937,0.982695810564663,0.9949506420112751,0.9754098360655737,0.8055555555555556,0.9596774193548387
0.9411764705882353,0.9917843388960206,0.9964796865703452,0.9578947368421052,0.9024390243902439,0.9578947368421052
0.8689655172413793,0.8494965553789083,0.9154421623803176,0.9459459459459459,0.6176470588235294,0.9170305676855895
0.8936170212765957,0.9066066066066066,0.9553996504748435,0.9459459459459459,0.7,0.9333333333333333
0.9245283018867925,0.8623880597014926,0.9456756798524303,0.9626865671641791,0.72,0.9555555555555556
0.868421052631579,0.8884042166484915,0.9673669499667468,0.8854961832061069,0.7619047619047619,0.9206349206349206
0.9142857142857143,0.95875,0.973450559344792,0.95,0.825,0.9405940594059405
0.8813559322033898,0.9217479674796748,0.9275714843524848,0.9390243902439024,0.75,0.9166666666666666
0.9441340782122905,0.953216374269006,0.9831570158765304,0.9736842105263158,0.7777777777777778,0.9673202614379085
0.958041958041958,0.9521739130434783,0.9797527784691711,0.9826086956521739,0.8571428571428571,0.9741379310344828
0.9461538461538461,0.9731433269388873,0.9793733704211776,0.9662921348314607,0.9024390243902439,0.9608938547486033
0.8802816901408451,0.9089285714285715,0.9497219256024262,0.9017857142857143,0.8,0.9223744292237442
0.948051948051948,0.9964743589743591,0.9993290034016997,0.9461538461538461,0.9583333333333334,0.968503937007874
0.9383561643835616,0.9926739926739927,0.9969941113950108,0.9423076923076923,0.9285714285714286,0.9560975609756097
0.9731543624161074,0.997239475500345,0.9994872800739252,0.9761904761904762,0.9565217391304348,0.984
0.8582089552238806,0.926255562619199,0.9920363984562778,0.9008264462809917,0.46153846153846156,0.919831223628692
0.9606299212598425,0.992003046458492,0.9979361826067912,0.9801980198019802,0.8846153846153846,0.9753694581280788
0.8896103896103896,0.9693023255813953,0.994093651322489,0.9224806201550387,0.72,0.9333333333333333
0.9473684210526315,0.9967637540453074,0.9990253998576046,0.941747572815534,0.9666666666666667,0.9651741293532339
0.9375,0.9916294642857143,0.9975808992257867,0.9464285714285714,0.90625,0.9592760180995475
0.9161676646706587,0.9627143922445935,0.9953637236894548,0.9395973154362416,0.7222222222222222,0.9523809523809523
0.8768115942028986,0.9294736842105263,0.9546273669475729,0.93,0.7368421052631579,0.916256157635468
0.9411764705882353,0.9866600790513834,0.9937306400155326,0.9782608695652174,0.8636363636363636,0.9574468085106383
0.9307692307692308,0.9687259677005896,0.9714612133612242,0.963855421686747,0.8723404255319149,0.9467455621301775
0.9295774647887324,0.9653970624844411,0.9767723412691245,0.9514563106796117,0.8717948717948718,0.9514563106796117
0.8278145695364238,0.9145915246832679,0.9444550689366852,0.8623853211009175,0.7380952380952381,0.8785046728971962
0.94375,0.9930180894953984,0.9988057842822154,0.948905109489051,0.9130434782608695,0.966542750929368
0.8881118881118881,0.9474789915966386,0.9757446031632064,0.8823529411764706,0.9166666666666666,0.9292035398230089
0.8961038961038961,0.9753939132311676,0.9914392369109043,0.9469026548672567,0.7560975609756098,0.9304347826086956
0.907563025210084,0.9443413729128015,0.9447424706825388,0.935064935064935,0.8571428571428571,0.9290322580645162
0.9280575539568345,0.9519877675840979,0.9764722767342233,0.9724770642201835,0.7666666666666667,0.954954954954955
0.9241379310344827,0.9762396694214875,0.9952205663962961,0.9504132231404959,0.7916666666666666,0.9543568464730291
0.8881118881118881,0.8957100591715976,0.9179727692978081,0.9326923076923077,0.7692307692307693,0.9238095238095239
0.9612903225806452,0.9680205415499532,0.9798594351021567,0.9747899159663865,0.9166666666666666,0.9747899159663865
0.9224137931034483,0.9875968992248062,0.9957257642431473,0.9418604651162791,0.8666666666666667,0.9473684210526315
0.9124087591240876,0.9291891891891891,0.9474095425003349,0.97,0.7567567567567568,0.941747572815534
0.8721804511278195,0.9288990825688073,0.9714970388833759,0.908256880733945,0.7083333333333334,0.9209302325581395
0.9291338582677166,0.952018278750952,0.9772957312890237,0.9702970297029703,0.7692307692307693,0.9560975609756097
0.9117647058823529,0.9473326537546721,0.9772304684460863,0.9724770642201835,0.6666666666666666,0.9464285714285714
0.9090909090909091,0.9539193588780366,0.9770007940919894,0.9504132231404959,0.7575757575757576,0.9426229508196722
0.9310344827586207,0.9876838864180635,0.9944262303794408,0.9746835443037974,0.8378378378378378,0.9506172839506173
0.9398496240601504,0.982213438735178,0.9963308638908455,0.9727272727272728,0.782608695652174,0.963963963963964
0.9416666666666667,0.9800876144962166,0.9942164161135295,0.978494623655914,0.8148148148148148,0.9629629629629629
0.9459459459459459,0.9579741379310345,0.9769452348385188,0.9741379310344828,0.84375,0.9658119658119658
0.9173553719008265,0.9558704453441296,0.97890800252967,0.9368421052631579,0.8461538461538461,0.9468085106382979
0.9067796610169492,0.9859943977591037,0.9943262556877209,0.9166666666666666,0.8823529411764706,0.9333333333333333
0.8652482269503546,0.9330330330330331,0.9652406344462984,0.8918918918918919,0.7666666666666667,0.9124423963133641
0.9142857142857143,0.9844999999999999,0.9938671071211715,0.94,0.85,0.94
0.9315068493150684,0.9942528735632185,0.9984875414847152,0.9310344827586207,0.9333333333333333,0.9557522123893806
0.9115646258503401,0.964769647696477,0.9928410830500898,0.9349593495934959,0.7916666666666666,0.9465020576131687
0.9096774193548387,0.9319999999999999,0.9745122819833618,0.9384615384615385,0.76,0.9457364341085271
0.9090909090909091,0.9843937575030013,0.9948382785194706,0.9693877551020408,0.7352941176470589,0.9405940594059405
0.9197530864197531,0.8965129358830146,0.9396520159192685,0.952755905511811,0.8,0.9490196078431372
0.944,1.0,0.9999999999999999,0.9195402298850575,1.0,0.9580838323353293
0.8780487804878049,0.9243038659097054,0.9734417948576995,0.9197080291970803,0.6666666666666666,0.9264705882352942
0.9259259259259259,0.9606619641888227,0.9686183329703956,0.979381443298969,0.7894736842105263,0.95
0.9017857142857143,0.9529371350051529,0.9545894900862986,0.9436619718309859,0.8292682926829268,0.9241379310344827
0.9629629629629629,0.9974545454545454,0.999412161264782,0.9636363636363636,0.96,0.9769585253456221
0.9236641221374046,0.9890842935112188,0.9961675776612808,0.9381443298969072,0.8823529411764706,0.9479166666666666
0.9079754601226994,0.9586165533786485,0.9736655121684459,0.9344262295081968,0.8292682926829268,0.9382716049382716
0.9096774193548387,0.9497918834547346,0.9786252673896465,0.9354838709677419,0.8064516129032258,0.943089430894309
0.8813559322033898,0.9625307125307125,0.966716086822383,0.918918918918919,0.8181818181818182,0.9066666666666666
0.9574468085106383,1.0,1.0,0.9459459459459459,1.0,0.9722222222222222
0.8980891719745223,0.9526542324246772,0.9792607146359398,0.975609756097561,0.6176470588235294,0.9375
0.9536423841059603,0.9975845410628019,0.9992224073382836,0.9478260869565217,0.9722222222222222,0.9688888888888889
0.9135802469135802,0.9530916844349681,0.9841740228463883,0.9328358208955224,0.8214285714285714,0.946969696969697
0.8835616438356164,0.9744606992313414,0.9913309647227015,0.908256880733945,0.8108108108108109,0.9209302325581395
0.9411764705882353,0.9905555555555555,0.9966788518992362,0.97,0.8611111111111112,0.9603960396039604
0.9323308270676691,0.9887106357694593,0.9960099981996949,0.9393939393939394,0.9117647058823529,0.9538461538461539
0.9111111111111111,0.9913157894736842,0.99627460428086,0.9052631578947369,0.925,0.9347826086956522
0.9312977099236641,0.9366157328805885,0.9447763110873169,0.967741935483871,0.8421052631578947,0.9523809523809523
0.8985507246376812,0.9481276005547851,0.9700301377288977,0.941747572815534,0.7714285714285715,0.9326923076923077
0.8782051282051282,0.933068783068783,0.9716036370963865,0.9206349206349206,0.7,0.9243027888446215
0.8928571428571429,0.9214414414414415,0.9367668995573158,0.9466666666666667,0.7837837837837838,0.922077922077922
0.9236641221374046,0.9851250845165653,0.9957440347529659,0.9411764705882353,0.8620689655172413,0.9504950495049505
0.9302325581395349,0.9524137931034483,0.9752861472759451,0.95,0.8620689655172413,0.9547738693467337
0.9172932330827067,0.9836711711711712,0.9938112592654303,0.9479166666666666,0.8378378378378378,0.9430051813471503
0.935251798561151,0.9822437449556094,0.9967303826319707,0.9491525423728814,0.8571428571428571,0.9613733905579399
0.9271523178807947,0.9906832298136645,0.9959840419810432,0.9428571428571428,0.8913043478260869,0.9473684210526315
0.875,0.8901069518716578,0.9421410352749173,0.9454545454545454,0.6470588235294118,0.9203539823008849
0.8857142857142857,0.8784848484848484,0.9371851639330122,0.9363636363636364,0.7,0.9279279279279279
0.8936170212765957,0.897167487684729,0.9527561034639662,0.9553571428571429,0.6551724137931034,0.9344978165938864
0.9161676646706587,0.9346938775510203,0.980742190875103,0.9319727891156463,0.8,0.9513888888888888
0.9172932330827067,0.9362244897959184,0.9757978471183003,0.9375,0.8095238095238095,0.9502262443438914
0.9440559440559441,0.9422268907563025,0.973405693587768,0.9747899159663865,0.7916666666666666,0.9666666666666667
0.8928571428571429,0.9546686375954668,0.969253662499951,0.9292929292929293,0.8048780487804879,0.9246231155778895
0.9166666666666666,0.9535232383808095,0.9805175678554557,0.9478260869565217,0.7931034482758621,0.9478260869565217
0.9370629370629371,0.9608294930875576,0.9802739666826522,0.9553571428571429,0.8709677419354839,0.9596412556053812
0.8780487804878049,0.91606080634501,0.937996336803274,0.9213483146067416,0.7647058823529411,0.9162011173184358
0.8869047619047619,0.9398601398601398,0.9801783181120631,0.9020979020979021,0.8,0.9314079422382672
0.9276315789473685,0.9597657244716068,0.9799350867144956,0.9495798319327731,0.8484848484848485,0.9535864978902954
0.8881987577639752,0.9178378378378378,0.932353395788398,0.9279279279279279,0.8,0.9196428571428571
0.9310344827586207,0.9336283185840708,0.9650800590658144,0.9557522123893806,0.84375,0.9557522123893806
0.924812030075188,0.9661290322580645,0.9743836049458598,0.9354838709677419,0.9,0.9456521739130435
0.8770491803278688,0.9134530468060054,0.9053379868870988,0.9746835443037974,0.6976744186046512,0.9112426035502958
0.9006622516556292,0.8933727034120734,0.9597221560147449,0.937007874015748,0.7083333333333334,0.9407114624505929
0.9375,0.9788602941176471,0.9962215698958414,0.9632352941176471,0.7916666666666666,0.9632352941176471
0.9366197183098591,0.993025283347864,0.9980467617655648,0.9459459459459459,0.9032258064516129,0.958904109589041
0.9103448275862069,0.9423333333333334,0.9753120527801286,0.9333333333333333,0.8,0.9451476793248945
0.9155844155844156,0.9275102459016393,0.9615918146447229,0.9344262295081968,0.84375,0.946058091286307
0.9090909090909091,0.9883597883597884,0.9969645961984205,0.9142857142857143,0.8888888888888888,0.9411764705882353
0.9318181818181818,0.9931072511717672,0.9971052829432707,0.9354838709677419,0.9230769230769231,0.9508196721311475
0.9130434782608695,0.9810069339764849,0.9944432568592719,0.9345794392523364,0.8387096774193549,0.9433962264150944
0.8874172185430463,0.9459677419354838,0.9720026900029946,0.925,0.7419354838709677,0.9288702928870293
0.8705035971223022,0.8492163009404389,0.9189824146759131,0.9363636363636364,0.6206896551724138,0.9196428571428571
0.9323308270676691,0.953589108910891,0.9747742585076026,0.9702970297029703,0.8125,0.9560975609756097
0.904,0.9784580498866213,0.9942460476050756,0.9489795918367347,0.7407407407407407,0.9393939393939394
0.9419354838709677,0.9606199186991871,0.9757776079887766,0.9512195121951219,0.90625,0.9629629629629629
0.9064748201438849,0.9314994606256742,0.9476844893235873,0.9223300970873787,0.8611111111111112,0.9359605911330049
0.9152542372881356,0.9862534948741845,0.9971888836677908,0.918918918918919,0.896551724137931,0.9477351916376306
0.9395973154362416,0.963166144200627,0.9817589404745167,0.9568965517241379,0.8787878787878788,0.961038961038961
0.9603174603174603,0.9972222222222222,0.9991363261991809,0.96875,0.9333333333333333,0.9738219895287958
0.9024390243902439,0.9842293906810036,0.9948664588476138,0.9139784946236559,0.8666666666666667,0.9340659340659341
0.9416058394160584,0.9579646017699115,0.9842558546786193,0.9469026548672567,0.9166666666666666,0.963963963963964
0.950354609929078,0.9948394495412844,0.998491526923664,0.963302752293578,0.90625,0.967741935483871
0.9395973154362416,0.9925407925407925,0.9974107308001066,0.9636363636363636,0.8717948717948718,0.9592760180995475
0.9426229508196722,0.9652255639097744,0.9710738140059889,0.9761904761904762,0.868421052631579,0.9590643274853801
0.8671328671328671,0.9362831858407079,0.9746228178053873,0.8938053097345132,0.7666666666666667,0.9140271493212669
0.9147286821705426,0.9392945036915504,0.9697457370964798,0.9433962264150944,0.782608695652174,0.9478672985781991
0.9541984732824428,0.990909090909091,0.9982683182939948,0.9727272727272728,0.8571428571428571,0.9727272727272728
0.8702290076335878,0.9540229885057471,0.9601966855786552,0.8850574712643678,0.8409090909090909,0.9005847953216374
0.9090909090909091,0.9780949220046465,0.9960502919153722,0.9236641221374046,0.8260869565217391,0.9453125
0.92,0.9530516431924883,0.9781715551795236,0.9507042253521126,0.7878787878787878,0.9507042253521126
0.9136690647482014,0.98805256869773,0.9964716925654982,0.9166666666666666,0.9032258064516129,0.9428571428571428
0.948905109489051,0.962995337995338,0.9776404331160231,0.9711538461538461,0.8787878787878788,0.9665071770334929
0.9333333333333333,0.9878640776699029,0.996113160449377,0.941747572815534,0.90625,0.9556650246305419
0.9325153374233128,0.9636160714285715,0.9795787250944958,0.9453125,0.8857142857142857,0.9565217391304348
0.9490445859872612,0.9147286821705426,0.9563409107858265,0.9844961240310077,0.7857142857142857,0.9694656488549618
0.9436619718309859,0.9774557165861514,0.9946364302295227,0.9739130434782609,0.8148148148148148,0.9655172413793104
0.865546218487395,0.9327697262479872,0.9714879271587245,0.9239130434782609,0.6666666666666666,0.9139784946236559
0.9259259259259259,0.9908998988877654,0.9957646132192438,0.9347826086956522,0.9069767441860465,0.945054945054945
0.9310344827586207,0.9862433862433863,0.9937922588169579,0.9382716049382716,0.9142857142857143,0.95
0.9304347826086956,0.9368191721132898,0.9489842982347467,0.9506172839506173,0.8823529411764706,0.9506172839506173
0.8934426229508197,0.976082474226804,0.9938167924680749,0.9175257731958762,0.8,0.9319371727748691
0.8785714285714286,0.9577187807276304,0.9900638088200806,0.9292035398230089,0.6666666666666666,0.9251101321585903
0.9624060150375939,0.9554277498202732,0.9772900466675433,0.9719626168224299,0.9230769230769231,0.9765258215962441
0.8888888888888888,0.951709169831796,0.9660474729421824,0.9484536082474226,0.7368421052631579,0.9246231155778895
0.8732394366197183,0.9670454545454545,0.9905185985273666,0.9090909090909091,0.75,0.9174311926605505
0.9371069182389937,0.9644059644059645,0.9831637397318008,0.9841269841269841,0.7575757575757576,0.9612403100775194
0.8828125,0.8562522918958563,0.9175878637928335,0.9306930693069307,0.7037037037037037,0.9261083743842364
0.9357142857142857,0.9808673469387755,0.9951138499658456,0.9553571428571429,0.8571428571428571,0.9596412556053812
0.937007874015748,0.9947368421052631,0.998209483552716,0.9368421052631579,0.9375,0.956989247311828
0.9733333333333334,0.9980124223602486,0.9993989738686955,0.9826086956521739,0.9428571428571428,0.9826086956521739
0.940677966101695,0.994047619047619,0.9981798289772194,0.9555555555555556,0.8928571428571429,0.9608938547486033
0.9183673469387755,0.963317384370016,0.9781819960746352,0.9122807017543859,0.9393939393939394,0.9454545454545454
0.8881578947368421,0.9296573632856819,0.9591836098453647,0.9380530973451328,0.7435897435897436,0.925764192139738
0.9230769230769231,0.9894973743435859,0.9962557055735654,0.9418604651162791,0.8709677419354839,0.9473684210526315
0.9066666666666666,0.989604462474645,0.9968729926400738,0.9051724137931034,0.9117647058823529,0.9375
0.875,0.927978515625,0.9709472183431194,0.9140625,0.71875,0.9212598425196851
0.9395973154362416,0.9593350383631714,0.9737318499308568,0.9739130434782609,0.8235294117647058,0.9613733905579399
0.8888888888888888,0.9578696343402227,0.9743398708497963,0.972972972972973,0.7058823529411765,0.9230769230769231
0.9387755102040817,0.9247863247863248,0.9622780909319205,0.9743589743589743,0.8,0.9620253164556962
0.8617886178861789,0.8792168674698796,0.8950300920652848,0.9518072289156626,0.675,0.9028571428571428
0.936,0.9879062736205593,0.9966783163969644,0.9591836734693877,0.8518518518518519,0.9591836734693877
0.859504132231405,0.9294077134986226,0.9604427736952617,0.8977272727272727,0.7575757575757576,0.9028571428571428
0.9130434782608695,0.9158494147421702,0.9554529972446368,0.9541284403669725,0.7586206896551724,0.9454545454545454
0.9271523178807947,0.9556473829201102,0.9800452291926365,0.9421487603305785,0.8666666666666667,0.9539748953974896
0.9290780141843972,0.9584736251402919,0.9702679705678083,0.9537037037037037,0.8484848484848485,0.9537037037037037
0.9150326797385621,0.9836462749848577,0.9965941737010315,0.9291338582677166,0.8461538461538461,0.9477911646586346
0.9387755102040817,0.9344091618948465,0.9614418377941405,0.9557522123893806,0.8823529411764706,0.96
0.9302325581395349,0.9947946790052054,0.9977837409131259,0.9230769230769231,0.9473684210526315,0.9491525423728814
0.9230769230769231,0.9372222222222222,0.9441722842150764,0.9444444444444444,0.875,0.9444444444444444
0.910958904109589,0.9858532272325377,0.9963794965337807,0.9145299145299145,0.896551724137931,0.9427312775330396
0.9349593495934959,0.9633699633699634,0.9688969771698281,0.9642857142857143,0.8717948717948718,0.9529411764705882
0.8837209302325582,0.9497422680412372,0.9717934082950099,0.8969072164948454,0.84375,0.9206349206349206
0.8478260869565217,0.8276106194690265,0.9295489542804267,0.9026548672566371,0.6,0.9066666666666666
0.9302325581395349,0.9441011235955057,0.9568466845560624,0.9775280898876404,0.825,0.9508196721311475
0.9464285714285714,0.9955277280858676,0.9986506602349331,0.9534883720930233,0.9230769230769231,0.9647058823529412
0.9155844155844156,0.9474189675870348,0.9728011885334978,0.9663865546218487,0.7428571428571429,0.9465020576131687
0.8835616438356164,0.9396621078037007,0.9719512789385794,0.9469026548672567,0.6666666666666666,0.9264069264069265
0.9090909090909091,0.9777777777777777,0.9921039548687961,0.9222222222222223,0.8709677419354839,0.9378531073446328
0.9104477611940298,0.984998499849985,0.9952195258900687,0.9405940594059405,0.8181818181818182,0.9405940594059405
0.9012345679012346,0.8699588477366255,0.9485457850929728,0.9407407407407408,0.7037037037037037,0.9407407407407408
0.8703703703703703,0.9078947368421054,0.9267777102057464,0.9571428571428572,0.7105263157894737,0.9054054054054054
0.9014084507042254,0.9404943545926152,0.9678723442939157,0.9203539823008849,0.8275862068965517,0.9369369369369369
0.9428571428571428,0.9506969540526587,0.9827782922396506,0.9731543624161074,0.7692307692307693,0.9666666666666667
0.910828025477707,0.9528347996089932,0.9772565197920684,0.9596774193548387,0.7272727272727273,0.9444444444444444
0.9669421487603306,1.0,1.0,0.9506172839506173,1.0,0.9746835443037974
0.9290322580645162,0.9797525309336332,0.995486629124223,0.952755905511811,0.8214285714285714,0.9565217391304348
0.9064748201438849,0.9338196977592496,0.9443315149761866,0.9306930693069307,0.8421052631578947,0.9353233830845771
0.9186991869918699,0.9694805194805195,0.9809777964940719,0.9204545454545454,0.9142857142857143,0.9418604651162791
0.8931297709923665,0.9793779580797836,0.9943053632212439,0.9313725490196079,0.7586206896551724,0.9313725490196079
0.9197080291970803,0.988487702773417,0.9954598961565058,0.9387755102040817,0.8717948717948718,0.9435897435897436
0.9006622516556292,0.9333333333333332,0.9548370427895042,0.954954954954955,0.75,0.933920704845815
0.9466666666666667,0.99,0.9974971422521945,0.9666666666666667,0.8666666666666667,0.9666666666666667
0.9312169312169312,0.971655328798186,0.9963655065866414,0.9523809523809523,0.7619047619047619,0.960960960960961
0.851063829787234,0.8842616249361267,0.9244743553414749,0.912621359223301,0.6842105263157895,0.8995215311004785
0.8994082840236687,0.9423645320197044,0.9804367015835055,0.9428571428571428,0.6896551724137931,0.9395017793594306
0.9166666666666666,0.9853211009174312,0.9953553532657209,0.944954128440367,0.8285714285714286,0.944954128440367
0.9432624113475178,0.9510344827586207,0.9814570369590541,0.9913793103448276,0.72,0.9663865546218487
0.9590163934426229,0.9979166666666667,0.9992479086748103,0.9555555555555556,0.96875,0.9717514124293786
0.917910447761194,0.9912280701754387,0.996605268602302,0.9375,0.868421052631579,0.9424083769633508
0.9178082191780822,0.9950512548603747,0.9990341962835955,0.9105691056910569,0.9565217391304348,0.9491525423728814
0.875,0.9471014492753623,0.9553416482200463,0.9444444444444444,0.7391304347826086,0.9090909090909091
0.94,0.9904169904169904,0.9972416482547799,0.9487179487179487,0.9090909090909091,0.961038961038961
0.9,0.9585231359386238,0.9708539740052913,0.9278350515463918,0.8372093023255814,0.9278350515463918
0.9171974522292994,0.9601873536299765,0.9753268114028539,0.9262295081967213,0.8857142857142857,0.9456066945606695
0.9305555555555556,0.9947916666666667,0.9989091519233178,0.925,0.9583333333333334,0.9568965517241379
0.9299363057324841,0.9921212121212122,0.9984653368161778,0.9318181818181818,0.92,0.9571984435797666
0.9387755102040817,0.959135866736075,0.9745855352212414,0.9557522123893806,0.8823529411764706,0.96
0.9384615384615385,0.951,0.9737941409773148,0.97,0.8333333333333334,0.9603960396039604
0.9299363057324841,0.9476817042606516,0.9811711129742544,0.9473684210526315,0.8333333333333334,0.9581749049429658
0.9171974522292994,0.897842056932966,0.9268915426964159,0.9504132231404959,0.8055555555555556,0.9465020576131687
0.9264705882352942,0.9891267414203193,0.9972705193367242,0.9357798165137615,0.8888888888888888,0.9532710280373832
0.92,0.9888059701492538,0.9986310467443679,0.9253731343283582,0.875,0.9538461538461539
0.9154929577464789,0.9255765199161425,0.9385273699614015,0.9339622641509434,0.8611111111111112,0.9428571428571428
0.8682170542635659,0.8878419452887538,0.9226758806225942,0.9148936170212766,0.7428571428571429,0.91005291005291
0.9230769230769231,0.9557995495495495,0.9753524498781478,0.9459459459459459,0.84375,0.9502262443438914
0.8985507246376812,0.9332665999332667,0.9708611870181219,0.9279279279279279,0.7777777777777778,0.9363636363636364
0.9181818181818182,0.9187423438138016,0.9426123602521581,1.0,0.7096774193548387,0.9461077844311377
0.9440559440559441,0.9489105935386927,0.982451370845989,0.9752066115702479,0.7727272727272727,0.9672131147540983
0.9261744966442953,0.9553952991452992,0.9756706407535595,0.9401709401709402,0.875,0.9523809523809523
0.954954954954955,0.9975352112676057,0.9986821513878592,1.0,0.875,0.9659863945578231
0.8633093525179856,0.8841025641025642,0.9278197789291353,0.93,0.6923076923076923,0.9073170731707317
0.9083333333333333,0.9657301636307503,0.9703715750302019,0.9493670886075949,0.8292682926829268,0.9316770186335404
0.9155844155844156,0.9521505376344086,0.9752758427925897,0.9274193548387096,0.8666666666666667,0.9465020576131687
0.9379310344827586,0.9504132231404959,0.9792976860517657,0.9421487603305785,0.9166666666666666,0.9620253164556962
0.9261744966442953,0.99616292798111,0.9990765584306248,0.9173553719008265,0.9642857142857143,0.9527896995708155
0.8848920863309353,0.940795559666975,0.9431357769051771,0.9130434782608695,0.8297872340425532,0.9130434782608695
0.9112903225806451,0.9816919191919192,0.9924443512708938,0.9318181818181818,0.8611111111111112,0.9371428571428572
0.9783783783783784,0.9986580783682233,0.9998085158830208,0.9814814814814815,0.9565217391304348,0.9875776397515528
0.9655172413793104,0.9984984984984986,0.9994782173890581,0.9629629629629629,0.972972972972973,0.9765258215962441
0.8496732026143791,0.8872960949085517,0.9402227139706061,0.8823529411764706,0.7352941176470589,0.9012875536480687
0.8652482269503546,0.9400802752293578,0.9693746089313371,0.8899082568807339,0.78125,0.9107981220657277
0.9517241379310345,0.9960798289379901,0.9992378400820736,0.9508196721311475,0.9565217391304348,0.9707112970711297
0.9281437125748503,0.8851992409867173,0.9504803368232848,0.9779411764705882,0.7096774193548387,0.9568345323741008
0.9178082191780822,0.9124824684431977,0.9602215391855589,0.9652173913043478,0.7419354838709677,0.9487179487179487
0.9155844155844156,0.981859410430839,0.9959829653845473,0.9444444444444444,0.7857142857142857,0.9482071713147411
0.9205298013245033,0.9473015873015873,0.9786377183427806,0.9523809523809523,0.76,0.9523809523809523
0.9578313253012049,0.989341859845457,0.9978864659351655,0.9712230215827338,0.8888888888888888,0.9747292418772563
0.9124087591240876,0.9750841750841751,0.9937798746994764,0.9363636363636364,0.8148148148148148,0.944954128440367
0.8823529411764706,0.9272287862513426,0.9454069033068281,0.9489795918367347,0.7105263157894737,0.9207920792079208
0.8611111111111112,0.9448539448539449,0.9748318330069492,0.8918918918918919,0.7575757575757576,0.908256880733945
0.8872180451127819,0.9434121621621622,0.9658644856805253,0.9479166666666666,0.7297297297297297,0.9238578680203046
0.9155844155844156,0.9533811475409837,0.9773956261276264,0.9590163934426229,0.75,0.9473684210526315
0.8993288590604027,0.9471153846153847,0.9721264611132314,0.9316239316239316,0.78125,0.9356223175965666
0.9461538461538461,0.986254295532646,0.9954517863626641,0.9896907216494846,0.8181818181818182,0.964824120603015
0.9136690647482014,0.9874551971326165,0.996386229134543,0.9259259259259259,0.8709677419354839,0.9433962264150944
0.96,0.9954648526077098,0.9987692015765508,0.9795918367346939,0.8888888888888888,0.9746192893401016
0.8307692307692308,0.8953792502179599,0.9297501662765282,0.9032258064516129,0.6486486486486487,0.8842105263157894
0.9022556390977443,0.9439655172413793,0.9731251451439465,0.9423076923076923,0.7586206896551724,0.937799043062201
0.9347826086956522,0.9280864197530864,0.9636218752602072,0.9629629629629629,0.8333333333333334,0.9585253456221198
0.9651162790697675,0.9697697697697697,0.9825723029130772,0.9777777777777777,0.918918918918919,0.9777777777777777
0.9290780141843972,0.9019896831245394,0.9596135094920454,0.9661016949152542,0.7391304347826086,0.957983193277311
0.8503937007874016,0.9538239538239538,0.987585691511302,0.9191919191919192,0.6071428571428571,0.9054726368159204
0.9271523178807947,0.9088827838827839,0.9301592297250467,0.9732142857142857,0.7948717948717948,0.9519650655021834
0.9225352112676056,0.988446726572529,0.9982031120903144,0.9349593495934959,0.8421052631578947,0.9543568464730291
0.9080459770114943,0.9308333333333333,0.9787195842572424,0.94,0.7083333333333334,0.9463087248322147
0.9205298013245033,0.9539944903581268,0.9785531434211996,0.9504132231404959,0.8,0.9504132231404959
0.8888888888888888,0.9386457164234943,0.9717692296837221,0.9090909090909091,0.8148148148148148,0.9278350515463918
0.9264705882352942,0.9468531468531469,0.9772932770164995,1.0,0.6153846153846154,0.9565217391304348
0.9066666666666666,0.9153605015673981,0.9601681990682331,0.9421487603305785,0.7586206896551724,0.9421487603305785
0.916083916083916,0.9575242718446602,0.9716013083556944,0.941747572815534,0.85,0.941747572815534
0.9452054794520548,0.9364495798319328,0.9599358548669296,0.9642857142857143,0.8823529411764706,0.9642857142857143
0.9370629370629371,0.9583850931677019,0.9800466168968615,0.9478260869565217,0.8928571428571429,0.960352422907489
0.9139072847682119,0.9074074074074074,0.9549957781318053,0.9354838709677419,0.8148148148148148,0.9469387755102041
0.9337349397590361,0.938131313131313,0.9800801231177139,0.9513888888888888,0.8181818181818182,0.9614035087719298
0.8934426229508197,0.9184491978609626,0.9479664607758828,0.9431818181818182,0.7647058823529411,0.9273743016759777
0.8540145985401459,0.8776628119293974,0.9397076314132727,0.8962264150943396,0.7096774193548387,0.9047619047619048
0.8896551724137931,0.968,0.9946665986176497,0.904,0.8,0.9338842975206612
0.9302325581395349,0.9601139601139601,0.9703279339614471,0.9555555555555556,0.8717948717948718,0.9502762430939227
0.8611111111111112,0.8853398853398853,0.9393126005295829,0.954954954954955,0.5454545454545454,0.9137931034482759
0.9111111111111111,0.9784756527875794,0.9949904006242666,0.9541284403669725,0.7307692307692307,0.9454545454545454
0.935251798561151,0.9598746081504702,0.9778508973276249,0.9363636363636364,0.9310344827586207,0.958139534883721
0.9453125,0.9971839799749687,0.9989520479309304,0.9361702127659575,0.9705882352941176,0.9617486338797814
0.8828125,0.9584131326949384,0.9714754720206349,0.9411764705882353,0.7674418604651163,0.9142857142857143
0.8543046357615894,0.9250116441546343,0.9632609319297107,0.9203539823008849,0.6578947368421053,0.9043478260869565
0.9032258064516129,0.9853121175030599,0.9934361983852174,0.9069767441860465,0.8947368421052632,0.9285714285714286
0.8615384615384616,0.9237132352941176,0.9588120273114811,0.9270833333333334,0.6764705882352942,0.9081632653061225
0.9440559440559441,1.0,1.0,0.9279279279279279,1.0,0.9626168224299065
0.8961038961038961,0.9230218403150734,0.9801125022976298,0.924812030075188,0.7142857142857143,0.9389312977099237
0.9078947368421053,0.9368852459016394,0.9719715611388512,0.9508196721311475,0.7333333333333333,0.943089430894309
0.9043478260869565,0.9831309041835358,0.9916435969447868,0.9473684210526315,0.8205128205128205,0.9290322580645162
0.8809523809523809,0.9495951417004048,0.9736963357559939,0.9307692307692308,0.7105263157894737,0.9236641221374046
0.9315068493150684,0.9597701149425288,0.980247665041663,0.9396551724137931,0.9,0.956140350877193
0.9078947368421053,0.9866071428571429,0.9954635698782269,0.9553571428571429,0.775,0.9385964912280702
0.9491525423728814,0.9619973486522315,0.9823245554095721,0.958904109589041,0.9032258064516129,0.9688581314878892
0.9652777777777778,0.9704568023833168,0.9807877924928627,0.9811320754716981,0.9210526315789473,0.9765258215962441
0.9090909090909091,0.9493788819875776,0.9769881497579432,0.9391304347826087,0.7857142857142857,0.9432314410480349
0.9312977099236641,0.9577380952380953,0.9732437149108814,0.96875,0.8285714285714286,0.9538461538461539
0.9225352112676056,0.9921383647798743,0.9973051481610774,0.9245283018867925,0.9166666666666666,0.9468599033816425
0.8865248226950354,0.9642857142857143,0.9628620962322426,0.8913043478260869,0.8775510204081632,0.9111111111111111
0.8759124087591241,0.9117468046256847,0.9562420867652675,0.9245283018867925,0.7096774193548387,0.92018779342723
0.9066666666666666,0.95001295001295,0.9751352162084694,0.9401709401709402,0.7878787878787878,0.9401709401709402
0.937984496124031,0.9916485112563543,0.9977897296331546,0.9509803921568627,0.8888888888888888,0.9603960396039604
0.9291338582677166,0.9907894736842104,0.9970054631813168,0.968421052631579,0.8125,0.9533678756476683
0.9344262295081968,0.9925773195876288,0.9980698301676062,0.9381443298969072,0.92,0.9578947368421052
0.9205298013245033,0.9366557987890081,0.9609698086160265,0.9557522123893806,0.8157894736842105,0.9473684210526315
0.8699186991869918,0.95,0.9618089489576918,0.9397590361445783,0.725,0.9069767441860465
0.9324324324324325,0.9467261904761906,0.9735250131541272,0.9666666666666667,0.7857142857142857,0.9586776859504132
0.8677685950413223,0.878395061728395,0.9079908681105777,0.9876543209876543,0.625,0.9090909090909091
0.910958904109589,0.8956043956043956,0.9225845808455233,0.9711538461538461,0.7619047619047619,0.9395348837209302
0.9552238805970149,0.9545834494288102,0.9659688558396369,1.0,0.8378378378378378,0.97
0.890625,0.945244055068836,0.9662797942142637,0.9680851063829787,0.6764705882352942,0.9285714285714286
0.9383561643835616,0.9557471264367816,0.9777087804714095,0.9655172413793104,0.8333333333333334,0.9613733905579399
0.9191176470588235,0.9172289698605488,0.9762579193912347,0.9572649572649573,0.6842105263157895,0.9531914893617022
0.9416666666666667,0.9641174338528452,0.9759721267572985,0.9438202247191011,0.9354838709677419,0.96
0.9007633587786259,0.9464516129032259,0.9679188534193652,0.93,0.8064516129032258,0.9346733668341709
0.9041095890410958,0.9863387978142076,0.9972554892325384,0.9098360655737705,0.875,0.940677966101695
0.9126984126984127,0.9229202037351443,0.9457365843757454,0.9368421052631579,0.8387096774193549,0.9417989417989417
0.9242424242424242,0.968281288418982,0.9603335160568984,0.963855421686747,0.8571428571428571,0.9411764705882353
0.8859649122807017,0.9036764705882353,0.9291304048883309,0.9625,0.7058823529411765,0.9221556886227545
0.890625,0.9220779220779222,0.9224022495826631,0.9166666666666666,0.8409090909090909,0.9166666666666666
0.9047619047619048,0.9515306122448979,0.964943567690665,0.9880952380952381,0.7380952380952381,0.9325842696629213
0.8819444444444444,0.9721539721539721,0.9917313969942996,0.9099099099099099,0.7878787878787878,0.9223744292237442
0.8920863309352518,0.9389602803738318,0.9689092595233749,0.9532710280373832,0.6875,0.9315068493150684
0.9388888888888889,0.9895908980876301,0.9981150742047217,0.9477124183006536,0.8888888888888888,0.9634551495016611
0.9254658385093167,0.9615384615384616,0.9775314276826903,0.9508196721311475,0.8461538461538461,0.9508196721311475
0.9516129032258065,0.9597641345820326,0.9787203449532937,0.978494623655914,0.8709677419354839,0.9680851063829787
0.8805970149253731,0.9136363636363637,0.9314268056153795,0.9555555555555556,0.7272727272727273,0.9148936170212766
0.9559748427672956,0.93676603432701,0.9600361261430083,0.991869918699187,0.8333333333333334,0.9721115537848606
0.8903225806451613,0.9528067560854446,0.9796183886607255,0.9262295081967213,0.7575757575757576,0.9300411522633745
0.8695652173913043,0.917319749216301,0.972511640405506,0.9137931034482759,0.6363636363636364,0.9217391304347826
0.8909090909090909,0.9559422436134765,0.9662762979540176,0.9315068493150684,0.8108108108108109,0.918918918918919
0.9083969465648855,0.9223484848484849,0.9553147352404967,0.9797979797979798,0.6875,0.941747572815534
0.9485714285714286,0.9854227405247814,0.9971711354004537,0.9659863945578231,0.8571428571428571,0.9692832764505119
0.9343065693430657,0.9935135135135136,0.9975184017648795,0.93,0.9459459459459459,0.9538461538461539
0.9545454545454546,0.9515938606847697,0.9854334968121579,0.961038961038961,0.9090909090909091,0.9736842105263158
0.9196428571428571,0.9178378378378379,0.9361330503533818,0.96,0.8378378378378378,0.9411764705882353
0.9285714285714286,0.9863945578231292,0.997240175434661,0.9428571428571428,0.8571428571428571,0.9565217391304348
0.8972602739726028,0.9357403825488931,0.9421800848964533,0.9191919191919192,0.851063829787234,0.9238578680203046
0.9920634920634921,1.0,1.0,0.9901960784313726,1.0,0.9950738916256158
0.9215686274509803,0.9555555555555555,0.9788861496844997,0.95,0.8181818181818182,0.95
0.9054054054054054,0.9533468559837728,0.9758782228391288,0.907563025210084,0.896551724137931,0.9391304347826087
0.9148936170212766,0.960377358490566,0.9782535881022943,0.9528301886792453,0.8,0.9439252336448598
0.9345794392523364,0.994776119402985,0.9970010929439141,0.9552238805970149,0.9,0.9481481481481482
0.9327731092436975,0.9889273356401385,0.9954591666037866,0.9411764705882353,0.9117647058823529,0.9523809523809523
0.9659863945578231,0.997289972899729,0.9994651110200784,0.967479674796748,0.9583333333333334,0.9794238683127572
0.9206349206349206,0.9841584158415841,0.9961761019345416,0.9504950495049505,0.8,0.9504950495049505
0.9470198675496688,0.9659990684676293,0.9765232966512518,0.9646017699115044,0.8947368421052632,0.9646017699115044
0.9281045751633987,0.9579587519830777,0.9786959784177893,0.9508196721311475,0.8387096774193549,0.9547325102880658
0.8737864077669902,0.9430091185410334,0.9283376696952649,0.9107142857142857,0.8297872340425532,0.8869565217391304
0.9020979020979021,0.8811936936936937,0.933677884787212,0.972972972972973,0.65625,0.9391304347826087
0.8872180451127819,0.9338400900900901,0.9545277121135273,0.9166666666666666,0.8108108108108109,0.9214659685863874
0.967741935483871,0.9501025290498974,0.9838395961533105,0.9849624060150376,0.8636363636363636,0.9812734082397003
0.9594594594594594,0.9967017109874252,0.9983501747417736,0.9595959595959596,0.9591836734693877,0.9693877551020408
0.917910447761194,0.9684343434343434,0.9736700969420956,0.9444444444444444,0.8636363636363636,0.9392265193370166
0.94,0.9597953216374269,0.9770790976737225,0.9824561403508771,0.8055555555555556,0.9613733905579399
0.9133858267716536,0.9841924398625429,0.9953800196887884,0.9690721649484536,0.7333333333333333,0.9447236180904522
0.8507462686567164,0.9365808823529412,0.968899878375969,0.8823529411764706,0.75,0.9
0.9102564102564102,0.905982905982906,0.9369124833359828,0.9572649572649573,0.7692307692307693,0.9411764705882353
0.905511811023622,0.9808467741935484,0.9939722841455879,0.9479166666666666,0.7741935483870968,0.9381443298969072
0.9191176470588235,0.9581761006289308,0.9810924274858733,0.9433962264150944,0.8333333333333334,0.9478672985781991
0.9318181818181818,0.9517725966145002,0.9725468754406963,0.9603960396039604,0.8387096774193549,0.9556650246305419
0.9230769230769231,0.9612884160756501,0.9666854682438342,0.925531914893617,0.9166666666666666,0.9456521739130435
0.9312977099236641,0.9830409356725146,0.993623906826317,0.968421052631579,0.8333333333333334,0.9533678756476683
0.9130434782608695,0.9632006846384253,0.9763911862190827,0.926829268292683,0.868421052631579,0.9421487603305785
0.9481481481481482,0.9958708708708708,0.9990746969371287,0.9459459459459459,0.9583333333333334,0.967741935483871
0.9295774647887324,0.9883083668249909,0.9976363148930636,0.9327731092436975,0.9130434782608695,0.9568965517241379
0.9571428571428572,0.9892141756548537,0.9979949953642276,0.9830508474576272,0.8181818181818182,0.9747899159663865
0.8818181818181818,0.9374305812661977,0.9506688156097567,0.9452054794520548,0.7567567567567568,0.9139072847682119
0.9177215189873418,0.9796610169491525,0.9932343782228836,0.9576271186440678,0.8,0.9456066945606695
0.9342105263157895,0.9207990599294946,0.9472518901625591,0.9739130434782609,0.8108108108108109,0.9572649572649573
0.9323308270676691,0.958252427184466,0.9783433248715032,0.9611650485436893,0.8333333333333334,0.9565217391304348
0.8592592592592593,0.9364143920595533,0.9724843455306713,0.9038461538461539,0.7096774193548387,0.9082125603864735
0.9148936170212766,0.9418457648546145,0.9735701057734952,0.9557522123893806,0.75,0.9473684210526315
0.9281045751633987,0.9290657439446367,0.9658190346698842,0.9663865546218487,0.7941176470588235,0.9543568464730291
0.9426229508196722,0.9965986394557824,0.9991490848267798,0.9387755102040817,0.9583333333333334,0.9633507853403142
0.9185185185185185,0.9853499728703201,0.994270275581266,0.9381443298969072,0.868421052631579,0.9430051813471503
0.916083916083916,0.9393939393939394,0.9489024515750455,0.9494949494949495,0.8409090909090909,0.94
0.9338235294117647,0.9252336448598131,0.9639282071316471,0.9532710280373832,0.8620689655172413,0.9577464788732394
0.8992248062015504,0.9634146341463414,0.9685948923634925,0.8977272727272727,0.9024390243902439,0.9239766081871345
0.952,1.0,1.0,0.94,1.0,0.9690721649484536
0.888,0.9288946347769877,0.9536505529549094,0.989010989010989,0.6176470588235294,0.9278350515463918
0.8809523809523809,0.9205452127659575,0.9511430145305917,0.8936170212765957,0.84375,0.9180327868852459
0.9347826086956522,0.9686546463245492,0.9783426467639998,0.9320388349514563,0.9428571428571428,0.9552238805970149
0.9731543624161074,0.99812382739212,0.9995995375362104,0.975609756097561,0.9615384615384616,0.9836065573770492
0.9432624113475178,0.9942275975810885,0.9981674758438241,0.9532710280373832,0.9117647058823529,0.9622641509433962
0.9375,0.9664855072463767,0.9782779502113552,0.967391304347826,0.8611111111111112,0.956989247311828
0.9295774647887324,0.986099527383931,0.9957068226541739,0.944954128440367,0.8787878787878788,0.9537037037037037
0.9433962264150944,0.9625112917795845,0.9790112849354147,0.967479674796748,0.8611111111111112,0.9635627530364372
0.9020979020979021,0.9581845996940337,0.9723554827515479,0.9245283018867925,0.8378378378378378,0.9333333333333333
0.9139072847682119,0.9906403940886699,0.9970112775542115,0.9051724137931034,0.9428571428571428,0.9417040358744395
0.9206349206349206,0.9042386185243328,0.9347928187619432,0.967032967032967,0.8,0.946236559139785
0.9379310344827586,0.9918831168831168,0.9976318132876014,0.9553571428571429,0.8787878787878788,0.9596412556053812
0.9259259259259259,0.9315375982042647,0.9575162175171891,0.9797979797979798,0.7777777777777778,0.9509803921568627
0.8880597014925373,0.9389289069840275,0.9704723080365795,0.941747572815534,0.7096774193548387,0.9282296650717703
0.8627450980392157,0.9053410893707033,0.9470458701076936,0.8770491803278688,0.8064516129032258,0.9106382978723404
0.9161290322580645,0.9604138551506972,0.9742921779127449,0.9316239316239316,0.868421052631579,0.9437229437229437
0.920863309352518,0.9459649122807018,0.9784662985549022,0.9473684210526315,0.8,0.9515418502202643
0.9239130434782609,0.9235197368421053,0.964656525496016,0.9539473684210527,0.78125,0.9539473684210527
0.9104477611940298,0.9670995670995671,0.9884364733408086,0.9595959595959596,0.7714285714285715,0.9405940594059405
0.9271523178807947,0.9418604651162791,0.9814409078998053,0.9612403100775194,0.7272727272727273,0.9575289575289575
0.8547008547008547,0.9156288916562889,0.9029930529647534,0.9726027397260274,0.6590909090909091,0.8930817610062893
0.9166666666666666,0.9928994082840237,0.9985480721461875,0.9153846153846154,0.9230769230769231,0.9482071713147411
0.8880597014925373,0.9203463203463204,0.9500607941002642,0.9393939393939394,0.7428571428571429,0.9253731343283582
0.9545454545454546,0.9978125,0.9992875231658449,0.95,0.96875,0.9693877551020408
0.9178082191780822,0.9833333333333334,0.9957356201441527,0.9482758620689655,0.8,0.9482758620689655
0.8863636363636364,0.9008958566629339,0.9331880422528557,0.9574468085106383,0.7105263157894737,0.9230769230769231
0.9418604651162791,0.9948356807511737,0.9988883635083738,0.9436619718309859,0.9333333333333333,0.9640287769784173
0.8888888888888888,0.9692982456140351,0.9921804775789012,0.9385964912280702,0.7,0.9304347826086956
0.8954248366013072,0.9344262295081968,0.965845567621296,0.9262295081967213,0.7741935483870968,0.9338842975206612
0.9491525423728814,0.9605633802816901,0.9781750005757999,0.9788732394366197,0.8285714285714286,0.9686411149825784
0.954248366013072,0.9935064935064934,0.9989542651830198,0.9621212121212122,0.9047619047619048,0.9731800766283525
0.9602649006622517,0.9901477832512315,0.997017848955045,0.9827586206896551,0.8857142857142857,0.9743589743589743
0.9534883720930233,0.9975862068965518,0.9992854165736067,0.95,0.9655172413793104,0.9693877551020408
0.8924050632911392,0.9053030303030304,0.9638539652333553,0.9090909090909091,0.8076923076923077,0.933852140077821
0.950354609929078,0.9494310998735777,0.9747413723240017,0.9823008849557522,0.8214285714285714,0.9694323144104804
0.8936170212765957,0.9251336898395721,0.9764387891877528,0.9327731092436975,0.6818181818181818,0.9367088607594937
0.946969696969697,0.9920341394025605,0.9968434080030951,0.9578947368421052,0.918918918918919,0.9629629629629629
0.9197080291970803,0.9851851851851852,0.9963333222657889,0.9363636363636364,0.8518518518518519,0.9493087557603687
0.9389312977099237,0.992116434202547,0.9972779653182315,0.9587628865979382,0.8823529411764706,0.9587628865979382
0.8992805755395683,0.9790104947526237,0.9957570644040483,0.9137931034482759,0.8260869565217391,0.9380530973451328
0.90625,0.9377628259041211,0.9543459877519069,0.9425287356321839,0.8292682926829268,0.9318181818181818
0.8521739130434782,0.8935714285714286,0.9320916025144363,0.9375,0.6571428571428571,0.8982035928143712
0.9078014184397163,0.9568914956011729,0.9802213720842844,0.9454545454545454,0.7741935483870968,0.9411764705882353
0.85,0.8453525641025641,0.9081137554220974,0.9615384615384616,0.5277777777777778,0.9049773755656109
0.9015151515151515,0.9558173784977908,0.9710476917837592,0.9175257731958762,0.8571428571428571,0.9319371727748691
0.9083969465648855,0.9870967741935484,0.9958715049428022,0.91,0.9032258064516129,0.9381443298969072
0.9635036496350365,0.9659160073037127,0.9799962711414341,0.9716981132075472,0.9354838709677419,0.976303317535545
0.9333333333333333,0.9906471183013145,0.9957130351191389,0.9565217391304348,0.8837209302325582,0.9513513513513514
0.8984375,0.9693877551020408,0.9911835267543095,0.9693877551020408,0.6666666666666666,0.9359605911330049
0.9241379310344827,0.9126906050172159,0.9410147489954436,0.9906542056074766,0.7368421052631579,0.9506726457399103
0.9166666666666666,0.9001472754050073,0.9303085328706658,0.979381443298969,0.7428571428571429,0.945273631840796
0.8987341772151899,0.9072660446706248,0.9591648692887242,0.916030534351145,0.8148148148148148,0.9375
0.9271523178807947,0.9564516129032258,0.9744744879307387,0.9416666666666667,0.8709677419354839,0.9535864978902954
0.9027777777777778,0.9830508474576272,0.9962219572012774,0.9152542372881356,0.8461538461538461,0.9391304347826087
0.9363057324840764,0.9946605644546148,0.9992361417180231,0.9347826086956522,0.9473684210526315,0.9626865671641791
0.8740157480314961,0.9111801242236025,0.9465277552395024,0.9456521739130435,0.6857142857142857,0.9157894736842105
0.9492753623188406,0.952212389380531,0.978390634468453,0.9557522123893806,0.92,0.968609865470852
0.91875,0.987060546875,0.9967725184761764,0.9375,0.84375,0.9486166007905138
0.9444444444444444,0.9491995073891626,0.9795158860179211,0.9741379310344828,0.8214285714285714,0.9658119658119658
0.8805970149253731,0.9907647907647907,0.9965901055451243,0.8585858585858586,0.9428571428571428,0.9139784946236559
0.9343065693430657,0.9751855287569573,0.9786505455268979,0.9659090909090909,0.8775510204081632,0.9497206703910615
0.8897058823529411,0.9848648648648648,0.9964942009080409,0.8918918918918919,0.88,0.9295774647887324
0.8972602739726028,0.9508247743541861,0.9779030067250277,0.8991596638655462,0.8888888888888888,0.9344978165938864
0.9477611940298507,0.9974489795918368,0.9990348530868588,0.9387755102040817,0.9722222222222222,0.9633507853403142
0.916083916083916,0.9382967873533912,0.9618821566835832,0.9811320754716981,0.7297297297297297,0.9454545454545454
0.8914728682170543,0.9258426966292135,0.9457307513308025,0.9775280898876404,0.7,0.925531914893617
0.9007633587786259,0.9860853432282004,0.9953742164020567,0.9183673469387755,0.8484848484848485,0.9326424870466321
0.8848920863309353,0.965546218487395,0.9941836234222983,0.9159663865546218,0.7,0.9316239316239316
0.9,0.9273333333333333,0.9635164056590653,0.93,0.8,0.9346733668341709
0.9285714285714286,0.9658536585365853,0.970531093237496,0.9764705882352941,0.8292682926829268,0.9485714285714286
0.8980891719745223,0.9150025601638504,0.9603567996194368,0.9444444444444444,0.7096774193548387,0.937007874015748
0.9387755102040817,0.9932326913066111,0.9978991680837532,0.9380530973451328,0.9411764705882353,0.9592760180995475
0.8923076923076924,0.9706666666666667,0.9912975128848516,0.93,0.7666666666666667,0.93
0.9517241379310345,0.9607843137254902,0.975195800963756,0.9819819819819819,0.8529411764705882,0.9688888888888889
0.9111111111111111,0.9355590062111802,0.9720457457840675,0.9285714285714286,0.8260869565217391,0.9454545454545454
0.9259259259259259,0.9240074441687345,0.9525910999191903,0.9519230769230769,0.8387096774193549,0.9519230769230769
0.9478260869565217,0.9935846030473134,0.9977966451689371,0.9534883720930233,0.9310344827586207,0.9647058823529412
0.8896551724137931,0.9515942028985507,0.9881690433937008,0.9739130434782609,0.5666666666666667,0.9333333333333333
0.9495798319327731,0.9887936717205009,0.9949395113231767,0.975609756097561,0.8918918918918919,0.963855421686747
0.8913043478260869,0.8969298245614035,0.9594658020565723,0.9736842105263158,0.5,0.9367088607594937
0.835820895522388,0.9346828609986505,0.9627250028105846,0.8947368421052632,0.6923076923076923,0.8854166666666666
0.923728813559322,0.9662162162162162,0.9656574193442483,0.9594594594594594,0.8636363636363636,0.9403973509933775
0.9037037037037037,0.9337606837606838,0.9515452453728209,0.9375,0.8205128205128205,0.9326424870466321
0.9214285714285714,0.9627210884353741,0.9797332435101286,0.9428571428571428,0.8571428571428571,0.9473684210526315
0.9295774647887324,0.9901201602136182,0.9968175901799852,0.9532710280373832,0.8571428571428571,0.9532710280373832
0.9076923076923077,0.900952380952381,0.9529858724271916,0.9333333333333333,0.8,0.9423076923076923
0.9104477611940298,0.9483244597557157,0.9762664345823442,0.9514563106796117,0.7741935483870968,0.9423076923076923
0.8680555555555556,0.9211775878442545,0.9674977526573276,0.9145299145299145,0.6666666666666666,0.9184549356223176
0.8880597014925373,0.9001443001443001,0.9393080058157202,0.9494949494949495,0.7142857142857143,0.9261083743842364
0.9327731092436975,0.9957716701902749,0.9983738784418557,0.9302325581395349,0.9393939393939394,0.9523809523809523
0.8723404255319149,0.9070731707317075,0.9374897534293225,0.92,0.7560975609756098,0.9108910891089109
0.8857142857142857,0.888663967611336,0.9479705556528191,0.9473684210526315,0.6153846153846154,0.9310344827586207
0.9137931034482759,0.9571157495256167,0.971955194762411,0.9411764705882353,0.8387096774193549,0.9411764705882353
0.9078014184397163,0.9380487804878049,0.9486179643102441,0.97,0.7560975609756098,0.9371980676328503
0.9295774647887324,0.8991090146750524,0.9224095898754946,0.9811320754716981,0.7777777777777778,0.9541284403669725
0.9568345323741008,0.9247787610619469,0.9665757911841399,0.9911504424778761,0.8076923076923077,0.9739130434782609
0.9254658385093167,0.9829787234042553,0.9975566396686905,0.9432624113475178,0.8,0.9568345323741008
0.9527027027027027,0.9948400412796697,0.9984298108106151,0.956140350877193,0.9411764705882353,0.9688888888888889
0.9135802469135802,0.9166666666666666,0.957238293159824,0.9318181818181818,0.8333333333333334,0.9461538461538461
0.9193548387096774,0.9917582417582417,0.9979394334283379,0.9693877551020408,0.7307692307692307,0.95
0.910958904109589,0.9846743295019157,0.9961411617028862,0.9230769230769231,0.8620689655172413,0.9432314410480349
0.9583333333333334,0.9961779961779962,0.9988588468485944,0.963963963963964,0.9393939393939394,0.9727272727272728
0.9185185185185185,0.9758648431214803,0.9952552041818749,0.9469026548672567,0.7727272727272727,0.9511111111111111
0.9,0.9839535677705702,0.995437329817925,0.9207920792079208,0.8275862068965517,0.9346733668341709
0.9236641221374046,0.9420289855072465,0.9600394021788217,0.9782608695652174,0.7948717948717948,0.9473684210526315
0.9424460431654677,0.9705575820739968,0.9826733065278243,0.9603960396039604,0.8947368421052632,0.9603960396039604
0.8848920863309353,0.8918757467144564,0.947944798430471,0.9351851851851852,0.7096774193548387,0.926605504587156
0.9016393442622951,0.9623607347184583,0.9645676511900314,0.9382716049382716,0.8292682926829268,0.926829268292683
0.9323308270676691,0.9958071278825996,0.9988870546424803,0.9245283018867925,0.9629629629629629,0.9560975609756097
0.9032258064516129,0.9657346491228069,0.962628967605836,0.9736842105263158,0.7916666666666666,0.925
0.958041958041958,0.9944099378881988,0.9986524313377576,0.9739130434782609,0.8928571428571429,0.9739130434782609
0.935064935064935,0.9596118541830579,0.9798009583338717,0.943089430894309,0.9032258064516129,0.9586776859504132
0.9007633587786259,0.9319955406911928,0.9490115848555648,0.9891304347826086,0.6923076923076923,0.9333333333333333
0.9621212121212122,1.0,1.0,0.9509803921568627,1.0,0.9748743718592965
0.9044117647058824,0.9235599235599236,0.9463402448585454,0.9595959595959596,0.7567567567567568,0.9359605911330049
0.8913043478260869,0.9694083694083694,0.9905066465928551,0.9333333333333333,0.7575757575757576,0.9289099526066351
0.8978102189781022,0.9202702702702703,0.948433740049411,0.95,0.7567567567567568,0.9313725490196079
0.9191176470588235,0.961388888888889,0.971292315510554,0.94,0.8611111111111112,0.9447236180904522
0.8421052631578947,0.9100490196078431,0.9173801795742248,0.8941176470588236,0.75,0.8786127167630058
0.9466666666666667,0.9912177985948477,0.9979918842972106,0.9672131147540983,0.8571428571428571,0.9672131147540983
0.9294117647058824,0.9872829542675471,0.9973492613965974,0.9432624113475178,0.8620689655172413,0.9568345323741008
0.9323308270676691,0.9679266895761741,0.9803901403365104,0.9484536082474226,0.8888888888888888,0.9533678756476683
0.8819444444444444,0.9208387942332896,0.9518565940207182,0.9174311926605505,0.7714285714285715,0.9216589861751152
0.8728813559322034,0.9733036707452725,0.990823202079078,0.9195402298850575,0.7419354838709677,0.9142857142857143
0.9591836734693877,1.0,0.9999999999999999,0.95,1.0,0.9743589743589743
0.9084507042253521,0.9078425389075374,0.9559269810868452,0.9646017699115044,0.6896551724137931,0.9437229437229437
0.9173553719008265,0.9548898071625345,0.9699634708588537,0.9545454545454546,0.8181818181818182,0.9438202247191011
0.8613138686131386,0.9552785923753666,0.9794051666138159,0.9139784946236559,0.75,0.8994708994708994
0.9342105263157895,0.9311355311355312,0.9601672039249889,0.9829059829059829,0.7714285714285715,0.9583333333333334
0.9224137931034483,0.970989010989011,0.9919783913454551,0.9560439560439561,0.8,0.9508196721311475
0.9076923076923077,0.9850046860356139,0.995101932916505,0.9484536082474226,0.7878787878787878,0.9387755102040817
0.9007633587786259,0.9128712871287129,0.9548380432909109,0.9702970297029703,0.6666666666666666,0.937799043062201
0.92,0.9895646988670245,0.9954019233399185,0.9418604651162791,0.8717948717948718,0.9418604651162791
0.9202898550724637,0.9903061224489795,0.9959361327742748,0.9183673469387755,0.925,0.9424083769633508
0.8431372549019608,0.8191358024691359,0.8731418319703504,0.9444444444444444,0.6,0.8947368421052632
0.8666666666666667,0.8906304423545802,0.9301174020403288,0.9540229885057471,0.6363636363636364,0.9120879120879121
0.8958333333333334,0.9777777777777777,0.9954344339063276,0.9083333333333333,0.8333333333333334,0.9356223175965666
0.95,0.9850885368126747,0.9961274669494881,0.9819819819819819,0.8275862068965517,0.9688888888888889
0.8928571428571429,0.9613003095975232,0.9754210142209635,0.9019607843137255,0.868421052631579,0.9246231155778895
0.9611650485436893,1.0,1.0,0.9459459459459459,1.0,0.9722222222222222
0.9325153374233128,0.9941348973607038,0.998587770973427,0.9318181818181818,0.9354838709677419,0.9571984435797666
0.9057971014492754,0.9256221719457014,0.957639508689124,0.9423076923076923,0.7941176470588235,0.937799043062201
0.9069767441860465,0.9874551971326165,0.9949642409096677,0.9032258064516129,0.9166666666666666,0.9333333333333333
0.9072847682119205,0.899422268907563,0.9558646219013822,0.9495798319327731,0.75,0.9416666666666667
0.9152542372881356,0.9499299719887955,0.9687998298824732,0.9880952380952381,0.7352941176470589,0.9431818181818182
0.8943089430894309,0.9324324324324325,0.9529852416469565,0.9302325581395349,0.8108108108108109,0.9248554913294798
0.925,0.9641873278236914,0.9752290542523068,0.9338842975206612,0.8974358974358975,0.9495798319327731
0.916030534351145,0.989084293511219,0.9960953745082844,0.9175257731958762,0.9117647058823529,0.9417989417989417
0.8793103448275862,0.9318488529014846,0.938355861383207,0.9487179487179487,0.7368421052631579,0.9135802469135802
0.935064935064935,0.993181222134802,0.9982274234186819,0.9349593495934959,0.9354838709677419,0.9583333333333334
0.924812030075188,0.9911448450347881,0.9971904238092905,0.9215686274509803,0.9354838709677419,0.9494949494949495
0.8837209302325582,0.9758513931888545,0.9913710700116195,0.9052631578947369,0.8235294117647058,0.9197860962566845
0.9166666666666666,0.9889055472263868,0.9971468760032066,0.9217391304347826,0.896551724137931,0.9464285714285714
0.891156462585034,0.9429771908763506,0.9720289957434768,0.8991596638655462,0.8571428571428571,0.9304347826086956
0.9263803680981595,0.9759398496240602,0.9945304063059717,0.9548872180451128,0.8,0.9548872180451128
0.8701298701298701,0.84765625,0.9471558585452978,0.9296875,0.5769230769230769,0.9224806201550387
0.924812030075188,0.9200715015321757,0.9168511173447575,0.9662921348314607,0.8409090909090909,0.945054945054945
0.9333333333333333,0.9866625310173698,0.9972238791930047,0.9596774193548387,0.8076923076923077,0.9596774193548387
0.8636363636363636,0.904375,0.9426449224147873,0.91,0.71875,0.91
0.8601398601398601,0.9407766990291262,0.9612647015828799,0.9029126213592233,0.75,0.9029126213592233
0.8796992481203008,0.9356763925729443,0.9718945637355965,0.9423076923076923,0.6551724137931034,0.9245283018867925
0.9067796610169492,0.9228772710418983,0.9522976304604026,0.9540229885057471,0.7741935483870968,0.9378531073446328
0.9186991869918699,0.9896978021978022,0.9963323618206573,0.9230769230769231,0.90625,0.9438202247191011
0.9178082191780822,0.9730715287517532,0.9929550649038247,0.9739130434782609,0.7096774193548387,0.9491525423728814
0.8928571428571429,0.9431784551642498,0.9729868483986566,0.926605504587156,0.7741935483870968,0.9308755760368663
0.8814814814814815,0.8661524500907442,0.9606002513443379,0.9051724137931034,0.7368421052631579,0.9292035398230089
0.9261744966442953,0.9569067296340024,0.9829494467140624,0.9504132231404959,0.8214285714285714,0.9543568464730291
0.9402985074626866,0.8899273104880581,0.9492169226253117,0.9813084112149533,0.7777777777777778,0.963302752293578
0.9668874172185431,0.966817496229261,0.9789010149828035,0.9829059829059829,0.9117647058823529,0.9787234042553191
0.9064748201438849,0.9473684210526315,0.9795592316727455,0.9298245614035088,0.8,0.9422222222222222
0.8848920863309353,0.9517753047164812,0.9717731860247188,0.9117647058823529,0.8108108108108109,0.9207920792079208
0.8904109589041096,0.9763191763191763,0.9925887530801789,0.918918918918919,0.8,0.9272727272727272
0.875,0.977639751552795,0.9895259215918641,0.9420289855072463,0.7428571428571429,0.9090909090909091
0.9444444444444444,0.95007299270073,0.9815791723928332,0.9635036496350365,0.84,0.967032967032967
0.8761061946902655,0.9327789327789329,0.944977124195984,0.9594594594594594,0.717948717948718,0.9102564102564102
0.9453125,0.966991341991342,0.9677213558077324,1.0,0.8409090909090909,0.96
0.9492753623188406,0.9915586373228822,0.9975177798963704,0.9626168224299065,0.9032258064516129,0.9671361502347418
0.9225806451612903,0.9912,0.9978569668023347,0.928,0.9,0.9508196721311475
0.9056603773584906,0.9414925373134329,0.982695533461475,0.9477611940298507,0.68,0.9442379182156134
0.9069767441860465,0.9805825242718447,0.9951243035273045,0.9320388349514563,0.8076923076923077,0.9411764705882353
0.9172932330827067,0.9234661606578115,0.9579477629334158,0.9607843137254902,0.7741935483870968,0.9468599033816425
0.8857142857142857,0.8846153846153847,0.9321350242909451,0.9230769230769231,0.7777777777777778,0.9230769230769231
0.9328859060402684,0.9889340560072266,0.9958355485514272,0.9537037037037037,0.8780487804878049,0.9537037037037037
0.8992248062015504,0.9523195876288659,0.9727674124840392,0.9278350515463918,0.8125,0.9326424870466321
0.8759124087591241,0.9189189189189189,0.9517562291159707,0.96,0.6486486486486487,0.9186602870813397
0.965034965034965,0.9953416149068323,0.9988792744379467,0.9826086956521739,0.8928571428571429,0.9783549783549783
0.922077922077922,0.989795918367347,0.9977375233295441,0.9365079365079365,0.8571428571428571,0.9516129032258065
0.9411764705882353,0.9954732510288066,0.9993798472093268,0.9407407407407408,0.9444444444444444,0.9657794676806084
0.9006622516556292,0.9571865443425077,0.9716155152200401,0.9541284403669725,0.7619047619047619,0.9327354260089686
0.8807947019867549,0.8960720130932898,0.911941367510004,0.9519230769230769,0.723404255319149,0.9166666666666666
0.9465648854961832,0.9368421052631579,0.9569942635229624,0.9894736842105263,0.8333333333333334,0.9641025641025641
0.865546218487395,0.9026580459770115,0.940918976090883,0.9425287356321839,0.65625,0.9111111111111111
0.8692307692307693,0.936353829557713,0.9755221961861573,0.9029126213592233,0.7407407407407407,0.916256157635468
0.8731343283582089,0.9241868427488383,0.9377841094850726,0.9310344827586207,0.7659574468085106,0.9050279329608939
0.9064748201438849,0.922527158376215,0.9518499802704169,0.9622641509433962,0.7272727272727273,0.9400921658986175
0.927536231884058,0.9395236820979396,0.9588662164667561,0.9405940594059405,0.8918918918918919,0.95
0.9015151515151515,0.9853671282989286,0.9930758975530527,0.9213483146067416,0.8604651162790697,0.9265536723163842
0.8979591836734694,0.9649161518093557,0.9752022288546258,0.9320388349514563,0.8181818181818182,0.927536231884058
0.9451219512195121,0.9632336655592469,0.9817239236987696,0.9689922480620154,0.8571428571428571,0.9652509652509652
0.9246575342465754,0.9168877099911582,0.9618808215633693,0.9743589743589743,0.7241379310344828,0.9539748953974896
0.9256756756756757,0.9516129032258064,0.9824487465513398,0.9354838709677419,0.875,0.9547325102880658
0.9333333333333333,0.9851190476190477,0.9970697687364721,0.9444444444444444,0.875,0.9596774193548387
0.9102564102564102,0.9717921527041358,0.9800685451919717,0.8956521739130435,0.9512195121951219,0.9363636363636364
0.9076923076923077,0.9463757396449703,0.9757950163016692,0.9326923076923077,0.8076923076923077,0.941747572815534
0.8939393939393939,0.9075837742504409,0.9559401504784165,0.9142857142857143,0.8148148148148148,0.9320388349514563
0.8943089430894309,0.9409774436090226,0.9728574697197129,0.9263157894736842,0.7857142857142857,0.9312169312169312
0.9538461538461539,0.9656862745098039,0.9785421754883099,0.96875,0.9117647058823529,0.96875
0.9398496240601504,0.9936363636363638,0.9978991594115232,0.95,0.9090909090909091,0.9595959595959596
0.8782608695652174,0.924812030075188,0.9449844346271203,0.974025974025974,0.6842105263157895,0.9146341463414634
0.9637681159420289,0.991919191919192,0.9974411116650366,0.9809523809523809,0.9090909090909091,0.976303317535545
0.9325153374233128,0.9506211180124223,0.9828913776348708,0.9357142857142857,0.9130434782608695,0.9597069597069597
0.8345323741007195,0.9086229086229086,0.9660177695540763,0.9009009009009009,0.5714285714285714,0.8968609865470852
0.8951048951048951,0.9664324746291959,0.9941814210491103,0.9262295081967213,0.7142857142857143,0.9377593360995851
0.8702290076335878,0.9333333333333333,0.9731305237397401,0.9047619047619048,0.7307692307692307,0.9178743961352657
0.9262295081967213,0.9602627257799672,0.9742288714066867,0.9770114942528736,0.8,0.9497206703910615
0.9496402877697842,0.9942678478374153,0.9978383741005609,0.9603960396039604,0.9210526315789473,0.9651741293532339
0.9022556390977443,0.96398891966759,0.9939836396694697,0.9385964912280702,0.6842105263157895,0.9427312775330396
0.904,0.9360632183908045,0.9650941516087947,0.9479166666666666,0.7586206896551724,0.9381443298969072
0.9097222222222222,0.9329692154915591,0.9561985406517217,0.9528301886792453,0.7894736842105263,0.9395348837209302
0.89937106918239,0.9232941176470588,0.9616601270966152,0.928,0.7941176470588235,0.9354838709677419
0.9212598425196851,0.9485887096774194,0.9722126797329917,0.9583333333333334,0.8064516129032258,0.9484536082474226
0.9029850746268657,0.9551282051282052,0.9813397519158356,0.9423076923076923,0.7666666666666667,0.937799043062201
0.872,0.9188235294117648,0.9319525268434407,0.9294117647058824,0.75,0.9080459770114943
0.8865248226950354,0.9130190796857464,0.9475565987580886,0.9444444444444444,0.696969696969697,0.9272727272727272
0.9310344827586207,0.9478935698447893,0.9809517787437564,0.9349593495934959,0.9090909090909091,0.9583333333333334
0.8943661971830986,0.9360902255639098,0.9712444794777475,0.9210526315789473,0.7857142857142857,0.9333333333333333
0.9285714285714286,0.9816453621763357,0.9956753547777752,0.9646017699115044,0.7777777777777778,0.956140350877193
0.9,0.9569083447332422,0.9700952220450394,0.9418604651162791,0.7941176470588235,0.9310344827586207
0.926829268292683,0.9843550446998722,0.9935686093292118,0.9540229885057471,0.8611111111111112,0.9485714285714286
0.9354838709677419,0.96100347739692,0.9810843719367418,0.9590163934426229,0.8484848484848485,0.9590163934426229
0.906832298136646,0.9564943253467844,0.9749856685955889,0.9754098360655737,0.6923076923076923,0.9407114624505929
0.9219858156028369,0.9876738305941847,0.996976548367998,0.9469026548672567,0.8214285714285714,0.9511111111111111
0.9523809523809523,0.9692868297761582,0.9842118420624718,0.9734513274336283,0.8823529411764706,0.9691629955947136
0.8625954198473282,0.8965517241379309,0.9560357412774502,0.9607843137254902,0.5172413793103449,0.9158878504672897
0.9683544303797469,0.996031746031746,0.999607640266557,0.9722222222222222,0.9285714285714286,0.9824561403508771
0.9,0.9236111111111112,0.9588976999200105,0.9444444444444444,0.75,0.9357798165137615
0.9300699300699301,0.9958139534883721,0.9981702472478354,0.92,0.9534883720930233,0.9484536082474226
0.9705882352941176,0.9984639016897081,0.9995446233692843,0.9714285714285714,0.967741935483871,0.9807692307692307
0.8689655172413793,0.9390927624872579,0.968490118500569,0.9174311926605505,0.7222222222222222,0.91324200913242
0.9476744186046512,0.9975446428571428,0.9994239172673338,0.9428571428571428,0.96875,0.967032967032967
0.9310344827586207,0.9356666666666666,0.9732067919453046,0.9666666666666667,0.76,0.9586776859504132
0.9408284023668639,0.9851101846337106,0.997569229232993,0.952054794520548,0.8695652173913043,0.9652777777777778
0.9607843137254902,0.9937543372657877,0.9989389774456521,0.9694656488549618,0.9090909090909091,0.9769230769230769
0.9180327868852459,0.9930555555555556,0.9974721341522824,0.9111111111111111,0.9375,0.9425287356321839
0.9150326797385621,0.9484399788471708,0.9750946626223561,0.9426229508196722,0.8064516129032258,0.9465020576131687
0.9473684210526315,0.9609090909090909,0.9793373637120177,0.98,0.8484848484848485,0.9655172413793104
0.910828025477707,0.9792626728110599,0.9949681124226621,0.9444444444444444,0.7741935483870968,0.9444444444444444
0.9271523178807947,0.9467692307692308,0.9804203470622737,0.944,0.8461538461538461,0.9554655870445344
0.9389312977099237,0.9820655534941249,0.9939774455468571,0.9693877551020408,0.8484848484848485,0.9595959595959596
0.9536423841059603,1.0,0.9999999999999999,0.9435483870967742,1.0,0.970954356846473
0.9310344827586207,0.9892344497607656,0.9984193461673866,0.9407894736842105,0.8636363636363636,0.959731543624161
0.9050632911392406,0.9359649122807018,0.9658596244445729,0.9666666666666667,0.7105263157894737,0.9392712550607287
0.9197530864197531,0.9840909090909091,0.9964753066242622,0.9545454545454546,0.7666666666666667,0.9509433962264151
0.8653846153846154,0.9177833295480353,0.9508234303863218,0.8991596638655462,0.7567567567567568,0.9106382978723404
0.8666666666666667,0.8947368421052632,0.9348521467995757,0.9122807017543859,0.7222222222222222,0.9122807017543859
0.9142857142857143,0.8913879846108316,0.9410853899629483,0.9541284403669725,0.7741935483870968,0.9454545454545454
0.8986486486486487,0.930171277997365,0.9631643628588702,0.9391304347826087,0.7575757575757576,0.935064935064935
0.8561643835616438,0.9602564102564103,0.9913188493082469,0.8833333333333333,0.7307692307692307,0.9098712446351931
0.9430379746835443,0.9965796019900498,0.9993695243911912,0.9402985074626866,0.9583333333333334,0.9655172413793104
0.9020979020979021,0.9860248447204968,0.9964904583653797,0.9043478260869565,0.8928571428571429,0.9369369369369369
0.9295774647887324,0.9595881595881597,0.9743957388820472,0.9523809523809523,0.8648648648648649,0.9523809523809523
0.8913043478260869,0.9360868254446789,0.9685011945037626,0.9439252336448598,0.7096774193548387,0.9308755760368663
0.9448275862068966,0.9557074910820451,0.9804716016961817,0.9741379310344828,0.8275862068965517,0.9658119658119658
0.937984496124031,0.9929292929292929,0.9978594867115912,0.9494949494949495,0.9,0.9591836734693877
0.9440559440559441,0.9931636020744932,0.9972824199704882,0.9900990099009901,0.8333333333333334,0.9615384615384616
0.9214285714285714,0.9564636752136753,0.97143862532008,0.9423076923076923,0.8611111111111112,0.9468599033816425
0.8859060402684564,0.9739130434782608,0.9923188877016528,0.9130434782608695,0.7941176470588235,0.9251101321585903
0.8880597014925373,0.9276515151515152,0.9753670203043097,0.9454545454545454,0.625,0.9327354260089686
0.9503105590062112,0.9834162520729685,0.9965940568947999,0.9701492537313433,0.8518518518518519,0.9701492537313433
0.8923076923076924,0.9515306122448979,0.9731201327692498,0.9081632653061225,0.84375,0.9270833333333334
0.8666666666666667,0.9310344827586207,0.9674624045490895,0.9230769230769231,0.6896551724137931,0.9130434782608695
0.9090909090909091,0.9566696914700544,0.9748320468951768,0.9310344827586207,0.8421052631578947,0.9391304347826087
0.8923076923076924,0.9664502164502164,0.976648769431288,0.9772727272727273,0.7142857142857143,0.9247311827956989
0.9358974358974359,0.9871889627987188,0.9965073699209969,0.9512195121951219,0.8787878787878788,0.9590163934426229
0.9440559440559441,0.9873156342182892,0.9966723134453508,0.9734513274336283,0.8333333333333334,0.9649122807017544
0.9733333333333334,0.9978922011442336,0.9995301151416777,0.975609756097561,0.9629629629629629,0.9836065573770492
0.935064935064935,0.9778361038203558,0.9952948239189678,0.968503937007874,0.7777777777777778,0.9609375
0.875,0.8604576216564614,0.9277063867656932,0.9532710280373832,0.5862068965517241,0.9230769230769231
0.8811188811188811,0.9655172413793103,0.991532215531531,0.9385964912280702,0.6551724137931034,0.9264069264069265
0.9375,0.9628623188405797,0.975661320780289,0.9565217391304348,0.8888888888888888,0.9565217391304348
0.935251798561151,0.9074074074074074,0.9494840906225827,0.9732142857142857,0.7777777777777778,0.960352422907489
0.8671875,0.9340659340659341,0.961992135689381,0.9230769230769231,0.7297297297297297,0.9081081081081082
0.8947368421052632,0.9489795918367347,0.9722651907858699,0.9285714285714286,0.8,0.9285714285714286
0.8939393939393939,0.9222528313437405,0.9562158755137082,0.9595959595959596,0.696969696969697,0.9313725490196079
0.9655172413793104,0.9679385267620562,0.9792233307261942,0.972972972972973,0.9411764705882353,0.9773755656108597
0.9172413793103448,0.953781512605042,0.9793015826969722,0.9159663865546218,0.9230769230769231,0.9478260869565217
0.9411764705882353,0.9588325652841783,0.9746508345958095,0.9619047619047619,0.8709677419354839,0.9619047619047619
0.9140625,0.9347826086956522,0.9599036701377166,0.967391304347826,0.7777777777777778,0.9417989417989417
0.8843537414965986,0.9367213114754098,0.976752662441629,0.9098360655737705,0.76,0.9288702928870293
0.910958904109589,0.924890350877193,0.9585898587195805,0.9473684210526315,0.78125,0.9432314410480349
0.9243697478991597,0.954468085106383,0.9795502394153767,0.9361702127659575,0.88,0.9513513513513514
0.8931297709923665,0.9115646258503401,0.9428729101846779,0.9387755102040817,0.7575757575757576,0.9292929292929293
0.9084507042253521,0.9154411764705883,0.931981590511273,0.9607843137254902,0.775,0.937799043062201
0.9558823529411765,0.9407877346021676,0.9490619293184306,0.979381443298969,0.8974358974358975,0.9693877551020408
0.9274193548387096,0.9886780905752753,0.9952566187006181,0.9767441860465116,0.8157894736842105,0.9491525423728814
0.952,0.9980607627666451,0.9992643798737495,0.945054945054945,0.9705882352941176,0.9662921348314607
0.937984496124031,0.9847068819031436,0.9968698148102463,0.9626168224299065,0.8181818181818182,0.9626168224299065
0.8633093525179856,0.894552319309601,0.9386750923473586,0.9611650485436893,0.5833333333333334,0.9124423963133641
0.9183673469387755,0.9855978260869565,0.9959988875667232,0.9391304347826087,0.84375,0.9473684210526315
0.9444444444444444,0.988477366255144,0.9976757110925567,0.9629629629629629,0.8518518518518519,0.966542750929368
0.8936170212765957,0.9226415094339623,0.9509926606346142,0.9245283018867925,0.8,0.9289099526066351
0.9066666666666666,0.94112,0.975042185461845,0.928,0.8,0.943089430894309
0.9,0.9369999999999999,0.9845058528820031,0.9066666666666666,0.85,0.9411764705882353
0.9051724137931034,0.9427284427284427,0.9474235029556725,0.9594594594594594,0.8095238095238095,0.9281045751633987
0.9076923076923077,0.9025304592314902,0.9423192728456157,0.9381443298969072,0.8181818181818182,0.9381443298969072
0.9124087591240876,0.988558352402746,0.9975934785724068,0.9122807017543859,0.9130434782608695,0.9454545454545454
0.8818897637795275,0.9425925925925926,0.9751182981681435,0.92,0.7407407407407407,0.9246231155778895
0.9027777777777778,0.9489304812834225,0.9758055682108793,0.9727272727272728,0.6764705882352942,0.9385964912280702
0.9298245614035088,0.9871399176954733,0.997644418563213,0.9652777777777778,0.7407407407407407,0.9586206896551724
0.8888888888888888,0.9330079858030168,0.9496467624608217,0.9489795918367347,0.7608695652173914,0.9207920792079208
0.8461538461538461,0.8937375083277815,0.9253991516701244,0.9620253164556962,0.6052631578947368,0.8941176470588236
0.9142857142857143,0.9472304162569649,0.9734337284291353,0.9292035398230089,0.8518518518518519,0.9459459459459459
0.9851851851851852,0.9983974358974359,0.9993431509864493,0.9895833333333334,0.9743589743589743,0.9895833333333334
0.9320987654320988,0.984087791495199,0.9968443414284922,0.9629629629629629,0.7777777777777778,0.959409594095941
0.8931297709923665,0.9255050505050505,0.9579898523935975,0.9393939393939394,0.75,0.93
0.912,0.9088,0.9561503328685919,0.94,0.8,0.9447236180904522
0.89937106918239,0.9004608294930876,0.9503447653334838,0.967741935483871,0.6571428571428571,0.9375
0.9245283018867925,0.9538810483870969,0.9784739326368138,0.953125,0.8064516129032258,0.953125
0.9391891891891891,0.9999999999999999,0.9999999999999999,0.923728813559322,1.0,0.960352422907489
0.925,0.9799570508231926,0.9949845485324833,0.9763779527559056,0.7272727272727273,0.9538461538461539
0.9246575342465754,0.9433060109289617,0.9802498058210868,0.9426229508196722,0.8333333333333334,0.9543568464730291
0.8920454545454546,0.9077297398465282,0.9497311888877454,0.9343065693430657,0.7435897435897436,0.9309090909090909
0.9482758620689655,0.95248322147651,0.9834424823926335,0.9664429530201343,0.84,0.9696969696969697
0.9305555555555556,0.9583333333333334,0.9750413504908046,0.9629629629629629,0.8333333333333334,0.9541284403669725
0.9029850746268657,0.9832766439909297,0.9938547623181612,0.9183673469387755,0.8611111111111112,0.9326424870466321
0.9691358024691358,0.9964004499437571,0.998998921101478,0.9763779527559056,0.9428571428571428,0.9802371541501976
0.9078014184397163,0.9719036697247707,0.991612078028036,0.9357798165137615,0.8125,0.9400921658986175
0.8881578947368421,0.8884004884004885,0.9352375806510297,0.9743589743589743,0.6,0.9306122448979591
0.9375,0.9086538461538461,0.9590845013738929,0.9711538461538461,0.7916666666666666,0.9619047619047619
0.9523809523809523,0.9321428571428572,0.9569747507934119,0.9732142857142857,0.8857142857142857,0.9688888888888889
0.928,0.9588274044795784,0.9707238123925837,0.9456521739130435,0.8787878787878788,0.9508196721311475
0.8135593220338984,0.9086005394066526,0.9096152803591318,0.8873239436619719,0.7021276595744681,0.8513513513513513
0.9041095890410958,0.9191668732953137,0.9496362660849437,0.963302752293578,0.7297297297297297,0.9375
0.8873239436619719,0.9099099099099099,0.9551933553504172,0.9279279279279279,0.7419354838709677,0.9279279279279279
0.8814814814814815,0.9388957816377171,0.9687386945217077,0.9230769230769231,0.7419354838709677,0.9230769230769231
0.8561643835616438,0.9206773618538324,0.9396042764131328,0.9019607843137255,0.75,0.8975609756097561
0.9466666666666667,0.9324009324009324,0.96466297505377,0.9743589743589743,0.8484848484848485,0.9661016949152542
0.9316239316239316,0.9927849927849928,0.9973052309437175,0.9761904761904762,0.8181818181818182,0.9534883720930233
0.950354609929078,0.9890049477735019,0.9964940053625737,0.9719626168224299,0.8823529411764706,0.9674418604651163
0.9389312977099237,0.967670011148272,0.9754235710395345,0.9565217391304348,0.8974358974358975,0.9565217391304348
0.8914728682170543,0.9553191489361702,0.9732128037971378,0.9148936170212766,0.8285714285714286,0.9247311827956989
0.9557522123893806,0.993954480796586,0.997075418349324,0.9736842105263158,0.918918918918919,0.9673202614379085
0.954248366013072,0.9981360671015843,0.9993927616711801,0.9482758620689655,0.972972972972973,0.9691629955947136
0.9147286821705426,0.9010953608247423,0.9359514638904278,0.9587628865979382,0.78125,0.9441624365482234
0.9142857142857143,0.9914772727272727,0.9980592657845072,0.916083916083916,0.90625,0.9458483754512635
0.9015151515151515,0.9389770723104056,0.9733099723496969,0.9428571428571428,0.7407407407407407,0.9383886255924171
0.8592592592592593,0.8923684210526316,0.9114087754890775,0.9052631578947369,0.75,0.900523560209424
0.9703703703703703,0.9931412894375857,0.9982548900703951,0.9814814814814815,0.9259259259259259,0.9814814814814815
0.8791946308724832,0.9476351351351351,0.9706996242689457,0.9107142857142857,0.7837837837837838,0.918918918918919
0.9624060150375939,0.9960474308300394,0.9991749061703189,0.9727272727272728,0.9130434782608695,0.9771689497716894
0.9072847682119205,0.9390769230769231,0.9799024118491484,0.944,0.7307692307692307,0.944
0.8492063492063492,0.9363810741687979,0.9665463257702942,0.9239130434782609,0.6470588235294118,0.8994708994708994
0.8857142857142857,0.9782312925170068,0.9927175334043022,0.9047619047619048,0.8285714285714286,0.9223300970873787
0.9285714285714286,0.9916521739130435,0.998133485787404,0.9304347826086956,0.92,0.9553571428571429
0.9144736842105263,0.9398148148148149,0.9527615645703719,0.9537037037037037,0.8181818181818182,0.9406392694063926
0.9024390243902439,0.9550137362637363,0.9739701368645155,0.9340659340659341,0.8125,0.9340659340659341
0.8648648648648649,0.902398676592225,0.950631225509522,0.9316239316239316,0.6129032258064516,0.9159663865546218
0.9029850746268657,0.9119949890385217,0.951152066194958,0.9611650485436893,0.7096774193548387,0.9383886255924171
0.9215686274509803,0.9841819080573406,0.9955592492223158,0.957983193277311,0.7941176470588235,0.95
0.8769230769230769,0.8956190476190476,0.9455688723066482,0.9047619047619048,0.76,0.9223300970873787
0.9473684210526315,0.9833333333333333,0.9961529375415624,0.9814814814814815,0.8,0.9680365296803652
0.943502824858757,0.9534995206136145,0.9822861700902881,0.959731543624161,0.8571428571428571,0.9662162162162162
0.9444444444444444,0.9935672514619882,0.998306314732522,0.956140350877193,0.9,0.9646017699115044
0.8446601941747572,0.948849104859335,0.9760442584743504,0.9130434782608695,0.7058823529411765,0.8873239436619719
0.872,0.8700059630292188,0.8894694510537215,0.9534883720930233,0.6923076923076923,0.9111111111111111
0.9300699300699301,0.954828660436137,0.9724152849460059,0.9719626168224299,0.8055555555555556,0.9541284403669725
0.9241379310344827,0.9896421845574388,0.997600642344014,0.9322033898305084,0.8888888888888888,0.9523809523809523
0.8549618320610687,0.8822641509433963,0.9502694167259378,0.8962264150943396,0.68,0.9090909090909091
0.9253731343283582,0.9507389162561576,0.9743274113478637,0.9809523809523809,0.7241379310344828,0.9537037037037037
0.8958333333333334,0.968215892053973,0.992132417307058,0.9391304347826087,0.7241379310344828,0.935064935064935
0.9166666666666666,0.9199862637362637,0.9574917474443193,0.9423076923076923,0.8214285714285714,0.9468599033816425
0.9133333333333333,0.9869883437245867,0.996569430199106,0.9243697478991597,0.8709677419354839,0.944206008583691
0.9333333333333333,0.9941770186335404,0.9983015075648559,0.967391304347826,0.8214285714285714,0.956989247311828
0.9473684210526315,0.99765625,0.9993610263430898,0.9416666666666667,0.96875,0.9658119658119658
0.9333333333333333,0.9658025372311086,0.97019042065034,0.9285714285714286,0.9459459459459459,0.9528795811518325
0.8905109489051095,0.9769754055468342,0.9910288214083792,0.9285714285714286,0.7948717948717948,0.9238578680203046
0.8661417322834646,0.8712643678160918,0.8953455872228019,0.9310344827586207,0.725,0.9050279329608939
0.9043478260869565,0.9826666666666667,0.991310003898107,0.96,0.8,0.9290322580645162
0.9631901840490797,0.995706106870229,0.9989601410704159,0.9770992366412213,0.90625,0.9770992366412213
0.9291338582677166,0.9919354838709677,0.9973061535048173,0.9270833333333334,0.9354838709677419,0.9518716577540107
0.9516129032258065,0.9629755434782609,0.9724688637183339,0.967391304347826,0.90625,0.967391304347826
0.875,0.9066110397946086,0.9333805724760784,0.9390243902439024,0.7368421052631579,0.9112426035502958
0.9473684210526315,0.9243362831858407,0.975423936040836,0.9823008849557522,0.75,0.9694323144104804
0.8931297709923665,0.8967236467236468,0.9564459012721723,0.9326923076923077,0.7407407407407407,0.9326923076923077
0.9121621621621622,0.9868247694334651,0.9960532519659056,0.9130434782608695,0.9090909090909091,0.9417040358744395
0.946969696969697,0.9941176470588234,0.9982805509241374,0.9607843137254902,0.9,0.9655172413793104
0.8561643835616438,0.8989547038327527,0.9236825471848024,0.8952380952380953,0.7560975609756098,0.8995215311004785
0.9256756756756757,0.9213362068965517,0.950091011193591,0.9568965517241379,0.8125,0.9527896995708155
0.9140625,0.9533263671194705,0.974207995394368,0.9292929292929293,0.8620689655172413,0.9435897435897436
0.9166666666666666,0.9836065573770492,0.9968334926888832,0.9180327868852459,0.9090909090909091,0.9491525423728814
0.9285714285714286,0.9462159863945577,0.9794754393726857,0.9464285714285714,0.8214285714285714,0.9578313253012049
0.9090909090909091,0.9900689655172413,0.9975795156879375,0.904,0.9310344827586207,0.9416666666666667
0.924812030075188,0.9595238095238096,0.9789553049892178,0.9238095238095239,0.9285714285714286,0.9509803921568627
0.917910447761194,0.964594807238395,0.9703718208095178,0.9247311827956989,0.9024390243902439,0.9398907103825137
0.9183673469387755,0.9447293447293448,0.977360133303611,0.9572649572649573,0.7666666666666667,0.9491525423728814
0.9568345323741008,0.9673678532901834,0.9769647884899867,0.9805825242718447,0.8888888888888888,0.9711538461538461
0.9411764705882353,0.9370816599732262,0.9460833191962849,0.963855421686747,0.8888888888888888,0.9580838323353293
0.9148936170212766,0.9796591533809785,0.9937012711821082,0.9532710280373832,0.7941176470588235,0.9444444444444444
0.9210526315789473,0.9643467643467644,0.9794661344470897,0.9230769230769231,0.9142857142857143,0.9473684210526315
0.9,0.9862340216322516,0.9966186589595933,0.9026548672566371,0.8888888888888888,0.9357798165137615
0.9452054794520548,0.9952731092436974,0.9985710992218996,0.9553571428571429,0.9117647058823529,0.963963963963964
0.912621359223301,0.9642857142857143,0.9694979427970426,0.9852941176470589,0.7714285714285715,0.9370629370629371
0.9191176470588235,0.9846153846153846,0.9963179378695219,0.9363636363636364,0.8461538461538461,0.9493087557603687
0.9357142857142857,0.961200792976494,0.9780620980275223,0.9626168224299065,0.8484848484848485,0.958139534883721
0.9327731092436975,0.9580524344569289,0.9717246689184876,0.9438202247191011,0.9,0.9545454545454546
0.9064748201438849,0.9774358974358974,0.9915726193980293,0.96,0.7692307692307693,0.9365853658536586
0.8805970149253731,0.9291666666666667,0.9742378975932307,0.9272727272727272,0.6666666666666666,0.9272727272727272
0.8676470588235294,0.8650943396226415,0.9300975562392736,0.9150943396226415,0.7,0.9150943396226415
0.9290780141843972,0.954515050167224,0.9788887611877629,0.9391304347826087,0.8846153846153846,0.9557522123893806
0.8661417322834646,0.9529914529914529,0.9710382623967073,0.8791208791208791,0.8333333333333334,0.903954802259887
0.9044117647058824,0.9468256525942637,0.973445962858422,0.9158878504672897,0.8620689655172413,0.937799043062201
0.9166666666666666,0.9772641151951497,0.992707530315464,0.945054945054945,0.8275862068965517,0.945054945054945
0.9076923076923077,0.9712885154061625,0.9925481082131223,0.9803921568627451,0.6428571428571429,0.9433962264150944
0.9060402684563759,0.9734356552538371,0.9937940233425894,0.9338842975206612,0.7857142857142857,0.9416666666666667
0.9315068493150684,0.9629934210526316,0.979314842838522,0.9385964912280702,0.90625,0.9553571428571429
0.9172932330827067,0.9878787878787878,0.9961126283785903,0.95,0.8181818181818182,0.945273631840796
0.8467153284671532,0.9535714285714285,0.9850474400496289,0.8571428571428571,0.8125,0.8955223880597015
0.9681528662420382,0.993734335839599,0.9988506990849532,0.9774436090225563,0.9166666666666666,0.9811320754716981
0.9407407407407408,0.9523319615912208,0.9758104113198245,0.9629629629629629,0.8518518518518519,0.9629629629629629
0.9111111111111111,1.0,0.9999999999999999,0.8928571428571429,1.0,0.9433962264150944
0.937007874015748,0.9639175257731959,0.9791437718801788,0.9381443298969072,0.9333333333333333,0.9578947368421052
0.9385964912280702,0.9935091277890467,0.9977540566997922,0.9411764705882353,0.9310344827586207,0.9580838323353293
0.8809523809523809,0.9542464114832536,0.9648686816843566,0.9090909090909091,0.8157894736842105,0.9142857142857143
0.9124087591240876,0.987027027027027,0.995228721871332,0.93,0.8648648648648649,0.9393939393939394
0.875,0.9225806451612903,0.9462147654993909,0.9354838709677419,0.7142857142857143,0.9157894736842105
0.9111111111111111,0.9314285714285715,0.9523790913211019,0.94,0.8285714285714286,0.94
0.8396946564885496,0.9172225591267434,0.9577527408455109,0.9278350515463918,0.5882352941176471,0.8955223880597015
0.9153846153846154,0.9180607715944009,0.9555067337293961,0.9603960396039604,0.7586206896551724,0.9463414634146341
0.8872180451127819,0.9766702014846236,0.990265747793771,0.9456521739130435,0.7560975609756098,0.9206349206349206
0.891156462585034,0.9342021614748888,0.9742824152945251,0.9504132231404959,0.6153846153846154,0.9349593495934959
0.9090909090909091,0.970967741935484,0.9902054935100001,0.9555555555555556,0.7741935483870968,0.9398907103825137
0.9444444444444444,0.9892473118279571,0.9962384521952342,0.978494623655914,0.8484848484848485,0.9629629629629629
0.8993288590604027,0.9723785166240408,0.9919326158795067,0.9391304347826087,0.7647058823529411,0.935064935064935
0.9147286821705426,0.989247311827957,0.9957399925660282,0.9139784946236559,0.9166666666666666,0.9392265193370166
0.9035087719298246,0.9316239316239315,0.9403984447029994,0.9333333333333333,0.8461538461538461,0.9271523178807947
0.8394160583941606,0.8983100233100233,0.9423894216979729,0.9326923076923077,0.5454545454545454,0.8981481481481481
0.8819444444444444,0.9676161919040479,0.9918933633734776,0.9217391304347826,0.7241379310344828,0.925764192139738
0.8897058823529411,0.938863287250384,0.9736885173544668,0.9523809523809523,0.6774193548387096,0.9302325581395349
0.9754098360655737,0.9972727272727272,0.9994059017666472,0.99,0.9090909090909091,0.9850746268656716
0.9150326797385621,0.9483471074380165,0.9769804935410124,0.9752066115702479,0.6875,0.9477911646586346
0.9324324324324325,0.9341238471673254,0.9619012188207746,0.9478260869565217,0.8787878787878788,0.956140350877193
0.9064748201438849,0.8506571087216248,0.9183288860583462,0.9629629629629629,0.7096774193548387,0.9411764705882353
0.9103448275862069,0.9497621878715815,0.9742858993520935,0.9482758620689655,0.7586206896551724,0.944206008583691
0.8666666666666667,0.9291797400268937,0.9711379101256453,0.8969072164948454,0.7391304347826086,0.9157894736842105
0.9032258064516129,0.9534510433386838,0.9661935363016587,0.9550561797752809,0.7714285714285715,0.9340659340659341
0.8536585365853658,0.9748843357567747,0.9900081730071797,0.8426966292134831,0.8823529411764706,0.8928571428571429
0.8931297709923665,0.9788182831661092,0.9912342053145771,0.9347826086956522,0.7948717948717948,0.9247311827956989
0.9242424242424242,0.9645858343337335,0.9799718176052935,0.9489795918367347,0.8529411764705882,0.9489795918367347
0.8785714285714286,0.9424242424242424,0.9737685818430099,0.9,0.8,0.9209302325581395
0.9115646258503401,0.94640522875817,0.9605001672453055,0.9705882352941176,0.7777777777777778,0.9383886255924171
0.8535031847133758,0.886853448275862,0.9515229245287935,0.90625,0.6206896551724138,0.9098039215686274
0.896551724137931,0.9160277473530486,0.938278156861889,0.9518072289156626,0.7575757575757576,0.9294117647058824
0.8985507246376812,0.9793632075471699,0.9939581594292852,0.9528301886792453,0.71875,0.9351851851851852
0.9047619047619048,0.9851851851851852,0.9965424880784027,0.9083333333333333,0.8888888888888888,0.9396551724137931
0.9285714285714286,0.9972413793103448,0.9993448862221498,0.92,0.9655172413793104,0.9543568464730291
0.9312977099236641,0.9886039886039886,0.997067940272373,0.9519230769230769,0.8518518518518519,0.9565217391304348
0.9193548387096774,0.9223031564342699,0.9562258268619522,0.978494623655914,0.7419354838709677,0.9479166666666666
0.8676470588235294,0.9250320924261873,0.9481581131075443,0.9263157894736842,0.7317073170731707,0.9072164948453608
0.9112903225806451,0.894830659536542,0.9551824922084898,0.9705882352941176,0.6363636363636364,0.9473684210526315
0.9256756756756757,0.9272445820433436,0.95653730618893,0.9649122807017544,0.7941176470588235,0.9523809523809523
0.9194630872483222,0.9518449030644153,0.9781005463794162,0.926829268292683,0.8846153846153846,0.95
0.9183673469387755,0.9540760869565217,0.9757608564966653,0.9391304347826087,0.84375,0.9473684210526315
0.9366197183098591,0.9901960784313725,0.9969479276678754,0.9629629629629629,0.8529411764705882,0.9585253456221198
0.9328358208955224,0.989423076923077,0.9968979820943378,0.9423076923076923,0.9,0.9560975609756097
0.9259259259259259,0.967896865520728,0.9744316398178458,0.9565217391304348,0.8604651162790697,0.946236559139785
0.9345238095238095,0.921885521885522,0.9570898773865432,0.9555555555555556,0.8484848484848485,0.9591078066914498
0.8870967741935484,0.9099818511796733,0.9453376982396912,0.9157894736842105,0.7931034482758621,0.925531914893617
0.9565217391304348,0.9966633299966633,0.9991683675594077,0.954954954954955,0.9629629629629629,0.9724770642201835
0.9230769230769231,0.9442389006342494,0.9371284742000852,0.9651162790697675,0.8409090909090909,0.9431818181818182
0.9338235294117647,0.9920792079207921,0.9972209091615819,0.9405940594059405,0.9142857142857143,0.9547738693467337
0.9477124183006536,0.9943019943019943,0.9982423431770633,0.9572649572649573,0.9166666666666666,0.9655172413793104
0.8880597014925373,0.9495949594959495,0.9736987560640405,0.9207920792079208,0.7878787878787878,0.9253731343283582
0.9212121212121213,0.9846193952033367,0.9967017983721568,0.927007299270073,0.8928571428571429,0.951310861423221
0.881578947368421,0.9212883552506195,0.9230207186720014,0.9494949494949495,0.7547169811320755,0.912621359223301
0.9166666666666666,0.9598844672657253,0.968427021908919,0.9634146341463414,0.8157894736842105,0.9404761904761905
0.9060402684563759,0.8509615384615385,0.9212076922834317,0.9572649572649573,0.71875,0.9411764705882353
0.9369369369369369,0.9945609945609946,0.997828733926973,0.9871794871794872,0.8181818181818182,0.9565217391304348
0.8666666666666667,0.9674373168349072,0.9857885016886185,0.9036144578313253,0.7837837837837838,0.9036144578313253
0.9,0.9825514874141876,0.9927458738086223,0.9130434782608695,0.868421052631579,0.9281767955801105
0.9013157894736842,0.9203125,0.958134063361498,0.925,0.8125,0.9367088607594937
0.9307692307692308,0.9913700107874865,0.9977338755700959,0.941747572815534,0.8888888888888888,0.9556650246305419
0.9354838709677419,0.9097222222222223,0.9543990788630088,0.984375,0.7037037037037037,0.9618320610687023
0.8881987577639752,0.9270495599814729,0.9650327808195195,0.9133858267716536,0.7941176470588235,0.928
0.8918918918918919,0.9331781914893618,0.91037386637111,1.0,0.7446808510638298,0.9142857142857143
0.9166666666666666,0.9109243697478991,0.9381556482101419,0.9764705882352941,0.7714285714285715,0.9431818181818182
0.9347826086956522,0.9565872776605366,0.9782644737492426,0.9532710280373832,0.8709677419354839,0.9577464788732394
0.8529411764705882,0.8794908062234795,0.9299907053459171,0.900990099009901,0.7142857142857143,0.900990099009901
0.8714285714285714,0.9484536082474226,0.9642374571585898,0.8969072164948454,0.813953488372093,0.90625
0.920863309352518,0.9353830119854091,0.957753948060053,0.9603960396039604,0.8157894736842105,0.9463414634146341
0.9358974358974359,0.9584516129032258,0.9790321345192319,0.944,0.9032258064516129,0.959349593495935
0.923728813559322,0.9962737127371274,0.9982854823021846,0.9024390243902439,0.9722222222222222,0.9426751592356688
0.9221556886227545,0.9082007343941249,0.9388910024268808,0.9844961240310077,0.7105263157894737,0.951310861423221
0.8695652173913043,0.9716981132075472,0.991507005670111,0.8962264150943396,0.78125,0.9134615384615384
0.9253731343283582,0.9881773399014778,0.9967359533645411,0.9428571428571428,0.8620689655172413,0.9519230769230769
0.9224806201550387,0.9962658700522777,0.9990303279438459,0.912621359223301,0.9615384615384616,0.9494949494949495
0.9216867469879518,0.9125258799171843,0.9610004295351973,0.9565217391304348,0.75,0.9530685920577617
0.860655737704918,0.938719512195122,0.9563100840441091,0.9512195121951219,0.675,0.9017341040462428
0.8646616541353384,0.9481049562682216,0.969108573914962,0.8775510204081632,0.8285714285714286,0.9052631578947369
0.935251798561151,0.954954954954955,0.9782114496349616,0.9459459459459459,0.8928571428571429,0.958904109589041
0.9197080291970803,0.9921363040629095,0.997923841185232,0.9174311926605505,0.9285714285714286,0.9478672985781991
0.9347826086956522,0.9270588235294117,0.9641441238964441,0.96,0.8235294117647058,0.96
0.8767123287671232,0.9420756234915527,0.9686962976258241,0.9203539823008849,0.7272727272727273,0.9203539823008849
0.95,0.9181286549707602,0.9668576445508157,0.9774436090225563,0.8148148148148148,0.9701492537313433
0.8984375,0.9125,0.9547474649127721,0.96,0.6785714285714286,0.9365853658536586
0.907563025210084,0.9568965517241379,0.9765080879743575,0.9655172413793104,0.75,0.9385474860335196
0.9166666666666666,0.9962566844919787,0.9987989985903591,0.9,0.9705882352941176,0.9428571428571428
0.921875,0.9826635145784082,0.9900640862157288,0.9506172839506173,0.8723404255319149,0.9390243902439024
0.9161290322580645,0.9387351778656127,0.9830503891184755,0.946969696969697,0.7391304347826086,0.9505703422053232
0.9225352112676056,0.9367937853107344,0.9757268753318782,0.9576271186440678,0.75,0.9535864978902954
0.9130434782608695,0.9397045523063009,0.9668045204442834,0.9532710280373832,0.7741935483870968,0.9444444444444444
0.9289940828402367,0.8988505747126436,0.9593661849692274,0.9586206896551724,0.75,0.9586206896551724
0.9634146341463414,0.9601990049751243,0.9815485063747462,0.9850746268656716,0.8666666666666667,0.9777777777777777
0.8955223880597015,0.9147058823529413,0.944914824342836,0.96,0.7058823529411765,0.9320388349514563
0.9338235294117647,0.9282141806413652,0.9533171137821577,0.9611650485436893,0.8484848484848485,0.9565217391304348
0.9448275862068966,0.9936,0.9989663898244554,0.952,0.9,0.967479674796748
0.9493670886075949,0.9981024667931688,0.9994704538885575,0.9435483870967742,0.9705882352941176,0.9669421487603306
0.9256756756756757,0.9751412429378531,0.9938158149671645,0.9745762711864406,0.7333333333333333,0.9543568464730291
0.9516129032258065,0.9643342391304348,0.9769151196630025,0.967391304347826,0.90625,0.967391304347826
0.8872180451127819,0.9721485411140584,0.992194776552119,0.9134615384615384,0.7931034482758621,0.926829268292683
0.9251700680272109,0.9924924924924926,0.9974554480473574,0.918918918918919,0.9444444444444444,0.9488372093023256
0.9347826086956522,0.9853186519853186,0.9963957209772867,0.954954954954955,0.8518518518518519,0.9592760180995475
0.9173553719008265,0.9511019283746557,0.9680942392836385,0.9545454545454546,0.8181818181818182,0.9438202247191011
0.916083916083916,0.9225895316804408,0.9476876199746785,0.9545454545454546,0.7878787878787878,0.9459459459459459
0.8699186991869918,0.9367088607594937,0.9416304943861018,0.9240506329113924,0.7727272727272727,0.9012345679012346
0.9299363057324841,0.994073275862069,0.9986289132292417,0.9296875,0.9310344827586207,0.9558232931726908
0.9375,0.9865384615384616,0.994824394218719,0.9615384615384616,0.875,0.9569377990430622
0.9366197183098591,0.9849572649572649,0.9967686418379837,0.9572649572649573,0.84,0.9613733905579399
0.927007299270073,0.9896331738437002,0.9960924144405598,0.9494949494949495,0.868421052631579,0.9494949494949495
0.9071428571428571,0.9070830159939071,0.9327150201714749,0.9702970297029703,0.7435897435897436,0.937799043062201
0.9136690647482014,0.9189189189189189,0.9617067420787289,0.954954954954955,0.75,0.9464285714285714
0.9194630872483222,0.9774859287054409,0.9950519441788891,0.9349593495934959,0.8461538461538461,0.9504132231404959
0.9404761904761905,0.9862132352941176,0.9967948149798462,0.9705882352941176,0.8125,0.9635036496350365
0.9477124183006536,0.9901859504132231,0.9974395286769259,0.9752066115702479,0.84375,0.9672131147540983
0.916030534351145,0.9839208410636983,0.9947144395563603,0.9489795918367347,0.8181818181818182,0.9441624365482234
0.9264705882352942,0.9477477477477477,0.978850555243148,0.963963963963964,0.76,0.9553571428571429
0.8880597014925373,0.8618899273104881,0.9390047510824235,0.9626168224299065,0.5925925925925926,0.9321266968325792
0.9423076923076923,0.9856445592879701,0.9970008148210499,0.9689922480620154,0.8148148148148148,0.9652509652509652
0.9145299145299145,0.9753086419753086,0.9923831059862216,0.9333333333333333,0.8518518518518519,0.9438202247191011
0.9290780141843972,0.9938271604938271,0.9980632367133027,0.9259259259259259,0.9393939393939394,0.9523809523809523
0.9594594594594594,0.9648546144121365,0.9734673356597376,0.9823008849557522,0.8857142857142857,0.9736842105263158
0.8652482269503546,0.9136585365853659,0.9269714924810225,0.93,0.7073170731707317,0.9073170731707317
0.9455782312925171,0.9673218673218673,0.9744106554048659,0.9545454545454546,0.918918918918919,0.963302752293578
0.8714285714285714,0.9180021367521367,0.9517252257555934,0.9134615384615384,0.75,0.9134615384615384
0.9214285714285714,0.9456352904628766,0.9771112465083533,0.954954954954955,0.7931034482758621,0.9506726457399103
0.9006211180124224,0.9469696969696969,0.9768544249551341,0.9375,0.7575757575757576,0.9375
0.9523809523809523,0.9967272727272728,0.999411749408077,0.952,0.9545454545454546,0.9714285714285714
0.9568345323741008,0.970054000981836,0.9707018616673666,0.979381443298969,0.9047619047619048,0.9693877551020408
0.9398496240601504,0.9592988710635769,0.9743439844512901,0.9797979797979798,0.8235294117647058,0.9603960396039604
0.958904109589041,0.9940476190476191,0.9976103959536676,0.9807692307692307,0.9047619047619048,0.9714285714285714
0.9047619047619048,0.9025641025641026,0.9600264095194282,0.9743589743589743,0.6333333333333333,0.9421487603305785
0.8666666666666667,0.9629629629629629,0.9897231816056223,0.905982905982906,0.7272727272727273,0.9137931034482759
0.9420289855072463,0.9581529581529582,0.9756197277223564,0.9619047619047619,0.8787878787878788,0.9619047619047619
0.89171974522293,0.9773706896551724,0.9948575103789409,0.9140625,0.7931034482758621,0.9322709163346613
0.8272727272727273,0.9080330330330331,0.9303796879176798,0.918918918918919,0.6388888888888888,0.8774193548387097
0.8482142857142857,0.9325605900948367,0.9435389974695444,0.9178082191780822,0.717948717948718,0.8874172185430463
0.9315068493150684,0.9891025641025641,0.9976427855365232,0.95,0.8461538461538461,0.957983193277311
0.875,0.9190149183045229,0.9438702049058201,0.9611650485436893,0.6585365853658537,0.9166666666666666
0.8174603174603174,0.853375196232339,0.9096527014956586,0.9120879120879121,0.5714285714285714,0.8783068783068783
0.935064935064935,0.948076923076923,0.977587358843308,0.9461538461538461,0.875,0.9609375
0.9104477611940298,0.9350328947368421,0.9504261813111968,0.9479166666666666,0.8157894736842105,0.9381443298969072
0.9323308270676691,0.9534013605442178,0.972749266189478,0.9619047619047619,0.8214285714285714,0.957345971563981
0.837037037037037,0.8905460060667342,0.9209464748453977,0.9456521739130435,0.6046511627906976,0.8877551020408163
0.9637681159420289,0.9644256858607175,0.9791782526358932,0.9813084112149533,0.9032258064516129,0.9767441860465116
0.9172413793103448,0.9479686386315039,0.9782296272285936,0.9180327868852459,0.9130434782608695,0.9491525423728814
0.859375,0.9328234120385767,0.9666765650671906,0.8969072164948454,0.7419354838709677,0.90625
0.9176470588235294,0.9999999999999999,1.0,0.9014084507042254,1.0,0.9481481481481482
0.9338235294117647,0.9484684684684684,0.9788257377480943,0.954954954954955,0.84,0.9592760180995475
0.9230769230769231,0.9674940898345155,0.976394730027351,0.925531914893617,0.9166666666666666,0.9456521739130435
0.9261363636363636,0.9906746031746031,0.9975306326512473,0.9285714285714286,0.9166666666666666,0.9523809523809523
0.9069767441860465,0.96003996003996,0.9570359109630103,0.9090909090909091,0.9038461538461539,0.9210526315789473
0.888,0.9383975812547242,0.9712496243113465,0.9183673469387755,0.7777777777777778,0.9278350515463918
0.8707482993197279,0.945353594389246,0.9721364502986755,0.8728813559322034,0.8620689655172413,0.9155555555555556
0.903448275862069,0.9395604395604396,0.9779966100403605,0.9327731092436975,0.7692307692307693,0.940677966101695
0.9104477611940298,0.9308390022675738,0.946101147091559,0.9183673469387755,0.8888888888888888,0.9375
0.9342105263157895,0.9865433137089992,0.9967827631835916,0.9512195121951219,0.8620689655172413,0.9590163934426229
0.9140625,0.9446826758147513,0.9808867883270013,0.9339622641509434,0.8181818181818182,0.9473684210526315
0.9115646258503401,0.9819078947368421,0.9973050381125538,0.9296875,0.7894736842105263,0.9482071713147411
0.9402985074626866,0.9522792022792023,0.9790111648243145,0.9629629629629629,0.8461538461538461,0.9629629629629629
0.9064748201438849,0.9251685393258428,0.9239233996974363,0.9662921348314607,0.8,0.9297297297297298
0.9299363057324841,0.990909090909091,0.9982733067168362,0.9393939393939394,0.88,0.9575289575289575
0.889763779527559,0.9730263157894736,0.9910572367131797,0.9263157894736842,0.78125,0.9263157894736842
0.922077922077922,0.9625706214689266,0.9789232385946327,0.9491525423728814,0.8333333333333334,0.9491525423728814
0.9219858156028369,0.9581930415263749,0.9774361578062188,0.9722222222222222,0.7575757575757576,0.9502262443438914
0.8450704225352113,0.8987943003288272,0.9693129964676734,0.8991596638655462,0.5652173913043478,0.9067796610169492
0.9166666666666666,0.9588466579292267,0.9767081942520375,0.9357798165137615,0.8571428571428571,0.9444444444444444
0.9076923076923077,0.9591450216450217,0.9638596718806308,0.9204545454545454,0.8809523809523809,0.9310344827586207
0.9444444444444444,0.9423387096774194,0.98202346767629,0.9596774193548387,0.85,0.967479674796748
0.8984375,0.9582252953039471,0.96099500441433,0.9101123595505618,0.8717948717948718,0.9257142857142857
0.9459459459459459,0.9812523434570679,0.9969445304365377,0.984251968503937,0.7142857142857143,0.9689922480620154
0.9452054794520548,0.9667953667953668,0.9784824392948221,0.9459459459459459,0.9428571428571428,0.963302752293578
0.9069767441860465,0.943355119825708,0.9759422248323748,0.9509803921568627,0.7407407407407407,0.941747572815534
0.9104477611940298,0.9642944485204206,0.9616849336321823,0.9425287356321839,0.851063829787234,0.9318181818181818
0.856,0.913978494623656,0.9509598775741102,0.8817204301075269,0.78125,0.9010989010989011
0.968421052631579,0.9686595949855352,0.9678131674666174,0.9836065573770492,0.9411764705882353,0.975609756097561
0.9125,0.9751724137931035,0.9973284992608655,0.9241379310344827,0.8,0.950354609929078
0.860655737704918,0.9250645994832042,0.9485032781228695,0.8953488372093024,0.7777777777777778,0.9005847953216374
0.9161290322580645,0.9324769433465085,0.9793074336365342,0.9545454545454546,0.6956521739130435,0.9509433962264151
0.9194630872483222,0.9828807556080283,0.9959531550467091,0.9338842975206612,0.8571428571428571,0.9495798319327731
0.8913043478260869,0.9493778280542986,0.974611370040736,0.9326923076923077,0.7647058823529411,0.9282296650717703
0.8827586206896552,0.9426129426129426,0.9762331492024368,0.8974358974358975,0.8214285714285714,0.9251101321585903
0.9230769230769231,0.9789830508474576,0.9955203769453099,0.9491525423728814,0.8,0.9531914893617022
0.9102564102564102,0.8918850806451613,0.9504835259354505,0.9596774193548387,0.71875,0.9444444444444444
0.864,0.8931451612903226,0.9401113882866865,0.9139784946236559,0.71875,0.9090909090909091
0.868421052631579,0.9479985035540591,0.9687119012155796,0.9012345679012346,0.7878787878787878,0.906832298136646
0.9236111111111112,0.9212103910933485,0.9576980171918126,0.9557522123893806,0.8064516129032258,0.9515418502202643
0.8796992481203008,0.9801749271137026,0.9926495432217968,0.8775510204081632,0.8857142857142857,0.9148936170212766
0.9037037037037037,0.9611428571428572,0.9768874055078374,0.93,0.8285714285714286,0.9346733668341709
0.9076923076923077,0.9775413711583925,0.9918384552738324,0.9680851063829787,0.75,0.9381443298969072
0.9264705882352942,0.966702470461869,0.9795698253131067,0.9489795918367347,0.868421052631579,0.9489795918367347
0.8928571428571429,0.9032507739938082,0.9270252906180277,0.9411764705882353,0.7631578947368421,0.927536231884058
0.906832298136646,0.9065520945220193,0.9599624109216707,0.9473684210526315,0.7142857142857143,0.9438202247191011
0.8846153846153846,0.8856015779092702,0.9092363696236643,0.945054945054945,0.7435897435897436,0.9197860962566845
0.9323308270676691,0.9433094994892748,0.9464534748891316,0.9887640449438202,0.8181818181818182,0.9513513513513514
0.9007633587786259,0.9393939393939393,0.9831491876244992,0.9363636363636364,0.7142857142857143,0.9406392694063926
0.9466666666666667,0.9915824915824916,0.9988329181651353,0.9545454545454546,0.8888888888888888,0.9692307692307692
0.8861788617886179,0.9820433436532507,0.9925122599740572,0.9411764705882353,0.7631578947368421,0.9195402298850575
0.921875,0.9336893635959056,0.9740810654895063,0.9532710280373832,0.7619047619047619,0.9532710280373832
0.8823529411764706,0.8644578313253013,0.9010790485957384,0.963855421686747,0.6944444444444444,0.9195402298850575
0.890625,0.9196172248803828,0.9497105500060328,0.9368421052631579,0.7575757575757576,0.9270833333333334
0.917910447761194,0.9811253561253561,0.9954639407333615,0.9444444444444444,0.8076923076923077,0.9488372093023256
0.9020979020979021,0.9341715976331361,0.9534758771600438,0.9326923076923077,0.8205128205128205,0.9326923076923077
0.8818897637795275,0.9455645161290323,0.9727039865058018,0.9375,0.7096774193548387,0.9230769230769231
0.9072847682119205,0.8510752688172043,0.9213038016335461,0.9666666666666667,0.6774193548387096,0.943089430894309
0.8951048951048951,0.979646017699115,0.9945358350016162,0.911504424778761,0.8333333333333334,0.9321266968325792
0.9328859060402684,0.995907738095238,0.9993080340700045,0.9296875,0.9523809523809523,0.9596774193548387
0.8888888888888888,0.9532567049808429,0.9682536385441641,0.8850574712643678,0.9,0.9221556886227545
0.9423076923076923,0.9890652557319224,0.9982779419419531,0.9555555555555556,0.8571428571428571,0.9662921348314607
0.9366197183098591,0.9905005480453051,0.9981758663980885,0.957983193277311,0.8260869565217391,0.9620253164556962
0.8867924528301887,0.9648550724637681,0.9551402688781606,0.9,0.8695652173913043,0.9
0.904,0.9526424159231297,0.9763233502021393,0.9468085106382979,0.7741935483870968,0.9368421052631579
0.875968992248062,0.9614981665793609,0.9697145243764036,0.891566265060241,0.8478260869565217,0.9024390243902439
0.968503937007874,0.9937106918238994,0.9987434776267305,0.9811320754716981,0.9047619047619048,0.9811320754716981
0.9212121212121213,0.9523076923076923,0.9792779735645432,0.9538461538461539,0.8,0.9501915708812261
0.9507042253521126,0.9227952395483674,0.9586781925016872,0.9823008849557522,0.8275862068965517,0.9694323144104804
0.9219858156028369,0.991955756661639,0.99695245871752,0.9313725490196079,0.8974358974358975,0.945273631840796
0.9038461538461539,0.9051339285714286,0.9603152929241507,0.9453125,0.7142857142857143,0.9416342412451362
0.8904109589041096,0.9566276803118908,0.9760306534557794,0.9074074074074074,0.8421052631578947,0.9245283018867925
0.9140625,0.9842857142857143,0.9956339511713185,0.94,0.8214285714285714,0.9447236180904522
0.9256756756756757,0.9536723163841808,0.9702424771310654,0.9322033898305084,0.9,0.9523809523809523
0.9290322580645162,0.9667888227210262,0.9789858587202006,0.9491525423728814,0.8648648648648649,0.9531914893617022
0.9236111111111112,0.9730506647502695,0.9947901100062981,0.9504132231404959,0.782608695652174,0.9543568464730291
0.9097744360902256,0.9458420684835779,0.9754470667363588,0.9245283018867925,0.8518518518518519,0.9423076923076923
0.9090909090909091,0.9382068965517242,0.9767284060195857,0.944,0.7586206896551724,0.944
0.9166666666666666,0.9825005756389592,0.9928238494229172,0.9603960396039604,0.813953488372093,0.941747572815534
0.9517241379310345,1.0,1.0,0.9426229508196722,1.0,0.9704641350210971
0.910828025477707,0.9858108108108109,0.9955996073237436,0.925,0.8648648648648649,0.940677966101695
0.9290780141843972,0.9478508217446271,0.9774421056460775,0.9469026548672567,0.8571428571428571,0.9553571428571429
0.9338842975206612,0.9666469893742621,0.9684691754521386,0.987012987012987,0.8409090909090909,0.95
0.9210526315789473,0.9825048005120547,0.9932774603643715,0.963302752293578,0.813953488372093,0.9459459459459459
0.9300699300699301,0.9579493087557603,0.9745978171273816,0.9375,0.9032258064516129,0.9545454545454546
0.9285714285714286,0.9948849104859334,0.9980849924798691,0.9239130434782609,0.9411764705882353,0.9497206703910615
0.9452054794520548,0.9838375466224616,0.9975370676260845,0.9606299212598425,0.8421052631578947,0.9682539682539683
0.860655737704918,0.8555008210180624,0.8966123009784377,0.9310344827586207,0.6857142857142857,0.9050279329608939
0.9166666666666666,0.9215856481481481,0.9448160230897693,0.9791666666666666,0.75,0.9447236180904522
0.9130434782608695,0.9759615384615384,0.9941908821218178,0.9285714285714286,0.8461538461538461,0.9454545454545454
0.9285714285714286,0.9880272108843537,0.9960570723309392,0.9523809523809523,0.8571428571428571,0.9523809523809523
0.849624060150376,0.8956268221574344,0.937990112613755,0.9183673469387755,0.6571428571428571,0.9
0.8861788617886179,0.8973214285714286,0.9439038218215955,0.967032967032967,0.65625,0.9263157894736842
0.9195402298850575,0.9799233025039477,0.9956700010424308,0.951048951048951,0.7741935483870968,0.951048951048951
0.9166666666666666,0.9618847539015606,0.9762679142529487,0.9387755102040817,0.8529411764705882,0.9435897435897436
0.8913043478260869,0.9394796380090498,0.9692310018330315,0.9615384615384616,0.6764705882352942,0.9302325581395349
0.9104477611940298,0.896969696969697,0.9319347381565031,0.9696969696969697,0.7428571428571429,0.9411764705882353
0.9177215189873418,0.9854014598540146,0.9977126661770526,0.927007299270073,0.8571428571428571,0.951310861423221
0.920863309352518,0.9662668665667167,0.9932637495030421,0.9568965517241379,0.7391304347826086,0.9527896995708155
0.935064935064935,0.94789246598075,0.9810530103726547,0.9389312977099237,0.9130434782608695,0.9609375
0.903954802259887,0.9186900056465275,0.980159100527119,0.9415584415584416,0.6521739130434783,0.9446254071661238
0.8943089430894309,0.9503456945317411,0.9631358608844122,0.9534883720930233,0.7567567567567568,0.9265536723163842
0.928,0.9855510752688172,0.9950814571230048,0.956989247311828,0.84375,0.9518716577540107
0.8873239436619719,0.9234800838574424,0.9486349863834215,0.9716981132075472,0.6388888888888888,0.9279279279279279
0.8928571428571429,0.9140136054421769,0.9433692271066753,0.9523809523809523,0.7142857142857143,0.9302325581395349
0.9020979020979021,0.906832298136646,0.9600568376931204,0.9391304347826087,0.75,0.9391304347826087
0.9180327868852459,0.9789196310935442,0.9950292995684598,0.9393939393939394,0.8260869565217391,0.9489795918367347
0.8913043478260869,0.9745132743362831,0.9943856022414684,0.9203539823008849,0.76,0.9327354260089686
0.8870967741935484,0.9291666666666666,0.9384312981378481,0.9285714285714286,0.8,0.9176470588235294
0.912751677852349,0.9261583011583011,0.9564958766781859,0.9642857142857143,0.7567567567567568,0.9432314410480349
0.9177215189873418,0.9386485722363586,0.9778061875501797,0.9541984732824428,0.7407407407407407,0.9505703422053232
0.9482758620689655,0.9645732689210951,0.9771491305277631,0.9637681159420289,0.8888888888888888,0.9672727272727273
0.9155844155844156,0.9756235827664399,0.9947055865026688,0.9603174603174603,0.7142857142857143,0.9490196078431372
0.9117647058823529,0.9411949685534591,0.9702118153591603,0.9622641509433962,0.7333333333333333,0.9444444444444444
0.8978102189781022,0.9184141546526868,0.9641664798080396,0.9174311926605505,0.8214285714285714,0.9345794392523364
0.9590163934426229,0.9946827366182205,0.9982155987706405,0.978021978021978,0.9032258064516129,0.9726775956284153
0.9064748201438849,0.9947368421052631,0.9987865471413033,0.8947368421052632,0.96,0.9400921658986175
0.9219858156028369,0.9702062643239114,0.9943828657061486,0.9495798319327731,0.7727272727272727,0.9535864978902954
0.957983193277311,0.9979591836734694,0.9991595863151463,0.9642857142857143,0.9428571428571428,0.9700598802395209
0.8832116788321168,0.9625962596259625,0.9867049308363103,0.9207920792079208,0.7777777777777778,0.9207920792079208
0.8934426229508197,0.934816187828236,0.945285582713114,0.9518072289156626,0.7692307692307693,0.9239766081871345
0.9214285714285714,0.99175,0.9966417839114571,0.92,0.925,0.9435897435897436
0.9292035398230089,0.9634473507712945,0.9659982076835708,0.971830985915493,0.8571428571428571,0.9452054794520548
0.920863309352518,0.9452631578947368,0.9781255857580775,0.9385964912280702,0.84,0.9511111111111111
0.8596491228070176,0.9695141314703081,0.9812209724840306,0.9701492537313433,0.7021276595744681,0.8904109589041096
0.8473282442748091,0.9727107337780473,0.9901558382059867,0.845360824742268,0.8529411764705882,0.8913043478260869
0.926829268292683,0.988095238095238,0.9947364903903605,0.9761904761904762,0.8205128205128205,0.9479768786127167
0.9041095890410958,0.9772791023842917,0.9939534585868902,0.9391304347826087,0.7741935483870968,0.9391304347826087
0.9126984126984127,0.9553600521342456,0.9710578055388576,0.9354838709677419,0.8484848484848485,0.9405405405405406
0.9312977099236641,0.952991452991453,0.9760854313315248,0.9519230769230769,0.8518518518518519,0.9565217391304348
0.9389312977099237,0.963821892393321,0.9784887720295891,0.9489795918367347,0.9090909090909091,0.9587628865979382
0.9733333333333334,0.9976503759398496,0.9992041414858344,0.9821428571428571,0.9473684210526315,0.9821428571428571
0.9244186046511628,0.9873366013071896,0.9966820612396163,0.9485294117647058,0.8333333333333334,0.9520295202952029
0.9019607843137255,0.9165311653116531,0.9603213066663417,0.926829268292683,0.8,0.9382716049382716
0.8538461538461538,0.9144444444444444,0.945980505446999,0.9555555555555556,0.625,0.900523560209424
0.9333333333333333,0.9857320099255583,0.9970661152447873,0.967741935483871,0.7692307692307693,0.96
0.9069767441860465,0.9626951995373048,0.9732025374223501,0.9560439560439561,0.7894736842105263,0.9354838709677419
0.9366197183098591,0.9452991452991453,0.976928067770287,0.9743589743589743,0.76,0.9620253164556962
0.8509316770186336,0.8932926829268293,0.9335494081773829,0.9,0.7073170731707317,0.9
0.8766233766233766,0.941656662665066,0.9741462201638392,0.9159663865546218,0.7428571428571429,0.919831223628692
0.9397590361445783,0.9878364389233953,0.9975884072713502,0.9782608695652174,0.75,0.9642857142857143
0.9285714285714286,0.9705799943961894,0.9724630251441986,0.963855421686747,0.8604651162790697,0.9467455621301775
0.9299363057324841,0.9505,0.9768755833471352,0.976,0.75,0.9568627450980393
0.9341317365269461,0.9178338001867413,0.9845258303794446,0.9477124183006536,0.7857142857142857,0.9634551495016611
0.9,0.9283625730994154,0.9583571053516338,0.9298245614035088,0.8055555555555556,0.933920704845815
0.9328358208955224,0.946590909090909,0.9763055282562426,0.9636363636363636,0.7916666666666666,0.9592760180995475
0.9280575539568345,0.9915966386554622,0.9972509297888017,0.9333333333333333,0.9117647058823529,0.9514563106796117
0.9243697478991597,0.9653061224489796,0.9737423313702648,0.9285714285714286,0.9142857142857143,0.9454545454545454
0.8524590163934426,0.9224806201550388,0.9526553970712853,0.9069767441860465,0.7222222222222222,0.896551724137931
0.8775510204081632,0.9484029484029484,0.9720712317836311,0.9363636363636364,0.7027027027027027,0.9196428571428571
0.8617886178861789,0.8857142857142857,0.9450571472699215,0.9157894736842105,0.6785714285714286,0.9109947643979057
0.896551724137931,0.9497847919655666,0.9661256584254598,0.9390243902439024,0.7941176470588235,0.927710843373494
0.9338235294117647,0.9865332820315506,0.9972033492893241,0.9469026548672567,0.8695652173913043,0.9596412556053812
0.8592592592592593,0.9516129032258065,0.9629454987912562,0.8924731182795699,0.7857142857142857,0.8972972972972973
0.9464285714285714,0.9935135135135135,0.9968334313127392,0.96,0.918918918918919,0.96
0.8809523809523809,0.8794880910060434,0.9375702819403513,0.9381443298969072,0.6896551724137931,0.9238578680203046
0.8813559322033898,0.9522357723577236,0.9642360343143516,0.9512195121951219,0.7222222222222222,0.9176470588235294
0.8897058823529411,0.9417293233082706,0.9643186496414478,0.9387755102040817,0.7631578947368421,0.9246231155778895
0.8727272727272727,0.9102852852852854,0.9288917306522939,0.9459459459459459,0.7222222222222222,0.9090909090909091
0.8851351351351351,0.9762889440308795,0.9935935835865894,0.8974358974358975,0.8387096774193549,0.9251101321585903
0.9166666666666666,0.9402366863905325,0.9800632773141198,0.9538461538461539,0.7307692307692307,0.9501915708812261
0.92,0.9885576633544113,0.9974421029661205,0.926829268292683,0.8888888888888888,0.95
0.8888888888888888,0.9487257281553398,0.9714250045953384,0.9029126213592233,0.84375,0.9253731343283582
0.9428571428571428,0.9975147561354457,0.9993384375107176,0.9369369369369369,0.9655172413793104,0.9629629629629629
0.8802816901408451,0.8368700265251989,0.9255629957697854,0.9482758620689655,0.5769230769230769,0.9282700421940928
0.9239766081871345,0.9792243767313018,0.9973504627456378,0.9407894736842105,0.7894736842105263,0.9565217391304348
0.8898305084745762,0.8994708994708994,0.9494468898552678,0.9340659340659341,0.7407407407407407,0.9289617486338798
0.9130434782608695,0.9095762429095763,0.9660115760165502,0.972972972972973,0.6666666666666666,0.9473684210526315
0.8943089430894309,0.9894736842105263,0.996774255878964,0.8842105263157894,0.9285714285714286,0.9281767955801105
0.8819444444444444,0.9039408866995075,0.9598623933321158,0.9224137931034483,0.7142857142857143,0.9264069264069265
0.912751677852349,0.9485933503836317,0.9734847436576843,0.9565217391304348,0.7647058823529411,0.944206008583691
0.8540145985401459,0.9000523286237572,0.941570526442033,0.9183673469387755,0.6923076923076923,0.9
0.8758620689655172,0.9059734513274336,0.9503158020580555,0.9646017699115044,0.5625,0.923728813559322
0.9171974522292994,0.9490840517241379,0.9802552868078741,0.9609375,0.7241379310344828,0.9498069498069498
0.9185185185185185,0.9544567338972024,0.9757891806412698,0.9339622641509434,0.8620689655172413,0.9473684210526315
0.9139072847682119,0.9951950254381006,0.9987948984071797,0.9016393442622951,0.9655172413793104,0.944206008583691
0.9180327868852459,0.9404761904761906,0.9766279420461449,0.9489795918367347,0.7916666666666666,0.9489795918367347
0.8934426229508197,0.9794399149237859,0.9929988196268921,0.9120879120879121,0.8387096774193549,0.9273743016759777
0.9285714285714286,0.9176762969866418,0.9600177040685076,0.972972972972973,0.7586206896551724,0.9557522123893806
0.8615384615384616,0.936269915651359,0.9666329427451205,0.9072164948453608,0.7272727272727273,0.9072164948453608
0.875,0.9318518518518518,0.972831065963161,0.904,0.7407407407407407,0.9224489795918367
0.9516129032258065,0.9936170212765958,0.9980047137124762,0.9893617021276596,0.8333333333333334,0.96875
0.9452054794520548,0.943850267379679,0.9462077478418579,1.0,0.8181818181818182,0.9622641509433962
0.8721804511278195,0.9140429785107446,0.9147182493045909,0.9425287356321839,0.7391304347826086,0.9060773480662984
0.8345864661654135,0.8984824699110414,0.9125696089442982,0.8681318681318682,0.7619047619047619,0.8777777777777778
0.9492753623188406,0.9879385964912281,0.9974240976455957,0.9649122807017544,0.875,0.9691629955947136
0.8985507246376812,0.9264115600749263,0.9497393882789096,0.9702970297029703,0.7027027027027027,0.9333333333333333
0.9261744966442953,0.9909677419354839,0.9981160402637455,0.9274193548387096,0.92,0.9543568464730291
0.9016393442622951,0.9259127968805388,0.9557914468677052,0.945054945054945,0.7741935483870968,0.9347826086956522
0.8859649122807017,0.9813019390581718,0.9906506049754298,0.8947368421052632,0.868421052631579,0.912751677852349
0.8823529411764706,0.9467186484730343,0.9625612286443905,0.9506172839506173,0.7368421052631579,0.9166666666666666
0.90625,0.9802721088435373,0.9941122213220864,0.9489795918367347,0.7666666666666667,0.9393939393939394
0.9177215189873418,0.9821428571428572,0.9955913332115638,0.9603174603174603,0.75,0.9490196078431372
0.923728813559322,0.9651162790697675,0.978480740605144,0.9418604651162791,0.875,0.9473684210526315
0.9194630872483222,0.9618337850045168,0.9749628860948003,0.9444444444444444,0.8536585365853658,0.9444444444444444
0.9144736842105263,0.9925353239136231,0.9980272074905319,0.9090909090909091,0.9354838709677419,0.944206008583691
0.8796992481203008,0.8807339449541285,0.9373113540886658,0.926605504587156,0.6666666666666666,0.926605504587156
0.907563025210084,0.9846808510638299,0.9959084482278121,0.925531914893617,0.84,0.9405405405405406
0.8863636363636364,0.9108796296296297,0.9243326547816733,0.9479166666666666,0.7222222222222222,0.9238578680203046
0.9477611940298507,0.9953823953823954,0.9983478629379798,0.9494949494949495,0.9428571428571428,0.9641025641025641
0.921875,0.9142857142857144,0.9549399610232402,0.96,0.7857142857142857,0.9504950495049505
0.8920863309352518,0.9128910463861921,0.9457778444269296,0.970873786407767,0.6666666666666666,0.9302325581395349
0.9076923076923077,0.9178885630498534,0.9553450770094518,0.9797979797979798,0.6774193548387096,0.941747572815534
0.8767123287671232,0.9825690533655135,0.9948944208561973,0.8849557522123894,0.8484848484848485,0.9174311926605505
0.8728813559322034,0.9380085238279737,0.9693108816953508,0.9101123595505618,0.7586206896551724,0.9152542372881356
0.8611111111111112,0.9296875,0.9645467701437761,0.9196428571428571,0.65625,0.911504424778761
0.8613138686131386,0.9826536822884967,0.9946638940385825,0.8490566037735849,0.9032258064516129,0.9045226130653267
0.9371069182389937,0.9890948745910578,0.9975457910840801,0.9389312977099237,0.9285714285714286,0.9609375
0.9357142857142857,0.9594907407407407,0.977514818686412,0.9537037037037037,0.875,0.958139534883721
0.8307692307692308,0.9252070393374741,0.9410072510181383,0.9166666666666666,0.6739130434782609,0.875
0.875968992248062,0.9411764705882353,0.9732318009680134,0.8823529411764706,0.8518518518518519,0.9183673469387755
0.8809523809523809,0.8897058823529411,0.9470265911975622,0.8970588235294118,0.8125,0.9242424242424242
0.9016393442622951,0.9128775834658188,0.9302485500657784,0.9764705882352941,0.7297297297297297,0.9325842696629213
0.9051724137931034,0.9263757115749526,0.9552062794612342,0.9647058823529412,0.7419354838709677,0.9371428571428572
0.8731343283582089,0.9435943594359436,0.9681849999350685,0.9108910891089109,0.7575757575757576,0.9154228855721394
0.8776978417266187,0.8937466878643349,0.9362989578997689,0.9411764705882353,0.7027027027027027,0.9186602870813397
0.9337349397590361,0.9362889983579639,0.9826192872522626,0.9517241379310345,0.8095238095238095,0.9616724738675958
0.8954248366013072,0.9345714285714286,0.9693393223260658,0.92,0.7857142857142857,0.9349593495934959
0.9027777777777778,0.9549897119341564,0.9737203802684502,0.9166666666666666,0.8611111111111112,0.9339622641509434
0.8660714285714286,0.9006520905255082,0.9384160134165753,0.9493670886075949,0.6666666666666666,0.9090909090909091
0.9310344827586207,0.9200951248513675,0.9682881904047407,0.9586206896551724,0.7931034482758621,0.9586206896551724
0.890625,0.9245619245619245,0.9464800211342407,0.9340659340659341,0.7837837837837838,0.9239130434782609
0.8861788617886179,0.9764705882352941,0.9894312428347637,0.9058823529411765,0.8421052631578947,0.9166666666666666
0.9015151515151515,0.9452096724823996,0.9690490662716069,0.9393939393939394,0.7878787878787878,0.9346733668341709
0.896,0.9600499375780275,0.9715247231414217,0.9101123595505618,0.8611111111111112,0.9257142857142857
0.9408284023668639,0.9424063116370809,0.9649878691947046,0.9692307692307692,0.8461538461538461,0.9618320610687023
0.9124087591240876,0.9670388091440724,0.9748053068625335,0.898989898989899,0.9473684210526315,0.9368421052631579
0.9224806201550387,0.9900990099009901,0.9971330241234445,0.9207920792079208,0.9285714285714286,0.9489795918367347
0.8938053097345132,0.9560755336617405,0.9762648192470126,0.9642857142857143,0.6896551724137931,0.9310344827586207
0.9716312056737588,0.9983755685510072,0.9996138198512341,0.9736842105263158,0.9629629629629629,0.9823008849557522
0.8970588235294118,0.9791666666666666,0.9945501579904741,0.9166666666666666,0.8214285714285714,0.9339622641509434
0.9,0.9469281045751634,0.9539254487701235,0.9294117647058824,0.8444444444444444,0.9239766081871345
0.8666666666666667,0.9393796992481203,0.9693672697377723,0.9464285714285714,0.631578947368421,0.9137931034482759
0.9383561643835616,0.9746130030959753,0.9761449260531911,0.9578947368421052,0.9019607843137255,0.9528795811518325
0.9,0.9417186229330442,0.9749740174903437,0.9327731092436975,0.7741935483870968,0.9367088607594937
0.9440559440559441,0.9942528735632185,0.9986733183873984,0.9568965517241379,0.8888888888888888,0.9652173913043478
0.912,0.9388989715668481,0.9552869577192774,0.9425287356321839,0.8421052631578947,0.9371428571428572
0.9236111111111112,0.9858374384236454,0.9966587016027185,0.9568965517241379,0.7857142857142857,0.9527896995708155
0.9256756756756757,0.9721819762387713,0.9934047019133148,0.9747899159663865,0.7241379310344828,0.9547325102880658
0.9469026548672567,0.9915123456790124,0.9965324931172646,0.9506172839506173,0.9375,0.9625
0.8992248062015504,0.9397095959595959,0.9626686817763221,0.9479166666666666,0.7575757575757576,0.9333333333333333
0.9344262295081968,0.9662921348314607,0.9758836907356859,0.9325842696629213,0.9393939393939394,0.9540229885057471
0.9333333333333333,0.9950372208436725,0.9989495693785979,0.9354838709677419,0.9230769230769231,0.9586776859504132
0.9383561643835616,0.9946393762183235,0.9980646978203831,0.9351851851851852,0.9473684210526315,0.957345971563981
0.9126984126984127,0.9566718995290424,0.9703384955336705,0.9340659340659341,0.8571428571428571,0.9392265193370166
0.9291338582677166,0.9943074003795067,0.9978816223808586,0.9247311827956989,0.9411764705882353,0.9502762430939227
0.8849557522123894,0.9397018970189702,0.9451976243267497,0.9305555555555556,0.8048780487804879,0.9115646258503401
0.9262295081967213,0.9150515463917526,0.9620219543213585,0.9896907216494846,0.68,0.9552238805970149
0.8412698412698413,0.9372056514913658,0.9637056340213718,0.9120879120879121,0.6571428571428571,0.8924731182795699
0.920863309352518,0.9538226299694189,0.9737396589342073,0.9357798165137615,0.8666666666666667,0.9488372093023256
0.9583333333333334,0.9965743648301456,0.999057228050573,0.9646017699115044,0.9354838709677419,0.9732142857142857
0.8979591836734694,0.9338842975206612,0.9754209731411658,0.9256198347107438,0.7692307692307693,0.9372384937238494
0.9264705882352942,0.9117063492063492,0.9515439641510441,0.9722222222222222,0.75,0.9545454545454546
0.9632352941176471,0.9929019929019929,0.9972521432220152,0.9696969696969697,0.9459459459459459,0.9746192893401016
0.9463087248322147,0.9955752212389382,0.9985982531337336,0.9557522123893806,0.9166666666666666,0.9642857142857143
0.9371069182389937,0.9403361344537815,0.9579215940658541,0.957983193277311,0.875,0.957983193277311
0.920863309352518,0.951058201058201,0.9749733066967273,0.9285714285714286,0.8888888888888888,0.9497716894977168
0.903448275862069,0.9744927536231883,0.9932810708808678,0.9304347826086956,0.8,0.9385964912280702
0.9060402684563759,0.91086186540732,0.9581692867103542,0.9421487603305785,0.75,0.9421487603305785
0.9166666666666666,0.9788387096774194,0.994911141367348,0.976,0.6774193548387096,0.9494163424124513
0.9266666666666666,0.9811111111111112,0.995279695792199,0.9583333333333334,0.8,0.9543568464730291
0.8848920863309353,0.9281274281274281,0.9759855343972572,0.905982905982906,0.7727272727272727,0.9298245614035088
0.9485294117647058,0.9920948616600791,0.9962898745362498,0.9782608695652174,0.8863636363636364,0.9625668449197861
0.92,0.94016,0.978805954297181,0.944,0.8,0.9516129032258065
0.916083916083916,0.9334319526627219,0.9510052856055257,0.9519230769230769,0.8205128205128205,0.9428571428571428
0.856,0.9063670411985019,0.9306020991712418,0.9325842696629213,0.6666666666666666,0.9021739130434783
0.9185185185185185,0.9902407286922577,0.9973990504368785,0.9433962264150944,0.8275862068965517,0.9478672985781991
0.8731343283582089,0.9719298245614035,0.9878647083768662,0.8736842105263158,0.8717948717948718,0.907103825136612
0.9112903225806451,0.9460992907801419,0.9712567667660345,0.9468085106382979,0.8,0.9417989417989417
0.8902439024390244,0.9070028011204482,0.9275480409877963,0.9327731092436975,0.7777777777777778,0.925
0.9343065693430657,0.963317384370016,0.9762439798080279,0.9696969696969697,0.8421052631578947,0.9552238805970149
0.8617886178861789,0.9246753246753248,0.9511355094736708,0.9090909090909091,0.7428571428571429,0.903954802259887
0.9185185185185185,0.9482539682539682,0.9739689804431277,0.9428571428571428,0.8333333333333334,0.9473684210526315
0.9465648854961832,0.9919413919413921,0.9980239024473858,0.9714285714285714,0.8461538461538461,0.966824644549763
0.8854961832061069,0.9576923076923077,0.9600189068263554,0.9340659340659341,0.775,0.918918918918919
0.9214285714285714,0.9233333333333332,0.9741225370217965,0.9416666666666667,0.8,0.9535864978902954
0.9606299212598425,0.9962962962962962,0.9989997999319742,0.97,0.9259259259259259,0.9748743718592965
0.8992248062015504,0.9723674383868558,0.9932459813214327,0.9514563106796117,0.6923076923076923,0.937799043062201
0.8938053097345132,0.9832191780821918,0.9915510840343362,0.958904109589041,0.775,0.9210526315789473
0.9253731343283582,0.9924403496338294,0.9956068980853521,0.963855421686747,0.8627450980392157,0.9411764705882353
0.8773006134969326,0.9137709137709137,0.9505183954877163,0.9206349206349206,0.7297297297297297,0.9206349206349206
0.9,0.9503280224929709,0.9692615592068248,0.9175257731958762,0.8484848484848485,0.9319371727748691
0.924812030075188,0.982605945604048,0.9948598792657553,0.9705882352941176,0.7741935483870968,0.9519230769230769
0.9765625,0.9990942028985507,0.999645529735017,0.9782608695652174,0.9722222222222222,0.9836065573770492
0.8583333333333333,0.9014814814814814,0.9417616682345775,0.9222222222222223,0.6666666666666666,0.907103825136612
0.9166666666666666,0.9811320754716981,0.9933489425831434,0.9528301886792453,0.8157894736842105,0.9439252336448598
0.9411764705882353,0.9559788359788359,0.9800014622319664,0.9777777777777777,0.8,0.9635036496350365
0.8403361344537815,0.8872644574398961,0.9132533856039162,0.9259259259259259,0.6578947368421053,0.8875739644970414
0.9432624113475178,0.9675716440422323,0.9749963145538079,0.9607843137254902,0.8974358974358975,0.9607843137254902
0.9096774193548387,0.978852698104035,0.9941399699611531,0.9421487603305785,0.7941176470588235,0.9421487603305785
0.8827586206896552,0.9815584415584415,0.9940717254450541,0.8909090909090909,0.8571428571428571,0.92018779342723
0.9020979020979021,0.9288819875776398,0.9661851888869839,0.9565217391304348,0.6785714285714286,0.9401709401709402
0.9,0.9384375,0.945195307268655,0.9625,0.775,0.927710843373494
0.9379310344827586,1.0,1.0,0.91,1.0,0.9528795811518325
0.9038461538461539,0.8745587836003258,0.9474491190625763,0.9606299212598425,0.6551724137931034,0.9420849420849421
0.9473684210526315,0.9694196428571429,0.9768971534888359,0.9642857142857143,0.9,0.9642857142857143
0.8875739644970414,0.9784427284427285,0.996789829639367,0.8918918918918919,0.8571428571428571,0.9328621908127208
0.8955223880597015,0.975438596491228,0.995598259758635,0.9122807017543859,0.8,0.9369369369369369
0.9,0.9609247802018885,0.97026492562126,0.9397590361445783,0.8108108108108109,0.9285714285714286
0.8805031446540881,0.9071669071669072,0.9566659574331795,0.9365079365079365,0.6666666666666666,0.9254901960784314
0.8991596638655462,0.9576376004947433,0.967729449462299,0.974025974025974,0.7619047619047619,0.9259259259259259
0.9424460431654677,0.9599771297884505,0.9757748409711907,0.9716981132075472,0.8484848484848485,0.9626168224299065
0.8898305084745762,0.9509027557808045,0.9630438762009805,0.961038961038961,0.7560975609756098,0.9192546583850931
0.9571428571428572,0.9933110367892977,0.9986958115288181,0.9743589743589743,0.8695652173913043,0.9743589743589743
0.9384615384615385,0.9283154121863799,0.9566653916754863,0.9696969696969697,0.8387096774193549,0.96
0.9016393442622951,0.9241237113402062,0.9593863623281578,0.9381443298969072,0.76,0.9381443298969072
0.9415584415584416,0.9588250721216889,0.9834294635878023,0.975609756097561,0.8064516129032258,0.963855421686747
0.8548387096774194,0.9660342717258262,0.9854522810555393,0.8953488372093024,0.7631578947368421,0.8953488372093024
0.9182389937106918,0.9513608870967741,0.9782461194664442,0.9453125,0.8064516129032258,0.9490196078431372
0.8661417322834646,0.967391304347826,0.988426581705243,0.9347826086956522,0.6857142857142857,0.91005291005291
0.9090909090909091,0.9519807923169269,0.9705550947844929,0.9489795918367347,0.7941176470588235,0.9393939393939394
0.8916666666666667,0.9374763167866617,0.9684113669587009,0.9560439560439561,0.6896551724137931,0.93048128342246
0.9235668789808917,0.9287422285987565,0.9624882953036893,0.967479674796748,0.7647058823529411,0.952
0.9411764705882353,0.9698717948717949,0.9765155275628521,0.975,0.8717948717948718,0.9570552147239264
0.9166666666666666,0.9294084821428572,0.9641417151711293,0.9375,0.84375,0.9459459459459459
0.8979591836734694,0.9348739495798319,0.9756354100956375,0.9495798319327731,0.6785714285714286,0.9377593360995851
0.9354838709677419,0.9427549194991055,0.9740812852791467,0.9689922480620154,0.7692307692307693,0.9615384615384616
0.9210526315789473,0.9889196675900277,0.9983701143839093,0.924812030075188,0.8947368421052632,0.9534883720930233
0.9057971014492754,0.9661933739012847,0.9594093335686391,0.9195402298850575,0.8823529411764706,0.9248554913294798
0.8896551724137931,0.9300964187327824,0.9729236708544728,0.9338842975206612,0.6666666666666666,0.9338842975206612
0.9285714285714286,0.9545940170940171,0.9654033906235993,0.9519230769230769,0.8611111111111112,0.9519230769230769
0.9027777777777778,0.9791570171375638,0.9971248190228725,0.9133858267716536,0.8235294117647058,0.943089430894309
0.9139072847682119,0.930772878141299,0.9563005960989334,0.956140350877193,0.7837837837837838,0.9437229437229437
0.9047619047619048,0.9859448204060386,0.9960113769601191,0.9557522123893806,0.7352941176470589,0.9391304347826087
0.8896551724137931,0.8506771204561654,0.9456014797480005,0.9344262295081968,0.6521739130434783,0.9344262295081968
0.9370629370629371,0.996583850931677,0.9991403578946785,0.9304347826086956,0.9642857142857143,0.9596412556053812
0.8947368421052632,0.9194352159468439,0.9536562950053872,0.9534883720930233,0.7142857142857143,0.9318181818181818
0.9112903225806451,0.9588235294117647,0.9676205069874255,0.9666666666666667,0.7647058823529411,0.9405405405405406
0.9105691056910569,0.9606811145510835,0.9709892574464138,0.9294117647058824,0.868421052631579,0.9349112426035503
0.910958904109589,0.9876262626262626,0.9959685060562926,0.9272727272727272,0.8611111111111112,0.9400921658986175
0.937984496124031,0.9886363636363636,0.9961132281417319,0.9583333333333334,0.8787878787878788,0.9583333333333334
0.87248322147651,0.921502976190476,0.9762810684879444,0.890625,0.7619047619047619,0.9230769230769231
0.9344262295081968,0.9942028985507246,0.9980823863491614,0.9347826086956522,0.9333333333333333,0.9555555555555556
0.9145299145299145,0.9474264705882353,0.9665236758022739,0.9764705882352941,0.75,0.9431818181818182
0.9312977099236641,0.9619354838709678,0.9781598699146747,0.93,0.9354838709677419,0.9538461538461539
0.9253731343283582,0.9895833333333333,0.9967409518592028,0.9411764705882353,0.875,0.9504950495049505
0.9327731092436975,0.9956268221574344,0.9990359936410326,0.9285714285714286,0.9523809523809523,0.9578947368421052
0.9393939393939394,0.9875,0.9959678967241885,0.96,0.875,0.96
0.8947368421052632,0.9814511729405346,0.9923715904037732,0.9148936170212766,0.8461538461538461,0.9247311827956989
0.923728813559322,0.9894957983193278,0.995869570294212,0.9523809523809523,0.8529411764705882,0.9467455621301775
0.8987341772151899,0.9736717267552183,0.9929679184107121,0.9435483870967742,0.7352941176470589,0.936
0.9155844155844156,0.98031212484994,0.9940923987037072,0.9327731092436975,0.8571428571428571,0.9446808510638298
0.9367816091954023,0.9950202303143479,0.9992907046839563,0.934640522875817,0.9523809523809523,0.9629629629629629
0.9536423841059603,0.9979395604395606,0.9992654723095344,0.9464285714285714,0.9743589743589743,0.9680365296803652
0.9416058394160584,0.9952991452991453,0.9991699840240642,0.9401709401709402,0.95,0.9649122807017544
0.9090909090909091,0.9437869822485206,0.9782111704657158,0.9401709401709402,0.7692307692307693,0.944206008583691
0.9490445859872612,0.9872646733111851,0.99713225077501,0.9612403100775194,0.8928571428571429,0.96875
0.9097222222222222,0.9761668321747765,0.9913693196899597,0.9339622641509434,0.8421052631578947,0.9383886255924171
0.8880597014925373,0.9414343877231444,0.9717500363639968,0.9223300970873787,0.7741935483870968,0.926829268292683
0.9440559440559441,1.0,1.0,0.9349593495934959,1.0,0.9663865546218487
0.9186991869918699,0.9594594594594594,0.9712984410809451,0.9651162790697675,0.8108108108108109,0.9431818181818182
0.9041916167664671,0.9779033915724563,0.9954627500063395,0.920863309352518,0.8214285714285714,0.9411764705882353
0.8939393939393939,0.9743589743589743,0.9895927606645345,0.946236559139785,0.7692307692307693,0.9263157894736842
0.952054794520548,0.9365079365079365,0.9822948906116112,0.9920634920634921,0.7,0.9727626459143969
0.8863636363636364,0.9766714082503556,0.9914106815473283,0.9473684210526315,0.7297297297297297,0.9230769230769231
0.9496402877697842,0.9840579710144928,0.9966262739138998,0.9739130434782609,0.8333333333333334,0.9696969696969697
0.9310344827586207,0.9255072463768116,0.9610755821316027,0.9565217391304348,0.8333333333333334,0.9565217391304348
0.8549618320610687,0.9087912087912089,0.9354621729200845,0.9340659340659341,0.675,0.8994708994708994
0.8955223880597015,0.8961467889908257,0.9566420118782957,0.9541284403669725,0.64,0.9369369369369369
0.9172932330827067,0.9577702702702702,0.9705823252850181,0.9375,0.8648648648648649,0.9424083769633508
0.9183673469387755,0.956896551724138,0.9792768806447817,0.9568965517241379,0.7741935483870968,0.9487179487179487
0.9202898550724637,0.9373638344226579,0.9581780784596541,0.9705882352941176,0.7777777777777778,0.9473684210526315
0.8767123287671232,0.872993050563144,0.914712197406344,0.9252336448598131,0.7435897435897436,0.9166666666666666
0.9172413793103448,0.8767885532591415,0.9324476656483714,0.972972972972973,0.7352941176470589,0.9473684210526315
0.9477124183006536,0.9909784871616932,0.9984441681801053,0.9541984732824428,0.9090909090909091,0.9689922480620154
0.8536585365853658,0.9446757882212968,0.948811028618636,0.8780487804878049,0.8048780487804879,0.8888888888888888
0.8818897637795275,0.8911111111111111,0.9513720626310147,0.93,0.7037037037037037,0.9253731343283582
0.8950617283950617,0.9393689986282578,0.9787563376959482,0.9185185185185185,0.7777777777777778,0.9358490566037736
0.8775510204081632,0.9389978213507626,0.941112814810062,0.8921568627450981,0.8444444444444444,0.91
0.9424460431654677,0.9969366916269571,0.999278460849415,0.9380530973451328,0.9615384615384616,0.9636363636363636
0.8814814814814815,0.9338592233009709,0.9648513894025317,0.912621359223301,0.78125,0.9215686274509803
0.9043478260869565,0.980295566502463,0.9938115908343131,0.9425287356321839,0.7857142857142857,0.9371428571428572
0.9151515151515152,0.9608575924468922,0.9741656899685133,0.9354838709677419,0.8536585365853658,0.943089430894309
0.8939393939393939,0.8418300653594771,0.9097612200897933,0.9509803921568627,0.7,0.9326923076923077
0.9147286821705426,0.943847072879331,0.9649680407319071,0.967741935483871,0.7777777777777778,0.9424083769633508
0.935251798561151,0.8938375350140056,0.9291428679232643,1.0,0.7352941176470589,0.958904109589041
0.9496402877697842,0.9956112852664577,0.9988350591014997,0.9545454545454546,0.9310344827586207,0.967741935483871
0.8709677419354839,0.9293712316968131,0.9277772312956989,0.9382716049382716,0.7441860465116279,0.9047619047619048
0.9182389937106918,0.9855297157622739,0.9965782727824298,0.9302325581395349,0.8666666666666667,0.9486166007905138
0.9349593495934959,0.9342273307790548,0.9452179341544654,0.9655172413793104,0.8611111111111112,0.9545454545454546
0.9251700680272109,0.9903428295509417,0.9967182445276527,0.9541284403669725,0.8421052631578947,0.9497716894977168
0.9318181818181818,0.9293981481481481,0.9496482097469484,0.9791666666666666,0.8055555555555556,0.9543147208121827
0.9153846153846154,0.9108234448040273,0.9484553113581127,0.9320388349514563,0.8518518518518519,0.9458128078817734
0.9363057324840764,0.9291338582677166,0.965263619176259,0.952755905511811,0.8666666666666667,0.9603174603174603
0.90625,0.9883512544802868,0.9965657329658859,0.9112903225806451,0.8888888888888888,0.9377593360995851
0.9558823529411765,0.9981566820276497,0.9994477447053804,0.9523809523809523,0.967741935483871,0.970873786407767
0.9605263157894737,0.994815668202765,0.9988139610040085,0.967741935483871,0.9285714285714286,0.975609756097561
0.8646616541353384,0.9240986717267552,0.9658448257134372,0.9411764705882353,0.6129032258064516,0.9142857142857143
0.8869565217391304,0.9426289034132171,0.966204585076816,0.9629629629629629,0.7058823529411765,0.9230769230769231
0.9315068493150684,0.9973196881091618,0.9990238858329924,0.9166666666666666,0.9736842105263158,0.9519230769230769
0.918918918918919,0.9820022497187851,0.9969262184195263,0.9291338582677166,0.8571428571428571,0.9516129032258065
0.9043478260869565,0.9589285714285715,0.9721265001202762,0.95,0.8,0.9325153374233128
0.948905109489051,0.9912587412587412,0.9972312323838379,0.9711538461538461,0.8787878787878788,0.9665071770334929
0.9,0.987794245858762,0.9953745689165893,0.9354838709677419,0.8108108108108109,0.93048128342246
0.9,0.9285063752276866,0.9785550113301115,0.9098360655737705,0.8333333333333334,0.940677966101695
0.8984375,0.9727891156462585,0.9918367631588239,0.9489795918367347,0.7333333333333333,0.9346733668341709
0.9488636363636364,0.9914748508098892,0.9986814045521535,0.954248366013072,0.9130434782608695,0.9700996677740864
0.9133858267716536,0.9871794871794872,0.9951655901166391,0.9560439560439561,0.8055555555555556,0.9405405405405406
0.916083916083916,0.938198553583169,0.9752094679323919,0.9487179487179487,0.7692307692307693,0.9487179487179487
0.9,0.9410931747380346,0.9713310835965747,0.9345794392523364,0.7878787878787878,0.9345794392523364
0.9242424242424242,0.9484760522496372,0.9784229978759748,0.9528301886792453,0.8076923076923077,0.9528301886792453
0.950354609929078,0.9593153759820426,0.9721077783616117,0.9814814814814815,0.8484848484848485,0.9680365296803652
0.9133858267716536,0.9632183908045978,0.9657300221573635,0.9195402298850575,0.9,0.935672514619883
0.907563025210084,0.9852564102564103,0.9934491811705956,0.9875,0.7435897435897436,0.9349112426035503
0.8922155688622755,0.9193347193347193,0.9535649258609911,0.9538461538461539,0.6756756756756757,0.9323308270676691
0.896551724137931,0.9646697388632872,0.9939726351063976,0.9274193548387096,0.7142857142857143,0.9387755102040817
0.9266666666666666,0.9549729267597606,0.9802565004267231,0.9421487603305785,0.8620689655172413,0.9539748953974896
0.8987341772151899,0.9437645687645687,0.9806016480074201,0.9166666666666666,0.8076923076923077,0.937984496124031
0.937888198757764,0.9563294637921503,0.9825344378807939,0.9477611940298507,0.8888888888888888,0.9621212121212122
0.9226190476190477,0.9815632801997312,0.994013521956805,0.9448818897637795,0.8536585365853658,0.9486166007905138
0.8472222222222222,0.902139037433155,0.9499604706167681,0.9272727272727272,0.5882352941176471,0.9026548672566371
0.9136690647482014,0.9373949579831933,0.9799390519743627,0.9411764705882353,0.75,0.9491525423728814
0.8905109489051095,0.94796104686549,0.9716901310408849,0.9150943396226415,0.8064516129032258,0.9282296650717703
0.9,0.9541962174940899,0.9723466992104618,0.9361702127659575,0.8055555555555556,0.9312169312169312
0.9090909090909091,0.9580103359173127,0.978863195578568,0.937984496124031,0.8055555555555556,0.9416342412451362
0.9026548672566371,0.9359886201991465,0.9458324658143034,0.9473684210526315,0.8108108108108109,0.9290322580645162
0.8767123287671232,0.9890710382513661,0.9977832492569374,0.8688524590163934,0.9166666666666666,0.9217391304347826
0.903448275862069,0.9391086001255493,0.9763384149012859,0.940677966101695,0.7407407407407407,0.940677966101695
0.9259259259259259,0.9635995955510617,0.9721642037345984,0.9565217391304348,0.8604651162790697,0.946236559139785
0.9357142857142857,0.9730896166539731,0.97999826156842,0.9306930693069307,0.9487179487179487,0.9543147208121827
0.90625,0.9833721316927169,0.9947862674033721,0.9381443298969072,0.8064516129032258,0.9381443298969072
0.8993288590604027,0.9252232142857143,0.9777771068467215,0.9296875,0.7142857142857143,0.9407114624505929
0.9289940828402367,0.9698245614035087,0.9959999665284118,0.9466666666666667,0.7894736842105263,0.9594594594594594
0.9300699300699301,0.9549689440993789,0.9771683618893194,0.9478260869565217,0.8571428571428571,0.956140350877193
0.9051724137931034,0.9311740890688259,0.9331589024263698,0.9358974358974359,0.8421052631578947,0.9299363057324841
0.9719101123595506,0.9976470588235294,0.9996083278054501,0.9738562091503268,0.96,0.9834983498349835
0.9064748201438849,0.9211009174311926,0.9573690938717021,0.926605504587156,0.8333333333333334,0.9395348837209302
0.926829268292683,0.9497512437810945,0.9788494017147095,0.9477611940298507,0.8333333333333334,0.9548872180451128
0.9178082191780822,0.9456967213114754,0.9805323468319467,0.9426229508196722,0.7916666666666666,0.9504132231404959
0.9142857142857143,0.9807419994335882,0.9941166380028034,0.9439252336448598,0.8181818181818182,0.9439252336448598
0.9177215189873418,0.9805673442037078,0.9941150248322368,0.9504132231404959,0.8108108108108109,0.9465020576131687
0.912751677852349,0.9546332046332046,0.9735384163796189,0.9375,0.8378378378378378,0.9417040358744395
0.927007299270073,0.987816091954023,0.9932664433691906,0.9655172413793104,0.86,0.9438202247191011
0.8865248226950354,0.970756880733945,0.9916859233955102,0.9357798165137615,0.71875,0.9272727272727272
0.94375,0.9477813852813852,0.9770179025202004,0.9772727272727273,0.7857142857142857,0.9662921348314607
0.875,0.909536156727168,0.9375027263508051,0.9213483146067416,0.7692307692307693,0.9111111111111111
0.903448275862069,0.97677793904209,0.9916082098745087,0.9433962264150944,0.7948717948717948,0.9345794392523364
0.9470198675496688,0.9935483870967743,0.9982972073445934,0.95,0.9354838709677419,0.9661016949152542
0.916083916083916,0.9806694955209807,0.9923851195282334,0.9801980198019802,0.7619047619047619,0.9428571428571428
0.9225352112676056,0.9905935050391937,0.9955123716198857,0.9473684210526315,0.8723404255319149,0.9424083769633508
0.8783783783783784,0.8913821138211382,0.9574268778347825,0.9105691056910569,0.72,0.9256198347107438
0.8962962962962963,0.9390798786653185,0.9474726697973026,0.9239130434782609,0.8372093023255814,0.9239130434782609
0.8931297709923665,0.9202380952380953,0.9395839844766769,0.9375,0.7714285714285715,0.9278350515463918
0.9191176470588235,0.9609902475618906,0.9694167044795026,0.956989247311828,0.8372093023255814,0.9417989417989417
0.9337748344370861,0.9581881533101045,0.9826694415734349,0.9512195121951219,0.8571428571428571,0.9590163934426229
0.8768115942028986,0.9411292480599412,0.9682694089687245,0.9405940594059405,0.7027027027027027,0.9178743961352657
0.9436619718309859,0.9927717542396441,0.9978034469160042,0.9541284403669725,0.9090909090909091,0.9629629629629629
0.8888888888888888,0.9145157470992186,0.9354716683700528,0.9514563106796117,0.7317073170731707,0.9245283018867925
0.9,0.8798461083160698,0.9429548252548969,0.981651376146789,0.6129032258064516,0.9385964912280702
0.8992805755395683,0.9885356956748306,0.9956626203461185,0.900990099009901,0.8947368421052632,0.9285714285714286
0.9029850746268657,0.9818059299191374,0.995093320746786,0.9150943396226415,0.8571428571428571,0.9371980676328503
0.8851351351351351,0.9531707317073171,0.9904518581672295,0.926829268292683,0.68,0.9306122448979591
0.8656716417910447,0.9750673854447439,0.9933236336238089,0.8773584905660378,0.8214285714285714,0.9117647058823529
0.92,0.9432382133995038,0.9768344938358147,0.9354838709677419,0.8461538461538461,0.9508196721311475
0.9037037037037037,0.9395645645645645,0.9753351601711233,0.9279279279279279,0.7916666666666666,0.9406392694063926
0.9210526315789473,0.9548853439680958,0.9770319295575627,0.9576271186440678,0.7941176470588235,0.9495798319327731
0.9389312977099237,1.0,0.9999999999999999,0.9223300970873787,1.0,0.9595959595959596
0.9653179190751445,0.9539130434782609,0.9839713594807369,0.9733333333333334,0.9130434782608695,0.9798657718120806
0.9024390243902439,0.9348837209302325,0.922697616338748,0.95,0.813953488372093,0.926829268292683
0.9102564102564102,0.9130060292850991,0.9656142282029523,0.9302325581395349,0.8148148148148148,0.9448818897637795
0.9083969465648855,0.9448682385575589,0.9761567326402855,0.9514563106796117,0.75,0.9423076923076923
0.9312977099236641,0.970054945054945,0.9754857774935166,0.967032967032967,0.85,0.9513513513513514
0.8642857142857143,0.9102040816326531,0.9498911220213568,0.9428571428571428,0.6285714285714286,0.9124423963133641
0.9262295081967213,0.9789819376026273,0.9917972473828678,0.9885057471264368,0.7714285714285715,0.9502762430939227
0.9202898550724637,0.9564814814814815,0.9787830249976751,0.9444444444444444,0.8333333333333334,0.9488372093023256
0.8666666666666667,0.9297222222222222,0.9704974689548528,0.9083333333333333,0.7,0.9159663865546218
0.9338842975206612,0.9978111319574734,0.9989397445318693,0.9146341463414634,0.9743589743589743,0.9493670886075949
0.9216867469879518,0.9114906832298136,0.957649751817565,0.9565217391304348,0.75,0.9530685920577617
0.9496402877697842,0.9886062533121357,0.9958895289614235,0.9803921568627451,0.8648648648648649,0.966183574879227
0.9186991869918699,0.9562724014336917,0.9741405770308933,0.956989247311828,0.8,0.9468085106382979
0.8848920863309353,0.9457690509583917,0.9507769461600477,0.9139784946236559,0.8260869565217391,0.9139784946236559
0.9097222222222222,0.9836257309941521,0.9956025654439917,0.9210526315789473,0.8666666666666667,0.9417040358744395
0.9024390243902439,0.9385408406026963,0.968833825103415,0.9278350515463918,0.8076923076923077,0.9375
0.9316770186335404,0.9866004962779156,0.9968210007024365,0.9538461538461539,0.8387096774193549,0.9575289575289575
0.8680555555555556,0.8922413793103449,0.9427894004351925,0.896551724137931,0.75,0.9162995594713657
0.9054054054054054,0.9256637168141593,0.9553181747884476,0.9469026548672567,0.7714285714285715,0.9385964912280702
0.896774193548387,0.9815296566077003,0.9953381018677878,0.9112903225806451,0.8387096774193549,0.9338842975206612
0.9115646258503401,0.940983606557377,0.9769818078103147,0.9508196721311475,0.72,0.9469387755102041
0.9290780141843972,0.9159292035398231,0.9597676119339031,0.9646017699115044,0.7857142857142857,0.956140350877193
0.8993288590604027,0.9529780564263323,0.9712271912043532,0.9137931034482759,0.8484848484848485,0.933920704845815
0.8802816901408451,0.9485199485199485,0.967106248912816,0.9238095238095239,0.7567567567567568,0.919431279620853
0.9084507042253521,0.980083857442348,0.9934416425780564,0.9528301886792453,0.7777777777777778,0.9395348837209302
0.9302325581395349,0.9951724137931034,0.998591431599194,0.93,0.9310344827586207,0.9538461538461539
0.9300699300699301,0.9576719576719577,0.9782548766083298,0.9722222222222222,0.8,0.9545454545454546
0.9225806451612903,0.9496047430830039,0.983491750155042,0.9318181818181818,0.8695652173913043,0.9534883720930233
0.8560606060606061,0.9083161157024794,0.9151867903480676,0.8977272727272727,0.7727272727272727,0.8926553672316384
0.8968253968253969,0.9562020460358056,0.9741667509356657,0.9239130434782609,0.8235294117647058,0.9289617486338798
0.9162011173184358,0.9273563218390805,0.9765583946226962,0.9533333333333334,0.7241379310344828,0.9501661129568106
0.9281767955801105,0.9476923076923077,0.9840729835873926,0.9487179487179487,0.8,0.9579288025889967
0.9097222222222222,0.9135802469135801,0.977233787509687,0.9285714285714286,0.7777777777777778,0.9473684210526315
0.9084967320261438,0.9484848484848485,0.9741444607430115,0.925,0.8484848484848485,0.940677966101695
0.8931297709923665,0.9196774193548387,0.9544437451716605,0.91,0.8387096774193549,0.9285714285714286
0.8931297709923665,0.9858012170385395,0.9958348535399791,0.8921568627450981,0.896551724137931,0.9285714285714286
0.927007299270073,0.9963481436396836,0.9988869588873709,0.9150943396226415,0.967741935483871,0.9509803921568627
0.9398496240601504,0.9920936116382036,0.997582084221759,0.9509803921568627,0.9032258064516129,0.9603960396039604
0.9703703703703703,0.9514751552795031,0.9786506782241853,0.9910714285714286,0.8695652173913043,0.9823008849557522
0.9205298013245033,0.9603305785123967,0.9804802514683728,0.9256198347107438,0.9,0.9491525423728814
0.8861788617886179,0.986111111111111,0.9965794210285072,0.8888888888888888,0.875,0.9263157894736842
0.9347826086956522,0.9926593259926593,0.9981726121041116,0.9369369369369369,0.9259259259259259,0.9585253456221198
0.9457364341085271,0.9932345360824743,0.9977800440228003,0.9587628865979382,0.90625,0.9637305699481865
0.8832116788321168,0.9448598130841122,0.9672583004608271,0.897196261682243,0.8333333333333334,0.9230769230769231
0.9285714285714286,0.9619694397283531,0.9778943828574383,0.9368421052631579,0.9032258064516129,0.9518716577540107
0.8589743589743589,0.9687741935483871,0.9924640339059166,0.896,0.7096774193548387,0.9105691056910569
0.9252873563218391,0.9422222222222223,0.9794515770959761,0.9466666666666667,0.7916666666666666,0.9562289562289562
0.9051094890510949,0.9860012172854534,0.9958659307215766,0.9150943396226415,0.8709677419354839,0.9371980676328503
0.9296875,0.9923511805786498,0.9975461541095905,0.9381443298969072,0.9032258064516129,0.9528795811518325
0.8675496688741722,0.9052287581699346,0.9505350652609185,0.9401709401709402,0.6176470588235294,0.9166666666666666
0.9071428571428571,0.965587044534413,0.992379184367547,0.9649122807017544,0.6538461538461539,0.944206008583691
0.9290780141843972,0.9184576485461441,0.9644210808373932,0.9646017699115044,0.7857142857142857,0.956140350877193
0.9375,0.9339305711086225,0.9831591360666975,0.9645390070921985,0.7368421052631579,0.9645390070921985
0.9178082191780822,0.9560344827586207,0.978634226804126,0.9310344827586207,0.8666666666666667,0.9473684210526315
0.9403973509933775,0.9504615384615385,0.9783759192258427,0.952,0.8846153846153846,0.9635627530364372
0.9464285714285714,0.9552845528455285,0.9692583106471573,0.9878048780487805,0.8333333333333334,0.9642857142857143
0.8698630136986302,0.85,0.9417623952149029,0.9333333333333333,0.5769230769230769,0.9218106995884774
0.9130434782608695,0.9491758241758241,0.9752683335741962,0.9196428571428571,0.8846153846153846,0.944954128440367
0.9,0.9231409544950057,0.9518545772451679,0.9339622641509434,0.7941176470588235,0.9339622641509434
0.8947368421052632,0.9158854166666666,0.9591032282315052,0.925,0.78125,0.9327731092436975
0.9290780141843972,0.9845132743362832,0.9961777708708335,0.9557522123893806,0.8214285714285714,0.9557522123893806
0.9627329192546584,0.9691912708600771,0.9810365030746178,0.975609756097561,0.9210526315789473,0.975609756097561
0.9354838709677419,0.9610859728506788,0.9667666056323241,0.9529411764705882,0.8974358974358975,0.9529411764705882
0.8802816901408451,0.8504641909814323,0.9389296057335291,0.9482758620689655,0.5769230769230769,0.9282700421940928
0.9420289855072463,0.9593005728067531,0.9710101609767962,0.9439252336448598,0.9354838709677419,0.9619047619047619
0.9262295081967213,0.9676767676767677,0.9688986264877777,0.987012987012987,0.8222222222222222,0.9440993788819876
0.9430379746835443,0.9452736318407959,0.9809876426196226,0.9552238805970149,0.875,0.9660377358490566
0.9295774647887324,0.9923295454545454,0.9977603557484075,0.9363636363636364,0.90625,0.9537037037037037
0.9513888888888888,0.9688786008230452,0.97949779105504,0.9537037037037037,0.9444444444444444,0.9671361502347418
0.9393939393939394,0.9954435808094345,0.997961992728825,0.945054945054945,0.926829268292683,0.9555555555555556
0.8721804511278195,0.9172043010752688,0.9388299034369236,0.9354838709677419,0.725,0.9109947643979057
0.9206349206349206,0.9124579124579124,0.9523818701105538,0.9595959595959596,0.7777777777777778,0.95
0.8273381294964028,0.9474006116207951,0.98581354955718,0.8715596330275229,0.6666666666666666,0.8878504672897196
0.9202898550724637,0.9284271284271285,0.9592900007500362,0.9523809523809523,0.8181818181818182,0.9478672985781991
0.9016393442622951,0.9574404761904761,0.9577650538670213,0.9625,0.7857142857142857,0.927710843373494
0.9197530864197531,0.9792584910552242,0.9952952510709523,0.9323308270676691,0.8620689655172413,0.9501915708812261
0.8846153846153846,0.9272222222222222,0.9438073651807617,0.9333333333333333,0.775,0.9180327868852459
0.8978102189781022,0.9560224089635855,0.9742528953645018,0.9215686274509803,0.8285714285714286,0.9306930693069307
0.9245283018867925,0.9357416879795396,0.9797557789966311,0.9558823529411765,0.7391304347826086,0.9558823529411765
0.8918918918918919,0.9742608695652174,0.9952088448838775,0.912,0.782608695652174,0.9344262295081968
0.9083333333333333,0.9275099673794852,0.9470971633655814,0.9213483146067416,0.8709677419354839,0.9371428571428572
0.8943089430894309,0.9746987951807229,0.9876589667741714,0.9156626506024096,0.85,0.9212121212121213
0.8771929824561403,0.9558590028580501,0.9532985311038187,0.9253731343283582,0.8085106382978723,0.8985507246376812
0.9060402684563759,0.9821589882565492,0.9933113392869422,0.9351851851851852,0.8292682926829268,0.9351851851851852
0.9,0.8981052631578947,0.9465630367152577,0.9368421052631579,0.76,0.9368421052631579
0.8881118881118881,0.91167574107683,0.9521393945932694,0.9385964912280702,0.6896551724137931,0.9304347826086956
0.916083916083916,0.9533923303834808,0.9752681915769499,0.9292035398230089,0.8666666666666667,0.9459459459459459
0.9692307692307692,0.9966666666666666,0.998512353648016,0.9777777777777777,0.95,0.9777777777777777
0.8904109589041096,0.8810307017543859,0.9434260768899547,0.956140350877193,0.65625,0.9316239316239316
0.9477611940298507,0.9361764705882353,0.9636289697472873,1.0,0.7941176470588235,0.966183574879227
0.9264705882352942,0.989937106918239,0.9969992130670439,0.9245283018867925,0.9333333333333333,0.9514563106796117
0.9130434782608695,0.9374149659863945,0.9806828934590646,0.9357142857142857,0.7619047619047619,0.9492753623188406
0.9152542372881356,0.9289772727272727,0.9740832438026494,0.96875,0.6818181818181818,0.9489795918367347
0.9487179487179487,0.9949494949494949,0.9979978004625939,0.9523809523809523,0.9393939393939394,0.963855421686747
0.8738738738738738,0.9535211267605634,0.962630758077196,0.9154929577464789,0.8,0.9027777777777778
0.9197080291970803,0.9202678027997565,0.9559200122764515,0.9716981132075472,0.7419354838709677,0.9493087557603687
0.9240506329113924,0.9803104884513442,0.9972722117090618,0.9424460431654677,0.7894736842105263,0.9562043795620438
0.9325153374233128,0.9186824498198661,0.9630885526861567,0.9776119402985075,0.7241379310344828,0.9597069597069597
0.9649122807017544,0.9974489795918368,0.9995756897533923,0.9659863945578231,0.9583333333333334,0.9793103448275862
0.9583333333333334,0.9967239967239968,0.9990258422177392,0.963963963963964,0.9393939393939394,0.9727272727272728
0.9130434782608695,0.9093567251461988,0.9641253600701979,0.9385964912280702,0.7916666666666666,0.9469026548672567
0.9203539823008849,0.9928082191780823,0.996358202949585,0.9726027397260274,0.825,0.9403973509933775
0.8809523809523809,0.9348837209302325,0.9435617947943227,0.8953488372093024,0.85,0.9112426035502958
0.9036144578313253,0.9446640316205533,0.9821523796279302,0.9090909090909091,0.8695652173913043,0.9420289855072463
0.8854961832061069,0.8953488372093024,0.9114263763084646,0.9431818181818182,0.7674418604651163,0.9171270718232044
0.8552631578947368,0.9279348102877514,0.9655643138040918,0.8907563025210085,0.7272727272727273,0.905982905982906
0.9166666666666666,0.9248149590962212,0.9830535182658701,0.9271523178807947,0.8235294117647058,0.9523809523809523
0.9172932330827067,0.9892163910855499,0.9973528859341381,0.9252336448598131,0.8846153846153846,0.9473684210526315
0.9603174603174603,0.9954448830853325,0.9981310864676767,0.9775280898876404,0.918918918918919,0.9720670391061452
0.9013157894736842,0.91875,0.9542613781064224,0.925,0.8125,0.9367088607594937
0.9104477611940298,0.9875389408099688,0.9968097275179925,0.9158878504672897,0.8888888888888888,0.9423076923076923
0.9166666666666666,0.9406494960806271,0.9579485306246109,0.9787234042553191,0.7631578947368421,0.9435897435897436
0.9387755102040817,0.920840787119857,0.9345561621232636,0.9711538461538461,0.8604651162790697,0.957345971563981
0.8888888888888888,0.9101829101829102,0.9516947164927765,0.954954954954955,0.6666666666666666,0.9298245614035088
0.9069767441860465,0.9858557284299859,0.9960634803316584,0.9207920792079208,0.8571428571428571,0.9393939393939394
0.9044117647058824,0.9238754325259515,0.9479785301555748,0.9705882352941176,0.7058823529411765,0.9383886255924171
0.8551724137931035,0.9454008853910477,0.9719730271367797,0.8878504672897196,0.7631578947368421,0.9004739336492891
0.9197080291970803,0.9858585858585859,0.9965022703263363,0.9363636363636364,0.8518518518518519,0.9493087557603687
0.8984375,0.9363636363636364,0.946919059216506,0.9431818181818182,0.8,0.9273743016759777
0.9185185185185185,0.965,0.9707436991507026,0.9473684210526315,0.85,0.9424083769633508
0.8934426229508197,0.9387914230019494,0.9680963913664349,0.9263157894736842,0.7777777777777778,0.9312169312169312
0.9053254437869822,0.97170935080405,0.9954287386997793,0.9246575342465754,0.782608695652174,0.9440559440559441
0.9383561643835616,0.9966707021791766,0.9991828975913873,0.9322033898305084,0.9642857142857143,0.9606986899563319
0.9183673469387755,0.9008264462809917,0.9468994922969611,0.9504132231404959,0.7692307692307693,0.9504132231404959
0.9135802469135802,0.9805548353642727,0.9956862772127943,0.9323308270676691,0.8275862068965517,0.9465648854961832
0.8905109489051095,0.9450000000000001,0.9766888532661443,0.9017857142857143,0.84,0.9308755760368663
0.9624060150375939,0.9454545454545454,0.9761605033824924,0.9818181818181818,0.8695652173913043,0.9773755656108597
0.8962962962962963,0.955,0.9673764914165707,0.9263157894736842,0.825,0.9263157894736842
0.9230769230769231,0.9244260204081634,0.9482624312096091,0.9489795918367347,0.84375,0.9489795918367347
0.9319727891156463,0.9878787878787879,0.9985876068317097,0.9393939393939394,0.8666666666666667,0.9612403100775194
0.9078014184397163,0.9285714285714286,0.9549159232168859,0.9428571428571428,0.8055555555555556,0.9383886255924171
0.865546218487395,0.9256559766763849,0.9172575725669918,0.9285714285714286,0.7755102040816326,0.8904109589041096
0.9015151515151515,0.9862258953168044,0.9954713289017038,0.9191919191919192,0.8484848484848485,0.9333333333333333
0.9,0.904710535778497,0.956012723103639,0.941747572815534,0.7407407407407407,0.9371980676328503
0.8828125,0.9559659090909092,0.9621743931368087,0.8863636363636364,0.875,0.9122807017543859
0.94,0.95168,0.9819036690542317,0.96,0.84,0.963855421686747
0.8861788617886179,0.8957831325301205,0.9161740313574022,0.9759036144578314,0.7,0.9204545454545454
0.921875,0.9330413016270338,0.9567441153644625,0.9680851063829787,0.7941176470588235,0.9479166666666666
0.9041916167664671,0.9518659881255301,0.9772037453845992,0.9312977099236641,0.8055555555555556,0.9384615384615385
0.8507462686567164,0.8901617250673854,0.9513958771659119,0.9056603773584906,0.6428571428571429,0.9056603773584906
0.9551282051282052,0.972216505453797,0.9792763595891989,0.9823008849557522,0.8837209302325582,0.9694323144104804
0.9358974358974359,0.9902146464646464,0.998204820519674,0.946969696969697,0.875,0.9615384615384616
0.8863636363636364,0.9477954144620812,0.9720511425010273,0.8857142857142857,0.8888888888888888,0.9253731343283582
0.9536423841059603,0.9878048780487804,0.9972842340192504,0.991869918699187,0.7857142857142857,0.9721115537848606
0.9392265193370166,0.9535217035217035,0.9802723035676372,0.972972972972973,0.7878787878787878,0.9632107023411371
0.9455782312925171,0.9540123456790123,0.9788435886385685,0.9583333333333334,0.8888888888888888,0.9663865546218487
0.9344262295081968,0.9593465045592705,0.9795468982084313,0.9468085106382979,0.8928571428571429,0.956989247311828
0.8828125,0.9337366753097089,0.9501315886094617,0.9438202247191011,0.7435897435897436,0.9180327868852459
0.9022556390977443,0.9724099099099099,0.9895823877339676,0.9479166666666666,0.7837837837837838,0.9333333333333333
0.8953488372093024,0.90242656449553,0.9687774843214844,0.9448275862068966,0.6296296296296297,0.9383561643835616
0.9153846153846154,0.9848484848484849,0.9967355819887915,0.9166666666666666,0.9090909090909091,0.9473684210526315
0.9523809523809523,0.9803636363636363,0.9964708044485839,0.976,0.8181818181818182,0.9721115537848606
0.8984375,0.9228466910542069,0.9551012667853507,0.9278350515463918,0.8064516129032258,0.9326424870466321
0.9523809523809523,0.9648526077097506,0.9709537207753327,0.9809523809523809,0.8809523809523809,0.9671361502347418
0.8992248062015504,0.9384615384615385,0.9771395386706995,0.9230769230769231,0.8,0.9365853658536586
0.924812030075188,0.9860237596086652,0.9965611650673021,0.9716981132075472,0.7407407407407407,0.9537037037037037
0.9421487603305785,0.9836633663366336,0.9967093678094965,0.9603960396039604,0.85,0.9651741293532339
0.8905109489051095,0.9510810810810811,0.9691648235461274,0.96,0.7027027027027027,0.927536231884058
0.927536231884058,0.9894179894179894,0.998035143180143,0.9316239316239316,0.9047619047619048,0.956140350877193
0.9136690647482014,0.9898351648351649,0.9964925254456154,0.9134615384615384,0.9142857142857143,0.9405940594059405
0.9466666666666667,0.9943609022556391,0.9981115925138089,0.9642857142857143,0.8947368421052632,0.9642857142857143
0.910828025477707,0.8910745742806812,0.9603523313780012,0.9465648854961832,0.7307692307692307,0.9465648854961832
0.9212598425196851,0.9686274509803922,0.973151485297296,0.9529411764705882,0.8571428571428571,0.9418604651162791
0.8916666666666667,0.929724596391263,0.9398131944543784,0.9506172839506173,0.7692307692307693,0.9221556886227545
0.9523809523809523,0.9960899315738025,0.9986343881128863,0.967741935483871,0.9090909090909091,0.967741935483871
0.9393939393939394,0.9938781756963575,0.9979110621784087,0.9393939393939394,0.9393939393939394,0.9587628865979382
0.907563025210084,0.9620253164556962,0.969519386827439,0.9620253164556962,0.8,0.9325153374233128
0.8682170542635659,0.9396284829721362,0.9673740493624126,0.9157894736842105,0.7352941176470589,0.9109947643979057
0.8740740740740741,0.9073015873015873,0.9525266596521758,0.9238095238095239,0.7,0.919431279620853
0.9072847682119205,0.9594202898550724,0.9758855768398964,0.9217391304347826,0.8611111111111112,0.9380530973451328
0.9430379746835443,0.9923115079365079,0.9980227254571822,0.9523809523809523,0.90625,0.963855421686747
0.9421965317919075,0.9190613026819924,0.9637890700582423,0.9652777777777778,0.8275862068965517,0.9652777777777778
0.8416666666666667,0.974537037037037,0.9890115286377676,0.8333333333333334,0.8611111111111112,0.8805031446540881
0.9473684210526315,0.9521193092621664,0.9615136719458159,0.978021978021978,0.8809523809523809,0.9621621621621622
0.993421052631579,1.0,1.0,0.9925373134328358,1.0,0.9962546816479401
0.8898305084745762,0.9586720867208672,0.9682772740515475,0.975609756097561,0.6944444444444444,0.9248554913294798
0.9264705882352942,0.9704749679075737,0.975723236305306,0.9263157894736842,0.926829268292683,0.946236559139785
0.916083916083916,0.9256756756756757,0.9567643424547665,0.9459459459459459,0.8125,0.9459459459459459
0.9071428571428571,0.946693657219973,0.9785867128470329,0.9385964912280702,0.7692307692307693,0.9427312775330396
0.9333333333333333,0.9218362282878412,0.9500073176667998,0.9519230769230769,0.8709677419354839,0.9565217391304348
0.9328859060402684,0.9907563025210084,0.9976354400138967,0.9411764705882353,0.9,0.9572649572649573
0.948051948051948,0.9575172413793104,0.9822075181590066,0.984,0.7931034482758621,0.968503937007874
0.9221556886227545,0.9843453510436433,0.9964595786704152,0.9485294117647058,0.8064516129032258,0.9520295202952029
0.9111111111111111,0.9841269841269841,0.9953817945078658,0.9238095238095239,0.8666666666666667,0.941747572815534
0.9416058394160584,0.9925257731958763,0.9970520644508322,0.9896907216494846,0.825,0.96
0.8560606060606061,0.9187500000000001,0.9467533671120404,0.9347826086956522,0.675,0.900523560209424
0.8646616541353384,0.85842175066313,0.933947493659192,0.9326923076923077,0.6206896551724138,0.9150943396226415
0.9263803680981595,0.9592080152671756,0.9796386040876865,0.9389312977099237,0.875,0.9534883720930233
0.9485294117647058,0.9211688752973157,0.9625180711645851,0.9908256880733946,0.7777777777777778,0.968609865470852
0.9315068493150684,0.9693396226415095,0.9815964813390919,0.9528301886792453,0.875,0.9528301886792453
0.9115646258503401,0.9222861842105263,0.9774875153327724,0.9453125,0.6842105263157895,0.9490196078431372
0.975,0.9919327731092437,0.9966580095353464,1.0,0.9142857142857143,0.9826589595375722
0.935064935064935,0.9891956782713085,0.9967430476587246,0.9411764705882353,0.9142857142857143,0.9572649572649573
0.9013157894736842,0.8921875,0.9511207594655546,0.9583333333333334,0.6875,0.9387755102040817
0.9027777777777778,0.9601604278074866,0.9786036231968347,0.9181818181818182,0.8529411764705882,0.9351851851851852
0.9154929577464789,0.950259383582545,0.9773199557601283,0.9380530973451328,0.8275862068965517,0.9464285714285714
0.9133858267716536,0.9522849462365591,0.9704779120607541,0.9479166666666666,0.8064516129032258,0.9430051813471503
0.9069767441860465,0.8934984520123839,0.9277334334717497,0.9473684210526315,0.7941176470588235,0.9375
0.9382716049382716,0.949519890260631,0.9820535352823894,0.9629629629629629,0.8148148148148148,0.9629629629629629
0.9280575539568345,0.9578282828282828,0.969430617394493,0.9595959595959596,0.85,0.95
0.9097744360902256,0.9844660194174758,0.9954076417145283,0.9223300970873787,0.8666666666666667,0.9405940594059405
0.9296875,0.9122257053291536,0.9517582342108993,0.9797979797979798,0.7586206896551724,0.9556650246305419
0.9548872180451128,0.9960212201591512,0.9988902589058397,0.9615384615384616,0.9310344827586207,0.970873786407767
0.927536231884058,0.9866071428571428,0.9968047806922011,0.9375,0.8846153846153846,0.9545454545454546
0.9016393442622951,0.9803571428571428,0.9902027920947037,0.95,0.8095238095238095,0.926829268292683
0.8625954198473282,0.969078540507112,0.989893208233601,0.8979591836734694,0.7575757575757576,0.9072164948453608
0.9078947368421053,0.9867716535433071,0.9973367229563294,0.9133858267716536,0.88,0.943089430894309
0.9323308270676691,0.9923130677847659,0.9979885059920119,0.9339622641509434,0.9259259259259259,0.9565217391304348
0.9133858267716536,0.9529209621993127,0.9747689758726563,0.9587628865979382,0.7666666666666667,0.9441624365482234
0.9291338582677166,0.9587628865979382,0.9799222258844228,0.9587628865979382,0.8333333333333334,0.9538461538461539
0.9219858156028369,0.9100985221674877,0.9446191507209984,0.9642857142857143,0.7586206896551724,0.9515418502202643
0.8976377952755905,0.9769736842105263,0.9924514800265933,0.9368421052631579,0.78125,0.9319371727748691
0.9136690647482014,0.9890873015873016,0.9973298762356493,0.9196428571428571,0.8888888888888888,0.944954128440367
0.8717948717948718,0.9074380165289256,0.9531706893801013,0.9338842975206612,0.6571428571428571,0.9186991869918699
0.84375,0.9105758582502769,0.9351244362867713,0.9418604651162791,0.6428571428571429,0.8901098901098901
0.8698630136986302,0.9101890756302521,0.9541487596750082,0.9196428571428571,0.7058823529411765,0.9155555555555556
0.9037037037037037,0.9820995145631068,0.9944202164586281,0.9223300970873787,0.84375,0.9359605911330049
0.9281437125748503,0.9630762953896369,0.9779203624435882,0.9767441860465116,0.7631578947368421,0.9545454545454546
0.8991596638655462,0.9763157894736841,0.9938453872802261,0.9157894736842105,0.8333333333333334,0.9354838709677419
0.9115646258503401,0.9594398841139545,0.972355479734224,0.9357798165137615,0.8421052631578947,0.9400921658986175
0.906832298136646,0.9791570171375636,0.9943463117034566,0.9291338582677166,0.8235294117647058,0.9402390438247012
0.9357142857142857,0.9893162393162394,0.996521934021934,0.9903846153846154,0.7777777777777778,0.958139534883721
0.9060402684563759,0.9811776061776062,0.9937624474622436,0.9285714285714286,0.8378378378378378,0.9369369369369369
0.8782608695652174,0.9740708729472775,0.9926908186814657,0.9213483146067416,0.7307692307692307,0.9213483146067416
0.8770491803278688,0.9092520382842963,0.9507429310697227,0.9230769230769231,0.7419354838709677,0.9180327868852459
0.8571428571428571,0.896969696969697,0.9476721955397173,0.9,0.7,0.908256880733945
0.9103448275862069,0.9535936615732881,0.9771855669259117,0.9473684210526315,0.7741935483870968,0.9432314410480349
0.9274193548387096,0.9895424836601308,0.9960535556144324,0.9444444444444444,0.8823529411764706,0.9497206703910615
0.9051094890510949,0.9865319865319866,0.9966953209780407,0.9181818181818182,0.8518518518518519,0.9395348837209302
0.864,0.8770250368188512,0.940097205730767,0.9484536082474226,0.5714285714285714,0.9154228855721394
0.917910447761194,0.97911051212938,0.9945248428727147,0.9528301886792453,0.7857142857142857,0.9483568075117371
0.9171974522292994,0.9848290598290599,0.994743097492818,0.9316239316239316,0.875,0.9437229437229437
0.9411764705882353,0.9721611721611721,0.9739705637048938,0.945054945054945,0.9333333333333333,0.9555555555555556
0.9485294117647058,0.9938738738738738,0.9986285458790569,0.963963963963964,0.88,0.9683257918552036
0.9246575342465754,0.9862068965517241,0.9964409493554178,0.9482758620689655,0.8333333333333334,0.9523809523809523
0.9459459459459459,0.994729907773386,0.9984586998353827,0.9478260869565217,0.9393939393939394,0.9646017699115044
0.8733333333333333,0.9161538461538462,0.9798129965453345,0.9153846153846154,0.6,0.9260700389105059
0.9215686274509803,0.9298072170044488,0.9594408344825744,0.9495798319327731,0.8235294117647058,0.9495798319327731
0.8803418803418803,0.9673550966022652,0.9852149938296254,0.9493670886075949,0.7368421052631579,0.9146341463414634
0.9,0.9911232502560601,0.997354113416997,0.8910891089108911,0.9310344827586207,0.9326424870466321
0.9361702127659575,0.9496426250812215,0.9771946661618822,0.9649122807017544,0.8148148148148148,0.9606986899563319
0.9215686274509803,0.9916779127305443,0.9972703509460465,0.956140350877193,0.8205128205128205,0.9478260869565217
0.9333333333333333,0.9381506429883649,0.9792491996375694,0.9507042253521126,0.8260869565217391,0.9608540925266904
0.9044117647058824,0.9150132275132274,0.9589045883704815,0.9259259259259259,0.8214285714285714,0.9389671361502347
0.8592592592592593,0.8704939919893191,0.9453443136697527,0.9345794392523364,0.5714285714285714,0.91324200913242
0.8956521739130435,0.9864457831325301,0.9952198568642849,0.963855421686747,0.71875,0.9302325581395349
0.8993288590604027,0.8859530261969286,0.9161577945656584,0.9629629629629629,0.7317073170731707,0.9327354260089686
0.9285714285714286,0.964172813487882,0.9583860611572994,0.9452054794520548,0.8974358974358975,0.9452054794520548
0.948905109489051,0.9631771150334754,0.9759326377182452,0.9528301886792453,0.9354838709677419,0.9665071770334929
0.9565217391304348,0.988988988988989,0.9973589304518974,0.990990990990991,0.8148148148148148,0.9734513274336283
0.937984496124031,0.9968175388967468,0.9990922226884577,0.9306930693069307,0.9642857142857143,0.9591836734693877
0.9345238095238095,0.9427286356821589,0.981864844684147,0.9586206896551724,0.782608695652174,0.9619377162629758
0.8928571428571429,0.9735652173913044,0.99415109673034,0.9130434782608695,0.8,0.9333333333333333
0.9104477611940298,0.9436274509803921,0.972439549982916,0.9607843137254902,0.75,0.9423076923076923
0.8951048951048951,0.9326874043855177,0.9585965162940507,0.9339622641509434,0.7837837837837838,0.9295774647887324
0.904,0.9168100975329891,0.9293747811170641,0.9879518072289156,0.7380952380952381,0.9318181818181818
0.972972972972973,0.9984829329962073,0.9995265657354352,0.9734513274336283,0.9714285714285714,0.9821428571428571
0.9153846153846154,0.9674442450653679,0.9718030493401515,0.963855421686747,0.8297872340425532,0.935672514619883
0.9230769230769231,0.9149152542372881,0.9678723467506818,0.9491525423728814,0.8,0.9531914893617022
0.9096774193548387,0.9828722002635046,0.9969777420015419,0.9242424242424242,0.8260869565217391,0.9457364341085271
0.9328358208955224,0.9929245283018867,0.998137735234689,0.9433962264150944,0.8928571428571429,0.9569377990430622
0.9214285714285714,0.9359999999999999,0.9752400947938729,0.9652173913043478,0.72,0.9527896995708155
0.8809523809523809,0.9450617283950618,0.96460513940582,0.9,0.8333333333333334,0.9152542372881356
0.948905109489051,0.9931350114416476,0.9985924027635865,0.956140350877193,0.9130434782608695,0.9688888888888889
0.9210526315789473,0.9877899877899878,0.9963703090144934,0.9401709401709402,0.8571428571428571,0.9482758620689655
0.8992805755395683,0.9491634491634492,0.9787559268803445,0.9369369369369369,0.75,0.9369369369369369
0.9144736842105263,0.9520605550883096,0.9789810073973609,0.9349593495934959,0.8275862068965517,0.9465020576131687
0.9454545454545454,0.9470300061236987,0.9804559309378262,0.9577464788732394,0.8695652173913043,0.9679715302491103
0.936,0.9860088365243005,0.9959270250666754,0.9587628865979382,0.8571428571428571,0.9587628865979382
0.9620253164556962,1.0,1.0,0.9571428571428572,1.0,0.9781021897810219
0.8992248062015504,0.9858585858585859,0.9955882383358134,0.898989898989899,0.9,0.9319371727748691
0.954248366013072,0.9915388683236382,0.9978472861558478,0.9754098360655737,0.8709677419354839,0.9714285714285714
0.9148936170212766,0.9267676767676768,0.9613366372325914,0.9537037037037037,0.7878787878787878,0.944954128440367
0.912751677852349,0.9451003541912634,0.9797339540985361,0.9586776859504132,0.7142857142857143,0.9469387755102041
0.8657718120805369,0.9775678866587957,0.9946179293380966,0.8677685950413223,0.8571428571428571,0.9130434782608695
0.9272727272727272,0.9629546475078581,0.9793579275371421,0.9312977099236641,0.9117647058823529,0.953125
0.8873239436619719,0.9322877769479712,0.9502050360444292,0.941747572815534,0.7435897435897436,0.9238095238095239
0.9266666666666666,0.9061363636363636,0.9288611993199976,0.9636363636363636,0.825,0.9506726457399103
0.9071428571428571,0.9812761763981277,0.9925103276007443,0.9494949494949495,0.8048780487804879,0.9353233830845771
0.855072463768116,0.9143698153599144,0.9410823449355312,0.8910891089108911,0.7567567567567568,0.9
0.9302325581395349,0.9901677270098322,0.9957887277500976,0.9340659340659341,0.9210526315789473,0.9497206703910615
0.8888888888888888,0.9124820659971306,0.9212468586911224,0.9411764705882353,0.7804878048780488,0.9195402298850575
0.9155844155844156,0.934557438794727,0.9591646185249822,0.940677966101695,0.8333333333333334,0.9446808510638298
0.9117647058823529,0.9282141806413651,0.9563212985115026,0.9223300970873787,0.8787878787878788,0.9405940594059405
0.9357142857142857,0.9980290711998029,0.9991654636116734,0.9191919191919192,0.975609756097561,0.9528795811518325
0.9177215189873418,0.9146825396825398,0.9537623640856514,0.9523809523809523,0.78125,0.9486166007905138
0.9133333333333333,0.951268167569108,0.9789704416731619,0.9256198347107438,0.8620689655172413,0.9451476793248945
0.904,0.8936100131752305,0.9232747260871109,0.9456521739130435,0.7878787878787878,0.9354838709677419
0.917910447761194,0.9242092076417163,0.9594970080034728,0.9514563106796117,0.8064516129032258,0.9468599033816425
0.9285714285714286,0.9910239361702127,0.9969338294523714,0.9361702127659575,0.90625,0.9513513513513514
0.9225806451612903,0.9516702203269367,0.9863933605007318,0.9253731343283582,0.9047619047619048,0.9538461538461539
0.9007633587786259,0.9758241758241758,0.9940474090694321,0.9333333333333333,0.7692307692307693,0.937799043062201
0.9230769230769231,0.9382247992863514,0.9647774064700156,0.9576271186440678,0.8157894736842105,0.9495798319327731
0.9507042253521126,0.9847421422032346,0.9960327861427021,0.9734513274336283,0.8620689655172413,0.9691629955947136
0.9178082191780822,0.9534105534105534,0.9715430742599971,0.9369369369369369,0.8571428571428571,0.9454545454545454
0.8571428571428571,0.9053934571175951,0.9326822750368176,0.9080459770114943,0.7435897435897436,0.8977272727272727
0.896551724137931,0.9145021645021645,0.9502082893867924,0.9464285714285714,0.7272727272727273,0.933920704845815
0.8571428571428571,0.9346938775510204,0.9643801607569151,0.9183673469387755,0.6857142857142857,0.9045226130653267
0.9492753623188406,0.8779301194161876,0.9572994288855247,0.9831932773109243,0.7368421052631579,0.970954356846473
0.9065420560747663,0.9448025785656728,0.9528601920200435,0.958904109589041,0.7941176470588235,0.9333333333333333
0.9536423841059603,0.9626907857546636,0.9806027070518573,0.9590163934426229,0.9310344827586207,0.970954356846473
0.9071428571428571,0.9785879629629629,0.9936346980821519,0.9351851851851852,0.8125,0.9395348837209302
0.9574468085106383,1.0,1.0,0.9454545454545454,1.0,0.9719626168224299
0.9354838709677419,0.9893390191897654,0.998266951077289,0.9402985074626866,0.9047619047619048,0.9618320610687023
0.952,0.9650937297996122,0.976158599701577,0.978021978021978,0.8823529411764706,0.967391304347826
0.9419354838709677,0.9600000000000001,0.9782936162403151,0.975,0.8285714285714286,0.9629629629629629
0.8985507246376812,0.9106753812636166,0.9516798143461312,0.9607843137254902,0.7222222222222222,0.9333333333333333
0.912,0.9641176470588235,0.968942243693568,0.9294117647058824,0.875,0.9349112426035503
0.9552238805970149,0.9969362745098039,0.9990404768451294,0.9607843137254902,0.9375,0.9702970297029703
0.8881118881118881,0.9073746312684365,0.9503811923685608,0.9469026548672567,0.6666666666666666,0.9304347826086956
0.8846153846153846,0.963855421686747,0.9678514897055901,0.891566265060241,0.8723404255319149,0.9079754601226994
0.9304347826086956,0.9513085818624467,0.9146711574326047,0.9516129032258065,0.9056603773584906,0.9365079365079365
0.8819444444444444,0.8759175941273976,0.9040219106692047,0.941747572815534,0.7317073170731707,0.919431279620853
0.8306451612903226,0.9022727272727272,0.9124915295457753,0.8875,0.7272727272727273,0.8711656441717791
0.8828125,0.917572463768116,0.9468072876185893,0.9347826086956522,0.75,0.9197860962566845
0.8723404255319149,0.8719576719576719,0.9292412884104682,0.9238095238095239,0.7222222222222222,0.9150943396226415
0.9242424242424242,0.9439153439153439,0.9712542941901618,0.9523809523809523,0.8148148148148148,0.9523809523809523
0.9013157894736842,0.9419680403700589,0.9706906963110195,0.9512195121951219,0.6896551724137931,0.9397590361445783
0.9171974522292994,0.9461206896551725,0.9759795602707251,0.9375,0.8275862068965517,0.9486166007905138
0.9166666666666666,0.9231617647058824,0.9770597737463715,0.9411764705882353,0.75,0.9516728624535316
0.8958333333333334,0.9118303571428571,0.9565608380805558,0.9642857142857143,0.65625,0.935064935064935
0.8712121212121212,0.9294532627865961,0.9724374229944182,0.9142857142857143,0.7037037037037037,0.9186602870813397
0.853448275862069,0.9184149184149184,0.9316902741412014,0.922077922077922,0.717948717948718,0.8930817610062893
0.9060402684563759,0.9439897698209718,0.9745787381762909,0.9652173913043478,0.7058823529411765,0.940677966101695
0.9507042253521126,0.9927055702917772,0.9983271438857154,0.9568965517241379,0.9230769230769231,0.9694323144104804
0.9193548387096774,0.9104072398190046,0.9145641133580678,0.9882352941176471,0.7692307692307693,0.9438202247191011
0.9029850746268657,0.884487605417838,0.8987155559771465,0.978021978021978,0.7441860465116279,0.9319371727748691
0.934640522875817,0.9485160508782555,0.9779578940936834,0.952755905511811,0.8461538461538461,0.9603174603174603
0.8503937007874016,0.8772357723577235,0.8842102856858217,0.9512195121951219,0.6666666666666666,0.8914285714285715
0.8972602739726028,0.9206932773109243,0.9427005112867429,0.9196428571428571,0.8235294117647058,0.9321266968325792
0.8805970149253731,0.9399014778325123,0.9742059929312976,0.9333333333333333,0.6896551724137931,0.9245283018867925
0.9205298013245033,0.9585084033613446,0.9802049241787772,0.9327731092436975,0.875,0.9487179487179487
0.8515625,0.8704944178628389,0.9032615314458345,0.9052631578947369,0.696969696969697,0.900523560209424
0.9142857142857143,0.9592013888888888,0.9805418401043823,0.9444444444444444,0.8125,0.9444444444444444
0.88,0.9040646853146853,0.9583742839585908,0.916083916083916,0.71875,0.9257950530035336
0.8888888888888888,0.9210526315789473,0.9487482865343848,0.9528301886792453,0.7105263157894737,0.926605504587156
0.9147286821705426,0.9267676767676768,0.9578219790278634,0.9583333333333334,0.7878787878787878,0.9435897435897436
0.9385964912280702,0.9923785328675769,0.994839126119859,0.9701492537313433,0.8936170212765957,0.948905109489051
0.8961038961038961,0.915686274509804,0.9576174333403144,0.9416666666666667,0.7352941176470589,0.9338842975206612
0.9148936170212766,0.8801801801801803,0.9385937484377095,0.954954954954955,0.7666666666666667,0.9464285714285714
0.937984496124031,0.9871134020618557,0.9958221884766235,0.9690721649484536,0.84375,0.9591836734693877
0.9704142011834319,0.9990875912408759,0.9997860876243178,0.9708029197080292,0.96875,0.981549815498155
0.9104477611940298,0.9787234042553191,0.991240907375681,0.9574468085106383,0.8,0.9375
0.9090909090909091,0.9569559228650139,0.9737459639471837,0.9431818181818182,0.8181818181818182,0.9378531073446328
0.9060402684563759,0.9831932773109243,0.9956497615136466,0.9159663865546218,0.8666666666666667,0.9396551724137931
0.9166666666666666,0.9892623716153128,0.9956912650688872,0.9411764705882353,0.8571428571428571,0.9411764705882353
0.9015151515151515,0.9362745098039216,0.9704366677585471,0.9313725490196079,0.8,0.9359605911330049
0.9411764705882353,0.9885714285714285,0.9974408823083378,0.96,0.8571428571428571,0.963855421686747
0.8852459016393442,0.9042553191489361,0.9519817133209774,0.9574468085106383,0.6428571428571429,0.9278350515463918
0.9084967320261438,0.9814814814814814,0.996007513903389,0.9285714285714286,0.8148148148148148,0.9435483870967742
0.9328358208955224,0.9592318059299191,0.9778286689608092,0.9433962264150944,0.8928571428571429,0.9569377990430622
0.8993288590604027,0.9487394957983193,0.9769691217328829,0.907563025210084,0.8666666666666667,0.935064935064935
0.9440993788819876,0.9937471051412691,0.9983164810507428,0.952755905511811,0.9117647058823529,0.9641434262948207
0.8979591836734694,0.8387096774193548,0.9140190192218888,0.9568965517241379,0.6774193548387096,0.9367088607594937
0.926829268292683,0.9321428571428572,0.9454889777602815,0.9772727272727273,0.8,0.9502762430939227
0.9145299145299145,0.9667981591058514,0.9689874206175542,0.9230769230769231,0.8974358974358975,0.935064935064935
0.9280575539568345,0.983273596176822,0.995370241835622,0.9814814814814815,0.7419354838709677,0.954954954954955
0.9050632911392406,0.9280753968253967,0.9676670836430368,0.9444444444444444,0.75,0.9407114624505929
0.9557522123893806,0.9967994310099573,0.9984816149872779,0.9736842105263158,0.918918918918919,0.9673202614379085
0.9516129032258065,0.9921568627450981,0.9970358603014768,0.9777777777777777,0.8823529411764706,0.967032967032967
0.9112903225806451,0.9300653594771241,0.954736424461232,0.9666666666666667,0.7647058823529411,0.9405405405405406
0.8978102189781022,0.9838006230529595,0.9953892663017709,0.9065420560747663,0.8666666666666667,0.9326923076923077
0.8409090909090909,0.9323529411764706,0.9690674717407348,0.8725490196078431,0.7333333333333333,0.8944723618090452
0.8692307692307693,0.9717293233082708,0.9898706288839123,0.9052631578947369,0.7714285714285715,0.91005291005291
0.9316239316239316,0.9905913978494624,0.9975745398219891,0.946236559139785,0.875,0.9565217391304348
0.9426229508196722,0.9934782608695651,0.9978915827166362,0.9565217391304348,0.9,0.9617486338797814
0.8421052631578947,0.9656565656565657,0.9831927858719108,0.875,0.7777777777777778,0.88
0.9251700680272109,0.9346437346437347,0.9534483208473657,0.9454545454545454,0.8648648648648649,0.9497716894977168
0.927007299270073,0.9962616822429906,0.9989135504061533,0.9158878504672897,0.9666666666666667,0.9514563106796117
0.9253731343283582,0.9729344729344729,0.9934486175551396,0.9629629629629629,0.7692307692307693,0.9541284403669725
0.9777777777777777,0.9978287841191067,0.9993417340368617,0.9807692307692307,0.967741935483871,0.9855072463768116
0.927007299270073,0.996186117467582,0.9992098321058815,0.9210526315789473,0.9565217391304348,0.9545454545454546
0.9310344827586207,0.9648493543758967,0.9740883107599034,0.9634146341463414,0.8529411764705882,0.9518072289156626
0.891156462585034,0.9064814814814814,0.9586361529046352,0.9083333333333333,0.8148148148148148,0.9316239316239316
0.8828125,0.9459183673469388,0.9675339593934235,0.8877551020408163,0.8666666666666667,0.9206349206349206
0.9565217391304348,0.9913419913419913,0.9973073029877021,0.9809523809523809,0.8787878787878788,0.9716981132075472
0.8852459016393442,0.9461412151067324,0.9677722726136974,0.9425287356321839,0.7428571428571429,0.9213483146067416
0.903448275862069,0.9347143753923415,0.9717392261422184,0.9491525423728814,0.7037037037037037,0.9411764705882353
0.9349593495934959,0.9938186813186813,0.997786399255514,0.9340659340659341,0.9375,0.9550561797752809
0.8962962962962963,0.9602631578947368,0.9707250675129948,0.9473684210526315,0.775,0.9278350515463918
0.9280575539568345,0.9970131421744326,0.9991182456233689,0.9166666666666666,0.967741935483871,0.9519230769230769
0.9083969465648855,0.9701803051317615,0.9919435350399768,0.9514563106796117,0.75,0.9423076923076923
0.9241379310344827,0.9446057087566522,0.9642906131867756,0.9811320754716981,0.7692307692307693,0.9497716894977168
0.8852459016393442,0.9132369299221357,0.9511585732602961,0.9032258064516129,0.8275862068965517,0.9230769230769231
0.8473282442748091,0.8844163312248419,0.9213526926146791,0.9361702127659575,0.6216216216216216,0.8979591836734694
0.9183673469387755,0.9838625715773035,0.9951204072213566,0.9380530973451328,0.8529411764705882,0.9464285714285714
0.8954248366013072,0.9176767676767676,0.9620829259965648,0.95,0.696969696969697,0.9344262295081968
0.8740740740740741,0.9776855215360665,0.9902448180212269,0.8829787234042553,0.8536585365853658,0.907103825136612
0.9069767441860465,0.8806896551724138,0.9369754655765036,0.96,0.7241379310344828,0.9411764705882353
0.9212598425196851,0.977037037037037,0.9937640435754934,0.95,0.8148148148148148,0.95
0.8571428571428571,0.9183673469387755,0.9405813787148469,0.8690476190476191,0.8285714285714286,0.8957055214723927
0.8873239436619719,0.895242914979757,0.9256980352112304,0.9519230769230769,0.7105263157894737,0.9252336448598131
0.95,0.994,0.998795718299321,0.96,0.9,0.9696969696969697
0.905511811023622,0.9211180124223602,0.9404003700013815,0.9565217391304348,0.7714285714285715,0.9361702127659575
0.9436619718309859,0.9972199054767862,0.9991314072546944,0.9357798165137615,0.9696969696969697,0.9622641509433962
0.9155844155844156,0.9779411764705882,0.9937014138283378,0.9416666666666667,0.8235294117647058,0.9456066945606695
0.9060402684563759,0.8949874686716792,0.9386434751887226,0.9649122807017544,0.7142857142857143,0.9401709401709402
0.9078947368421053,0.9713515335355578,0.9947712017039206,0.9302325581395349,0.782608695652174,0.9448818897637795
0.9466666666666667,0.9434615384615386,0.9836194778440901,0.9615384615384616,0.85,0.9689922480620154
