Accuracy,AUROC,AUPRC,Sensitivity,Specificity,F1
0.9473684210526315,0.9860368389780154,0.9952366993831359,0.9797979797979798,0.8529411764705882,0.9651741293532339
0.8931297709923665,0.965757089352595,0.9844179315552213,0.9550561797752809,0.7619047619047619,0.9239130434782609
0.959349593495935,1.0,1.0,0.95,1.0,0.9743589743589743
0.9640287769784173,0.995997712978845,0.9987799180156806,0.9905660377358491,0.8787878787878788,0.9767441860465116
1.0,1.0,0.9999999999999998,1.0,1.0,1.0
0.920863309352518,0.9823775388291518,0.9948937342780257,0.9444444444444444,0.8387096774193549,0.9488372093023256
0.9266666666666666,0.9607453416149068,0.9807895654244967,0.9478260869565217,0.8571428571428571,0.9519650655021834
0.937984496124031,0.9665634674922601,0.9824689985305514,0.968421052631579,0.8529411764705882,0.9583333333333334
0.9054054054054054,0.9416607856974829,0.9705604804710961,0.9541284403669725,0.7692307692307693,0.9369369369369369
0.9183673469387755,0.9485060394151303,0.9835908101158377,0.9586776859504132,0.7307692307692307,0.9508196721311475
0.8571428571428571,0.9436332767402377,0.9822649187815083,0.9263157894736842,0.6451612903225806,0.9072164948453608
0.9562043795620438,0.9963917525773196,0.9984980357308647,0.9587628865979382,0.95,0.96875
0.9105691056910569,0.9863253856942497,0.9955043334358642,0.9347826086956522,0.8387096774193549,0.9398907103825137
0.9090909090909091,0.92125,0.9477092716562769,0.9625,0.7666666666666667,0.9390243902439024
0.9147286821705426,0.9729064039408867,0.9797724566993314,0.9770114942528736,0.7857142857142857,0.9392265193370166
0.9551282051282052,0.9552110249784669,0.9809949421800332,0.9689922480620154,0.8888888888888888,0.9727626459143969
0.9333333333333333,0.9868618618618619,0.997121003881583,0.9459459459459459,0.875,0.958904109589041
0.8675496688741722,0.9236914600550964,0.9718890821874586,0.9173553719008265,0.6666666666666666,0.9173553719008265
0.916083916083916,0.9770444763271162,0.9910197659913821,0.9607843137254902,0.8048780487804879,0.9423076923076923
0.9151515151515152,0.9696677900818488,0.9930562952462223,0.9626865671641791,0.7096774193548387,0.9485294117647058
0.917910447761194,0.9262129380053908,0.9700419167682627,0.9528301886792453,0.7857142857142857,0.9483568075117371
0.952,0.9707401032702238,0.9738605164916476,0.963855421686747,0.9285714285714286,0.963855421686747
0.8818897637795275,0.9219858156028369,0.9577922857522575,0.925531914893617,0.7575757575757576,0.9206349206349206
0.9300699300699301,0.9891525423728813,0.9976680690012385,0.940677966101695,0.88,0.9568965517241379
0.923728813559322,0.9647756766777901,0.9808130674054903,0.9425287356321839,0.8709677419354839,0.9479768786127167
0.9182389937106918,0.9125,0.9853553758464952,0.9444444444444444,0.6666666666666666,0.9543859649122807
0.9281045751633987,0.919442761962447,0.9726154241057723,0.952755905511811,0.8076923076923077,0.9565217391304348
0.9243697478991597,0.9892241379310345,0.9961740273887569,0.9540229885057471,0.84375,0.9485714285714286
0.9044117647058824,0.9455974842767296,0.9771621318566719,0.9528301886792453,0.7333333333333333,0.9395348837209302
0.9014084507042254,0.9261133603238866,0.9480588935074518,0.9423076923076923,0.7894736842105263,0.9333333333333333
0.9611111111111111,0.9962537462537463,0.9993449512859806,0.961038961038961,0.9615384615384616,0.976897689768977
0.9172932330827067,0.9510703363914372,0.9813357036050359,0.926605504587156,0.875,0.9483568075117371
0.8853503184713376,0.8949353448275862,0.9569894493945259,0.9296875,0.6896551724137931,0.9296875
0.8613138686131386,0.9261904761904762,0.9691903906392046,0.9142857142857143,0.6875,0.909952606635071
0.9466666666666667,0.9689199689199689,0.9854619300646033,0.9572649572649573,0.9090909090909091,0.9655172413793104
0.9083969465648855,0.9801169590643275,0.9923758968623709,0.9263157894736842,0.8611111111111112,0.9361702127659575
0.9090909090909091,0.9438943894389439,0.9622475999769688,0.9306930693069307,0.8571428571428571,0.9353233830845771
0.9361702127659575,0.9890049477735019,0.9963972584293204,0.9439252336448598,0.9117647058823529,0.957345971563981
0.9290780141843972,0.9571847507331378,0.981156656169996,0.9636363636363636,0.8064516129032258,0.954954954954955
0.8968253968253969,0.9478862973760933,0.9770517711225949,0.9285714285714286,0.7857142857142857,0.9333333333333333
0.9636363636363636,0.9972451790633609,0.9992888815315988,0.9621212121212122,0.9696969696969697,0.9769230769230769
0.8979591836734694,0.9197235513024987,0.9615600397930149,0.9298245614035088,0.7878787878787878,0.933920704845815
0.922077922077922,0.9724517906336086,0.9955384321253932,0.9696969696969697,0.6363636363636364,0.9552238805970149
0.9403973509933775,1.0,1.0000000000000002,0.9196428571428571,1.0,0.958139534883721
0.903448275862069,0.9299184505606524,0.9583020799481183,0.9174311926605505,0.8611111111111112,0.9345794392523364
0.9708029197080292,0.9691142191142191,0.9823103938803921,0.9903846153846154,0.9090909090909091,0.9809523809523809
0.8991596638655462,0.9236947791164658,0.945716555870085,0.963855421686747,0.75,0.9302325581395349
0.9316770186335404,0.9469320066334993,0.9802133407741814,0.9552238805970149,0.8148148148148148,0.9588014981273408
0.8854961832061069,0.9390048154093097,0.9549093498480139,0.9662921348314607,0.7142857142857143,0.9197860962566845
0.9318181818181818,0.9131274131274131,0.9713677089648243,0.972972972972973,0.7142857142857143,0.96
0.9099099099099099,0.9391129032258065,0.9664422097429847,0.9375,0.8387096774193549,0.9375
0.9703703703703703,0.9955874241588526,0.9983833533413368,1.0,0.8918918918918919,0.98
0.9202453987730062,0.9833015267175572,0.9959381497986156,0.9465648854961832,0.8125,0.9501915708812261
0.9347826086956522,0.9529220779220778,0.9823751588665159,0.9818181818181818,0.75,0.96
0.9333333333333333,0.95841784989858,0.9801331824150613,0.9655172413793104,0.8235294117647058,0.9572649572649573
0.9147286821705426,0.9814923619271445,0.9928436082272678,0.9782608695652174,0.7567567567567568,0.9424083769633508
0.9265536723163842,0.9839324618736384,0.9974455874331697,0.9411764705882353,0.8333333333333334,0.9568106312292359
0.9007633587786259,0.9147018030513175,0.9608746464168877,0.9223300970873787,0.8214285714285714,0.9359605911330049
0.904,0.9561904761904763,0.9762642625461814,0.9333333333333333,0.8285714285714286,0.9333333333333333
0.8661971830985915,0.8999253174010455,0.9370086929728147,0.9223300970873787,0.717948717948718,0.9090909090909091
0.9333333333333333,0.9858333333333333,0.9964565935207039,0.9583333333333334,0.8333333333333334,0.9583333333333334
0.9323308270676691,0.9914127423822714,0.9965764784524255,0.9473684210526315,0.8947368421052632,0.9523809523809523
0.926829268292683,0.9810035842293906,0.9938897737799586,0.956989247311828,0.8333333333333334,0.9518716577540107
0.952054794520548,0.9928415810768753,0.9983343754740817,0.957983193277311,0.9259259259259259,0.9702127659574468
0.9139072847682119,0.9827586206896551,0.9945883094028247,0.9224137931034483,0.8857142857142857,0.9427312775330396
0.9453125,0.996969696969697,0.9994993996096095,0.9454545454545454,0.9444444444444444,0.9674418604651163
0.9041095890410958,0.8936781609195402,0.9559972619745875,0.9655172413793104,0.6666666666666666,0.9411764705882353
0.9370629370629371,0.9624338624338625,0.9780168856668172,0.9629629629629629,0.8571428571428571,0.9585253456221198
0.9251700680272109,0.9799777530589544,0.9946728605061526,0.9568965517241379,0.8064516129032258,0.9527896995708155
0.9590643274853801,1.0,1.0,0.9545454545454546,1.0,0.9767441860465116
0.9264705882352942,0.9801886792452831,0.9945356954124407,0.9716981132075472,0.7666666666666667,0.9537037037037037
0.9235668789808917,0.9390313390313391,0.9777035165951383,0.9538461538461539,0.7777777777777778,0.9538461538461539
0.9562043795620438,0.9959595959595959,0.9990234200411191,0.9727272727272728,0.8888888888888888,0.9727272727272728
0.9529411764705882,0.9895238095238096,0.9977286905872731,0.9714285714285714,0.8666666666666667,0.9714285714285714
0.9612403100775194,0.9953917050691243,0.9985288571165336,0.9693877551020408,0.9354838709677419,0.9743589743589743
0.9375,0.9863102998696218,0.9967739147932442,0.940677966101695,0.9230769230769231,0.961038961038961
0.9219858156028369,0.9535117056856187,0.9815149257265784,0.9478260869565217,0.8076923076923077,0.9519650655021834
0.8947368421052632,0.9238505747126436,0.9619224543304765,0.9310344827586207,0.7777777777777778,0.9310344827586207
0.935064935064935,0.9464709691344702,0.967793190949459,0.9911504424778761,0.7804878048780488,0.9572649572649573
0.9067796610169492,0.9568579568579569,0.9822592189957899,0.945054945054945,0.7777777777777778,0.9398907103825137
0.8732394366197183,0.8981481481481481,0.9501503364014153,0.9629629629629629,0.5882352941176471,0.9203539823008849
0.9197080291970803,0.9214559386973181,0.9665524222943104,0.9629629629629629,0.7586206896551724,0.9497716894977168
0.9512195121951219,0.9931722689075629,0.9985573245397401,0.9558823529411765,0.9285714285714286,0.9701492537313433
0.9056603773584906,0.947953216374269,0.964417047059101,0.9649122807017544,0.7555555555555555,0.9361702127659575
0.9308176100628931,0.9551411290322581,0.9823525248606284,0.9609375,0.8064516129032258,0.9571984435797666
0.9107142857142857,0.9432638745615844,0.9764294286208899,0.9618320610687023,0.7297297297297297,0.9438202247191011
0.9172932330827067,0.9650537634408602,0.9786248612602628,0.946236559139785,0.85,0.9411764705882353
0.8848920863309353,0.9591558883594282,0.9906725622518281,0.9292035398230089,0.6923076923076923,0.9292035398230089
0.9274193548387096,0.962760834670947,0.9734079539983889,0.9325842696629213,0.9142857142857143,0.9485714285714286
0.9084967320261438,0.9261501210653753,0.9653237882628738,0.9661016949152542,0.7142857142857143,0.9421487603305785
0.9104477611940298,0.9527093596059114,0.9814068025936047,0.9523809523809523,0.7586206896551724,0.9433962264150944
0.8776978417266187,0.9403846153846154,0.9713544428667468,0.9230769230769231,0.7428571428571429,0.9186602870813397
0.9166666666666666,0.9374001916320663,0.9723271763959545,0.9504950495049505,0.8064516129032258,0.9458128078817734
0.8863636363636364,0.9482593420632386,0.9729485929005414,0.8910891089108911,0.8709677419354839,0.9230769230769231
0.9121621621621622,0.977961432506887,0.9951821531977677,0.9504132231404959,0.7407407407407407,0.9465020576131687
0.9230769230769231,0.9556666666666667,0.9799702726597315,0.95,0.8333333333333334,0.95
0.9142857142857143,0.9586519399603511,0.9787608728498506,0.9532710280373832,0.7878787878787878,0.9444444444444444
0.9230769230769231,0.9594985535197686,0.980606535012163,0.9508196721311475,0.8235294117647058,0.9508196721311475
0.9133333333333333,0.9823879823879823,0.9948677905074901,0.9230769230769231,0.8787878787878788,0.9432314410480349
0.936046511627907,0.9275142314990512,0.9831308783862877,0.9483870967741935,0.8235294117647058,0.9639344262295082
0.9060402684563759,0.8752345215759851,0.955397113630648,0.9349593495934959,0.7692307692307693,0.9426229508196722
0.9097744360902256,0.9614301801801802,0.9761932108804138,0.9479166666666666,0.8108108108108109,0.9381443298969072
0.9181286549707602,0.9623154623154623,0.9818440108780805,0.946969696969697,0.8205128205128205,0.946969696969697
0.916083916083916,0.9467232437529468,0.966246065321448,0.9405940594059405,0.8571428571428571,0.9405940594059405
0.9097744360902256,0.9889328063241106,0.9976079426251138,0.9090909090909091,0.9130434782608695,0.9433962264150944
0.92,0.9491117133393557,0.9807167623727198,0.943089430894309,0.8148148148148148,0.9508196721311475
0.912751677852349,0.9210084033613446,0.9614540834753063,0.9411764705882353,0.8,0.9451476793248945
0.9751552795031055,0.9977099236641223,0.9994763497901075,0.9847328244274809,0.9333333333333333,0.9847328244274809
0.9586206896551724,0.9889807162534435,0.9977738755965482,0.9752066115702479,0.875,0.9752066115702479
0.9492753623188406,0.9395284327323162,0.9648089827939059,0.9902912621359223,0.8285714285714286,0.966824644549763
0.9618320610687023,1.0,1.0,0.9489795918367347,1.0,0.9738219895287958
0.946969696969697,0.9906260462002009,0.9973147983990862,0.9611650485436893,0.896551724137931,0.9658536585365853
0.9659863945578231,0.9929347826086956,0.9979741364401631,0.9739130434782609,0.9375,0.9781659388646288
0.9328358208955224,0.9496212121212121,0.9819572969682451,0.9636363636363636,0.7916666666666666,0.9592760180995475
0.9426751592356688,0.9601293103448276,0.9826146587704785,0.953125,0.896551724137931,0.9644268774703557
0.9371069182389937,0.9486531986531986,0.9821885852731034,0.9621212121212122,0.8148148148148148,0.9621212121212122
0.9078947368421053,0.8871584699453552,0.9525781017797795,0.9426229508196722,0.7666666666666667,0.9426229508196722
0.8823529411764706,0.8795072115384616,0.9379136482003528,0.9519230769230769,0.65625,0.9252336448598131
0.9103448275862069,0.892156862745098,0.9392378305957865,0.954954954954955,0.7647058823529411,0.9422222222222222
0.9327731092436975,0.9912023460410557,0.9968853297778442,0.9431818181818182,0.9032258064516129,0.9540229885057471
0.9465648854961832,0.9932079414838035,0.9965720094807363,0.9655172413793104,0.9090909090909091,0.96
0.9126984126984127,0.9669908635425877,0.9806613191798795,0.9425287356321839,0.8461538461538461,0.9371428571428572
0.9398496240601504,0.9598639455782313,0.9840415252867195,0.9619047619047619,0.8571428571428571,0.9619047619047619
0.9241379310344827,0.987217598097503,0.9967802470628857,0.9396551724137931,0.8620689655172413,0.9519650655021834
0.8859060402684564,0.9296435272045028,0.9790797572743053,0.9186991869918699,0.7307692307692307,0.9300411522633745
0.9763313609467456,0.9988009592326139,0.99973969770716,0.9784172661870504,0.9666666666666667,0.9855072463768116
0.8818897637795275,0.8537254901960785,0.9330907092717813,0.9411764705882353,0.64,0.927536231884058
0.9508196721311475,0.9651464590285502,0.9843107113472913,0.978494623655914,0.8620689655172413,0.9680851063829787
0.8928571428571429,0.9833333333333334,0.9866185502544151,0.9333333333333333,0.8461538461538461,0.9032258064516129
0.9464285714285714,0.9558707643814026,0.985473370368886,0.9645390070921985,0.8518518518518519,0.9679715302491103
0.9487179487179487,0.9946702198534311,0.9973883075123037,0.9493670886075949,0.9473684210526315,0.9615384615384616
0.9370629370629371,0.9333333333333333,0.97976101089157,0.975,0.7391304347826086,0.9629629629629629
0.9512195121951219,0.9605263157894737,0.9835012793107745,0.968421052631579,0.8928571428571429,0.968421052631579
0.9459459459459459,0.9585627354390032,0.9827393280774698,0.9663865546218487,0.8620689655172413,0.9663865546218487
0.8633093525179856,0.9156565656565657,0.9489723248133776,0.9191919191919192,0.725,0.9054726368159204
0.8958333333333334,0.8927083333333333,0.9633938455644091,0.9333333333333333,0.7083333333333334,0.9372384937238494
0.9281045751633987,0.9333333333333333,0.9658080711912883,0.9583333333333334,0.8181818181818182,0.9543568464730291
0.9668874172185431,0.9934383202099738,0.998757013825437,0.984251968503937,0.875,0.9803921568627451
0.9142857142857143,0.9888164026095061,0.9970285476200496,0.918918918918919,0.896551724137931,0.9444444444444444
0.927536231884058,0.9905686546463245,0.996606587666705,0.9223300970873787,0.9428571428571428,0.95
0.9416666666666667,0.9895186335403726,0.9968525906041463,0.967391304347826,0.8571428571428571,0.9621621621621622
0.8802816901408451,0.9040257648953302,0.9664441485694443,0.9478260869565217,0.5925925925925926,0.9276595744680851
0.9241379310344827,0.9899806076276664,0.9977264343523887,0.9243697478991597,0.9230769230769231,0.9523809523809523
0.9230769230769231,0.995593220338983,0.9990307287475485,0.9152542372881356,0.96,0.9515418502202643
0.9306930693069307,0.9920634920634921,0.9954217463138699,0.9682539682539683,0.868421052631579,0.9457364341085271
0.9602272727272727,0.9686507936507937,0.9843752368246814,0.9714285714285714,0.9166666666666666,0.974910394265233
0.9246575342465754,0.9540229885057472,0.9826660595825727,0.9655172413793104,0.7666666666666667,0.9531914893617022
0.916030534351145,0.9370879120879121,0.9526322798925385,0.978021978021978,0.775,0.9417989417989417
0.930379746835443,0.9964439928879857,0.9990969955995972,0.9212598425196851,0.967741935483871,0.9551020408163265
0.8787878787878788,0.9236283429831817,0.9449205114859683,0.967741935483871,0.6666666666666666,0.9183673469387755
0.9562043795620438,0.9963917525773196,0.9984982194535703,0.9587628865979382,0.95,0.96875
0.9527027027027027,0.9892868074686256,0.9975655516885911,0.9669421487603306,0.8888888888888888,0.970954356846473
0.9333333333333333,0.9567901234567903,0.9805137785796798,0.9797979797979798,0.8055555555555556,0.9556650246305419
0.875,0.9072240557389073,0.962739116407449,0.9504950495049505,0.5925925925925926,0.9230769230769231
0.8739495798319328,0.9105442176870748,0.9493596866547411,0.9404761904761905,0.7142857142857143,0.9132947976878613
0.9137931034482759,0.9350127783862723,0.9552330188103746,0.9397590361445783,0.8484848484848485,0.9397590361445783
0.9117647058823529,0.9405368671423717,0.9770108300579022,0.9541284403669725,0.7407407407407407,0.9454545454545454
0.9069767441860465,0.9326765188834154,0.9500298111914672,0.9540229885057471,0.8095238095238095,0.9325842696629213
0.9191176470588235,0.920701581027668,0.9262537080954547,0.967391304347826,0.8181818181818182,0.9417989417989417
0.9602649006622517,0.9642857142857142,0.9860292980279448,0.975609756097561,0.8928571428571429,0.975609756097561
0.9342105263157895,0.9224043715846995,0.9601959533926417,0.9672131147540983,0.8,0.959349593495935
0.920863309352518,0.9516129032258065,0.9772911202802275,0.9537037037037037,0.8064516129032258,0.9493087557603687
0.9459459459459459,0.9508928571428572,0.9792757647509982,0.975,0.8214285714285714,0.9669421487603306
0.927710843373494,0.9435139573070607,0.9855706905460881,0.9379310344827586,0.8571428571428571,0.9577464788732394
0.9262295081967213,0.9503623188405796,0.9725673794748398,0.9565217391304348,0.8333333333333334,0.9513513513513514
0.8913043478260869,0.9288199090179288,0.956078652470673,0.9306930693069307,0.7837837837837838,0.9261083743842364
0.9032258064516129,0.9431372549019608,0.9674715490610896,0.9666666666666667,0.7352941176470589,0.9354838709677419
0.9319727891156463,0.9540983606557377,0.9849976895587317,0.9508196721311475,0.84,0.9586776859504132
0.9194630872483222,0.9853709508881923,0.9957536988251432,0.9310344827586207,0.8787878787878788,0.9473684210526315
0.9210526315789473,0.9291666666666667,0.9662617154119029,0.95,0.8125,0.95
0.8873239436619719,0.9208595387840671,0.9643950789399219,0.9150943396226415,0.8055555555555556,0.9238095238095239
0.9328859060402684,0.9449612403100776,0.9844168747931824,0.9457364341085271,0.85,0.9606299212598425
0.9540229885057471,0.992737676056338,0.9983386022721296,0.9647887323943662,0.90625,0.9716312056737588
0.9178082191780822,0.9341269841269841,0.984405508932299,0.9444444444444444,0.75,0.952
0.9568345323741008,0.9857804232804233,0.9965375537715423,0.9821428571428571,0.8518518518518519,0.9734513274336283
0.875,0.9345238095238095,0.9613737459208872,0.9523809523809523,0.6944444444444444,0.9142857142857143
0.9761904761904762,0.9938271604938271,0.9974751886212124,0.9888888888888889,0.9444444444444444,0.9834254143646409
0.9241379310344827,0.9499389499389499,0.9822778832298769,0.9572649572649573,0.7857142857142857,0.9531914893617022
0.8930817610062893,0.9101176470588236,0.9567726704598642,0.944,0.7058823529411765,0.932806324110672
0.9251700680272109,0.9532163742690059,0.9751268361776432,0.956140350877193,0.8181818181818182,0.9519650655021834
0.9548387096774194,0.9512516469038208,0.9844616537082893,0.9772727272727273,0.8260869565217391,0.9735849056603774
0.8823529411764706,0.8911592994161802,0.9267020197033392,0.9357798165137615,0.75,0.918918918918919
0.8968253968253969,0.9439556858911697,0.9693000642773666,0.946236559139785,0.7575757575757576,0.9312169312169312
0.9300699300699301,0.9559322033898305,0.9845386733005423,0.9322033898305084,0.92,0.9565217391304348
0.9285714285714286,0.9530527289546715,0.9658341758264956,0.9893617021276596,0.8043478260869565,0.9489795918367347
0.9302325581395349,0.9882629107981221,0.9975550322047871,0.9577464788732394,0.8,0.9577464788732394
0.9315068493150684,0.980952380952381,0.9967637908823413,0.952,0.8095238095238095,0.9596774193548387
0.9398496240601504,0.9864010120177104,0.9958868763533882,0.9705882352941176,0.8387096774193549,0.9611650485436893
0.9571428571428572,0.9965277777777778,0.998970809380496,0.9629629629629629,0.9375,0.9719626168224299
0.8805970149253731,0.9006410256410257,0.9648417072890756,0.9166666666666666,0.7307692307692307,0.9252336448598131
0.9254658385093167,0.9776470588235294,0.9959942767905186,0.9705882352941176,0.68,0.9565217391304348
0.9496402877697842,0.9112903225806451,0.96084093889095,0.9907407407407407,0.8064516129032258,0.9683257918552036
0.90625,0.936405529953917,0.9619627173463896,0.946236559139785,0.8,0.9361702127659575
0.9,0.9024786672084518,0.9683838117016426,0.9532710280373832,0.6521739130434783,0.9400921658986175
0.9672131147540983,0.9931818181818183,0.9985174722669296,0.99,0.8636363636363636,0.9801980198019802
0.8721804511278195,0.9192903548225887,0.9406641315690879,0.9425287356321839,0.7391304347826086,0.9060773480662984
0.9067796610169492,0.9919919919919921,0.9966327067364567,0.9629629629629629,0.7837837837837838,0.9341317365269461
0.9389312977099237,0.9930323299888517,0.9970309258012077,0.9456521739130435,0.9230769230769231,0.9560439560439561
0.9177215189873418,0.9653057312631781,0.9772538520574059,0.954954954954955,0.8297872340425532,0.9422222222222222
0.8253968253968254,0.8721536351165982,0.8817291764458906,0.8888888888888888,0.7111111111111111,0.8674698795180723
0.9139072847682119,0.940934771443246,0.9728830923656044,0.9491525423728814,0.7878787878787878,0.9451476793248945
0.9154929577464789,0.9046052631578948,0.9384166103034092,0.9711538461538461,0.7631578947368421,0.9439252336448598
0.9668874172185431,0.9978021978021978,0.9996412213318815,0.9692307692307692,0.9523809523809523,0.980544747081712
0.9219858156028369,0.9781144781144782,0.9933960346950151,0.9537037037037037,0.8181818181818182,0.9493087557603687
0.9,0.9398324447829398,0.9680193249893905,0.9306930693069307,0.8205128205128205,0.9306930693069307
0.9159663865546218,0.9825072886297377,0.9962494580831877,0.9387755102040817,0.8095238095238095,0.9484536082474226
0.9508196721311475,0.9848932676518883,0.9938304366640536,0.9770114942528736,0.8857142857142857,0.9659090909090909
0.9193548387096774,0.9326805385556917,0.9460879679148564,0.9767441860465116,0.7894736842105263,0.9438202247191011
0.924812030075188,0.958886780518659,0.980018549203444,0.9509803921568627,0.8387096774193549,0.9509803921568627
0.9315068493150684,0.9532051282051281,0.9833255108925882,0.9583333333333334,0.8076923076923077,0.9583333333333334
0.9240506329113924,0.9366694939214023,0.9774283883912019,0.9618320610687023,0.7407407407407407,0.9545454545454546
0.9202453987730062,0.9382369455362156,0.9789579498893308,0.948905109489051,0.7692307692307693,0.9523809523809523
0.9416058394160584,0.9913165266106443,0.9970714945712346,0.9705882352941176,0.8571428571428571,0.9611650485436893
0.9375,0.9541229385307347,0.981601185248818,0.9826086956521739,0.7586206896551724,0.9617021276595744
0.9305555555555556,0.9914827719705768,0.998512876135133,0.9349593495934959,0.9047619047619048,0.9583333333333334
0.9354838709677419,0.988021778584392,0.9964189076813311,0.968421052631579,0.8275862068965517,0.9583333333333334
0.9367088607594937,0.9831511839708561,0.9950793315740347,0.9754098360655737,0.8055555555555556,0.9596774193548387
0.9411764705882353,0.9917843388960205,0.9964796865703451,0.9578947368421052,0.9024390243902439,0.9578947368421052
0.8827586206896552,0.8622151563328033,0.9315910716347117,0.963963963963964,0.6176470588235294,0.9264069264069265
0.8936170212765957,0.9135135135135136,0.9647769076941849,0.9459459459459459,0.7,0.9333333333333333
0.9245283018867925,0.8686567164179104,0.9531630913340875,0.9626865671641791,0.72,0.9555555555555556
0.881578947368421,0.8974918211559433,0.973129225373813,0.9007633587786259,0.7619047619047619,0.9291338582677166
0.9214285714285714,0.9612499999999999,0.9780386172300793,0.96,0.825,0.9458128078817734
0.8898305084745762,0.9231029810298104,0.9338845255146524,0.9512195121951219,0.75,0.9230769230769231
0.9441340782122905,0.956384015594542,0.9860578495598991,0.9736842105263158,0.7777777777777778,0.9673202614379085
0.958041958041958,0.9559006211180124,0.9834286289064026,0.9826086956521739,0.8571428571428571,0.9741379310344828
0.9461538461538461,0.9753357084132639,0.9829150433931928,0.9662921348314607,0.9024390243902439,0.9608938547486033
0.9014084507042254,0.9113095238095238,0.9543302588689566,0.9285714285714286,0.8,0.9369369369369369
0.9545454545454546,0.9967948717948718,0.999392575634066,0.9538461538461539,0.9583333333333334,0.9725490196078431
0.9383561643835616,0.9926739926739927,0.9969941113950108,0.9423076923076923,0.9285714285714286,0.9560975609756097
0.9731543624161074,0.9972394755003451,0.9994872800739251,0.9761904761904762,0.9565217391304348,0.984
0.8656716417910447,0.926255562619199,0.9920367872166705,0.9090909090909091,0.46153846153846156,0.9243697478991597
0.9606299212598425,0.9923838537699924,0.9980331923077613,0.9801980198019802,0.8846153846153846,0.9753694581280788
0.8961038961038961,0.9693023255813953,0.9940939592940103,0.9302325581395349,0.72,0.9375
0.9548872180451128,0.9967637540453075,0.9990253785799513,0.9514563106796117,0.9666666666666667,0.9702970297029703
0.9513888888888888,0.9916294642857143,0.9975809046255651,0.9642857142857143,0.90625,0.968609865470852
0.9221556886227545,0.9642058165548097,0.9955472827457587,0.9463087248322147,0.7222222222222222,0.9559322033898305
0.8913043478260869,0.9344736842105263,0.9614752580492856,0.95,0.7368421052631579,0.926829268292683
0.9411764705882353,0.9871541501976284,0.9939516900795607,0.9782608695652174,0.8636363636363636,0.9574468085106383
0.9307692307692308,0.9710330684439887,0.9771538331268872,0.963855421686747,0.8723404255319149,0.9467455621301775
0.9295774647887324,0.96689071446353,0.9802159418648799,0.9514563106796117,0.8717948717948718,0.9514563106796117
0.8344370860927153,0.9154652686762779,0.9482954043529996,0.8715596330275229,0.7380952380952381,0.8837209302325582
0.95,0.9933354490637893,0.9988618873338139,0.9562043795620438,0.9130434782608695,0.9703703703703703
0.9020979020979021,0.9502801120448179,0.9799839644555106,0.8991596638655462,0.9166666666666666,0.9385964912280702
0.9025974025974026,0.9760414418303475,0.9916487433310484,0.9557522123893806,0.7560975609756098,0.935064935064935
0.9159663865546218,0.9492888064316636,0.9564525318094128,0.948051948051948,0.8571428571428571,0.9358974358974359
0.935251798561151,0.9553516819571864,0.9809699324740795,0.981651376146789,0.7666666666666667,0.9596412556053812
0.9310344827586207,0.9762396694214875,0.9952202937935686,0.9586776859504132,0.7916666666666666,0.9586776859504132
0.9020979020979021,0.9001479289940828,0.9286808492814491,0.9519230769230769,0.7692307692307693,0.9339622641509434
0.9612903225806452,0.9703548085901026,0.9840224723070145,0.9747899159663865,0.9166666666666666,0.9747899159663865
0.9224137931034483,0.9875968992248062,0.9957257642431472,0.9418604651162791,0.8666666666666667,0.9473684210526315
0.9197080291970803,0.9324324324324325,0.9528359666089318,0.98,0.7567567567567568,0.9468599033816425
0.8796992481203008,0.933868501529052,0.9782958058427431,0.9174311926605505,0.7083333333333334,0.9259259259259259
0.9291338582677166,0.9584920030464585,0.983769226130867,0.9702970297029703,0.7692307692307693,0.9560975609756097
0.9191176470588235,0.9510703363914373,0.9817481282675984,0.981651376146789,0.6666666666666666,0.9511111111111111
0.9090909090909091,0.9564237415477085,0.9814478873045336,0.9504132231404959,0.7575757575757576,0.9426229508196722
0.9310344827586207,0.9876838864180636,0.9944262303794408,0.9746835443037974,0.8378378378378378,0.9506172839506173
0.9398496240601504,0.98300395256917,0.9964959324671289,0.9727272727272728,0.782608695652174,0.963963963963964
0.9416666666666667,0.9804858622062922,0.9943293259038586,0.978494623655914,0.8148148148148148,0.9629629629629629
0.9459459459459459,0.9603987068965518,0.9797147632769702,0.9741379310344828,0.84375,0.9658119658119658
0.9173553719008265,0.9558704453441296,0.9797610125321573,0.9368421052631579,0.8461538461538461,0.9468085106382979
0.923728813559322,0.9859943977591037,0.9943255693614901,0.9404761904761905,0.8823529411764706,0.9461077844311377
0.8936170212765957,0.9378378378378379,0.9712632605936017,0.9279279279279279,0.7666666666666667,0.9321266968325792
0.9142857142857143,0.98475,0.9939638881016051,0.94,0.85,0.94
0.9383561643835616,0.9942528735632183,0.9984875414847152,0.9396551724137931,0.9333333333333333,0.960352422907489
0.9251700680272109,0.964769647696477,0.9928403235791544,0.9512195121951219,0.7916666666666666,0.9551020408163265
0.9225806451612903,0.9344615384615385,0.978066041872369,0.9538461538461539,0.76,0.9538461538461539
0.9090909090909091,0.9843937575030012,0.9948381862416479,0.9693877551020408,0.7352941176470589,0.9405940594059405
0.9259259259259259,0.9005624296962879,0.9470266928863659,0.9606299212598425,0.8,0.953125
0.952,1.0,1.0,0.9310344827586207,1.0,0.9642857142857143
0.8902439024390244,0.9275479859421465,0.9781863820125796,0.9343065693430657,0.6666666666666666,0.9343065693430657
0.9259259259259259,0.9620184481823114,0.9721074500608952,0.979381443298969,0.7894736842105263,0.95
0.9107142857142857,0.95499828237719,0.9596496183437452,0.9577464788732394,0.8292682926829268,0.9315068493150684
0.9629629629629629,0.9974545454545455,0.999412161264782,0.9636363636363636,0.96,0.9769585253456221
0.9236641221374046,0.989084293511219,0.9961675776612807,0.9381443298969072,0.8823529411764706,0.9479166666666666
0.9263803680981595,0.963014794082367,0.9795902848712907,0.9590163934426229,0.8292682926829268,0.9512195121951219
0.9290322580645162,0.9542143600416233,0.9831217623194968,0.9596774193548387,0.8064516129032258,0.9558232931726908
0.8898305084745762,0.9652948402948403,0.9730057035584054,0.9324324324324325,0.8181818181818182,0.9139072847682119
0.9645390070921985,1.0,1.0,0.954954954954955,1.0,0.9769585253456221
0.9044585987261147,0.9557627929220469,0.9827042898557519,0.983739837398374,0.6176470588235294,0.9416342412451362
0.9602649006622517,0.9980676328502415,0.9993834369206628,0.9565217391304348,0.9722222222222222,0.9734513274336283
0.9197530864197531,0.9562899786780384,0.9865695117795515,0.9402985074626866,0.8214285714285714,0.9509433962264151
0.9041095890410958,0.9744606992313415,0.9913310568108556,0.9357798165137615,0.8108108108108109,0.9357798165137615
0.9485294117647058,0.9905555555555556,0.9966788518992362,0.98,0.8611111111111112,0.9655172413793104
0.9323308270676691,0.9887106357694593,0.9960098300177086,0.9393939393939394,0.9117647058823529,0.9538461538461539
0.9185185185185185,0.9913157894736843,0.9962748349075754,0.9157894736842105,0.925,0.9405405405405406
0.9312977099236641,0.9394453876627051,0.9526250278841935,0.967741935483871,0.8421052631578947,0.9523809523809523
0.9202898550724637,0.9511789181692094,0.9746736168802955,0.970873786407767,0.7714285714285715,0.9478672985781991
0.8910256410256411,0.9362433862433863,0.9766842948315955,0.9365079365079365,0.7,0.932806324110672
0.8928571428571429,0.9236036036036036,0.9409923152318392,0.9466666666666667,0.7837837837837838,0.922077922077922
0.9389312977099237,0.9851250845165652,0.9957441108851464,0.9607843137254902,0.8620689655172413,0.9607843137254902
0.937984496124031,0.9555172413793103,0.9783452020738276,0.96,0.8620689655172413,0.96
0.924812030075188,0.9842342342342343,0.9940231130313109,0.9583333333333334,0.8378378378378378,0.9484536082474226
0.9424460431654677,0.9822437449556094,0.9967303449033703,0.9576271186440678,0.8571428571428571,0.9658119658119658
0.9271523178807947,0.9915113871635611,0.9963429128195833,0.9428571428571428,0.8913043478260869,0.9473684210526315
0.8819444444444444,0.8941176470588236,0.9483251223775113,0.9545454545454546,0.6470588235294118,0.9251101321585903
0.8928571428571429,0.8848484848484848,0.9472573042349706,0.9454545454545454,0.7,0.9327354260089686
0.900709219858156,0.9027093596059114,0.9587533358954298,0.9642857142857143,0.6551724137931034,0.9391304347826087
0.9221556886227545,0.9387755102040817,0.9853870798874984,0.9387755102040817,0.8,0.9550173010380623
0.924812030075188,0.9387755102040816,0.9794333876637872,0.9464285714285714,0.8095238095238095,0.954954954954955
0.9440559440559441,0.9460784313725491,0.9802791223851627,0.9747899159663865,0.7916666666666666,0.9666666666666667
0.9071428571428571,0.9563932002956393,0.9728937591598855,0.9494949494949495,0.8048780487804879,0.9353233830845771
0.9305555555555556,0.9571214392803598,0.9840783703538947,0.9652173913043478,0.7931034482758621,0.9568965517241379
0.9440559440559441,0.9642857142857143,0.9838808874119267,0.9642857142857143,0.8709677419354839,0.9642857142857143
0.8861788617886179,0.9210178453403833,0.9481379403910708,0.9325842696629213,0.7647058823529411,0.9222222222222223
0.9107142857142857,0.9437762237762237,0.9840245959072946,0.9300699300699301,0.8,0.9466192170818505
0.9276315789473685,0.9630761395467278,0.9845037392499101,0.9495798319327731,0.8484848484848485,0.9535864978902954
0.906832298136646,0.9243243243243244,0.9440417548013478,0.954954954954955,0.8,0.933920704845815
0.9379310344827586,0.9383296460176991,0.9706227590734571,0.9646017699115044,0.84375,0.960352422907489
0.924812030075188,0.9690860215053764,0.9797930893370477,0.9354838709677419,0.9,0.9456521739130435
0.8770491803278688,0.9187518398586988,0.9264058588644315,0.9746835443037974,0.6976744186046512,0.9112426035502958
0.9139072847682119,0.9005905511811023,0.9658387701980775,0.952755905511811,0.7083333333333334,0.9490196078431372
0.9375,0.978860294117647,0.9962215698958412,0.9632352941176471,0.7916666666666666,0.9632352941176471
0.9366197183098591,0.993025283347864,0.998046761765565,0.9459459459459459,0.9032258064516129,0.958904109589041
0.9172413793103448,0.9456666666666667,0.9807366275622691,0.9416666666666667,0.8,0.9495798319327731
0.9285714285714286,0.9331454918032787,0.9692917821667875,0.9508196721311475,0.84375,0.9547325102880658
0.9318181818181818,0.9890652557319224,0.9971569564069863,0.9428571428571428,0.8888888888888888,0.9565217391304348
0.9318181818181818,0.9931072511717672,0.9971052829432707,0.9354838709677419,0.9230769230769231,0.9508196721311475
0.9202898550724637,0.9828157974072957,0.9949769489411836,0.9439252336448598,0.8387096774193549,0.9483568075117371
0.9006622516556292,0.9486559139784947,0.9766557998989435,0.9416666666666667,0.7419354838709677,0.9377593360995851
0.8848920863309353,0.8576802507836991,0.934376376031173,0.9545454545454546,0.6206896551724138,0.9292035398230089
0.9323308270676691,0.9557549504950495,0.9778270519037257,0.9702970297029703,0.8125,0.9560975609756097
0.912,0.9784580498866213,0.9942459047336456,0.9591836734693877,0.7407407407407407,0.9447236180904522
0.9548387096774194,0.9626524390243902,0.980578282018827,0.967479674796748,0.90625,0.9714285714285714
0.920863309352518,0.935814455231931,0.9584077238577897,0.941747572815534,0.8611111111111112,0.9463414634146341
0.9265536723163842,0.9864864864864865,0.9972377445854061,0.9324324324324325,0.896551724137931,0.9550173010380623
0.9395973154362416,0.9657784743991641,0.9850919755452968,0.9568965517241379,0.8787878787878788,0.961038961038961
0.9682539682539683,0.9972222222222222,0.9991363261991811,0.9791666666666666,0.9333333333333333,0.9791666666666666
0.9105691056910569,0.9842293906810036,0.9948664472933723,0.9247311827956989,0.8666666666666667,0.9398907103825137
0.9416058394160584,0.963495575221239,0.9885157142673698,0.9469026548672567,0.9166666666666666,0.963963963963964
0.9574468085106383,0.9951261467889908,0.9985756503975103,0.9724770642201835,0.90625,0.9724770642201835
0.9395973154362416,0.9925407925407925,0.9974107308001066,0.9636363636363636,0.8717948717948718,0.9592760180995475
0.9426229508196722,0.9680451127819549,0.9764922961534745,0.9761904761904762,0.868421052631579,0.9590643274853801
0.8951048951048951,0.9401179941002951,0.9783411129569102,0.9292035398230089,0.7666666666666667,0.9333333333333333
0.9224806201550387,0.94298605414274,0.9766668822161265,0.9528301886792453,0.782608695652174,0.9528301886792453
0.9541984732824428,0.9913419913419913,0.9983516770089881,0.9727272727272728,0.8571428571428571,0.9727272727272728
0.8778625954198473,0.955067920585162,0.9653283349716231,0.896551724137931,0.8409090909090909,0.9069767441860465
0.9285714285714286,0.9780949220046465,0.9960502271823426,0.9465648854961832,0.8260869565217391,0.9575289575289575
0.9257142857142857,0.9560392658984207,0.9817492030617023,0.9577464788732394,0.7878787878787878,0.9543859649122807
0.920863309352518,0.9880525686977301,0.9964717319877113,0.9259259259259259,0.9032258064516129,0.9478672985781991
0.948905109489051,0.9653263403263403,0.9820684979419394,0.9711538461538461,0.8787878787878788,0.9665071770334929
0.9407407407407408,0.9884708737864077,0.9963109856212182,0.9514563106796117,0.90625,0.9607843137254902
0.9447852760736196,0.9674107142857143,0.9853888042998022,0.9609375,0.8857142857142857,0.9647058823529412
0.9490445859872612,0.9180509413067552,0.9643435327470607,0.9844961240310077,0.7857142857142857,0.9694656488549618
0.9507042253521126,0.9774557165861514,0.9946360384145644,0.9826086956521739,0.8148148148148148,0.9699570815450643
0.865546218487395,0.9363929146537842,0.9756605712715406,0.9239130434782609,0.6666666666666666,0.9139784946236559
0.9333333333333333,0.9916582406471183,0.9961147190651972,0.9456521739130435,0.9069767441860465,0.9508196721311475
0.9310344827586207,0.9862433862433861,0.9937930704516631,0.9382716049382716,0.9142857142857143,0.95
0.9304347826086956,0.9448075526506899,0.9640144588762312,0.9506172839506173,0.8823529411764706,0.9506172839506173
0.8934426229508197,0.9760824742268042,0.9938167319484363,0.9175257731958762,0.8,0.9319371727748691
0.8928571428571429,0.9596853490658801,0.9905155958209273,0.9469026548672567,0.6666666666666666,0.9344978165938864
0.9624060150375939,0.9586628324946083,0.9820011557146685,0.9719626168224299,0.9230769230769231,0.9765258215962441
0.8888888888888888,0.9522517634291915,0.9696658087834366,0.9484536082474226,0.7368421052631579,0.9246231155778895
0.8873239436619719,0.9676136363636363,0.9906806613224907,0.9272727272727272,0.75,0.9272727272727272
0.9371069182389937,0.9677729677729677,0.9871947081179684,0.9841269841269841,0.7575757575757576,0.9612403100775194
0.8984375,0.8617528419508618,0.9267042250594029,0.9504950495049505,0.7037037037037037,0.9365853658536586
0.9357142857142857,0.9808673469387755,0.9951140232971792,0.9553571428571429,0.8571428571428571,0.9596412556053812
0.937007874015748,0.9947368421052631,0.9982094835527159,0.9368421052631579,0.9375,0.956989247311828
0.9733333333333334,0.9980124223602485,0.9993989738686954,0.9826086956521739,0.9428571428571428,0.9826086956521739
0.940677966101695,0.9948412698412699,0.9984266468916081,0.9555555555555556,0.8928571428571429,0.9608938547486033
0.9251700680272109,0.9649122807017544,0.9810009997460999,0.9210526315789473,0.9393939393939394,0.9502262443438914
0.9013157894736842,0.9355570683004312,0.9679562412037453,0.9557522123893806,0.7435897435897436,0.935064935064935
0.9316239316239316,0.9894973743435859,0.9962557055735654,0.9534883720930233,0.8709677419354839,0.9534883720930233
0.92,0.9898580121703854,0.9969521522447157,0.9224137931034483,0.9117647058823529,0.9469026548672567
0.89375,0.930419921875,0.9735278863410238,0.9375,0.71875,0.933852140077821
0.9395973154362416,0.9613810741687979,0.9796841778348181,0.9739130434782609,0.8235294117647058,0.9613733905579399
0.8888888888888888,0.9614467408585056,0.9787129878183747,0.972972972972973,0.7058823529411765,0.9230769230769231
0.9387755102040817,0.9301994301994302,0.9680572093213229,0.9743589743589743,0.8,0.9620253164556962
0.8699186991869918,0.8960843373493975,0.9270420718268128,0.963855421686747,0.675,0.9090909090909091
0.944,0.9886621315192744,0.9968821350378229,0.9693877551020408,0.8518518518518519,0.9644670050761421
0.8677685950413223,0.9321625344352616,0.964916625797707,0.9090909090909091,0.7575757575757576,0.9090909090909091
0.9130434782608695,0.9193293261626068,0.9613096045170657,0.9541284403669725,0.7586206896551724,0.9454545454545454
0.9337748344370861,0.9584022038567492,0.9837024578737525,0.9504132231404959,0.8666666666666667,0.9583333333333334
0.9290780141843972,0.9595959595959596,0.9752334615295748,0.9537037037037037,0.8484848484848485,0.9537037037037037
0.9215686274509803,0.9839491217443973,0.9966582268785196,0.937007874015748,0.8461538461538461,0.952
0.9455782312925171,0.9401353461738677,0.9702157849168003,0.9646017699115044,0.8823529411764706,0.9646017699115044
0.937984496124031,0.9947946790052052,0.9977839238803419,0.9340659340659341,0.9473684210526315,0.9550561797752809
0.9230769230769231,0.9408333333333334,0.9540507453338691,0.9444444444444444,0.875,0.9444444444444444
0.9383561643835616,0.9885057471264368,0.9970987304669169,0.9487179487179487,0.896551724137931,0.961038961038961
0.943089430894309,0.9661172161172162,0.974067606445774,0.9761904761904762,0.8717948717948718,0.9590643274853801
0.8992248062015504,0.9519974226804124,0.9752085919206586,0.9175257731958762,0.84375,0.9319371727748691
0.8623188405797102,0.8343362831858407,0.9389699768792403,0.9203539823008849,0.6,0.9162995594713657
0.9302325581395349,0.9485955056179775,0.9638365289859694,0.9775280898876404,0.825,0.9508196721311475
0.9464285714285714,0.9955277280858676,0.9986506602349331,0.9534883720930233,0.9230769230769231,0.9647058823529412
0.9155844155844156,0.9507803121248499,0.9775648627033239,0.9663865546218487,0.7428571428571429,0.9465020576131687
0.8972602739726028,0.943148297130598,0.9767478252984342,0.9646017699115044,0.6666666666666666,0.9356223175965666
0.9090909090909091,0.9777777777777777,0.992103954868796,0.9222222222222223,0.8709677419354839,0.9378531073446328
0.9104477611940298,0.9852985298529853,0.9953135352910087,0.9405940594059405,0.8181818181818182,0.9405940594059405
0.9135802469135802,0.8809327846364884,0.9594612295583322,0.9555555555555556,0.7037037037037037,0.9485294117647058
0.8703703703703703,0.9225563909774437,0.94877510949307,0.9571428571428572,0.7105263157894737,0.9054054054054054
0.9225352112676056,0.9438510833079036,0.9726653322597771,0.9469026548672567,0.8275862068965517,0.9511111111111111
0.9428571428571428,0.9527620030975736,0.9853416302202088,0.9731543624161074,0.7692307692307693,0.9666666666666667
0.910828025477707,0.956256109481916,0.9815629121282736,0.9596774193548387,0.7272727272727273,0.9444444444444444
0.9752066115702479,1.0,1.0,0.9629629629629629,1.0,0.9811320754716981
0.9354838709677419,0.9797525309336332,0.9954867374901912,0.9606299212598425,0.8214285714285714,0.9606299212598425
0.9136690647482014,0.9372068785825951,0.9549453453498442,0.9405940594059405,0.8421052631578947,0.9405940594059405
0.926829268292683,0.9727272727272728,0.9848603519058727,0.9318181818181818,0.9142857142857143,0.9479768786127167
0.9007633587786259,0.9793779580797836,0.9943052798806079,0.9411764705882353,0.7586206896551724,0.9365853658536586
0.9343065693430657,0.988749345892203,0.9955616264128765,0.9591836734693877,0.8717948717948718,0.9543147208121827
0.9006622516556292,0.9387387387387387,0.9621539139911459,0.954954954954955,0.75,0.933920704845815
0.9466666666666667,0.991111111111111,0.9977747576817679,0.9666666666666667,0.8666666666666667,0.9666666666666667
0.9470899470899471,0.9725056689342404,0.996475507051066,0.9702380952380952,0.7619047619047619,0.9702380952380952
0.8652482269503546,0.8880940214614206,0.929457826778489,0.9320388349514563,0.6842105263157895,0.909952606635071
0.9112426035502958,0.9448275862068966,0.9826874767288248,0.9571428571428572,0.6896551724137931,0.9469964664310954
0.9305555555555556,0.9858453473132373,0.9955188432268991,0.963302752293578,0.8285714285714286,0.9545454545454546
0.9432624113475178,0.9555172413793104,0.9851651356629872,0.9913793103448276,0.72,0.9663865546218487
0.9672131147540983,0.9979166666666667,0.9992479086748102,0.9666666666666667,0.96875,0.9775280898876404
0.9253731343283582,0.9912280701754387,0.9966052686023019,0.9479166666666666,0.868421052631579,0.9479166666666666
0.9315068493150684,0.9950512548603747,0.9990341878079246,0.926829268292683,0.9565217391304348,0.957983193277311
0.8897058823529411,0.948792270531401,0.9600935997740397,0.9666666666666667,0.7391304347826086,0.9206349206349206
0.9466666666666667,0.9904169904169904,0.997241680276122,0.9572649572649573,0.9090909090909091,0.9655172413793104
0.9142857142857143,0.9611603931910813,0.9763447890727721,0.9484536082474226,0.8372093023255814,0.9387755102040817
0.9299363057324841,0.963231850117096,0.9805166165001469,0.9426229508196722,0.8857142857142857,0.9543568464730291
0.9444444444444444,0.9947916666666666,0.9989090994465998,0.9416666666666667,0.9583333333333334,0.9658119658119658
0.9363057324840764,0.9933333333333334,0.9987116874000579,0.9393939393939394,0.92,0.9612403100775194
0.9387755102040817,0.9619989588755856,0.9794057927219146,0.9557522123893806,0.8823529411764706,0.96
0.9384615384615385,0.9550000000000001,0.979254482542363,0.97,0.8333333333333334,0.9603960396039604
0.9363057324840764,0.9517543859649124,0.9854401403236119,0.9548872180451128,0.8333333333333334,0.9621212121212122
0.9235668789808917,0.9047291092745638,0.9435324916663335,0.9586776859504132,0.8055555555555556,0.9508196721311475
0.9338235294117647,0.9901461094121645,0.9975276017038983,0.944954128440367,0.8888888888888888,0.958139534883721
0.9333333333333333,0.9897388059701493,0.9987485544439652,0.9402985074626866,0.875,0.9618320610687023
0.9225352112676056,0.9318658280922432,0.953733179672749,0.9433962264150944,0.8611111111111112,0.9478672985781991
0.8682170542635659,0.8905775075987842,0.9259935222509673,0.9148936170212766,0.7428571428571429,0.91005291005291
0.9370629370629371,0.9608671171171171,0.9824531936439234,0.963963963963964,0.84375,0.9596412556053812
0.9130434782608695,0.937937937937938,0.97731170879991,0.9459459459459459,0.7777777777777778,0.9459459459459459
0.9181818181818182,0.9293589220089833,0.9589219077306097,1.0,0.7096774193548387,0.9461077844311377
0.9440559440559441,0.9515401953418482,0.9849723147864672,0.9752066115702479,0.7727272727272727,0.9672131147540983
0.9261744966442953,0.9575320512820513,0.9796854658106624,0.9401709401709402,0.875,0.9523809523809523
0.954954954954955,0.9975352112676057,0.9986821513878591,1.0,0.875,0.9659863945578231
0.8705035971223022,0.8943589743589743,0.9412423143820299,0.94,0.6923076923076923,0.912621359223301
0.9083333333333333,0.9675825872182772,0.9756125887031711,0.9493670886075949,0.8292682926829268,0.9316770186335404
0.9285714285714286,0.9564516129032259,0.9822393827364542,0.9435483870967742,0.8666666666666667,0.9551020408163265
0.9517241379310345,0.9542011019283746,0.9829979407776568,0.9586776859504132,0.9166666666666666,0.9707112970711297
0.9395973154362416,0.9967532467532467,0.9992255000200903,0.9338842975206612,0.9642857142857143,0.9617021276595744
0.8992805755395683,0.9440333024976874,0.9505757249622802,0.9347826086956522,0.8297872340425532,0.9247311827956989
0.9193548387096774,0.9816919191919192,0.992444178680368,0.9431818181818182,0.8611111111111112,0.9431818181818182
0.9783783783783784,0.9986580783682234,0.999808515883021,0.9814814814814815,0.9565217391304348,0.9875776397515528
0.9724137931034482,0.9987487487487487,0.9995672487280893,0.9722222222222222,0.972972972972973,0.9813084112149533
0.869281045751634,0.8924864063272367,0.9488692676197636,0.907563025210084,0.7352941176470589,0.9152542372881356
0.8865248226950354,0.9438073394495412,0.9740537055199134,0.9174311926605505,0.78125,0.9259259259259259
0.9586206896551724,0.99607982893799,0.999237829845743,0.9590163934426229,0.9565217391304348,0.975
0.9281437125748503,0.8908918406072106,0.9583915701186979,0.9779411764705882,0.7096774193548387,0.9568345323741008
0.9246575342465754,0.9214586255259467,0.9678833129106993,0.9739130434782609,0.7419354838709677,0.9531914893617022
0.9285714285714286,0.981859410430839,0.995983038719217,0.9603174603174603,0.7857142857142857,0.9565217391304348
0.9271523178807947,0.9507936507936507,0.9835127890276982,0.9603174603174603,0.76,0.9565217391304348
0.963855421686747,0.989341859845457,0.9978863073679037,0.9784172661870504,0.8888888888888888,0.9784172661870504
0.9197080291970803,0.975084175084175,0.9937798651965503,0.9454545454545454,0.8148148148148148,0.9497716894977168
0.8823529411764706,0.9307196562835661,0.9553936239005962,0.9489795918367347,0.7105263157894737,0.9207920792079208
0.8819444444444444,0.9475839475839476,0.978071524768983,0.918918918918919,0.7575757575757576,0.9230769230769231
0.9022556390977443,0.9448198198198199,0.9679409104686875,0.96875,0.7297297297297297,0.9346733668341709
0.922077922077922,0.9567110655737705,0.982964153418341,0.9672131147540983,0.75,0.9516129032258065
0.912751677852349,0.9513888888888888,0.9789068325370047,0.9487179487179487,0.78125,0.9446808510638298
0.9461538461538461,0.9865666979069041,0.9955515605692964,0.9896907216494846,0.8181818181818182,0.964824120603015
0.935251798561151,0.9874551971326165,0.9963862788629747,0.9537037037037037,0.8709677419354839,0.958139534883721
0.96,0.9954648526077098,0.9987692015765509,0.9795918367346939,0.8888888888888888,0.9746192893401016
0.8461538461538461,0.9003196745132229,0.9385705670489581,0.9247311827956989,0.6486486486486487,0.8958333333333334
0.9097744360902256,0.946949602122016,0.9769495354491116,0.9519230769230769,0.7586206896551724,0.9428571428571428
0.9347826086956522,0.9311728395061728,0.9672215471151843,0.9629629629629629,0.8333333333333334,0.9585253456221198
0.9651162790697675,0.9719719719719719,0.9858831060268215,0.9777777777777777,0.918918918918919,0.9777777777777777
0.9290780141843972,0.9100957995578483,0.9688352251215859,0.9661016949152542,0.7391304347826086,0.957983193277311
0.8740157480314961,0.9541847041847041,0.9876762990422125,0.9494949494949495,0.6071428571428571,0.9215686274509803
0.9271523178807947,0.9141483516483516,0.9434596297120046,0.9732142857142857,0.7948717948717948,0.9519650655021834
0.9295774647887324,0.9893025246041934,0.9983397490303286,0.943089430894309,0.8421052631578947,0.9586776859504132
0.9252873563218391,0.9352777777777778,0.9829954854837044,0.96,0.7083333333333334,0.9568106312292359
0.9205298013245033,0.9570247933884298,0.983450327237066,0.9504132231404959,0.8,0.9504132231404959
0.9047619047619048,0.9412644968200524,0.9751611422814338,0.9292929292929293,0.8148148148148148,0.9387755102040817
0.9264705882352942,0.951048951048951,0.9814931512618701,1.0,0.6153846153846154,0.9565217391304348
0.9133333333333333,0.9227700199487033,0.9702191384939808,0.9504132231404959,0.7586206896551724,0.9465020576131687
0.9230769230769231,0.9587378640776698,0.9743740991723124,0.9514563106796117,0.85,0.9468599033816425
0.952054794520548,0.9417016806722689,0.9686235130577479,0.9732142857142857,0.8823529411764706,0.9688888888888889
0.9440559440559441,0.9630434782608696,0.9855754812899663,0.9565217391304348,0.8928571428571429,0.9649122807017544
0.9271523178807947,0.911589008363202,0.9614089194957698,0.9516129032258065,0.8148148148148148,0.9554655870445344
0.9337349397590361,0.9400252525252525,0.9826808466111412,0.9513888888888888,0.8181818181818182,0.9614035087719298
0.8934426229508197,0.9217914438502675,0.9534395026917258,0.9431818181818182,0.7647058823529411,0.9273743016759777
0.8613138686131386,0.8819233110164334,0.9444071112643828,0.9056603773584906,0.7096774193548387,0.909952606635071
0.896551724137931,0.968,0.9946669545906068,0.912,0.8,0.9382716049382716
0.9457364341085271,0.9632478632478633,0.9753251222118133,0.9777777777777777,0.8717948717948718,0.9617486338797814
0.8611111111111112,0.892983892983893,0.9527876157067066,0.954954954954955,0.5454545454545454,0.9137931034482759
0.9111111111111111,0.9784756527875794,0.9949904640309424,0.9541284403669725,0.7307692307692307,0.9454545454545454
0.9496402877697842,0.9620689655172414,0.9806713106121812,0.9545454545454546,0.9310344827586207,0.967741935483871
0.953125,0.9974968710888611,0.9990742970321131,0.9468085106382979,0.9705882352941176,0.967391304347826
0.8828125,0.960875512995896,0.9760004791054746,0.9411764705882353,0.7674418604651163,0.9142857142857143
0.8609271523178808,0.9254774103400093,0.9651126073676708,0.9292035398230089,0.6578947368421053,0.9090909090909091
0.9032258064516129,0.9856181150550796,0.9935777259774368,0.9069767441860465,0.8947368421052632,0.9285714285714286
0.8692307692307693,0.9261642156862745,0.9641324892316635,0.9375,0.6764705882352942,0.9137055837563451
0.951048951048951,1.0,1.0000000000000002,0.9369369369369369,1.0,0.9674418604651163
0.9090909090909091,0.9283924095954171,0.9833784162597645,0.9398496240601504,0.7142857142857143,0.946969696969697
0.9210526315789473,0.940983606557377,0.9767216899593752,0.9672131147540983,0.7333333333333333,0.9516129032258065
0.9130434782608695,0.9831309041835358,0.9916438975022633,0.9605263157894737,0.8205128205128205,0.9358974358974359
0.8869047619047619,0.951417004048583,0.977841708449862,0.9384615384615385,0.7105263157894737,0.9277566539923955
0.9315068493150684,0.9623563218390805,0.9840825351219439,0.9396551724137931,0.9,0.956140350877193
0.9210526315789473,0.9868303571428572,0.9955351858559524,0.9732142857142857,0.775,0.9478260869565217
0.96045197740113,0.9648696420680513,0.9857532707718353,0.9726027397260274,0.9032258064516129,0.9759450171821306
0.9652777777777778,0.9724428997020855,0.9841215241239589,0.9811320754716981,0.9210526315789473,0.9765258215962441
0.916083916083916,0.9515527950310559,0.9801941147598552,0.9478260869565217,0.7857142857142857,0.9478260869565217
0.9312977099236641,0.9613095238095238,0.9784861422735289,0.96875,0.8285714285714286,0.9538461538461539
0.9436619718309859,0.9924004192872118,0.99739759893859,0.9528301886792453,0.9166666666666666,0.9619047619047619
0.9148936170212766,0.9665039929015085,0.970129963985025,0.9347826086956522,0.8775510204081632,0.9347826086956522
0.8905109489051095,0.91661594643944,0.9620959471965259,0.9433962264150944,0.7096774193548387,0.9302325581395349
0.92,0.953897953897954,0.9802064981882797,0.9572649572649573,0.7878787878787878,0.9491525423728814
0.937984496124031,0.9923747276688453,0.9979818468840954,0.9509803921568627,0.8888888888888888,0.9603960396039604
0.9291338582677166,0.9907894736842104,0.9970054631813168,0.968421052631579,0.8125,0.9533678756476683
0.9344262295081968,0.9925773195876288,0.9980698301676061,0.9381443298969072,0.92,0.9578947368421052
0.9205298013245033,0.9417792268281323,0.9692925114978288,0.9557522123893806,0.8157894736842105,0.9473684210526315
0.8780487804878049,0.9524096385542169,0.9663334300485265,0.9518072289156626,0.725,0.9132947976878613
0.9391891891891891,0.9485119047619047,0.9774216178747398,0.975,0.7857142857142857,0.9629629629629629
0.8677685950413223,0.8953703703703703,0.9311393596441739,0.9876543209876543,0.625,0.9090909090909091
0.910958904109589,0.9017857142857143,0.9340517817476154,0.9711538461538461,0.7619047619047619,0.9395348837209302
0.9552238805970149,0.9565338534410699,0.9698513174325792,1.0,0.8378378378378378,0.97
0.890625,0.9483729662077598,0.9740624742264735,0.9680851063829787,0.6764705882352942,0.9285714285714286
0.9452054794520548,0.9580459770114942,0.9813712423317975,0.9741379310344828,0.8333333333333334,0.9658119658119658
0.9264705882352942,0.9235267656320287,0.9806911074532255,0.9658119658119658,0.6842105263157895,0.9576271186440678
0.95,0.9666545849945632,0.9805205130700445,0.9550561797752809,0.9354838709677419,0.9659090909090909
0.916030534351145,0.9500000000000001,0.9742499074266529,0.95,0.8064516129032258,0.945273631840796
0.9315068493150684,0.9863387978142076,0.9972553502472556,0.9426229508196722,0.875,0.9583333333333334
0.9126984126984127,0.9249575551782683,0.9539904219544786,0.9368421052631579,0.8387096774193549,0.9417989417989417
0.9318181818181818,0.9712318662404721,0.9715892783819399,0.9759036144578314,0.8571428571428571,0.9473684210526315
0.8859649122807017,0.9136029411764706,0.9449524713069778,0.9625,0.7058823529411765,0.9221556886227545
0.8984375,0.924512987012987,0.9280711109183446,0.9285714285714286,0.8409090909090909,0.9230769230769231
0.9047619047619048,0.953514739229025,0.968522369317566,0.9880952380952381,0.7380952380952381,0.9325842696629213
0.8888888888888888,0.9724269724269724,0.9918109172905221,0.918918918918919,0.7878787878787878,0.9272727272727272
0.8920863309352518,0.9418808411214953,0.9749510289394794,0.9532710280373832,0.6875,0.9315068493150684
0.9444444444444444,0.9895908980876301,0.9981151511471571,0.954248366013072,0.8888888888888888,0.9668874172185431
0.9316770186335404,0.9640605296343001,0.9821680889630079,0.9590163934426229,0.8461538461538461,0.9551020408163265
0.9516129032258065,0.9642733263961152,0.9833369374353671,0.978494623655914,0.8709677419354839,0.9680851063829787
0.8805970149253731,0.9179292929292929,0.9408195043095309,0.9555555555555556,0.7272727272727273,0.9148936170212766
0.9559748427672956,0.9448961156278229,0.9733385370047517,0.991869918699187,0.8333333333333334,0.9721115537848606
0.9032258064516129,0.9555389965226031,0.9826979780376909,0.9426229508196722,0.7575757575757576,0.9387755102040817
0.8768115942028986,0.9196708463949843,0.9759898362094623,0.9224137931034483,0.6363636363636364,0.9264069264069265
0.9,0.9581636430951499,0.9701717217472852,0.9452054794520548,0.8108108108108109,0.9261744966442953
0.9083969465648855,0.9258207070707071,0.961644665208907,0.9797979797979798,0.6875,0.941747572815534
0.9542857142857143,0.9854227405247814,0.9971711105767258,0.9727891156462585,0.8571428571428571,0.9727891156462585
0.9416058394160584,0.9940540540540541,0.9977333972180709,0.94,0.9459459459459459,0.9591836734693877
0.9602272727272727,0.9566115702479339,0.9892736898730047,0.9675324675324676,0.9090909090909091,0.9770491803278688
0.9196428571428571,0.9210810810810811,0.9428686432053243,0.96,0.8378378378378378,0.9411764705882353
0.9365079365079365,0.9868480725623583,0.9973343567958601,0.9523809523809523,0.8571428571428571,0.9615384615384616
0.910958904109589,0.937029873200086,0.9458655557622319,0.9393939393939394,0.851063829787234,0.9346733668341709
0.9920634920634921,0.9999999999999999,1.0,0.9901960784313726,1.0,0.9950738916256158
0.934640522875817,0.9583333333333334,0.9822250539868389,0.9666666666666667,0.8181818181818182,0.9586776859504132
0.918918918918919,0.9553752535496958,0.9796064446963826,0.9243697478991597,0.896551724137931,0.9482758620689655
0.9219858156028369,0.9638814016172507,0.9828280538007427,0.9622641509433962,0.8,0.9488372093023256
0.9345794392523364,0.994776119402985,0.9970010929439143,0.9552238805970149,0.9,0.9481481481481482
0.9327731092436975,0.989273356401384,0.995600981081338,0.9411764705882353,0.9117647058823529,0.9523809523809523
0.9659863945578231,0.997289972899729,0.9994651110200784,0.967479674796748,0.9583333333333334,0.9794238683127572
0.9206349206349206,0.9865346534653465,0.9967464559996511,0.9504950495049505,0.8,0.9504950495049505
0.9470198675496688,0.967396367023754,0.9792724864342186,0.9646017699115044,0.8947368421052632,0.9646017699115044
0.9411764705882353,0.9616604970914859,0.9834360291084312,0.9672131147540983,0.8387096774193549,0.963265306122449
0.883495145631068,0.9521276595744681,0.9500035238362021,0.9285714285714286,0.8297872340425532,0.896551724137931
0.9020979020979021,0.892454954954955,0.9514930978636774,0.972972972972973,0.65625,0.9391304347826087
0.8947368421052632,0.9380630630630631,0.9639990315721186,0.9270833333333334,0.8108108108108109,0.9270833333333334
0.9741935483870968,0.9548872180451127,0.9872967763257033,0.9924812030075187,0.8636363636363636,0.9850746268656716
0.9594594594594594,0.9979385693671408,0.9989814878730868,0.9595959595959596,0.9591836734693877,0.9693877551020408
0.917910447761194,0.9702020202020203,0.9786945534040218,0.9444444444444444,0.8636363636363636,0.9392265193370166
0.94,0.9639376218323586,0.9821833555705729,0.9824561403508771,0.8055555555555556,0.9613733905579399
0.9133858267716536,0.9855670103092783,0.995760047988768,0.9690721649484536,0.7333333333333333,0.9447236180904522
0.8731343283582089,0.9384191176470589,0.9716401841927103,0.9117647058823529,0.75,0.916256157635468
0.9166666666666666,0.9103659872890641,0.9461297620306418,0.9658119658119658,0.7692307692307693,0.9456066945606695
0.9133858267716536,0.9818548387096774,0.9942808223938562,0.9583333333333334,0.7741935483870968,0.9435897435897436
0.9191176470588235,0.9591194968553459,0.982680441983788,0.9433962264150944,0.8333333333333334,0.9478672985781991
0.9318181818181818,0.9562440114979239,0.9787417966526925,0.9603960396039604,0.8387096774193549,0.9556650246305419
0.9307692307692308,0.9636524822695035,0.9728964240468484,0.9361702127659575,0.9166666666666666,0.9513513513513514
0.9312977099236641,0.9830409356725146,0.9936237788262139,0.968421052631579,0.8333333333333334,0.9533678756476683
0.9316770186335404,0.9659820282413351,0.9818073476860547,0.9512195121951219,0.868421052631579,0.9551020408163265
0.9555555555555556,0.9966216216216216,0.9992496140212739,0.954954954954955,0.9583333333333334,0.9724770642201835
0.9436619718309859,0.9883083668249909,0.9976363398917772,0.9495798319327731,0.9130434782608695,0.9658119658119658
0.9571428571428572,0.9899845916795069,0.9981361557521463,0.9830508474576272,0.8181818181818182,0.9747899159663865
0.8818181818181818,0.944094779711218,0.9619453535429401,0.9452054794520548,0.7567567567567568,0.9139072847682119
0.9240506329113924,0.9798728813559322,0.9933017393955998,0.9661016949152542,0.8,0.95
0.9342105263157895,0.9240893066980024,0.9549839037322743,0.9739130434782609,0.8108108108108109,0.9572649572649573
0.9323308270676691,0.9618122977346278,0.9833763549000536,0.9611650485436893,0.8333333333333334,0.9565217391304348
0.8814814814814815,0.9432382133995036,0.9793628317511396,0.9326923076923077,0.7096774193548387,0.9238095238095239
0.9219858156028369,0.945322376738306,0.9767357863756468,0.9646017699115044,0.75,0.9519650655021834
0.9281045751633987,0.9369747899159664,0.9739772613272817,0.9663865546218487,0.7941176470588235,0.9543568464730291
0.9508196721311475,0.9965986394557823,0.9991490594518242,0.9489795918367347,0.9583333333333334,0.96875
0.9259259259259259,0.9853499728703201,0.9942700171943422,0.9484536082474226,0.868421052631579,0.9484536082474226
0.9230769230769231,0.9416896235078054,0.9547257941686033,0.9595959595959596,0.8409090909090909,0.945273631840796
0.9338235294117647,0.9316790203029326,0.9712222025743051,0.9532710280373832,0.8620689655172413,0.9577464788732394
0.9147286821705426,0.9664634146341464,0.9748359496747854,0.9204545454545454,0.9024390243902439,0.9364161849710982
0.96,1.0,1.0,0.95,1.0,0.9743589743589743
0.888,0.936005171299289,0.9650644861231145,0.989010989010989,0.6176470588235294,0.9278350515463918
0.9126984126984127,0.9288563829787235,0.9595092422097239,0.9361702127659575,0.84375,0.9411764705882353
0.9420289855072463,0.9697642163661581,0.9807037862833434,0.941747572815534,0.9428571428571428,0.9603960396039604
0.9731543624161074,0.99812382739212,0.9995995375362106,0.975609756097561,0.9615384615384616,0.9836065573770492
0.9432624113475178,0.9947773501924134,0.9983454406314644,0.9532710280373832,0.9117647058823529,0.9622641509433962
0.9375,0.9698067632850241,0.9824780891801318,0.967391304347826,0.8611111111111112,0.956989247311828
0.9366197183098591,0.9863775368362524,0.9957922288170615,0.9541284403669725,0.8787878787878788,0.9585253456221198
0.949685534591195,0.9658988256549232,0.9839705104268325,0.975609756097561,0.8611111111111112,0.967741935483871
0.916083916083916,0.960224375318715,0.9766656127367742,0.9433962264150944,0.8378378378378378,0.9433962264150944
0.9403973509933775,0.9906403940886699,0.9970115344677419,0.9396551724137931,0.9428571428571428,0.960352422907489
0.9206349206349206,0.9183673469387755,0.9534513696444337,0.967032967032967,0.8,0.946236559139785
0.9379310344827586,0.9921536796536796,0.9977100571158452,0.9553571428571429,0.8787878787878788,0.9596412556053812
0.9259259259259259,0.936026936026936,0.9642975116926109,0.9797979797979798,0.7777777777777778,0.9509803921568627
0.8955223880597015,0.9414343877231444,0.9742512664844427,0.9514563106796117,0.7096774193548387,0.9333333333333333
0.8888888888888888,0.9108937070333157,0.9556081590168505,0.9098360655737705,0.8064516129032258,0.9288702928870293
0.9290322580645162,0.9622132253711201,0.9778155963815853,0.9487179487179487,0.868421052631579,0.9527896995708155
0.9280575539568345,0.9484210526315789,0.9810634483848255,0.956140350877193,0.8,0.956140350877193
0.9293478260869565,0.9263980263157895,0.9691232107352372,0.9605263157894737,0.78125,0.9573770491803278
0.9104477611940298,0.9676767676767678,0.9886274497601609,0.9595959595959596,0.7714285714285715,0.9405940594059405
0.9337748344370861,0.9467935165609584,0.9855250194509202,0.9689922480620154,0.7272727272727273,0.9615384615384616
0.8547008547008547,0.9293275217932752,0.9393348649428666,0.9726027397260274,0.6590909090909091,0.8930817610062893
0.9294871794871795,0.9928994082840237,0.9985481923458316,0.9307692307692308,0.9230769230769231,0.9565217391304348
0.8955223880597015,0.9272727272727272,0.9614740440185193,0.9494949494949495,0.7428571428571429,0.9306930693069307
0.9621212121212122,0.9978125,0.9992875211720849,0.96,0.96875,0.9746192893401016
0.9246575342465754,0.9836206896551725,0.9958075697779457,0.9568965517241379,0.8,0.9527896995708155
0.8939393939393939,0.9092945128779396,0.9467271180175346,0.9680851063829787,0.7105263157894737,0.9285714285714286
0.9476744186046512,0.9948356807511737,0.9988883625755949,0.9507042253521126,0.9333333333333333,0.967741935483871
0.9027777777777778,0.9698830409356725,0.9923211053124135,0.956140350877193,0.7,0.9396551724137931
0.9150326797385621,0.937334743521946,0.9726907643725877,0.9508196721311475,0.7741935483870968,0.9469387755102041
0.9491525423728814,0.9633802816901408,0.9837715075196894,0.9788732394366197,0.8285714285714286,0.9686411149825784
0.954248366013072,0.9935064935064934,0.9989542651830198,0.9621212121212122,0.9047619047619048,0.9731800766283525
0.9668874172185431,0.9901477832512315,0.9970179027843737,0.9913793103448276,0.8857142857142857,0.9787234042553191
0.9612403100775194,0.9975862068965516,0.9992854165736067,0.96,0.9655172413793104,0.9746192893401016
0.9113924050632911,0.912004662004662,0.9699032068574778,0.9318181818181818,0.8076923076923077,0.9461538461538461
0.950354609929078,0.9535398230088495,0.9810766762702053,0.9823008849557522,0.8214285714285714,0.9694323144104804
0.9078014184397163,0.9285714285714286,0.9793853135387284,0.9495798319327731,0.6818181818181818,0.9456066945606695
0.9545454545454546,0.9920341394025605,0.9968437645280547,0.968421052631579,0.918918918918919,0.968421052631579
0.927007299270073,0.9865319865319866,0.9966829115467836,0.9454545454545454,0.8518518518518519,0.9541284403669725
0.9389312977099237,0.992116434202547,0.9972779653182315,0.9587628865979382,0.8823529411764706,0.9587628865979382
0.9136690647482014,0.9790104947526237,0.9957574684065404,0.9310344827586207,0.8260869565217391,0.9473684210526315
0.921875,0.9442108214185589,0.9626312440024529,0.9655172413793104,0.8292682926829268,0.9438202247191011
0.8608695652173913,0.9064285714285715,0.9475974011586346,0.95,0.6571428571428571,0.9047619047619048
0.9219858156028369,0.9601173020527859,0.9836418560052008,0.9636363636363636,0.7741935483870968,0.9506726457399103
0.85,0.8506944444444444,0.9200568340970005,0.9615384615384616,0.5277777777777778,0.9049773755656109
0.9166666666666666,0.9596465390279824,0.9774275423408993,0.9381443298969072,0.8571428571428571,0.9430051813471503
0.916030534351145,0.9870967741935485,0.9958714940960196,0.92,0.9032258064516129,0.9435897435897436
0.9635036496350365,0.9689592209373098,0.9846129683370262,0.9716981132075472,0.9354838709677419,0.976303317535545
0.9481481481481482,0.9906471183013145,0.9957133011497086,0.9782608695652174,0.8837209302325582,0.9625668449197861
0.90625,0.9693877551020409,0.9911835434087471,0.9795918367346939,0.6666666666666666,0.9411764705882353
0.9241379310344827,0.9203148057058533,0.9534011009218535,0.9906542056074766,0.7368421052631579,0.9506726457399103
0.9166666666666666,0.9036818851251841,0.9395843627109792,0.979381443298969,0.7428571428571429,0.945273631840796
0.9177215189873418,0.9148996324568843,0.9688171713490319,0.9389312977099237,0.8148148148148148,0.9498069498069498
0.9337748344370861,0.9580645161290323,0.9792785409604594,0.95,0.8709677419354839,0.957983193277311
0.9236111111111112,0.983702737940026,0.9963732018926426,0.940677966101695,0.8461538461538461,0.9527896995708155
0.9490445859872612,0.9950419527078567,0.9992936280006812,0.9492753623188406,0.9473684210526315,0.9703703703703703
0.8818897637795275,0.9124223602484473,0.9480881336106064,0.9565217391304348,0.6857142857142857,0.9214659685863874
0.9565217391304348,0.9557522123893806,0.982275514304029,0.9646017699115044,0.92,0.9732142857142857
0.93125,0.9873046875,0.9968329659517021,0.953125,0.84375,0.9568627450980393
0.9444444444444444,0.9538177339901478,0.9839697314828559,0.9741379310344828,0.8214285714285714,0.9658119658119658
0.917910447761194,0.9907647907647907,0.9965904898460065,0.9090909090909091,0.9428571428571428,0.9424083769633508
0.9343065693430657,0.9777365491651205,0.9826738283381894,0.9659090909090909,0.8775510204081632,0.9497206703910615
0.9117647058823529,0.9852252252252252,0.9965815123160193,0.918918918918919,0.88,0.9444444444444444
0.9178082191780822,0.9561157796451915,0.9833247313731013,0.9243697478991597,0.8888888888888888,0.9482758620689655
0.9552238805970149,0.9974489795918368,0.9990348530868587,0.9489795918367347,0.9722222222222222,0.96875
0.916083916083916,0.9469658337582866,0.9733293331320187,0.9811320754716981,0.7297297297297297,0.9454545454545454
0.8914728682170543,0.9328651685393259,0.957339718018274,0.9775280898876404,0.7,0.925531914893617
0.916030534351145,0.9860853432282004,0.9953741245232813,0.9387755102040817,0.8484848484848485,0.9435897435897436
0.8992805755395683,0.965966386554622,0.9942532241489739,0.9327731092436975,0.7,0.940677966101695
0.9153846153846154,0.9326666666666666,0.9687719296907629,0.95,0.8,0.945273631840796
0.9285714285714286,0.9684361549497849,0.9761611138627357,0.9764705882352941,0.8292682926829268,0.9485714285714286
0.9044585987261147,0.9190988223246288,0.9644399888011647,0.9523809523809523,0.7096774193548387,0.9411764705882353
0.9523809523809523,0.9932326913066111,0.9978989884171678,0.9557522123893806,0.9411764705882353,0.968609865470852
0.9,0.9726666666666667,0.9918898570902792,0.94,0.7666666666666667,0.9353233830845771
0.9517241379310345,0.9623741388447271,0.9790449200879667,0.9819819819819819,0.8529411764705882,0.9688888888888889
0.9259259259259259,0.9382763975155279,0.9757064259043902,0.9464285714285714,0.8260869565217391,0.954954954954955
0.9333333333333333,0.928349875930521,0.9596761684486339,0.9615384615384616,0.8387096774193549,0.9569377990430622
0.9565217391304348,0.9935846030473136,0.9977966451689372,0.9651162790697675,0.9310344827586207,0.9707602339181286
0.8896551724137931,0.9530434782608695,0.9884900791906651,0.9739130434782609,0.5666666666666667,0.9333333333333333
0.9495798319327731,0.989452867501648,0.9952292225232431,0.975609756097561,0.8918918918918919,0.963855421686747
0.8913043478260869,0.9064327485380116,0.9696775906613917,0.9736842105263158,0.5,0.9367088607594937
0.8582089552238806,0.9373819163292848,0.9677877692027207,0.9263157894736842,0.6923076923076923,0.9025641025641026
0.923728813559322,0.9686732186732187,0.9731174989995007,0.9594594594594594,0.8636363636363636,0.9403973509933775
0.9111111111111111,0.94017094017094,0.9622907626517758,0.9479166666666666,0.8205128205128205,0.9381443298969072
0.9214285714285714,0.9657142857142857,0.98285987149884,0.9428571428571428,0.8571428571428571,0.9473684210526315
0.9366197183098591,0.9901201602136182,0.9968175901799852,0.9626168224299065,0.8571428571428571,0.958139534883721
0.9153846153846154,0.9093333333333333,0.9620515188177899,0.9428571428571428,0.8,0.9473684210526315
0.917910447761194,0.9517694957720013,0.9793638949428931,0.9611650485436893,0.7741935483870968,0.9473684210526315
0.8819444444444444,0.9227603672048116,0.9707721071843699,0.9316239316239316,0.6666666666666666,0.9276595744680851
0.8955223880597015,0.9105339105339105,0.9533783423228314,0.9595959595959596,0.7142857142857143,0.9313725490196079
0.9495798319327731,0.9957716701902749,0.9983738053069154,0.9534883720930233,0.9393939393939394,0.9647058823529412
0.8865248226950354,0.9100000000000001,0.9430051257626767,0.94,0.7560975609756098,0.9215686274509803
0.8857142857142857,0.8930499325236168,0.9552789399331383,0.9473684210526315,0.6153846153846154,0.9310344827586207
0.9137931034482759,0.959392789373814,0.9770332495912173,0.9411764705882353,0.8387096774193549,0.9411764705882353
0.9078014184397163,0.9419512195121951,0.9577453847910029,0.97,0.7560975609756098,0.9371980676328503
0.9366197183098591,0.9069706498951782,0.9421272328212897,0.9905660377358491,0.7777777777777778,0.958904109589041
0.9568345323741008,0.9315861130020422,0.9737556118902317,0.9911504424778761,0.8076923076923077,0.9739130434782609
0.9316770186335404,0.9843971631205674,0.9977606807243947,0.950354609929078,0.8,0.9605734767025089
0.9594594594594594,0.9953560371517028,0.9985907094311799,0.9649122807017544,0.9411764705882353,0.9734513274336283
0.9259259259259259,0.9212121212121213,0.9661414101824888,0.946969696969697,0.8333333333333334,0.9541984732824428
0.9274193548387096,0.9917582417582418,0.9979394334283378,0.9795918367346939,0.7307692307692307,0.9552238805970149
0.9178082191780822,0.9846743295019157,0.9961412942824782,0.9316239316239316,0.8620689655172413,0.9478260869565217
0.9583333333333334,0.9964509964509964,0.9989422488893231,0.963963963963964,0.9393939393939394,0.9727272727272728
0.9333333333333333,0.9766693483507642,0.995410114820998,0.9646017699115044,0.7727272727272727,0.960352422907489
0.9153846153846154,0.9839535677705702,0.9954374318689465,0.9405940594059405,0.8275862068965517,0.945273631840796
0.9236641221374046,0.9459308807134894,0.9663392394216981,0.9782608695652174,0.7948717948717948,0.9473684210526315
0.9424460431654677,0.9734236581552893,0.9856839335458117,0.9603960396039604,0.8947368421052632,0.9603960396039604
0.8920863309352518,0.9044205495818399,0.9606819325516676,0.9444444444444444,0.7096774193548387,0.9315068493150684
0.9016393442622951,0.9641674194519723,0.9703878611765642,0.9382716049382716,0.8292682926829268,0.926829268292683
0.9473684210526315,0.9965059399021663,0.9990815903771579,0.9433962264150944,0.9629629629629629,0.966183574879227
0.9032258064516129,0.9684758771929824,0.9699025127026809,0.9736842105263158,0.7916666666666666,0.925
0.958041958041958,0.9944099378881986,0.9986524313377577,0.9739130434782609,0.8928571428571429,0.9739130434782609
0.948051948051948,0.962234461054288,0.983140884764556,0.959349593495935,0.9032258064516129,0.9672131147540983
0.9007633587786259,0.9381270903010034,0.9602507647186761,0.9891304347826086,0.6923076923076923,0.9333333333333333
0.9696969696969697,0.9999999999999999,1.0,0.9607843137254902,1.0,0.98
0.9117647058823529,0.9282009282009283,0.9551351673860977,0.9696969696969697,0.7567567567567568,0.9411764705882353
0.9130434782608695,0.9694083694083694,0.9905082585057018,0.9619047619047619,0.7575757575757576,0.9439252336448598
0.9051094890510949,0.9267567567567568,0.9576766809704789,0.96,0.7567567567567568,0.9365853658536586
0.9338235294117647,0.9644444444444444,0.9777083442859864,0.96,0.8611111111111112,0.9552238805970149
0.8646616541353384,0.9166666666666666,0.9309401353008573,0.9294117647058824,0.75,0.8977272727272727
0.9466666666666667,0.9915105386416861,0.9980579322581916,0.9672131147540983,0.8571428571428571,0.9672131147540983
0.9352941176470588,0.9872829542675471,0.9973492820746163,0.950354609929078,0.8620689655172413,0.9605734767025089
0.9323308270676691,0.9702176403207331,0.9831249985999319,0.9484536082474226,0.8888888888888888,0.9533678756476683
0.8888888888888888,0.92608125819135,0.9633928971786756,0.926605504587156,0.7714285714285715,0.926605504587156
0.8813559322033898,0.9733036707452726,0.9908236292373924,0.9310344827586207,0.7419354838709677,0.9204545454545454
0.9591836734693877,0.9999999999999999,0.9999999999999999,0.95,1.0,0.9743589743589743
0.9084507042253521,0.9127250534025022,0.9622913082485676,0.9646017699115044,0.6896551724137931,0.9437229437229437
0.9256198347107438,0.9559228650137741,0.9725374005689574,0.9659090909090909,0.8181818181818182,0.9497206703910615
0.8759124087591241,0.9555229716520038,0.97950845425208,0.9354838709677419,0.75,0.9109947643979057
0.9342105263157895,0.9367521367521368,0.9687075445299284,0.9829059829059829,0.7714285714285715,0.9583333333333334
0.9224137931034483,0.9714285714285714,0.9921014316539366,0.9560439560439561,0.8,0.9508196721311475
0.9153846153846154,0.9850046860356139,0.995101932916505,0.9587628865979382,0.7878787878787878,0.9441624365482234
0.9083969465648855,0.9254125412541254,0.9679711247533687,0.9801980198019802,0.6666666666666666,0.9428571428571428
0.92,0.9898628503279666,0.9955322080119268,0.9418604651162791,0.8717948717948718,0.9418604651162791
0.9202898550724637,0.9905612244897959,0.9960469636234683,0.9183673469387755,0.925,0.9424083769633508
0.8496732026143791,0.8325102880658437,0.8928514973650552,0.9537037037037037,0.6,0.8995633187772926
0.875,0.8927203065134101,0.9347317048815655,0.9655172413793104,0.6363636363636364,0.9180327868852459
0.9097222222222222,0.9791666666666666,0.9957403264414145,0.925,0.8333333333333334,0.9446808510638298
0.95,0.9869524697110904,0.99660103747017,0.9819819819819819,0.8275862068965517,0.9688888888888889
0.9071428571428571,0.964654282765738,0.9805721306789886,0.9215686274509803,0.868421052631579,0.9353233830845771
0.970873786407767,1.0,1.0,0.9594594594594594,1.0,0.9793103448275862
0.9447852760736196,0.9951124144672532,0.9988321374889365,0.946969696969697,0.9354838709677419,0.9652509652509652
0.9130434782608695,0.9312782805429864,0.9651562301107606,0.9519230769230769,0.7941176470588235,0.9428571428571428
0.9302325581395349,0.9874551971326165,0.9949644979080992,0.9354838709677419,0.9166666666666666,0.9508196721311475
0.9072847682119205,0.9038865546218486,0.9606324901078731,0.9495798319327731,0.75,0.9416666666666667
0.9152542372881356,0.9544817927170868,0.976306309022365,0.9880952380952381,0.7352941176470589,0.9431818181818182
0.9024390243902439,0.9406033940917662,0.9640750415101492,0.9418604651162791,0.8108108108108109,0.9310344827586207
0.94375,0.9671540580631489,0.980632709095935,0.9586776859504132,0.8974358974358975,0.9626556016597511
0.9312977099236641,0.989084293511219,0.9960954090763632,0.9381443298969072,0.9117647058823529,0.9528795811518325
0.8879310344827587,0.9352226720647773,0.9483342396715804,0.9615384615384616,0.7368421052631579,0.9202453987730062
0.9415584415584416,0.9931812221348021,0.9982274422396216,0.943089430894309,0.9354838709677419,0.9626556016597511
0.9323308270676691,0.9911448450347881,0.997190464229499,0.9313725490196079,0.9354838709677419,0.9547738693467337
0.8992248062015504,0.9758513931888545,0.9913712270692393,0.9263157894736842,0.8235294117647058,0.9312169312169312
0.9375,0.9889055472263869,0.9971468887257717,0.9478260869565217,0.896551724137931,0.960352422907489
0.9115646258503401,0.9462785114045619,0.9777705320909212,0.9243697478991597,0.8571428571428571,0.944206008583691
0.9263803680981595,0.9759398496240601,0.9945302698932392,0.9548872180451128,0.8,0.9548872180451128
0.8896103896103896,0.8560697115384616,0.9535245209915733,0.953125,0.5769230769230769,0.9348659003831418
0.924812030075188,0.9292645556690501,0.9420228353447659,0.9662921348314607,0.8409090909090909,0.945054945054945
0.94,0.9866625310173698,0.9972238791930048,0.967741935483871,0.8076923076923077,0.963855421686747
0.8787878787878788,0.90875,0.9525164006030122,0.93,0.71875,0.9207920792079208
0.8881118881118881,0.9434466019417476,0.9660745905413681,0.941747572815534,0.75,0.9238095238095239
0.8872180451127819,0.9379973474801062,0.9758974487373345,0.9519230769230769,0.6551724137931034,0.9295774647887324
0.9067796610169492,0.9273266592510196,0.9596422786481432,0.9540229885057471,0.7741935483870968,0.9378531073446328
0.9349593495934959,0.9903846153846154,0.9965880084499227,0.945054945054945,0.90625,0.9555555555555556
0.9178082191780822,0.973632538569425,0.9930923713049483,0.9739130434782609,0.7096774193548387,0.9491525423728814
0.9,0.9443622373483279,0.9756474382256817,0.9357798165137615,0.7741935483870968,0.9357798165137615
0.9111111111111111,0.8734119782214156,0.9646996377848444,0.9396551724137931,0.7368421052631579,0.9478260869565217
0.9328859060402684,0.9595631641086186,0.9852964085952398,0.9586776859504132,0.8214285714285714,0.9586776859504132
0.9402985074626866,0.9034267912772586,0.9626104434334039,0.9813084112149533,0.7777777777777778,0.963302752293578
0.9668874172185431,0.972599296128708,0.9878051780184931,0.9829059829059829,0.9117647058823529,0.9787234042553191
0.920863309352518,0.9512280701754386,0.9830649058391374,0.9473684210526315,0.8,0.9515418502202643
0.8992805755395683,0.9536301006889243,0.9752238655066442,0.9313725490196079,0.8108108108108109,0.9313725490196079
0.9041095890410958,0.9773487773487773,0.9929066929030739,0.9369369369369369,0.8,0.9369369369369369
0.875,0.977639751552795,0.9895259215918641,0.9420289855072463,0.7428571428571429,0.9090909090909091
0.9567901234567902,0.9532846715328467,0.9847132042638969,0.9781021897810219,0.84,0.9745454545454545
0.8761061946902655,0.9369369369369369,0.9550981917191983,0.9594594594594594,0.717948717948718,0.9102564102564102
0.9453125,0.9713203463203463,0.9778248663058327,1.0,0.8409090909090909,0.96
0.9492753623188406,0.9915586373228822,0.9975177072790647,0.9626168224299065,0.9032258064516129,0.9671361502347418
0.9354838709677419,0.9912,0.9978569720948531,0.944,0.9,0.959349593495935
0.9119496855345912,0.944776119402985,0.9853698315122202,0.9552238805970149,0.68,0.9481481481481482
0.9069767441860465,0.9820761762509335,0.9955007647914219,0.9320388349514563,0.8076923076923077,0.9411764705882353
0.924812030075188,0.9297912713472486,0.9654163462941944,0.9705882352941176,0.7741935483870968,0.9519230769230769
0.8857142857142857,0.8867521367521368,0.9375856978081405,0.9230769230769231,0.7777777777777778,0.9230769230769231
0.9463087248322147,0.9889340560072267,0.9958356200559159,0.9722222222222222,0.8780487804878049,0.963302752293578
0.9147286821705426,0.9552190721649484,0.9769577711431932,0.9484536082474226,0.8125,0.9435897435897436
0.8759124087591241,0.9248648648648649,0.9622211829981157,0.96,0.6486486486486487,0.9186602870813397
0.965034965034965,0.9959627329192546,0.9990278500357314,0.9826086956521739,0.8928571428571429,0.9783549783549783
0.935064935064935,0.9903628117913832,0.9978654615722363,0.9523809523809523,0.8571428571428571,0.96
0.9477124183006536,0.9967078189300411,0.9995534649107752,0.9481481481481482,0.9444444444444444,0.9696969696969697
0.9072847682119205,0.9587155963302753,0.9745166117542603,0.963302752293578,0.7619047619047619,0.9375
0.8807947019867549,0.898936170212766,0.9226298886885183,0.9519230769230769,0.723404255319149,0.9166666666666666
0.9465648854961832,0.9409356725146198,0.9637052872950643,0.9894736842105263,0.8333333333333334,0.9641025641025641
0.8739495798319328,0.9076867816091955,0.9476285286486545,0.9540229885057471,0.65625,0.9171270718232044
0.8846153846153846,0.9406688241639698,0.9796052936346915,0.9223300970873787,0.7407407407407407,0.926829268292683
0.8805970149253731,0.9285888970408412,0.9453636791521122,0.9425287356321839,0.7659574468085106,0.9111111111111111
0.9064748201438849,0.9271012006861064,0.9620783909549365,0.9622641509433962,0.7272727272727273,0.9400921658986175
0.9420289855072463,0.9464811345999464,0.9694982789388338,0.9603960396039604,0.8918918918918919,0.9603960396039604
0.9090909090909091,0.9858897308596812,0.9933220401790297,0.9325842696629213,0.8604651162790697,0.9325842696629213
0.9115646258503401,0.9680052956751986,0.9809004695942682,0.9514563106796117,0.8181818181818182,0.937799043062201
0.9451219512195121,0.9667774086378738,0.9862773802646534,0.9689922480620154,0.8571428571428571,0.9652509652509652
0.9315068493150684,0.9227821986442676,0.9689709762841551,0.9829059829059829,0.7241379310344828,0.9583333333333334
0.9391891891891891,0.9549731182795699,0.9855638400878257,0.9516129032258065,0.875,0.963265306122449
0.94,0.9851190476190476,0.9970697656614731,0.9523809523809523,0.875,0.963855421686747
0.9358974358974359,0.9743372216330859,0.9836958355548583,0.9304347826086956,0.9512195121951219,0.9553571428571429
0.9153846153846154,0.9497041420118343,0.9798140896860877,0.9423076923076923,0.8076923076923077,0.9468599033816425
0.8939393939393939,0.9125220458553793,0.9634189532194354,0.9142857142857143,0.8148148148148148,0.9320388349514563
0.9024390243902439,0.9447368421052632,0.9771913961932084,0.9368421052631579,0.7857142857142857,0.9368421052631579
0.9538461538461539,0.9687500000000001,0.9826631187449951,0.96875,0.9117647058823529,0.96875
0.9473684210526315,0.9936363636363637,0.9978991594115232,0.96,0.9090909090909091,0.964824120603015
0.8782608695652174,0.9316473000683527,0.9574283184638106,0.974025974025974,0.6842105263157895,0.9146341463414634
0.9637681159420289,0.993073593073593,0.997800299402865,0.9809523809523809,0.9090909090909091,0.976303317535545
0.9386503067484663,0.9527950310559007,0.9848950129871523,0.9428571428571428,0.9130434782608695,0.9635036496350365
0.8489208633093526,0.9128056628056628,0.9700244658845539,0.918918918918919,0.5714285714285714,0.9066666666666666
0.9090909090909091,0.9664324746291959,0.9941813681881818,0.9426229508196722,0.7142857142857143,0.9465020576131687
0.8778625954198473,0.9351648351648352,0.9746455871363779,0.9142857142857143,0.7307692307692307,0.9230769230769231
0.9262295081967213,0.9642036124794745,0.9807196117467092,0.9770114942528736,0.8,0.9497206703910615
0.9568345323741008,0.9942678478374153,0.9978383146886791,0.9702970297029703,0.9210526315789473,0.9702970297029703
0.9097744360902256,0.9644506001846722,0.994059717264755,0.9473684210526315,0.6842105263157895,0.9473684210526315
0.92,0.9421695402298851,0.974636312750571,0.96875,0.7586206896551724,0.9489795918367347
0.9166666666666666,0.9389275074478649,0.9657789573259609,0.9622641509433962,0.7894736842105263,0.9444444444444444
0.9119496855345912,0.9256470588235294,0.9644079215340727,0.944,0.7941176470588235,0.944
0.9291338582677166,0.9522849462365591,0.9776378313986607,0.96875,0.8064516129032258,0.9538461538461539
0.917910447761194,0.9576923076923077,0.9834696485222107,0.9615384615384616,0.7666666666666667,0.9478672985781991
0.872,0.9202941176470588,0.9380986159845843,0.9294117647058824,0.75,0.9080459770114943
0.8936170212765957,0.9166666666666667,0.9559567562217346,0.9537037037037037,0.696969696969697,0.9321266968325792
0.9379310344827586,0.9490022172949002,0.9826770814370159,0.943089430894309,0.9090909090909091,0.9626556016597511
0.9084507042253521,0.9376566416040101,0.9740960343705347,0.9385964912280702,0.7857142857142857,0.9427312775330396
0.9285714285714286,0.9819731235660439,0.9957508094992477,0.9646017699115044,0.7777777777777778,0.956140350877193
0.9,0.9593023255813953,0.9754368947217484,0.9418604651162791,0.7941176470588235,0.9310344827586207
0.926829268292683,0.9849936143039592,0.9938261836232972,0.9540229885057471,0.8611111111111112,0.9485714285714286
0.9354838709677419,0.9624937903626428,0.9830459524973078,0.9590163934426229,0.8484848484848485,0.9590163934426229
0.906832298136646,0.9585960487599832,0.9797873656789653,0.9754098360655737,0.6923076923076923,0.9407114624505929
0.9290780141843972,0.9876738305941846,0.996976548367998,0.9557522123893806,0.8214285714285714,0.9557522123893806
0.9523809523809523,0.9718896408120771,0.9873469514038147,0.9734513274336283,0.8823529411764706,0.9691629955947136
0.8625954198473282,0.8999323867478026,0.9596595288131595,0.9607843137254902,0.5172413793103449,0.9158878504672897
0.9746835443037974,0.9970238095238095,0.9997075603305061,0.9791666666666666,0.9285714285714286,0.986013986013986
0.9071428571428571,0.9311342592592593,0.9688562705791468,0.9537037037037037,0.75,0.9406392694063926
0.9440559440559441,0.995813953488372,0.9981702939070366,0.94,0.9534883720930233,0.9591836734693877
0.9705882352941176,0.9984639016897081,0.9995446233692842,0.9714285714285714,0.967741935483871,0.9807692307692307
0.8758620689655172,0.9416411824668707,0.9740124488428639,0.926605504587156,0.7222222222222222,0.9181818181818182
0.9534883720930233,0.9982142857142857,0.9995850343457444,0.95,0.96875,0.9708029197080292
0.9448275862068966,0.9393333333333334,0.9784600378806695,0.9833333333333333,0.76,0.9672131147540983
0.9526627218934911,0.9851101846337105,0.9975692769465894,0.9657534246575342,0.8695652173913043,0.9724137931034482
0.9607843137254902,0.9944482997918113,0.9990591761612707,0.9694656488549618,0.9090909090909091,0.9769230769230769
0.9344262295081968,0.9930555555555556,0.9974721341522824,0.9333333333333333,0.9375,0.9545454545454546
0.9215686274509803,0.9508196721311476,0.979007788026364,0.9508196721311475,0.8064516129032258,0.9508196721311475
0.9473684210526315,0.9651515151515152,0.9842523732720732,0.98,0.8484848484848485,0.9655172413793104
0.9235668789808917,0.9797747055811572,0.9950879388471181,0.9603174603174603,0.7741935483870968,0.952755905511811
0.9337748344370861,0.951076923076923,0.984798148286829,0.952,0.8461538461538461,0.9596774193548387
0.9465648854961832,0.9833024118738404,0.9943803903549212,0.9795918367346939,0.8484848484848485,0.964824120603015
0.9668874172185431,1.0,0.9999999999999999,0.9596774193548387,1.0,0.9794238683127572
0.9367816091954023,0.9898325358851674,0.9985088765014042,0.9473684210526315,0.8636363636363636,0.9632107023411371
0.9113924050632911,0.9414473684210526,0.972225232804009,0.975,0.7105263157894737,0.9435483870967742
0.9259259259259259,0.9848484848484849,0.9966384631876765,0.9621212121212122,0.7666666666666667,0.9548872180451128
0.8782051282051282,0.9191460367930956,0.9571090974016684,0.9159663865546218,0.7567567567567568,0.919831223628692
0.88,0.9039961013645224,0.9495795088068489,0.9298245614035088,0.7222222222222222,0.9217391304347826
0.9214285714285714,0.9052974252737497,0.9560907515860687,0.963302752293578,0.7741935483870968,0.9502262443438914
0.9121621621621622,0.9314888010540185,0.9666659872691289,0.9565217391304348,0.7575757575757576,0.944206008583691
0.8835616438356164,0.9602564102564103,0.991319426823898,0.9166666666666666,0.7307692307692307,0.9282700421940928
0.9556962025316456,0.9968905472636815,0.9994292127544541,0.9552238805970149,0.9583333333333334,0.973384030418251
0.9230769230769231,0.9866459627329193,0.9966531520530636,0.9304347826086956,0.8928571428571429,0.9511111111111111
0.9436619718309859,0.962934362934363,0.9777936138643574,0.9714285714285714,0.8648648648648649,0.9622641509433962
0.9057971014492754,0.9384986433524269,0.9732807490264985,0.9626168224299065,0.7096774193548387,0.9406392694063926
0.9448275862068966,0.958680142687277,0.9838732039970136,0.9741379310344828,0.8275862068965517,0.9658119658119658
0.9457364341085271,0.9936026936026936,0.9980677463351035,0.9595959595959596,0.9,0.9644670050761421
0.9440559440559441,0.9936350777934937,0.9974570098152953,0.9900990099009901,0.8333333333333334,0.9615384615384616
0.9214285714285714,0.9577991452991453,0.9755346074519455,0.9423076923076923,0.8611111111111112,0.9468599033816425
0.9060402684563759,0.9749360613810741,0.9926202622143282,0.9391304347826087,0.7941176470588235,0.9391304347826087
0.8955223880597015,0.9329545454545455,0.9801685156446877,0.9545454545454546,0.625,0.9375
0.9503105590062112,0.9834162520729685,0.9965940568947999,0.9701492537313433,0.8518518518518519,0.9701492537313433
0.9153846153846154,0.9547193877551021,0.977186910725944,0.9387755102040817,0.84375,0.9435897435897436
0.875,0.9336870026525199,0.9708385526219171,0.9340659340659341,0.6896551724137931,0.918918918918919
0.9155844155844156,0.9587114337568058,0.9782523910523537,0.9396551724137931,0.8421052631578947,0.9437229437229437
0.9,0.9696969696969697,0.9810530474199767,0.9886363636363636,0.7142857142857143,0.93048128342246
0.9423076923076923,0.9871889627987188,0.9965072925923036,0.959349593495935,0.8787878787878788,0.963265306122449
0.9440559440559441,0.987315634218289,0.9966723134453508,0.9734513274336283,0.8333333333333334,0.9649122807017544
0.9733333333333334,0.9984944293887383,0.9996667551635402,0.975609756097561,0.9629629629629629,0.9836065573770492
0.935064935064935,0.9804607757363663,0.9958478121724854,0.968503937007874,0.7777777777777778,0.9609375
0.875,0.8643248469223332,0.9366930318160906,0.9532710280373832,0.5862068965517241,0.9230769230769231
0.8811188811188811,0.9655172413793103,0.991532215531531,0.9385964912280702,0.6551724137931034,0.9264069264069265
0.9375,0.967391304347826,0.9821432088053655,0.9565217391304348,0.8888888888888888,0.9565217391304348
0.935251798561151,0.9140211640211641,0.9616675718812372,0.9732142857142857,0.7777777777777778,0.960352422907489
0.875,0.9352539352539352,0.9643005774527511,0.9340659340659341,0.7297297297297297,0.9139784946236559
0.8947368421052632,0.9518950437317784,0.9758048531396392,0.9285714285714286,0.8,0.9285714285714286
0.9015151515151515,0.9277624732170187,0.9634462466437534,0.9696969696969697,0.696969696969697,0.9365853658536586
0.9655172413793104,0.971383147853736,0.9848991556646479,0.972972972972973,0.9411764705882353,0.9773755656108597
0.9379310344827586,0.9573367808661927,0.9829527952170732,0.9411764705882353,0.9230769230769231,0.9613733905579399
0.9485294117647058,0.9615975422427036,0.9791891320571142,0.9714285714285714,0.8709677419354839,0.966824644549763
0.9140625,0.9411231884057971,0.9673005596168406,0.967391304347826,0.7777777777777778,0.9417989417989417
0.9047619047619048,0.9396721311475409,0.9803593958975476,0.9344262295081968,0.76,0.9421487603305785
0.910958904109589,0.9325657894736842,0.9704150905829856,0.9473684210526315,0.78125,0.9432314410480349
0.9243697478991597,0.9574468085106383,0.9824874412702278,0.9361702127659575,0.88,0.9513513513513514
0.9007633587786259,0.9165120593692022,0.9525151500850823,0.9489795918367347,0.7575757575757576,0.9346733668341709
0.9154929577464789,0.9220588235294118,0.9465509577140269,0.9705882352941176,0.775,0.9428571428571428
0.9558823529411765,0.9455458630716362,0.9608909206781278,0.979381443298969,0.8974358974358975,0.9693877551020408
0.9274193548387096,0.991126070991432,0.9962541549063749,0.9767441860465116,0.8157894736842105,0.9491525423728814
0.952,0.9980607627666451,0.9992643798737496,0.945054945054945,0.9705882352941176,0.9662921348314607
0.937984496124031,0.9872557349192863,0.9974036568357141,0.9626168224299065,0.8181818181818182,0.9626168224299065
0.8633093525179856,0.900755124056095,0.9511753608406049,0.9611650485436893,0.5833333333333334,0.9124423963133641
0.9251700680272109,0.9855978260869566,0.9959988875667232,0.9478260869565217,0.84375,0.9519650655021834
0.9506172839506173,0.9890260631001371,0.9977853743065457,0.9703703703703703,0.8518518518518519,0.9703703703703703
0.9078014184397163,0.9253369272237196,0.9553432012924342,0.9433962264150944,0.8,0.9389671361502347
0.9133333333333333,0.94368,0.9794107332752093,0.936,0.8,0.9473684210526315
0.9176470588235294,0.9400000000000001,0.9866540222691378,0.9266666666666666,0.85,0.952054794520548
0.9137931034482759,0.9523809523809523,0.9648502054607297,0.972972972972973,0.8095238095238095,0.935064935064935
0.9153846153846154,0.9062792877225867,0.9479543480216925,0.9484536082474226,0.8181818181818182,0.9435897435897436
0.927007299270073,0.988558352402746,0.9975935106856675,0.9298245614035088,0.9130434782608695,0.954954954954955
0.8818897637795275,0.9466666666666667,0.9801245615110699,0.92,0.7407407407407407,0.9246231155778895
0.9027777777777778,0.9521390374331551,0.9799406184873067,0.9727272727272728,0.6764705882352942,0.9385964912280702
0.935672514619883,0.9871399176954733,0.9976444185632127,0.9722222222222222,0.7407407407407407,0.9621993127147767
0.8888888888888888,0.9338952972493345,0.9519388302341784,0.9489795918367347,0.7608695652173914,0.9207920792079208
0.8547008547008547,0.9067288474350433,0.9430210389107819,0.9746835443037974,0.6052631578947368,0.9005847953216374
0.9214285714285714,0.9498525073746313,0.9779113759399181,0.9380530973451328,0.8518518518518519,0.9506726457399103
0.9851851851851852,0.9983974358974359,0.9993431509864493,0.9895833333333334,0.9743589743589743,0.9895833333333334
0.9382716049382716,0.9843621399176955,0.9968970840396011,0.9703703703703703,0.7777777777777778,0.9632352941176471
0.9083969465648855,0.9292929292929293,0.9625700467816573,0.9595959595959596,0.75,0.9405940594059405
0.92,0.914,0.9614789217794559,0.95,0.8,0.95
0.89937106918239,0.91036866359447,0.9616655646677127,0.967741935483871,0.6571428571428571,0.9375
0.9308176100628931,0.9569052419354839,0.981944307843059,0.9609375,0.8064516129032258,0.9571984435797666
0.9391891891891891,1.0,0.9999999999999999,0.923728813559322,1.0,0.960352422907489
0.925,0.98067287043665,0.9951537728286535,0.9763779527559056,0.7272727272727273,0.9538461538461539
0.9246575342465754,0.9463797814207651,0.9838292596108031,0.9426229508196722,0.8333333333333334,0.9543568464730291
0.9034090909090909,0.9135317237507018,0.9576856575546896,0.948905109489051,0.7435897435897436,0.9386281588447654
0.9540229885057471,0.956241610738255,0.9870837235046199,0.9731543624161074,0.84,0.9731543624161074
0.9305555555555556,0.9606481481481481,0.9793416873015951,0.9629629629629629,0.8333333333333334,0.9541284403669725
0.9253731343283582,0.9832766439909297,0.9938544621680983,0.9489795918367347,0.8611111111111112,0.9489795918367347
0.9753086419753086,0.996400449943757,0.9989988711341651,0.984251968503937,0.9428571428571428,0.984251968503937
0.9148936170212766,0.9719036697247707,0.9916115252485568,0.944954128440367,0.8125,0.944954128440367
0.8947368421052632,0.8967032967032967,0.9493079023793546,0.9829059829059829,0.6,0.9349593495934959
0.9375,0.9118589743589743,0.9633976038593456,0.9711538461538461,0.7916666666666666,0.9619047619047619
0.9523809523809523,0.9372448979591836,0.9647129216822691,0.9732142857142857,0.8857142857142857,0.9688888888888889
0.936,0.9637681159420289,0.9790604611284663,0.9565217391304348,0.8787878787878788,0.9565217391304348
0.8220338983050848,0.9103985615822595,0.9165439625246614,0.9014084507042254,0.7021276595744681,0.8590604026845637
0.9041095890410958,0.9211505083064716,0.9544796362705934,0.963302752293578,0.7297297297297297,0.9375
0.9014084507042254,0.916303400174368,0.9625779502526877,0.9459459459459459,0.7419354838709677,0.9375
0.8962962962962963,0.9413771712158809,0.9740378612456984,0.9423076923076923,0.7419354838709677,0.9333333333333333
0.8835616438356164,0.9258021390374331,0.9487088699862385,0.9411764705882353,0.75,0.9186602870813397
0.9466666666666667,0.9396529396529396,0.9730335229087653,0.9743589743589743,0.8484848484848485,0.9661016949152542
0.9316239316239316,0.9935064935064936,0.9975632093993703,0.9761904761904762,0.8181818181818182,0.9534883720930233
0.950354609929078,0.9890049477735019,0.9964940053625737,0.9719626168224299,0.8823529411764706,0.9674418604651163
0.9465648854961832,0.9696209587513936,0.9795930498541106,0.967391304347826,0.8974358974358975,0.9621621621621622
0.8992248062015504,0.9580547112462006,0.977730445095475,0.925531914893617,0.8285714285714286,0.93048128342246
0.9557522123893806,0.9939544807965861,0.9970754183493239,0.9736842105263158,0.918918918918919,0.9673202614379085
0.9607843137254902,0.9981360671015843,0.9993927616711801,0.9568965517241379,0.972972972972973,0.9736842105263158
0.9224806201550387,0.907860824742268,0.9478570909170918,0.9690721649484536,0.78125,0.9494949494949495
0.9314285714285714,0.9914772727272727,0.9980592269909064,0.9370629370629371,0.90625,0.9571428571428572
0.9166666666666666,0.942857142857143,0.9775508057167338,0.9619047619047619,0.7407407407407407,0.9483568075117371
0.8740740740740741,0.8976315789473684,0.9253760765515722,0.9263157894736842,0.75,0.9119170984455959
0.9703703703703703,0.9931412894375857,0.9982548900703951,0.9814814814814815,0.9259259259259259,0.9814814814814815
0.8926174496644296,0.9488416988416988,0.9745952462461308,0.9285714285714286,0.7837837837837838,0.9285714285714286
0.9624060150375939,0.9960474308300395,0.9991749061703189,0.9727272727272728,0.9130434782608695,0.9771689497716894
0.9205298013245033,0.9430769230769231,0.9831359687692012,0.96,0.7307692307692307,0.9523809523809523
0.8650793650793651,0.9389386189258312,0.9705452791311353,0.9456521739130435,0.6470588235294118,0.9109947643979057
0.9071428571428571,0.9782312925170068,0.992717250213687,0.9333333333333333,0.8285714285714286,0.937799043062201
0.9357142857142857,0.9916521739130435,0.998133478769762,0.9391304347826087,0.92,0.96
0.9144736842105263,0.9457070707070707,0.9647060231268538,0.9537037037037037,0.8181818181818182,0.9406392694063926
0.9105691056910569,0.9587912087912088,0.9781290628295202,0.945054945054945,0.8125,0.9398907103825137
0.8716216216216216,0.9068100358422939,0.958706007663216,0.9401709401709402,0.6129032258064516,0.9205020920502092
0.9104477611940298,0.9176323207015347,0.9602622529677962,0.970873786407767,0.7096774193548387,0.9433962264150944
0.9281045751633987,0.9849233811171527,0.9957639037302252,0.9663865546218487,0.7941176470588235,0.9543568464730291
0.8923076923076924,0.9020952380952381,0.9567897269783784,0.9238095238095239,0.76,0.9326923076923077
0.9473684210526315,0.9837037037037037,0.9962364219011275,0.9814814814814815,0.8,0.9680365296803652
0.9548022598870056,0.956615532118888,0.9854442538426358,0.9731543624161074,0.8571428571428571,0.9731543624161074
0.9444444444444444,0.9935672514619882,0.9983063147325218,0.956140350877193,0.9,0.9646017699115044
0.8446601941747572,0.948849104859335,0.9760481816199286,0.9130434782608695,0.7058823529411765,0.8873239436619719
0.872,0.875968992248062,0.9059853978639503,0.9534883720930233,0.6923076923076923,0.9111111111111111
0.9370629370629371,0.9569055036344756,0.9765313830641422,0.9813084112149533,0.8055555555555556,0.958904109589041
0.9310344827586207,0.9896421845574388,0.9976005682419501,0.940677966101695,0.8888888888888888,0.9568965517241379
0.8702290076335878,0.889056603773585,0.9581968567871639,0.9150943396226415,0.68,0.919431279620853
0.9253731343283582,0.9533661740558292,0.9778808309376991,0.9809523809523809,0.7241379310344828,0.9537037037037037
0.9166666666666666,0.968215892053973,0.9921324624068979,0.9652173913043478,0.7241379310344828,0.9487179487179487
0.9242424242424242,0.9247939560439561,0.9634900894221573,0.9519230769230769,0.8214285714285714,0.9519230769230769
0.9266666666666666,0.9875304960693955,0.9967129026702578,0.9411764705882353,0.8709677419354839,0.9531914893617022
0.9416666666666667,0.9941770186335404,0.9983015075648557,0.9782608695652174,0.8214285714285714,0.9625668449197861
0.9539473684210527,0.99765625,0.9993610570391789,0.95,0.96875,0.9702127659574468
0.9407407407407408,0.968284611141754,0.9765183825067567,0.9387755102040817,0.9459459459459459,0.9583333333333334
0.8978102189781022,0.9769754055468342,0.9910286977073253,0.9387755102040817,0.7948717948717948,0.9292929292929293
0.8661417322834646,0.8747126436781609,0.9065791099580741,0.9310344827586207,0.725,0.9050279329608939
0.9043478260869565,0.9833333333333334,0.99162125382961,0.96,0.8,0.9290322580645162
0.9631901840490797,0.9959446564885497,0.9990183915586106,0.9770992366412213,0.90625,0.9770992366412213
0.9448818897637795,0.9919354838709677,0.9973062906899589,0.9479166666666666,0.9354838709677419,0.9629629629629629
0.9516129032258065,0.9653532608695652,0.9782628369382682,0.967391304347826,0.90625,0.967391304347826
0.8833333333333333,0.9200898587933248,0.9513749298893465,0.9512195121951219,0.7368421052631579,0.9176470588235294
0.9473684210526315,0.9274336283185841,0.978374789374151,0.9823008849557522,0.75,0.9694323144104804
0.9083969465648855,0.900997150997151,0.9604796725743726,0.9519230769230769,0.7407407407407407,0.9428571428571428
0.9256756756756757,0.9873517786561264,0.9962142705157495,0.9304347826086956,0.9090909090909091,0.9511111111111111
0.946969696969697,0.9950980392156863,0.998574668571196,0.9607843137254902,0.9,0.9655172413793104
0.8767123287671232,0.9042973286875726,0.9359140933174661,0.9238095238095239,0.7560975609756098,0.9150943396226415
0.9324324324324325,0.9283405172413793,0.962007866015979,0.9655172413793104,0.8125,0.9572649572649573
0.921875,0.9554162312783003,0.9772386988893527,0.9393939393939394,0.8620689655172413,0.9489795918367347
0.9236111111111112,0.9836065573770492,0.996833291511407,0.9262295081967213,0.9090909090909091,0.9535864978902954
0.9438775510204082,0.9494047619047619,0.984163791067133,0.9642857142857143,0.8214285714285714,0.9671641791044776
0.922077922077922,0.9900689655172413,0.9975795390879609,0.92,0.9310344827586207,0.9504132231404959
0.9323308270676691,0.9625850340136054,0.9826954395178825,0.9333333333333333,0.9285714285714286,0.9560975609756097
0.917910447761194,0.9672174141096249,0.9780269645853671,0.9247311827956989,0.9024390243902439,0.9398907103825137
0.9251700680272109,0.9478632478632478,0.9812503409692094,0.9658119658119658,0.7666666666666667,0.9535864978902954
0.9568345323741008,0.9703344120819849,0.981842381447461,0.9805825242718447,0.8888888888888888,0.9711538461538461
0.9411764705882353,0.9417670682730924,0.9573104643775413,0.963855421686747,0.8888888888888888,0.9580838323353293
0.9148936170212766,0.9818581638262781,0.9943608974809515,0.9532710280373832,0.7941176470588235,0.9444444444444444
0.9276315789473685,0.9660561660561661,0.9828386069366424,0.9316239316239316,0.9142857142857143,0.9519650655021834
0.9214285714285714,0.98656178302196,0.9967030431971371,0.9292035398230089,0.8888888888888888,0.9502262443438914
0.952054794520548,0.9955357142857143,0.9986507787167166,0.9642857142857143,0.9117647058823529,0.968609865470852
0.912621359223301,0.9680672268907563,0.9767215833345458,0.9852941176470589,0.7714285714285715,0.9370629370629371
0.9338235294117647,0.9853146853146854,0.9964861704242713,0.9545454545454546,0.8461538461538461,0.958904109589041
0.9357142857142857,0.9631832342112716,0.9815270717689278,0.9626168224299065,0.8484848484848485,0.958139534883721
0.9327731092436975,0.9617977528089887,0.9787400600849674,0.9438202247191011,0.9,0.9545454545454546
0.9136690647482014,0.9774358974358974,0.9915726193980293,0.97,0.7692307692307693,0.941747572815534
0.8880597014925373,0.931439393939394,0.9773145235091444,0.9363636363636364,0.6666666666666666,0.9321266968325792
0.8823529411764706,0.8735849056603774,0.9407664823339834,0.9339622641509434,0.7,0.9252336448598131
0.9432624113475178,0.9585284280936455,0.9834057925661037,0.9565217391304348,0.8846153846153846,0.9649122807017544
0.889763779527559,0.9554334554334554,0.9748984595404109,0.9120879120879121,0.8333333333333334,0.9222222222222223
0.9191176470588235,0.9500483403158234,0.9779133030191606,0.9345794392523364,0.8620689655172413,0.9478672985781991
0.925,0.9772641151951497,0.9927083612595138,0.9560439560439561,0.8275862068965517,0.9508196721311475
0.9076923076923077,0.9719887955182073,0.9927158000473943,0.9803921568627451,0.6428571428571429,0.9433962264150944
0.912751677852349,0.9752066115702479,0.9942031550507371,0.9421487603305785,0.7857142857142857,0.946058091286307
0.9383561643835616,0.966282894736842,0.984169768384881,0.9473684210526315,0.90625,0.96
0.924812030075188,0.9878787878787879,0.9961126283785904,0.96,0.8181818181818182,0.9504950495049505
0.8759124087591241,0.9535714285714285,0.9850447868488502,0.8952380952380953,0.8125,0.9170731707317074
0.9681528662420382,0.993734335839599,0.9988506990849532,0.9774436090225563,0.9166666666666666,0.9811320754716981
0.9555555555555556,0.9571330589849109,0.981093641711661,0.9814814814814815,0.8518518518518519,0.9724770642201835
0.9407407407407408,1.0,0.9999999999999999,0.9285714285714286,1.0,0.9629629629629629
0.9448818897637795,0.9666666666666667,0.9821637042288136,0.9484536082474226,0.9333333333333333,0.9633507853403142
0.9385964912280702,0.9935091277890467,0.9977540566997922,0.9411764705882353,0.9310344827586207,0.9580838323353293
0.9047619047619048,0.9578349282296651,0.9730510642647533,0.9431818181818182,0.8157894736842105,0.9325842696629213
0.9197080291970803,0.987027027027027,0.9952288161126237,0.94,0.8648648648648649,0.9447236180904522
0.8828125,0.9268817204301075,0.9540959401750273,0.946236559139785,0.7142857142857143,0.9214659685863874
0.9111111111111111,0.9362857142857143,0.9613650683569199,0.94,0.8285714285714286,0.94
0.8549618320610687,0.9202546998180715,0.9637044606437571,0.9484536082474226,0.5882352941176471,0.9064039408866995
0.9230769230769231,0.9269375213383407,0.9662434109673237,0.9702970297029703,0.7586206896551724,0.9514563106796117
0.8872180451127819,0.977730646871686,0.9906801017869871,0.9456521739130435,0.7560975609756098,0.9206349206349206
0.8979591836734694,0.9373808010171646,0.9793315481591034,0.9586776859504132,0.6153846153846154,0.9392712550607287
0.9090909090909091,0.970967741935484,0.990205283856505,0.9555555555555556,0.7741935483870968,0.9398907103825137
0.9444444444444444,0.98989898989899,0.9964597725577025,0.978494623655914,0.8484848484848485,0.9629629629629629
0.9060402684563759,0.9728900255754476,0.9920768130018494,0.9478260869565217,0.7647058823529411,0.9396551724137931
0.9147286821705426,0.9898446833930705,0.9959841712577598,0.9139784946236559,0.9166666666666666,0.9392265193370166
0.9122807017543859,0.9347008547008546,0.9473560238858477,0.9466666666666667,0.8461538461538461,0.9342105263157895
0.8467153284671532,0.9038461538461539,0.9514281532721094,0.9423076923076923,0.5454545454545454,0.9032258064516129
0.8888888888888888,0.967616191904048,0.991893273323276,0.9304347826086956,0.7241379310344828,0.9304347826086956
0.8970588235294118,0.9434715821812596,0.9782029229417407,0.9619047619047619,0.6774193548387096,0.9351851851851852
0.9754098360655737,0.9972727272727272,0.9994059017666472,0.99,0.9090909090909091,0.9850746268656716
0.9150326797385621,0.9519628099173554,0.9819252711060275,0.9752066115702479,0.6875,0.9477911646586346
0.9324324324324325,0.9351778656126483,0.9659819999864806,0.9478260869565217,0.8787878787878788,0.956140350877193
0.920863309352518,0.8685782556750299,0.9388782945873138,0.9814814814814815,0.7096774193548387,0.9506726457399103
0.9103448275862069,0.9533293697978596,0.9812849943341698,0.9482758620689655,0.7586206896551724,0.944206008583691
0.8833333333333333,0.9327655759748992,0.9761508896274829,0.9175257731958762,0.7391304347826086,0.9270833333333334
0.9032258064516129,0.9576243980738363,0.9761681446684236,0.9550561797752809,0.7714285714285715,0.9340659340659341
0.9024390243902439,0.9748843357567746,0.990009650624385,0.9101123595505618,0.8823529411764706,0.9310344827586207
0.9007633587786259,0.9788182831661092,0.9912343329320759,0.9456521739130435,0.7948717948717948,0.93048128342246
0.9242424242424242,0.9660864345738295,0.9826767423331554,0.9489795918367347,0.8529411764705882,0.9489795918367347
0.8928571428571429,0.9454545454545454,0.9781381406513988,0.9181818181818182,0.8,0.9308755760368663
0.9183673469387755,0.9516339869281046,0.9687750814902332,0.9803921568627451,0.7777777777777778,0.9433962264150944
0.8726114649681529,0.8927801724137931,0.9593629742867569,0.9296875,0.6206896551724138,0.9224806201550387
0.9051724137931034,0.9207740051113545,0.9453902028381997,0.963855421686747,0.7575757575757576,0.935672514619883
0.9057971014492754,0.9793632075471699,0.9939591267359889,0.9622641509433962,0.71875,0.9400921658986175
0.9183673469387755,0.9858024691358024,0.9966900629686974,0.925,0.8888888888888888,0.9487179487179487
0.935064935064935,0.9972413793103448,0.9993448957174733,0.928,0.9655172413793104,0.9586776859504132
0.9389312977099237,0.9893162393162394,0.9972510673051999,0.9615384615384616,0.8518518518518519,0.9615384615384616
0.9193548387096774,0.9275060700659036,0.9633749364754288,0.978494623655914,0.7419354838709677,0.9479166666666666
0.875,0.9306803594351732,0.9581256235466643,0.9368421052631579,0.7317073170731707,0.9128205128205128
0.9193548387096774,0.9010695187165775,0.9625459946949201,0.9803921568627451,0.6363636363636364,0.9523809523809523
0.9256756756756757,0.932920536635707,0.9668186740235436,0.9649122807017544,0.7941176470588235,0.9523809523809523
0.9261744966442953,0.9552845528455284,0.9830610800307609,0.9349593495934959,0.8846153846153846,0.9543568464730291
0.9319727891156463,0.9586956521739131,0.981883040439846,0.9565217391304348,0.84375,0.9565217391304348
0.9366197183098591,0.9901960784313725,0.9969479276678752,0.9629629629629629,0.8529411764705882,0.9585253456221198
0.9402985074626866,0.9913461538461539,0.9974746689380466,0.9519230769230769,0.9,0.9611650485436893
0.9259259259259259,0.9691607684529827,0.9771217916315135,0.9565217391304348,0.8604651162790697,0.946236559139785
0.9404761904761905,0.9268237934904602,0.964227984990028,0.9629629629629629,0.8484848484848485,0.9629629629629629
0.9032258064516129,0.9157894736842105,0.9529693718477524,0.9368421052631579,0.7931034482758621,0.9368421052631579
0.9637681159420289,0.9969969969969971,0.9992557437129304,0.963963963963964,0.9629629629629629,0.9771689497716894
0.9230769230769231,0.9447674418604651,0.9402990980851138,0.9651162790697675,0.8409090909090909,0.9431818181818182
0.9411764705882353,0.9920792079207922,0.9972209668260553,0.9504950495049505,0.9142857142857143,0.96
0.954248366013072,0.9943019943019943,0.9982423406698135,0.9658119658119658,0.9166666666666666,0.9699570815450643
0.9029850746268657,0.9531953195319532,0.9788889697092699,0.9405940594059405,0.7878787878787878,0.9359605911330049
0.9333333333333333,0.9848800834202294,0.9967587277226714,0.9416058394160584,0.8928571428571429,0.9591078066914498
0.8881578947368421,0.9258623975605108,0.9352693428357406,0.9595959595959596,0.7547169811320755,0.9178743961352657
0.9166666666666666,0.9621309370988447,0.9731278687937308,0.9634146341463414,0.8157894736842105,0.9404761904761905
0.9060402684563759,0.8563034188034188,0.9292463341799068,0.9572649572649573,0.71875,0.9411764705882353
0.9369369369369369,0.9945609945609947,0.997828733926973,0.9871794871794872,0.8181818181818182,0.9565217391304348
0.8833333333333333,0.968088570498209,0.9860628920473692,0.927710843373494,0.7837837837837838,0.9166666666666666
0.9230769230769231,0.9825514874141877,0.992746205326142,0.9456521739130435,0.868421052631579,0.9456521739130435
0.9210526315789473,0.9236979166666666,0.9625105854818903,0.95,0.8125,0.95
0.9384615384615385,0.9913700107874865,0.9977339792095455,0.9514563106796117,0.8888888888888888,0.9607843137254902
0.9354838709677419,0.916087962962963,0.9673375714953002,0.984375,0.7037037037037037,0.9618320610687023
0.9006211180124224,0.9316813339509031,0.9707946619724538,0.9291338582677166,0.7941176470588235,0.9365079365079365
0.8918918918918919,0.9414893617021277,0.933023812388657,1.0,0.7446808510638298,0.9142857142857143
0.9166666666666666,0.9169747899159664,0.9487328992857053,0.9764705882352941,0.7714285714285715,0.9431818181818182
0.9347826086956522,0.9599035272836901,0.9825168186194733,0.9532710280373832,0.8709677419354839,0.9577464788732394
0.875,0.8905233380480905,0.9454128660723669,0.9306930693069307,0.7142857142857143,0.9170731707317074
0.8857142857142857,0.9506113641812514,0.9688545834871922,0.9175257731958762,0.813953488372093,0.9175257731958762
0.920863309352518,0.9395518499218344,0.9650365106469101,0.9603960396039604,0.8157894736842105,0.9463414634146341
0.9423076923076923,0.9625806451612904,0.984056566276278,0.952,0.9032258064516129,0.9635627530364372
0.940677966101695,0.9966124661246613,0.9984525387672696,0.926829268292683,0.9722222222222222,0.9559748427672956
0.9221556886227545,0.9116687066503467,0.9494612613811939,0.9844961240310077,0.7105263157894737,0.951310861423221
0.8840579710144928,0.9716981132075472,0.9915070156462882,0.9150943396226415,0.78125,0.9238095238095239
0.9328358208955224,0.9885057471264368,0.9968274196540272,0.9523809523809523,0.8620689655172413,0.9569377990430622
0.9457364341085271,0.9962658700522778,0.9990303924487318,0.941747572815534,0.9615384615384616,0.9651741293532339
0.927710843373494,0.9174430641821947,0.9675718950542098,0.9637681159420289,0.75,0.9568345323741008
0.8688524590163934,0.9414634146341463,0.9631608619324838,0.9634146341463414,0.675,0.9080459770114943
0.8796992481203008,0.9501457725947522,0.973221222558152,0.8979591836734694,0.8285714285714286,0.9166666666666666
0.9424460431654677,0.9584942084942085,0.9822449435453027,0.954954954954955,0.8928571428571429,0.9636363636363636
0.9197080291970803,0.9927916120576672,0.998103694032902,0.9174311926605505,0.9285714285714286,0.9478672985781991
0.9347826086956522,0.9307843137254902,0.9700935707177041,0.96,0.8235294117647058,0.96
0.8972602739726028,0.9447573075891661,0.9747112726920573,0.9469026548672567,0.7272727272727273,0.9344978165938864
0.95,0.923141186299081,0.9726464727590339,0.9774436090225563,0.8148148148148148,0.9701492537313433
0.8984375,0.9175000000000001,0.9617301608009527,0.96,0.6785714285714286,0.9365853658536586
0.907563025210084,0.9608477011494252,0.9813763829262419,0.9655172413793104,0.75,0.9385474860335196
0.9166666666666666,0.9967914438502674,0.9989826533194687,0.9,0.9705882352941176,0.9428571428571428
0.9296875,0.9842395587076438,0.9909417417601998,0.9629629629629629,0.8723404255319149,0.9454545454545454
0.9290322580645162,0.9433465085638999,0.9856038017083011,0.9621212121212122,0.7391304347826086,0.9584905660377359
0.9295774647887324,0.9406779661016949,0.9804411397267249,0.9661016949152542,0.75,0.957983193277311
0.9202898550724637,0.9427193246909858,0.9713083709242649,0.9626168224299065,0.7741935483870968,0.9493087557603687
0.9349112426035503,0.903448275862069,0.9673467027945362,0.9655172413793104,0.75,0.9621993127147767
0.9695121951219512,0.9621890547263682,0.9841650390801793,0.9925373134328358,0.8666666666666667,0.981549815498155
0.9029850746268657,0.9205882352941176,0.9576928116300751,0.97,0.7058823529411765,0.9371980676328503
0.9338235294117647,0.9323330391291557,0.9593197469262107,0.9611650485436893,0.8484848484848485,0.9565217391304348
0.9448275862068966,0.9936,0.9989663898244553,0.952,0.9,0.967479674796748
0.9620253164556962,0.9983396584440227,0.9995387972455831,0.9596774193548387,0.9705882352941176,0.9754098360655737
0.9256756756756757,0.976271186440678,0.9940839371542758,0.9745762711864406,0.7333333333333333,0.9543568464730291
0.9516129032258065,0.9690896739130435,0.9839516063091519,0.967391304347826,0.90625,0.967391304347826
0.9097744360902256,0.9721485411140584,0.9921950640258089,0.9423076923076923,0.7931034482758621,0.9423076923076923
0.9387755102040817,0.9924924924924925,0.9974556036407862,0.9369369369369369,0.9444444444444444,0.9585253456221198
0.9347826086956522,0.985985985985986,0.99656243340815,0.954954954954955,0.8518518518518519,0.9592760180995475
0.9173553719008265,0.9524793388429752,0.970875419157915,0.9545454545454546,0.8181818181818182,0.9438202247191011
0.9230769230769231,0.9269972451790633,0.9585170930585756,0.9636363636363636,0.7878787878787878,0.9506726457399103
0.8780487804878049,0.9413118527042577,0.9524828257622284,0.9367088607594937,0.7727272727272727,0.9079754601226994
0.9363057324840764,0.994073275862069,0.9986289296205347,0.9375,0.9310344827586207,0.96
0.9375,0.9865384615384616,0.9948241539092002,0.9615384615384616,0.875,0.9569377990430622
0.9507042253521126,0.984957264957265,0.996768541076978,0.9743589743589743,0.84,0.9702127659574468
0.927007299270073,0.9896331738437002,0.9960924144405598,0.9494949494949495,0.868421052631579,0.9494949494949495
0.9142857142857143,0.9162223914699162,0.948682325139254,0.9801980198019802,0.7435897435897436,0.9428571428571428
0.9136690647482014,0.9221364221364221,0.9667489592530002,0.954954954954955,0.75,0.9464285714285714
0.9261744966442953,0.9784240150093808,0.9952570255027041,0.943089430894309,0.8461538461538461,0.9547325102880658
0.9464285714285714,0.9862132352941176,0.9967947814039293,0.9779411764705882,0.8125,0.9672727272727273
0.9477124183006536,0.9901859504132231,0.9974395286769256,0.9752066115702479,0.84375,0.9672131147540983
0.916030534351145,0.9839208410636983,0.9947144395563603,0.9489795918367347,0.8181818181818182,0.9441624365482234
0.9264705882352942,0.9513513513513514,0.98280258643492,0.963963963963964,0.76,0.9553571428571429
0.8955223880597015,0.8767739702319142,0.9524891904026294,0.9719626168224299,0.5925925925925926,0.9369369369369369
0.9423076923076923,0.9859316681022107,0.9970591239834288,0.9689922480620154,0.8148148148148148,0.9652509652509652
0.9230769230769231,0.9753086419753086,0.9923851321935265,0.9444444444444444,0.8518518518518519,0.9497206703910615
0.9361702127659575,0.9938271604938272,0.9980632338060078,0.9351851851851852,0.9393939393939394,0.957345971563981
0.9594594594594594,0.9668773704171935,0.9797943689835786,0.9823008849557522,0.8857142857142857,0.9736842105263158
0.8723404255319149,0.915609756097561,0.9334829587299563,0.94,0.7073170731707317,0.912621359223301
0.9523809523809523,0.9702702702702702,0.9817889986307949,0.9636363636363636,0.918918918918919,0.9680365296803652
0.8785714285714286,0.9217414529914529,0.9587402639136149,0.9230769230769231,0.75,0.9186602870813397
0.9285714285714286,0.9468779123951537,0.9782921150911343,0.963963963963964,0.7931034482758621,0.9553571428571429
0.9130434782608695,0.9502840909090909,0.9806942699770679,0.953125,0.7575757575757576,0.9457364341085271
0.9523809523809523,0.9967272727272728,0.9994117494080769,0.952,0.9545454545454546,0.9714285714285714
0.9568345323741008,0.9722631320569465,0.9784468276138991,0.979381443298969,0.9047619047619048,0.9693877551020408
0.9398496240601504,0.9619726678550208,0.9775972538011177,0.9797979797979798,0.8235294117647058,0.9603960396039604
0.958904109589041,0.9945054945054945,0.9977917199510169,0.9807692307692307,0.9047619047619048,0.9714285714285714
0.9047619047619048,0.9122507122507123,0.9688155010892197,0.9743589743589743,0.6333333333333333,0.9421487603305785
0.88,0.9634809634809636,0.9898641617511834,0.9230769230769231,0.7272727272727273,0.9230769230769231
0.9492753623188406,0.9630591630591631,0.9815195393244611,0.9714285714285714,0.8787878787878788,0.966824644549763
0.9044585987261147,0.9779094827586207,0.9949816519303564,0.9296875,0.7931034482758621,0.9407114624505929
0.8363636363636363,0.9125375375375375,0.9402410670373326,0.9324324324324325,0.6388888888888888,0.8846153846153846
0.8571428571428571,0.9388830347734458,0.957049854716639,0.9315068493150684,0.717948717948718,0.8947368421052632
0.9315068493150684,0.9891025641025641,0.9976428080373051,0.95,0.8461538461538461,0.957983193277311
0.8819444444444444,0.9256452758702345,0.9541351948868655,0.970873786407767,0.6585365853658537,0.9216589861751152
0.8412698412698413,0.8671899529042386,0.9273077213299066,0.945054945054945,0.5714285714285714,0.8958333333333334
0.948051948051948,0.9532051282051281,0.9842088247829752,0.9615384615384616,0.875,0.9689922480620154
0.917910447761194,0.9410635964912282,0.9632019880904864,0.9583333333333334,0.8157894736842105,0.9435897435897436
0.9323308270676691,0.9551020408163265,0.9775376954259273,0.9619047619047619,0.8214285714285714,0.957345971563981
0.8444444444444444,0.8958543983822043,0.9305699330941253,0.9565217391304348,0.6046511627906976,0.8934010152284264
0.9637681159420289,0.967138981006934,0.9832721825759779,0.9813084112149533,0.9032258064516129,0.9767441860465116
0.9310344827586207,0.9529579472558802,0.9832694776157327,0.9344262295081968,0.9130434782608695,0.957983193277311
0.875,0.9348187562354507,0.9702017074277892,0.9175257731958762,0.7419354838709677,0.9175257731958762
0.9411764705882353,1.0,0.9999999999999999,0.9295774647887324,1.0,0.9635036496350365
0.9411764705882353,0.9545945945945946,0.9848872848187931,0.963963963963964,0.84,0.963963963963964
0.9384615384615385,0.9722222222222222,0.9838430996098633,0.9468085106382979,0.9166666666666666,0.956989247311828
0.9375,0.9910714285714286,0.9976371820819273,0.9428571428571428,0.9166666666666666,0.96
0.9147286821705426,0.9635364635364635,0.9642254957824337,0.922077922077922,0.9038461538461539,0.9281045751633987
0.888,0.9440665154950869,0.9788078926797237,0.9183673469387755,0.7777777777777778,0.9278350515463918
0.8979591836734694,0.9497369959088253,0.9788649782281258,0.9067796610169492,0.8620689655172413,0.9344978165938864
0.9172413793103448,0.9411764705882353,0.9797932952089332,0.9495798319327731,0.7692307692307693,0.9495798319327731
0.9253731343283582,0.937641723356009,0.9589177241571138,0.9387755102040817,0.8888888888888888,0.9484536082474226
0.9407894736842105,0.9865433137089991,0.9967827666375739,0.959349593495935,0.8620689655172413,0.963265306122449
0.921875,0.9472555746140652,0.9833946830409344,0.9433962264150944,0.8181818181818182,0.9523809523809523
0.9115646258503401,0.9823190789473685,0.9973674873064299,0.9296875,0.7894736842105263,0.9482071713147411
0.9477611940298507,0.9576210826210826,0.9844774163887123,0.9722222222222222,0.8461538461538461,0.967741935483871
0.9064748201438849,0.9334831460674158,0.9422496244374714,0.9662921348314607,0.8,0.9297297297297298
0.9299363057324841,0.9915151515151515,0.9983925870780521,0.9393939393939394,0.88,0.9575289575289575
0.905511811023622,0.9730263157894736,0.991056574427897,0.9473684210526315,0.78125,0.9375
0.9285714285714286,0.964924670433145,0.9827959978856904,0.9576271186440678,0.8333333333333334,0.9535864978902954
0.9290780141843972,0.9615600448933782,0.9823829229757999,0.9814814814814815,0.7575757575757576,0.954954954954955
0.8591549295774648,0.9006211180124224,0.9712313928190373,0.9159663865546218,0.5652173913043478,0.9159663865546218
0.9236111111111112,0.9617300131061599,0.9798607497528644,0.944954128440367,0.8571428571428571,0.9493087557603687
0.9153846153846154,0.9607683982683982,0.9692194506986203,0.9318181818181818,0.8809523809523809,0.9371428571428572
0.9513888888888888,0.9504032258064516,0.9875978916023221,0.967741935483871,0.85,0.97165991902834
0.9140625,0.9596658023624315,0.9635396044397206,0.9325842696629213,0.8717948717948718,0.9378531073446328
0.9459459459459459,0.9812523434570678,0.9969445842245337,0.984251968503937,0.7142857142857143,0.9689922480620154
0.9452054794520548,0.9696267696267696,0.9837182053236706,0.9459459459459459,0.9428571428571428,0.963302752293578
0.9069767441860465,0.9484386347131446,0.9809412356661763,0.9509803921568627,0.7407407407407407,0.941747572815534
0.9104477611940298,0.9662509170946441,0.9678031142353858,0.9425287356321839,0.851063829787234,0.9318181818181818
0.88,0.9193548387096775,0.9581508339292882,0.9139784946236559,0.78125,0.918918918918919
0.968421052631579,0.9715525554484088,0.9749616843599735,0.9836065573770492,0.9411764705882353,0.975609756097561
0.93125,0.975632183908046,0.9973788070695353,0.9448275862068966,0.8,0.9614035087719298
0.8688524590163934,0.9289405684754523,0.9553300600592392,0.9069767441860465,0.7777777777777778,0.9069767441860465
0.9161290322580645,0.9354413702239789,0.9819782233804624,0.9545454545454546,0.6956521739130435,0.9509433962264151
0.9328859060402684,0.9828807556080283,0.9959530322363336,0.9504132231404959,0.8571428571428571,0.9583333333333334
0.9057971014492754,0.9541855203619908,0.9802626501037014,0.9519230769230769,0.7647058823529411,0.9383886255924171
0.8896551724137931,0.9462759462759462,0.9806200945913693,0.905982905982906,0.8214285714285714,0.9298245614035088
0.9300699300699301,0.9789830508474576,0.9955204638347148,0.9576271186440678,0.8,0.9576271186440678
0.9166666666666666,0.8979334677419355,0.9561452709922289,0.967741935483871,0.71875,0.9486166007905138
0.872,0.8991935483870968,0.9495540327852627,0.9247311827956989,0.71875,0.9148936170212766
0.8859649122807017,0.9506172839506173,0.9724633886306091,0.9259259259259259,0.7878787878787878,0.9202453987730062
0.9236111111111112,0.9240650870682272,0.9621177800845506,0.9557522123893806,0.8064516129032258,0.9515418502202643
0.8872180451127819,0.9801749271137027,0.9926503727214381,0.8877551020408163,0.8857142857142857,0.9206349206349206
0.9111111111111111,0.9645714285714285,0.9820481728289798,0.94,0.8285714285714286,0.94
0.9076923076923077,0.9775413711583923,0.99183902661099,0.9680851063829787,0.75,0.9381443298969072
0.9264705882352942,0.9701933404940924,0.9837408977014539,0.9489795918367347,0.868421052631579,0.9489795918367347
0.9,0.9091847265221878,0.9393635663842144,0.9509803921568627,0.7631578947368421,0.9326923076923077
0.906832298136646,0.9113856068743287,0.9673190878785167,0.9473684210526315,0.7142857142857143,0.9438202247191011
0.9,0.897999436460975,0.9319304929544635,0.967032967032967,0.7435897435897436,0.9312169312169312
0.9323308270676691,0.9489274770173646,0.9609357292049191,0.9887640449438202,0.8181818181818182,0.9513513513513514
0.9083969465648855,0.9476190476190476,0.9872444425203775,0.9454545454545454,0.7142857142857143,0.9454545454545454
0.9466666666666667,0.9924242424242424,0.9989541302863475,0.9545454545454546,0.8888888888888888,0.9692307692307692
0.8861788617886179,0.9820433436532507,0.9925122599740572,0.9411764705882353,0.7631578947368421,0.9195402298850575
0.9375,0.938584779706275,0.9786048885900765,0.9719626168224299,0.7619047619047619,0.9629629629629629
0.8823529411764706,0.8711512717536813,0.9161181237207651,0.963855421686747,0.6944444444444444,0.9195402298850575
0.890625,0.9269537480063796,0.9608559709947513,0.9368421052631579,0.7575757575757576,0.9270833333333334
0.9253731343283582,0.9818376068376069,0.9956319883856861,0.9537037037037037,0.8076923076923077,0.9537037037037037
0.916083916083916,0.9388560157790927,0.9602699787344113,0.9519230769230769,0.8205128205128205,0.9428571428571428
0.8818897637795275,0.9462365591397849,0.9743419266885135,0.9375,0.7096774193548387,0.9230769230769231
0.9139072847682119,0.8591397849462366,0.9355923147524855,0.975,0.6774193548387096,0.9473684210526315
0.9090909090909091,0.9799410029498525,0.9946163233693059,0.9292035398230089,0.8333333333333334,0.9417040358744395
0.9463087248322147,0.995907738095238,0.9993080346948655,0.9453125,0.9523809523809523,0.968
0.9230769230769231,0.9567049808429118,0.9731964978654962,0.9310344827586207,0.9,0.9473684210526315
0.9487179487179487,0.9890652557319224,0.998277960007038,0.9629629629629629,0.8571428571428571,0.9701492537313433
0.9436619718309859,0.9905005480453051,0.9981758885011457,0.9663865546218487,0.8260869565217391,0.9663865546218487
0.8962264150943396,0.9659420289855073,0.960218407727412,0.9166666666666666,0.8695652173913043,0.9090909090909091
0.92,0.9557309540150996,0.9795113973841492,0.9680851063829787,0.7741935483870968,0.9479166666666666
0.8914728682170543,0.963593504452593,0.9744749614441911,0.9156626506024096,0.8478260869565217,0.9156626506024096
0.968503937007874,0.9937106918238994,0.9987434430898275,0.9811320754716981,0.9047619047619048,0.9811320754716981
0.9272727272727272,0.9569230769230769,0.9840563143182237,0.9615384615384616,0.8,0.9541984732824428
0.9507042253521126,0.9301190112908148,0.9691297017914918,0.9823008849557522,0.8275862068965517,0.9694323144104804
0.9219858156028369,0.991955756661639,0.99695245871752,0.9313725490196079,0.8974358974358975,0.945273631840796
0.9166666666666666,0.9112723214285715,0.9654267189052368,0.9609375,0.7142857142857143,0.9498069498069498
0.9041095890410958,0.9590643274853801,0.9792736136128322,0.9259259259259259,0.8421052631578947,0.9345794392523364
0.921875,0.9842857142857143,0.9956339511713184,0.95,0.8214285714285714,0.95
0.9324324324324325,0.9542372881355932,0.973743967619054,0.940677966101695,0.9,0.9568965517241379
0.9419354838709677,0.9702244617498854,0.9849014028523879,0.9661016949152542,0.8648648648648649,0.9620253164556962
0.9305555555555556,0.9730506647502696,0.9947899469045469,0.9586776859504132,0.782608695652174,0.9586776859504132
0.924812030075188,0.9503843466107618,0.9806177829800766,0.9433962264150944,0.8518518518518519,0.9523809523809523
0.9155844155844156,0.9415172413793104,0.9795312125007275,0.952,0.7586206896551724,0.9482071713147411
0.9166666666666666,0.9838821091411467,0.9933663433531714,0.9603960396039604,0.813953488372093,0.941747572815534
0.9586206896551724,1.0,1.0,0.9508196721311475,1.0,0.9747899159663865
0.9235668789808917,0.9858108108108108,0.9955998527312705,0.9416666666666667,0.8648648648648649,0.9495798319327731
0.9432624113475178,0.9513274336283186,0.9806135822490126,0.9646017699115044,0.8571428571428571,0.9646017699115044
0.9338842975206612,0.9687131050767414,0.9732270708910291,0.987012987012987,0.8409090909090909,0.95
0.9276315789473685,0.9829315126946874,0.9934348048705406,0.9724770642201835,0.813953488372093,0.9506726457399103
0.9440559440559441,0.9616935483870969,0.981057431581543,0.9553571428571429,0.9032258064516129,0.963963963963964
0.9444444444444444,0.9948849104859335,0.9980849985853472,0.9456521739130435,0.9411764705882353,0.9613259668508287
0.9452054794520548,0.9871529216742644,0.9980532889516032,0.9606299212598425,0.8421052631578947,0.9682539682539683
0.8688524590163934,0.8669950738916256,0.9166036389903218,0.9425287356321839,0.6857142857142857,0.9111111111111111
0.9166666666666666,0.9265046296296295,0.9541357490107321,0.9791666666666666,0.75,0.9447236180904522
0.9347826086956522,0.9759615384615384,0.9941903183356845,0.9553571428571429,0.8461538461538461,0.9596412556053812
0.9285714285714286,0.9885714285714285,0.9962365077502092,0.9523809523809523,0.8571428571428571,0.9523809523809523
0.8646616541353384,0.9008746355685131,0.9470907441994334,0.9387755102040817,0.6571428571428571,0.9108910891089109
0.8943089430894309,0.9035027472527473,0.9494218238236894,0.978021978021978,0.65625,0.9319371727748691
0.9252873563218391,0.9803744642454321,0.9957649415629031,0.958041958041958,0.7741935483870968,0.9547038327526133
0.9242424242424242,0.9639855942376951,0.9804548759791062,0.9489795918367347,0.8529411764705882,0.9489795918367347
0.8913043478260869,0.942024886877828,0.9727240393187269,0.9615384615384616,0.6764705882352942,0.9302325581395349
0.917910447761194,0.9090909090909091,0.9489162506498697,0.9797979797979798,0.7428571428571429,0.9463414634146341
0.930379746835443,0.986444212721585,0.9978798367894789,0.9416058394160584,0.8571428571428571,0.9591078066914498
0.920863309352518,0.9662668665667167,0.9932638293908157,0.9568965517241379,0.7391304347826086,0.9527896995708155
0.9415584415584416,0.9505476269498839,0.9842422540495328,0.9465648854961832,0.9130434782608695,0.9649805447470817
0.9209039548022598,0.9232072275550536,0.9835548430583506,0.961038961038961,0.6521739130434783,0.9548387096774194
0.8943089430894309,0.9538026398491515,0.9721863763373918,0.9534883720930233,0.7567567567567568,0.9265536723163842
0.928,0.9855510752688172,0.9950814571230049,0.956989247311828,0.84375,0.9518716577540107
0.8873239436619719,0.92583857442348,0.9544878377710938,0.9716981132075472,0.6388888888888888,0.9279279279279279
0.8928571428571429,0.9186394557823129,0.9531889283179141,0.9523809523809523,0.7142857142857143,0.9302325581395349
0.916083916083916,0.9161490683229814,0.9690363897453331,0.9565217391304348,0.75,0.9482758620689655
0.9262295081967213,0.9789196310935442,0.9950292082227362,0.9494949494949495,0.8260869565217391,0.9543147208121827
0.9130434782608695,0.9745132743362832,0.9943858637964775,0.9469026548672567,0.76,0.9469026548672567
0.8870967741935484,0.9336309523809524,0.9506043901328198,0.9285714285714286,0.8,0.9176470588235294
0.912751677852349,0.9297779922779923,0.9621937730149317,0.9642857142857143,0.7567567567567568,0.9432314410480349
0.9240506329113924,0.9417585524455753,0.9808669651683777,0.9618320610687023,0.7407407407407407,0.9545454545454546
0.9540229885057471,0.9677938808373591,0.9843650522544848,0.9710144927536232,0.8888888888888888,0.9710144927536232
0.922077922077922,0.9761904761904763,0.9948219040245097,0.9682539682539683,0.7142857142857143,0.953125
0.9191176470588235,0.9443396226415094,0.9748422976571667,0.9716981132075472,0.7333333333333333,0.9493087557603687
0.9051094890510949,0.9269331585845347,0.9725474143400048,0.926605504587156,0.8214285714285714,0.9395348837209302
0.9590163934426229,0.9946827366182205,0.9982155987706404,0.978021978021978,0.9032258064516129,0.9726775956284153
0.9280575539568345,0.9950877192982456,0.9988733633469709,0.9210526315789473,0.96,0.9545454545454546
0.9290780141843972,0.9702062643239113,0.9943822609100792,0.957983193277311,0.7727272727272727,0.957983193277311
0.957983193277311,0.9979591836734694,0.9991595863151463,0.9642857142857143,0.9428571428571428,0.9700598802395209
0.9051094890510949,0.9625962596259625,0.9867048830647742,0.9504950495049505,0.7777777777777778,0.9365853658536586
0.8934426229508197,0.9366697559468644,0.9503743029496018,0.9518072289156626,0.7692307692307693,0.9239766081871345
0.9357142857142857,0.9925,0.9969643063155003,0.94,0.925,0.9543147208121827
0.9292035398230089,0.96579476861167,0.9725360440654851,0.971830985915493,0.8571428571428571,0.9452054794520548
0.935251798561151,0.9477192982456141,0.9800392565710236,0.956140350877193,0.84,0.960352422907489
0.8596491228070176,0.9698316926008256,0.9813800174191949,0.9701492537313433,0.7021276595744681,0.8904109589041096
0.8778625954198473,0.9727107337780472,0.9901550562344579,0.8865979381443299,0.8529411764705882,0.9148936170212766
0.926829268292683,0.9887057387057387,0.9949883936595052,0.9761904761904762,0.8205128205128205,0.9479768786127167
0.910958904109589,0.9775596072931276,0.9940258346482473,0.9478260869565217,0.7741935483870968,0.9437229437229437
0.9285714285714286,0.9586184424894102,0.9760040818166672,0.956989247311828,0.8484848484848485,0.9518716577540107
0.9389312977099237,0.9569088319088318,0.9813501048888009,0.9615384615384616,0.8518518518518519,0.9615384615384616
0.9389312977099237,0.9659863945578231,0.9818401835131398,0.9489795918367347,0.9090909090909091,0.9587628865979382
0.9733333333333334,0.9981203007518796,0.999363554145247,0.9821428571428571,0.9473684210526315,0.9821428571428571
0.936046511627907,0.9873366013071895,0.9966820612396162,0.9632352941176471,0.8333333333333334,0.9597069597069597
0.9019607843137255,0.9165311653116531,0.9626441119781729,0.926829268292683,0.8,0.9382716049382716
0.8538461538461538,0.9161111111111111,0.9491217092118553,0.9555555555555556,0.625,0.900523560209424
0.94,0.9863523573200993,0.9971899896726063,0.9758064516129032,0.7692307692307693,0.9641434262948207
0.9069767441860465,0.965587044534413,0.9784092407084358,0.9560439560439561,0.7894736842105263,0.9354838709677419
0.9436619718309859,0.9507692307692308,0.9820432421093683,0.9829059829059829,0.76,0.9663865546218487
0.8633540372670807,0.8997967479674797,0.9456257899634507,0.9166666666666666,0.7073170731707317,0.9090909090909091
0.8896103896103896,0.9447779111644659,0.9773093618551981,0.9327731092436975,0.7428571428571429,0.9288702928870293
0.9397590361445783,0.988095238095238,0.9976375974685514,0.9782608695652174,0.75,0.9642857142857143
0.9285714285714286,0.9725413281031101,0.9772416095656924,0.963855421686747,0.8604651162790697,0.9467455621301775
0.9299363057324841,0.95475,0.9823788887489582,0.976,0.75,0.9568627450980393
0.9401197604790419,0.9211017740429505,0.9867532597666577,0.954248366013072,0.7857142857142857,0.9668874172185431
0.9133333333333333,0.9312865497076024,0.961032429088345,0.9473684210526315,0.8055555555555556,0.9432314410480349
0.9328358208955224,0.9503787878787878,0.9814926965789095,0.9636363636363636,0.7916666666666666,0.9592760180995475
0.935251798561151,0.9915966386554622,0.9972508110713926,0.9428571428571428,0.9117647058823529,0.9565217391304348
0.9327731092436975,0.9673469387755101,0.97710552816835,0.9404761904761905,0.9142857142857143,0.9518072289156626
0.8688524590163934,0.9282945736434108,0.9603998575590419,0.9302325581395349,0.7222222222222222,0.9090909090909091
0.8843537414965986,0.9493857493857494,0.9739384605448793,0.9454545454545454,0.7027027027027027,0.9244444444444444
0.8780487804878049,0.8909774436090225,0.9499611576214254,0.9368421052631579,0.6785714285714286,0.9222797927461139
0.9051724137931034,0.9519368723098995,0.9705862156253594,0.9512195121951219,0.7941176470588235,0.9341317365269461
0.9411764705882353,0.9873028087726048,0.9973656354304604,0.9557522123893806,0.8695652173913043,0.9642857142857143
0.8888888888888888,0.9534050179211468,0.966659903271896,0.9354838709677419,0.7857142857142857,0.9206349206349206
0.9464285714285714,0.9935135135135135,0.996833431312739,0.96,0.918918918918919,0.96
0.8888888888888888,0.8883753999289015,0.9493429009281406,0.9484536082474226,0.6896551724137931,0.9292929292929293
0.8813559322033898,0.9552845528455284,0.9703104450154675,0.9512195121951219,0.7222222222222222,0.9176470588235294
0.9044117647058824,0.9438775510204082,0.969487676054268,0.9591836734693877,0.7631578947368421,0.9353233830845771
0.8727272727272727,0.9147897897897899,0.9386428140604535,0.9459459459459459,0.7222222222222222,0.9090909090909091
0.918918918918919,0.9768403639371381,0.9937429474394721,0.9401709401709402,0.8387096774193549,0.9482758620689655
0.9166666666666666,0.9449704142011834,0.9837772115982696,0.9538461538461539,0.7307692307692307,0.9501915708812261
0.92,0.9894610057211684,0.99764697238882,0.926829268292683,0.8888888888888888,0.95
0.8962962962962963,0.9499393203883495,0.9741591613401236,0.912621359223301,0.84375,0.9306930693069307
0.95,0.9975147561354457,0.9993384375107175,0.9459459459459459,0.9655172413793104,0.967741935483871
0.8943661971830986,0.8464854111405836,0.9391195528062242,0.9655172413793104,0.5769230769230769,0.9372384937238494
0.9298245614035088,0.9792243767313018,0.9973504654903961,0.9473684210526315,0.7894736842105263,0.96
0.8983050847457628,0.9043549043549044,0.9532567121823408,0.945054945054945,0.7407407407407407,0.9347826086956522
0.9130434782608695,0.9155822489155823,0.9698685757884105,0.972972972972973,0.6666666666666666,0.9473684210526315
0.926829268292683,0.9898496240601504,0.9968985076647248,0.9263157894736842,0.9285714285714286,0.9513513513513514
0.8958333333333334,0.9131773399014779,0.9688588072541734,0.9396551724137931,0.7142857142857143,0.9356223175965666
0.912751677852349,0.9524296675191816,0.97913680818163,0.9565217391304348,0.7647058823529411,0.944206008583691
0.8759124087591241,0.9047619047619048,0.9480310867978818,0.9489795918367347,0.6923076923076923,0.916256157635468
0.8758620689655172,0.9120575221238938,0.9618513734371298,0.9646017699115044,0.5625,0.923728813559322
0.9171974522292994,0.953125,0.9842308108266666,0.9609375,0.7241379310344828,0.9498069498069498
0.9259259259259259,0.9560832791151594,0.9788627562966814,0.9433962264150944,0.8620689655172413,0.9523809523809523
0.9337748344370861,0.9951950254381006,0.9987949044044406,0.9262295081967213,0.9655172413793104,0.9576271186440678
0.9180327868852459,0.9464285714285714,0.9816707686320724,0.9489795918367347,0.7916666666666666,0.9489795918367347
0.9098360655737705,0.9797943991492378,0.993119411091428,0.9340659340659341,0.8387096774193549,0.9392265193370166
0.9357142857142857,0.925753339546443,0.9679082817426709,0.9819819819819819,0.7586206896551724,0.960352422907489
0.8769230769230769,0.9397063417681975,0.9701337713887705,0.9278350515463918,0.7272727272727273,0.9183673469387755
0.8947368421052632,0.9348148148148149,0.9773994059972768,0.928,0.7407407407407407,0.9354838709677419
0.9516129032258065,0.9946808510638299,0.9983235198463519,0.9893617021276596,0.8333333333333334,0.96875
0.9452054794520548,0.9487522281639929,0.9584201852788676,1.0,0.8181818181818182,0.9622641509433962
0.8796992481203008,0.9162918540729635,0.9209096586966096,0.9540229885057471,0.7391304347826086,0.9120879120879121
0.849624060150376,0.9037153322867608,0.9241752264607263,0.8901098901098901,0.7619047619047619,0.8901098901098901
0.9565217391304348,0.9886695906432749,0.9975833545004098,0.9736842105263158,0.875,0.9736842105263158
0.8985507246376812,0.9328338239229328,0.9627188401651157,0.9702970297029703,0.7027027027027027,0.9333333333333333
0.9395973154362416,0.9916129032258065,0.9982562556351136,0.9435483870967742,0.92,0.9629629629629629
0.9180327868852459,0.9322935129386742,0.9645996543470621,0.967032967032967,0.7741935483870968,0.946236559139785
0.8947368421052632,0.9813019390581718,0.9906506049754299,0.9078947368421053,0.868421052631579,0.92
0.8823529411764706,0.9502923976608187,0.9705265443347928,0.9506172839506173,0.7368421052631579,0.9166666666666666
0.90625,0.9806122448979591,0.9942080778465142,0.9489795918367347,0.7666666666666667,0.9393939393939394
0.930379746835443,0.982390873015873,0.9956504705711219,0.9761904761904762,0.75,0.9571984435797666
0.9322033898305084,0.9691133720930233,0.9832902037181492,0.9534883720930233,0.875,0.9534883720930233
0.9194630872483222,0.9627371273712737,0.9779087761047992,0.9444444444444444,0.8536585365853658,0.9444444444444444
0.9407894736842105,0.99306851506265,0.9981747790108972,0.9421487603305785,0.9354838709677419,0.9620253164556962
0.8872180451127819,0.8845565749235474,0.9486620927180031,0.9357798165137615,0.6666666666666666,0.9315068493150684
0.9243697478991597,0.9846808510638297,0.9959081594210395,0.9468085106382979,0.84,0.9518716577540107
0.8863636363636364,0.9114583333333333,0.9341601567241375,0.9479166666666666,0.7222222222222222,0.9238578680203046
0.9626865671641791,0.9953823953823954,0.9983478225298986,0.9696969696969697,0.9428571428571428,0.9746192893401016
0.921875,0.9210714285714287,0.963249237142415,0.96,0.7857142857142857,0.9504950495049505
0.8992805755395683,0.9258360302049622,0.9622768107529516,0.9805825242718447,0.6666666666666666,0.9351851851851852
0.9076923076923077,0.9231019876181167,0.9604931584927944,0.9797979797979798,0.6774193548387096,0.941747572815534
0.8972602739726028,0.9825690533655136,0.9948942400463425,0.911504424778761,0.8484848484848485,0.9321266968325792
0.8898305084745762,0.9403332041844247,0.9721316816411543,0.9325842696629213,0.7586206896551724,0.9273743016759777
0.8680555555555556,0.9302455357142857,0.9666546856691108,0.9285714285714286,0.65625,0.9162995594713657
0.8759124087591241,0.9826536822884967,0.9946640269912804,0.8679245283018868,0.9032258064516129,0.9154228855721394
0.9371069182389937,0.9890948745910578,0.9975457910840801,0.9389312977099237,0.9285714285714286,0.9609375
0.9357142857142857,0.9620949074074074,0.9824190149934141,0.9537037037037037,0.875,0.958139534883721
0.8461538461538461,0.9288302277432713,0.9471057217316903,0.9404761904761905,0.6739130434782609,0.8876404494382022
0.9069767441860465,0.9451706608569355,0.976158732640414,0.9215686274509803,0.8518518518518519,0.94
0.8928571428571429,0.8931525735294117,0.9535995188154669,0.9117647058823529,0.8125,0.9323308270676691
0.9016393442622951,0.9170111287758347,0.9364270927470913,0.9764705882352941,0.7297297297297297,0.9325842696629213
0.9051724137931034,0.9309297912713472,0.9613060968479743,0.9647058823529412,0.7419354838709677,0.9371428571428572
0.8805970149253731,0.9462946294629463,0.9737771620172431,0.9207920792079208,0.7575757575757576,0.9207920792079208
0.8848920863309353,0.9040805511393747,0.9503207444592756,0.9509803921568627,0.7027027027027027,0.9238095238095239
0.9457831325301205,0.9402298850574713,0.9845961659852038,0.9655172413793104,0.8095238095238095,0.9688581314878892
0.9019607843137255,0.9365714285714285,0.9738310291903537,0.928,0.7857142857142857,0.9392712550607287
0.9166666666666666,0.9570473251028806,0.9769253410785721,0.9351851851851852,0.8611111111111112,0.9439252336448598
0.8660714285714286,0.9037207518220176,0.9430380081916071,0.9493670886075949,0.6666666666666666,0.9090909090909091
0.9425287356321839,0.9286563614744352,0.9767147601148353,0.9724137931034482,0.7931034482758621,0.9657534246575342
0.890625,0.9287199287199287,0.9538517590771962,0.9340659340659341,0.7837837837837838,0.9239130434782609
0.8943089430894309,0.9770897832817337,0.9897073325676915,0.9176470588235294,0.8421052631578947,0.9230769230769231
0.9090909090909091,0.945821854912764,0.9711866255228361,0.9494949494949495,0.7878787878787878,0.94
0.896,0.9616104868913857,0.9755890909414,0.9101123595505618,0.8611111111111112,0.9257142857142857
0.9467455621301775,0.9467455621301776,0.9725381888499078,0.9769230769230769,0.8461538461538461,0.9657794676806084
0.927007299270073,0.9691653375863902,0.9776709254664385,0.9191919191919192,0.9473684210526315,0.9479166666666666
0.9302325581395349,0.99009900990099,0.9971332192369823,0.9306930693069307,0.9285714285714286,0.9543147208121827
0.8938053097345132,0.9610016420361248,0.9808022732524322,0.9642857142857143,0.6896551724137931,0.9310344827586207
0.9716312056737588,0.9983755685510071,0.9996138198512341,0.9736842105263158,0.9629629629629629,0.9823008849557522
0.8970588235294118,0.9798280423280423,0.9947246890329962,0.9166666666666666,0.8214285714285714,0.9339622641509434
0.9076923076923077,0.9516339869281046,0.9615581861524178,0.9411764705882353,0.8444444444444444,0.9302325581395349
0.8666666666666667,0.9417293233082707,0.9738368930737777,0.9464285714285714,0.631578947368421,0.9137931034482759
0.9383561643835616,0.9758513931888545,0.9798931802221189,0.9578947368421052,0.9019607843137255,0.9528795811518325
0.9133333333333333,0.9441583084846842,0.9784959773375342,0.9495798319327731,0.7741935483870968,0.9456066945606695
0.9440559440559441,0.9942528735632183,0.9986733183873984,0.9568965517241379,0.8888888888888888,0.9652173913043478
0.912,0.9455535390199636,0.9661515997085295,0.9425287356321839,0.8421052631578947,0.9371428571428572
0.9305555555555556,0.9858374384236452,0.9966586954057856,0.9655172413793104,0.7857142857142857,0.9572649572649573
0.9256756756756757,0.9721819762387713,0.9934046179581993,0.9747899159663865,0.7241379310344828,0.9547325102880658
0.9469026548672567,0.9915123456790124,0.9965324931172646,0.9506172839506173,0.9375,0.9625
0.9069767441860465,0.9419191919191919,0.9682120065361852,0.9583333333333334,0.7575757575757576,0.9387755102040817
0.9426229508196722,0.9693564862104188,0.9807268718101545,0.9438202247191011,0.9393939393939394,0.96
0.9466666666666667,0.9950372208436724,0.9989495516126657,0.9516129032258065,0.9230769230769231,0.9672131147540983
0.9452054794520548,0.9951267056530215,0.9982462159721983,0.9444444444444444,0.9473684210526315,0.9622641509433962
0.9126984126984127,0.9576138147566718,0.9738392385930564,0.9340659340659341,0.8571428571428571,0.9392265193370166
0.937007874015748,0.9943074003795066,0.9978817214564522,0.9354838709677419,0.9411764705882353,0.9560439560439561
0.8849557522123894,0.9410569105691057,0.9496135931795184,0.9305555555555556,0.8048780487804879,0.9115646258503401
0.9262295081967213,0.9241237113402062,0.9710794600350526,0.9896907216494846,0.68,0.9552238805970149
0.8571428571428571,0.939403453689168,0.9683883198953099,0.9340659340659341,0.6571428571428571,0.9042553191489362
0.935251798561151,0.9605504587155963,0.9817897211345434,0.9541284403669725,0.8666666666666667,0.9585253456221198
0.9583333333333334,0.9971453040251214,0.9992181290964295,0.9646017699115044,0.9354838709677419,0.9732142857142857
0.9115646258503401,0.9386522568340749,0.9805588285302322,0.9421487603305785,0.7692307692307693,0.946058091286307
0.9264705882352942,0.9216269841269841,0.9667914102813471,0.9722222222222222,0.75,0.9545454545454546
0.9705882352941176,0.9929019929019929,0.9972524699109943,0.9797979797979798,0.9459459459459459,0.9797979797979798
0.9530201342281879,0.995575221238938,0.9985982889756873,0.9646017699115044,0.9166666666666666,0.9688888888888889
0.9433962264150944,0.9445378151260504,0.9678490678436249,0.9663865546218487,0.875,0.9623430962343096
0.935251798561151,0.955026455026455,0.9803681367876143,0.9464285714285714,0.8888888888888888,0.9592760180995475
0.9172413793103448,0.9747826086956521,0.9933565703326623,0.9478260869565217,0.8,0.9478260869565217
0.912751677852349,0.9144037780401417,0.9647511006509473,0.9504132231404959,0.75,0.9465020576131687
0.9166666666666666,0.9788387096774194,0.9949112865104955,0.976,0.6774193548387096,0.9494163424124513
0.9333333333333333,0.9813888888888889,0.995346852804661,0.9666666666666667,0.8,0.9586776859504132
0.8992805755395683,0.9331779331779332,0.9806970847116301,0.9230769230769231,0.7727272727272727,0.9391304347826087
0.9485294117647058,0.9920948616600791,0.9962898745362496,0.9782608695652174,0.8863636363636364,0.9625668449197861
0.9266666666666666,0.9423999999999999,0.9803720110937483,0.952,0.8,0.9558232931726908
0.9230769230769231,0.9368836291913215,0.9570017108534623,0.9615384615384616,0.8205128205128205,0.9478672985781991
0.864,0.9101123595505618,0.9363436332235668,0.9438202247191011,0.6666666666666666,0.9081081081081082
0.9333333333333333,0.9902407286922577,0.9973989775832484,0.9622641509433962,0.8275862068965517,0.9577464788732394
0.8955223880597015,0.9719298245614035,0.9878655762773919,0.9052631578947369,0.8717948717948718,0.9247311827956989
0.9193548387096774,0.949290780141844,0.9762799641718463,0.9574468085106383,0.8,0.9473684210526315
0.9024390243902439,0.9126050420168067,0.9419301156481931,0.9495798319327731,0.7777777777777778,0.9338842975206612
0.9343065693430657,0.9665071770334929,0.9809100393100126,0.9696969696969697,0.8421052631578947,0.9552238805970149
0.8780487804878049,0.9311688311688312,0.96053288488426,0.9318181818181818,0.7428571428571429,0.9162011173184358
0.9259259259259259,0.9498412698412698,0.9773551115269947,0.9523809523809523,0.8333333333333334,0.9523809523809523
0.9541984732824428,0.9923076923076923,0.9981112185439273,0.9809523809523809,0.8461538461538461,0.9716981132075472
0.8931297709923665,0.9601648351648352,0.9715225257342301,0.945054945054945,0.775,0.9247311827956989
0.9214285714285714,0.9245833333333333,0.9771533082425868,0.9416666666666667,0.8,0.9535864978902954
0.9606299212598425,0.9966666666666667,0.9991007887811221,0.97,0.9259259259259259,0.9748743718592965
0.8992248062015504,0.9723674383868558,0.9932460944109825,0.9514563106796117,0.6923076923076923,0.937799043062201
0.8938053097345132,0.9832191780821918,0.9915510840343362,0.958904109589041,0.775,0.9210526315789473
0.9328358208955224,0.9924403496338293,0.9956068980853522,0.9759036144578314,0.8627450980392157,0.9473684210526315
0.8895705521472392,0.9176319176319175,0.9591903990127564,0.9365079365079365,0.7297297297297297,0.9291338582677166
0.9153846153846154,0.9528272414870353,0.9740235811035327,0.9381443298969072,0.8484848484848485,0.9430051813471503
0.9323308270676691,0.9832384566729917,0.9950407039689912,0.9803921568627451,0.7741935483870968,0.9569377990430622
0.984375,0.9993961352657005,0.9997649755066367,0.9891304347826086,0.9722222222222222,0.9891304347826086
0.8666666666666667,0.9044444444444445,0.9493797741477459,0.9333333333333333,0.6666666666666666,0.9130434782608695
0.9236111111111112,0.9833664349553128,0.9941189292877518,0.9622641509433962,0.8157894736842105,0.9488372093023256
0.9411764705882353,0.9587301587301588,0.9832224901602042,0.9777777777777777,0.8,0.9635036496350365
0.8487394957983193,0.8940870695256661,0.925955178349831,0.9382716049382716,0.6578947368421053,0.8941176470588236
0.950354609929078,0.9705882352941176,0.9812106569922229,0.9705882352941176,0.8974358974358975,0.9658536585365853
0.9161290322580645,0.9788526981040351,0.9941399699611531,0.9504132231404959,0.7941176470588235,0.9465020576131687
0.9103448275862069,0.9815584415584415,0.9940721923534651,0.9272727272727272,0.8571428571428571,0.9400921658986175
0.9090909090909091,0.9313664596273291,0.9718413206599398,0.9652173913043478,0.6785714285714286,0.9446808510638298
0.9,0.9421875000000001,0.9536571260340329,0.9625,0.775,0.927710843373494
0.9379310344827586,1.0,1.0,0.91,1.0,0.9528795811518325
0.9102564102564102,0.8837903882704318,0.9578437099526298,0.968503937007874,0.6551724137931034,0.9461538461538461
0.9539473684210527,0.9714285714285714,0.9808186036284728,0.9732142857142857,0.9,0.9688888888888889
0.9171597633136095,0.9784427284427284,0.9967896402260474,0.9256756756756757,0.8571428571428571,0.9513888888888888
0.9029850746268657,0.9754385964912281,0.9955982539998062,0.9210526315789473,0.8,0.9417040358744395
0.9166666666666666,0.9625529143601432,0.9732199013544853,0.963855421686747,0.8108108108108109,0.9411764705882353
0.8867924528301887,0.9124579124579125,0.964078235751241,0.9444444444444444,0.6666666666666666,0.9296875
0.8991596638655462,0.9591836734693877,0.9712558020306892,0.974025974025974,0.7619047619047619,0.9259259259259259
0.9496402877697842,0.963407661520869,0.9804526582193486,0.9811320754716981,0.8484848484848485,0.9674418604651163
0.8898305084745762,0.9534368070953436,0.9677194997529434,0.961038961038961,0.7560975609756098,0.9192546583850931
0.9571428571428572,0.9940542549238202,0.998843139725396,0.9743589743589743,0.8695652173913043,0.9743589743589743
0.9384615384615385,0.9341805148256761,0.9647497764817071,0.9696969696969697,0.8387096774193549,0.96
0.9098360655737705,0.9290721649484537,0.969368948831417,0.9484536082474226,0.76,0.9435897435897436
0.9415584415584416,0.962234461054288,0.9862591587169622,0.975609756097561,0.8064516129032258,0.963855421686747
0.8629032258064516,0.9660342717258262,0.9854522810555393,0.9069767441860465,0.7631578947368421,0.9017341040462428
0.9308176100628931,0.9551411290322581,0.9826443982204771,0.9609375,0.8064516129032258,0.9571984435797666
0.8740157480314961,0.967391304347826,0.988426550545754,0.9456521739130435,0.6857142857142857,0.9157894736842105
0.9166666666666666,0.9534813925570229,0.9741846715798659,0.9591836734693877,0.7941176470588235,0.9447236180904522
0.8916666666666667,0.9412656309208033,0.9742179874613611,0.9560439560439561,0.6896551724137931,0.93048128342246
0.9299363057324841,0.9325681492109039,0.9675130733925843,0.975609756097561,0.7647058823529411,0.9561752988047809
0.9495798319327731,0.9724358974358974,0.9804599544427677,0.9875,0.8717948717948718,0.9634146341463414
0.9305555555555556,0.9361049107142858,0.9706752985619383,0.9553571428571429,0.84375,0.9553571428571429
0.9115646258503401,0.9423769507803121,0.9802658646146728,0.9663865546218487,0.6785714285714286,0.9465020576131687
0.9419354838709677,0.9460345855694693,0.9800544413730219,0.9767441860465116,0.7692307692307693,0.9655172413793104
0.9407894736842105,0.9897111199050258,0.9984933335161371,0.9473684210526315,0.8947368421052632,0.9655172413793104
0.9202898550724637,0.9675456389452333,0.9659908737024714,0.9425287356321839,0.8823529411764706,0.9371428571428572
0.903448275862069,0.9325068870523415,0.9765719209513526,0.9504132231404959,0.6666666666666666,0.9426229508196722
0.9357142857142857,0.9583333333333334,0.970703343770754,0.9615384615384616,0.8611111111111112,0.9569377990430622
0.9166666666666666,0.9796201945345067,0.9971904299672038,0.9291338582677166,0.8235294117647058,0.9516129032258065
0.9271523178807947,0.939307728781413,0.9694005448564406,0.9736842105263158,0.7837837837837838,0.9527896995708155
0.9047619047619048,0.9859448204060385,0.9960113769601191,0.9557522123893806,0.7352941176470589,0.9391304347826087
0.903448275862069,0.8656450463292944,0.9580635669753462,0.9508196721311475,0.6521739130434783,0.943089430894309
0.9440559440559441,0.996583850931677,0.9991403805754712,0.9391304347826087,0.9642857142857143,0.9642857142857143
0.8947368421052632,0.925249169435216,0.962813995395621,0.9534883720930233,0.7142857142857143,0.9318181818181818
0.9112903225806451,0.9601307189542484,0.9723818111919584,0.9666666666666667,0.7647058823529411,0.9405405405405406
0.926829268292683,0.9643962848297214,0.9769111119891462,0.9529411764705882,0.868421052631579,0.9473684210526315
0.9178082191780822,0.9876262626262626,0.9959685743632833,0.9363636363636364,0.8611111111111112,0.944954128440367
0.937984496124031,0.9892676767676768,0.9963346452109749,0.9583333333333334,0.8787878787878788,0.9583333333333334
0.8993288590604027,0.9248511904761905,0.9796609841484636,0.921875,0.7619047619047619,0.9402390438247012
0.9508196721311475,0.9942028985507246,0.9980823381293888,0.9565217391304348,0.9333333333333333,0.967032967032967
0.9230769230769231,0.9492647058823529,0.9697532368416277,0.9882352941176471,0.75,0.9491525423728814
0.9389312977099237,0.9654838709677419,0.9829666652500921,0.94,0.9354838709677419,0.9591836734693877
0.9402985074626866,0.9895833333333334,0.9967410366989483,0.9607843137254902,0.875,0.9607843137254902
0.9411764705882353,0.9956268221574344,0.9990359912352548,0.9387755102040817,0.9523809523809523,0.9633507853403142
0.9393939393939394,0.9884375,0.9962617516988093,0.96,0.875,0.96
0.9022556390977443,0.9817239498090562,0.9924831334236462,0.925531914893617,0.8461538461538461,0.93048128342246
0.9322033898305084,0.9898459383753502,0.9960044636089675,0.9642857142857143,0.8529411764705882,0.9529411764705882
0.9113924050632911,0.9736717267552183,0.992967855292607,0.9596774193548387,0.7352941176470589,0.9444444444444444
0.922077922077922,0.9815126050420168,0.9944449923376047,0.9411764705882353,0.8571428571428571,0.9491525423728814
0.9425287356321839,0.9950202303143479,0.9992907046839562,0.9411764705882353,0.9523809523809523,0.9664429530201343
0.9602649006622517,0.9979395604395604,0.9992654415764007,0.9553571428571429,0.9743589743589743,0.9727272727272728
0.948905109489051,0.9952991452991453,0.9991700051997645,0.9487179487179487,0.95,0.9694323144104804
0.9230769230769231,0.9467455621301775,0.9813296783696311,0.9572649572649573,0.7692307692307693,0.9531914893617022
0.9554140127388535,0.9878183831672204,0.9972555496414995,0.9689922480620154,0.8928571428571429,0.9727626459143969
0.9097222222222222,0.9761668321747766,0.9913693196899596,0.9339622641509434,0.8421052631578947,0.9383886255924171
0.8955223880597015,0.94487942373943,0.9758516393346635,0.9320388349514563,0.7741935483870968,0.9320388349514563
0.951048951048951,1.0,1.0,0.943089430894309,1.0,0.9707112970711297
0.9186991869918699,0.961659333752357,0.9756615562762907,0.9651162790697675,0.8108108108108109,0.9431818181818182
0.9281437125748503,0.9794450154162384,0.9957846570862737,0.9496402877697842,0.8214285714285714,0.9565217391304348
0.9015151515151515,0.9743589743589745,0.9895938172795187,0.956989247311828,0.7692307692307693,0.9319371727748691
0.952054794520548,0.9412698412698413,0.9851251727234326,0.9920634920634921,0.7,0.9727626459143969
0.8939393939393939,0.9766714082503557,0.9914105519173962,0.9578947368421052,0.7297297297297297,0.9285714285714286
0.9496402877697842,0.9844202898550726,0.9967017609382165,0.9739130434782609,0.8333333333333334,0.9696969696969697
0.9310344827586207,0.9289855072463767,0.9666178041559175,0.9565217391304348,0.8333333333333334,0.9565217391304348
0.8625954198473282,0.9162087912087913,0.948927636508321,0.945054945054945,0.675,0.9052631578947369
0.8955223880597015,0.8998165137614679,0.9609091181922995,0.9541284403669725,0.64,0.9369369369369369
0.924812030075188,0.9608671171171171,0.976803588311343,0.9479166666666666,0.8648648648648649,0.9479166666666666
0.9183673469387755,0.9582869855394883,0.9820506316666007,0.9568965517241379,0.7741935483870968,0.9487179487179487
0.9202898550724637,0.9428104575163399,0.9671612188157536,0.9705882352941176,0.7777777777777778,0.9473684210526315
0.8835616438356164,0.8797028516654685,0.9270704575965333,0.9345794392523364,0.7435897435897436,0.9216589861751152
0.9172413793103448,0.8818229994700583,0.9403001933595674,0.972972972972973,0.7352941176470589,0.9473684210526315
0.9477124183006536,0.9909784871616932,0.9984441681801053,0.9541984732824428,0.9090909090909091,0.9689922480620154
0.8617886178861789,0.9452706722189173,0.9514624088084789,0.8902439024390244,0.8048780487804879,0.8957055214723927
0.889763779527559,0.9011111111111112,0.9604555583148268,0.94,0.7037037037037037,0.9306930693069307
0.9074074074074074,0.9434842249657065,0.9829137118189581,0.9333333333333333,0.7777777777777778,0.9438202247191011
0.8979591836734694,0.9457516339869281,0.9611358157951299,0.9215686274509803,0.8444444444444444,0.9261083743842364
0.9424460431654677,0.9972770592239618,0.9993619472411333,0.9380530973451328,0.9615384615384616,0.9636363636363636
0.8962962962962963,0.9356796116504854,0.9671684986062514,0.9320388349514563,0.78125,0.9320388349514563
0.9130434782608695,0.980295566502463,0.9938117738929669,0.9540229885057471,0.7857142857142857,0.9431818181818182
0.9212121212121213,0.9628245476003147,0.9796580076670411,0.9435483870967742,0.8536585365853658,0.9473684210526315
0.9015151515151515,0.85,0.9266857760239171,0.9607843137254902,0.7,0.937799043062201
0.9147286821705426,0.948626045400239,0.9720813586853534,0.967741935483871,0.7777777777777778,0.9424083769633508
0.935251798561151,0.9053221288515406,0.9493110534123882,1.0,0.7352941176470589,0.958904109589041
0.9568345323741008,0.9956112852664577,0.9988350294153477,0.9636363636363636,0.9310344827586207,0.9724770642201835
0.8790322580645161,0.9305196669537755,0.9353726849288597,0.9506172839506173,0.7441860465116279,0.9112426035502958
0.9308176100628931,0.98656330749354,0.9968303160645842,0.9457364341085271,0.8666666666666667,0.9568627450980393
0.9349593495934959,0.9431673052362708,0.9625517361330556,0.9655172413793104,0.8611111111111112,0.9545454545454546
0.9319727891156463,0.9910671173346209,0.9969614378429542,0.963302752293578,0.8421052631578947,0.9545454545454546
0.9393939393939394,0.9386574074074074,0.9649300185180294,0.9895833333333334,0.8055555555555556,0.9595959595959596
0.9307692307692308,0.9158576051779935,0.9557104911366952,0.9514563106796117,0.8518518518518519,0.9560975609756097
0.9490445859872612,0.937007874015748,0.9736411537133605,0.968503937007874,0.8666666666666667,0.968503937007874
0.9125,0.9883512544802867,0.9965658058360654,0.9193548387096774,0.8888888888888888,0.9421487603305785
0.9632352941176471,0.9981566820276497,0.9994477447053804,0.9619047619047619,0.967741935483871,0.9758454106280193
0.9605263157894737,0.9953917050691243,0.9989483504623617,0.967741935483871,0.9285714285714286,0.975609756097561
0.8721804511278195,0.9263124604680582,0.9693047211269172,0.9509803921568627,0.6129032258064516,0.919431279620853
0.8869565217391304,0.9455337690631808,0.9704093972078534,0.9629629629629629,0.7058823529411765,0.9230769230769231
0.9452054794520548,0.9973196881091617,0.9990238898661553,0.9351851851851852,0.9736842105263158,0.9619047619047619
0.918918918918919,0.9820022497187851,0.9969262184195263,0.9291338582677166,0.8571428571428571,0.9516129032258065
0.9217391304347826,0.9614285714285715,0.9754785583995372,0.975,0.8,0.9454545454545454
0.9562043795620438,0.9915501165501165,0.9973218399487458,0.9807692307692307,0.8787878787878788,0.9714285714285714
0.9076923076923077,0.987794245858762,0.9953747338756003,0.946236559139785,0.8108108108108109,0.9361702127659575
0.9214285714285714,0.9326047358834244,0.9817840406497411,0.9344262295081968,0.8333333333333334,0.9539748953974896
0.90625,0.9727891156462585,0.9918381294678794,0.9591836734693877,0.7333333333333333,0.94
0.9602272727272727,0.9914748508098892,0.9986813879294583,0.9673202614379085,0.9130434782608695,0.976897689768977
0.9212598425196851,0.9874847374847375,0.9952760453463089,0.967032967032967,0.8055555555555556,0.946236559139785
0.9230769230769231,0.9411571334648258,0.9792747475324194,0.9572649572649573,0.7692307692307693,0.9531914893617022
0.9071428571428571,0.9430756159728123,0.9742262215494562,0.9439252336448598,0.7878787878787878,0.9395348837209302
0.9242424242424242,0.9502902757619738,0.9807212901181153,0.9528301886792453,0.8076923076923077,0.9528301886792453
0.950354609929078,0.962962962962963,0.9802211471063029,0.9814814814814815,0.8484848484848485,0.9680365296803652
0.9212598425196851,0.9658045977011495,0.9742075174436448,0.9310344827586207,0.9,0.9418604651162791
0.907563025210084,0.9852564102564103,0.9934491811705954,0.9875,0.7435897435897436,0.9349112426035503
0.8922155688622755,0.9247401247401247,0.9648934531229784,0.9538461538461539,0.6756756756756757,0.9323308270676691
0.9241379310344827,0.9654377880184332,0.9941039417771006,0.9596774193548387,0.7142857142857143,0.9558232931726908
0.9333333333333333,0.9586776859504132,0.9843611764619336,0.9504132231404959,0.8620689655172413,0.9583333333333334
0.9113924050632911,0.9460955710955711,0.9830303729021235,0.9318181818181818,0.8076923076923077,0.9461538461538461
0.9440993788819876,0.9593698175787728,0.9862667371184548,0.9552238805970149,0.8888888888888888,0.9660377358490566
0.9345238095238095,0.981563280199731,0.9940135680878497,0.9606299212598425,0.8536585365853658,0.9568627450980393
0.8611111111111112,0.906951871657754,0.957403725971868,0.9454545454545454,0.5882352941176471,0.9122807017543859
0.9280575539568345,0.9445378151260504,0.9851946805830843,0.957983193277311,0.75,0.957983193277311
0.9124087591240876,0.9506999391357274,0.9761003056761876,0.9433962264150944,0.8064516129032258,0.9433962264150944
0.9076923076923077,0.9565602836879433,0.9755938322185757,0.9468085106382979,0.8055555555555556,0.9368421052631579
0.9212121212121213,0.9612403100775193,0.9837869011716485,0.9534883720930233,0.8055555555555556,0.9498069498069498
0.911504424778761,0.9374110953058321,0.9481082409392836,0.9605263157894737,0.8108108108108109,0.9358974358974359
0.9178082191780822,0.9890710382513662,0.9977826675261743,0.9180327868852459,0.9166666666666666,0.9491525423728814
0.9103448275862069,0.940677966101695,0.9783159860897085,0.9491525423728814,0.7407407407407407,0.9451476793248945
0.9259259259259259,0.9651162790697674,0.9765520238665817,0.9565217391304348,0.8604651162790697,0.946236559139785
0.95,0.9758822036049759,0.9844471262461575,0.9504950495049505,0.9487179487179487,0.964824120603015
0.9140625,0.983372131692717,0.9947862674033721,0.9484536082474226,0.8064516129032258,0.9435897435897436
0.912751677852349,0.9308035714285714,0.9822655555875448,0.9453125,0.7142857142857143,0.9490196078431372
0.9349112426035503,0.9726315789473683,0.9963727207778436,0.9533333333333334,0.7894736842105263,0.9629629629629629
0.9370629370629371,0.9565217391304347,0.9806064601280363,0.9565217391304348,0.8571428571428571,0.9606986899563319
0.9051724137931034,0.9365721997300944,0.9461129707763347,0.9358974358974359,0.8421052631578947,0.9299363057324841
0.9775280898876404,0.9981699346405228,0.9996972483122827,0.9803921568627451,0.96,0.9868421052631579
0.9136690647482014,0.9253822629969419,0.9644526389082898,0.9357798165137615,0.8333333333333334,0.9444444444444444
0.9390243902439024,0.9527363184079602,0.9820128069994201,0.9626865671641791,0.8333333333333334,0.9626865671641791
0.9315068493150684,0.9484289617486339,0.9824756478217067,0.9590163934426229,0.7916666666666666,0.9590163934426229
0.9142857142857143,0.9813084112149533,0.9942860947143162,0.9439252336448598,0.8181818181818182,0.9439252336448598
0.9240506329113924,0.9805673442037077,0.9941149612912163,0.9586776859504132,0.8108108108108109,0.9508196721311475
0.912751677852349,0.9558397683397684,0.976825494693521,0.9375,0.8378378378378378,0.9417040358744395
0.927007299270073,0.9880459770114942,0.9933855473627616,0.9655172413793104,0.86,0.9438202247191011
0.900709219858156,0.9716169724770642,0.9919243730224241,0.9541284403669725,0.71875,0.9369369369369369
0.94375,0.950487012987013,0.9816781648740607,0.9772727272727273,0.7857142857142857,0.9662921348314607
0.8828125,0.9132814750792279,0.9425097163055649,0.9325842696629213,0.7692307692307693,0.9171270718232044
0.9103448275862069,0.97677793904209,0.9916082103630753,0.9528301886792453,0.7948717948717948,0.9395348837209302
0.9470198675496688,0.9935483870967742,0.9982972073445934,0.95,0.9354838709677419,0.9661016949152542
0.916083916083916,0.983026874115983,0.9932729348182623,0.9801980198019802,0.7619047619047619,0.9428571428571428
0.9225352112676056,0.9905935050391937,0.9955123716198858,0.9473684210526315,0.8723404255319149,0.9424083769633508
0.8783783783783784,0.8943089430894309,0.9627436805255203,0.9105691056910569,0.72,0.9256198347107438
0.9111111111111111,0.9431243680485338,0.9555056910909443,0.9456521739130435,0.8372093023255814,0.9354838709677419
0.8931297709923665,0.924404761904762,0.9539741752248379,0.9375,0.7714285714285715,0.9278350515463918
0.9264705882352942,0.964741185296324,0.9767872511122325,0.967741935483871,0.8372093023255814,0.9473684210526315
0.9470198675496688,0.9616724738675958,0.9860084392859869,0.967479674796748,0.8571428571428571,0.967479674796748
0.8840579710144928,0.9435375970029435,0.9726745997101238,0.9504950495049505,0.7027027027027027,0.9230769230769231
0.9436619718309859,0.9936057825966084,0.9980558173375438,0.9541284403669725,0.9090909090909091,0.9629629629629629
0.8888888888888888,0.9183045228510538,0.9408473377770898,0.9514563106796117,0.7317073170731707,0.9245283018867925
0.9,0.8869488014205386,0.9518738538375744,0.981651376146789,0.6129032258064516,0.9385964912280702
0.9136690647482014,0.9890568004168837,0.9958665796215027,0.9207920792079208,0.8947368421052632,0.9393939393939394
0.9104477611940298,0.9818059299191374,0.9950936328896172,0.9245283018867925,0.8571428571428571,0.9423076923076923
0.8986486486486487,0.9531707317073171,0.9904516462826092,0.943089430894309,0.68,0.9392712550607287
0.8880597014925373,0.9750673854447439,0.9933243995125282,0.9056603773584906,0.8214285714285714,0.927536231884058
0.9333333333333333,0.9472704714640199,0.9816377265559917,0.9516129032258065,0.8461538461538461,0.959349593495935
0.9111111111111111,0.942942942942943,0.9797866854527192,0.9369369369369369,0.7916666666666666,0.9454545454545454
0.9210526315789473,0.959122632103689,0.981567989089637,0.9576271186440678,0.7941176470588235,0.9495798319327731
0.9389312977099237,1.0,1.0,0.9223300970873787,1.0,0.9595959595959596
0.9653179190751445,0.9571014492753624,0.9874444077116914,0.9733333333333334,0.9130434782608695,0.9798657718120806
0.9024390243902439,0.9366279069767443,0.9305630336883681,0.95,0.813953488372093,0.926829268292683
0.9230769230769231,0.918748205569911,0.9715183360216689,0.9457364341085271,0.8148148148148148,0.953125
0.9083969465648855,0.9483356449375867,0.9790039055853561,0.9514563106796117,0.75,0.9423076923076923
0.9312977099236641,0.9717032967032967,0.9793895356357196,0.967032967032967,0.85,0.9513513513513514
0.8785714285714286,0.9145578231292517,0.9567477504120065,0.9619047619047619,0.6285714285714286,0.9223744292237442
0.9262295081967213,0.9802955665024631,0.9922646293989357,0.9885057471264368,0.7714285714285715,0.9502762430939227
0.9202898550724637,0.9589506172839507,0.9821956513901888,0.9444444444444444,0.8333333333333334,0.9488372093023256
0.8866666666666667,0.9330555555555555,0.9752386568543481,0.9333333333333333,0.7,0.9294605809128631
0.9421487603305785,0.9978111319574734,0.9989398892982742,0.926829268292683,0.9743589743589743,0.9559748427672956
0.927710843373494,0.9166666666666666,0.9668193483879273,0.9637681159420289,0.75,0.9568345323741008
0.9496402877697842,0.9896661367249602,0.9962624167042289,0.9803921568627451,0.8648648648648649,0.966183574879227
0.926829268292683,0.9587813620071685,0.9783207085748922,0.967741935483871,0.8,0.9523809523809523
0.8920863309352518,0.9499766245909304,0.9608553891813707,0.9247311827956989,0.8260869565217391,0.9197860962566845
0.9236111111111112,0.9836257309941521,0.9956025106073909,0.9385964912280702,0.8666666666666667,0.9511111111111111
0.926829268292683,0.944091990483743,0.9729809145128014,0.9587628865979382,0.8076923076923077,0.9538461538461539
0.9316770186335404,0.9866004962779157,0.9968210007024364,0.9538461538461539,0.8387096774193549,0.9575289575289575
0.8888888888888888,0.897783251231527,0.9533946019825255,0.9224137931034483,0.75,0.9304347826086956
0.9054054054054054,0.9286978508217446,0.9623345156521087,0.9469026548672567,0.7714285714285715,0.9385964912280702
0.9225806451612903,0.9823100936524454,0.9955412655498304,0.9435483870967742,0.8387096774193549,0.9512195121951219
0.9183673469387755,0.9436065573770491,0.9805078065529875,0.9590163934426229,0.72,0.9512195121951219
0.9361702127659575,0.9235145385587864,0.9686191436387046,0.9734513274336283,0.7857142857142857,0.9606986899563319
0.9060402684563759,0.9527168234064786,0.9720418820118784,0.9224137931034483,0.8484848484848485,0.9385964912280702
0.8943661971830986,0.9500643500643501,0.9720736823584103,0.9428571428571428,0.7567567567567568,0.9295774647887324
0.9154929577464789,0.9808700209643606,0.9936843904677891,0.9622641509433962,0.7777777777777778,0.9444444444444444
0.9457364341085271,0.9951724137931034,0.9985913903705813,0.95,0.9310344827586207,0.9644670050761421
0.9370629370629371,0.9616402116402116,0.982164001681792,0.9814814814814815,0.8,0.9592760180995475
0.9290322580645162,0.9519104084321476,0.9860469293636425,0.9393939393939394,0.8695652173913043,0.9575289575289575
0.8712121212121212,0.9129648760330579,0.9261346220737525,0.9204545454545454,0.7727272727272727,0.9050279329608939
0.9047619047619048,0.9584398976982097,0.9769062482599643,0.9347826086956522,0.8235294117647058,0.9347826086956522
0.9217877094972067,0.930344827586207,0.9796154456681982,0.96,0.7241379310344828,0.9536423841059603
0.9337016574585635,0.9528205128205128,0.9881774243468014,0.9551282051282052,0.8,0.9612903225806452
0.9166666666666666,0.9157848324514991,0.9785192362155462,0.9365079365079365,0.7777777777777778,0.9516129032258065
0.9215686274509803,0.9512626262626263,0.9784933770109076,0.9416666666666667,0.8484848484848485,0.9495798319327731
0.9083969465648855,0.9274193548387096,0.963082215568744,0.93,0.8387096774193549,0.9393939393939394
0.8931297709923665,0.9858012170385395,0.995834853539979,0.8921568627450981,0.896551724137931,0.9285714285714286
0.9416058394160584,0.9963481436396836,0.9988869983837563,0.9339622641509434,0.967741935483871,0.9611650485436893
0.9398496240601504,0.9924098671726755,0.9976790927221288,0.9509803921568627,0.9032258064516129,0.9603960396039604
0.9703703703703703,0.9561335403726708,0.9842057623337735,0.9910714285714286,0.8695652173913043,0.9823008849557522
0.9271523178807947,0.9611570247933884,0.9815135684725322,0.9338842975206612,0.9,0.9535864978902954
0.9024390243902439,0.9861111111111112,0.9965795600595793,0.9090909090909091,0.875,0.9375
0.9420289855072463,0.9926593259926593,0.9981725975804319,0.9459459459459459,0.9259259259259259,0.963302752293578
0.9457364341085271,0.9932345360824743,0.9977800440228002,0.9587628865979382,0.90625,0.9637305699481865
0.9124087591240876,0.9467289719626168,0.9711680664740197,0.9345794392523364,0.8333333333333334,0.9433962264150944
0.9365079365079365,0.964006791171477,0.9800211356614049,0.9473684210526315,0.9032258064516129,0.9574468085106383
0.8846153846153846,0.9687741935483871,0.9924632255321788,0.928,0.7096774193548387,0.928
0.9367816091954023,0.9444444444444444,0.9823745007963349,0.96,0.7916666666666666,0.9632107023411371
0.9197080291970803,0.9866098600121729,0.9960471375215019,0.9339622641509434,0.8709677419354839,0.9473684210526315
0.9375,0.9923511805786498,0.9975461541095905,0.9484536082474226,0.9032258064516129,0.9583333333333334
0.8874172185430463,0.9102564102564102,0.9582958239986462,0.9658119658119658,0.6176470588235294,0.9300411522633745
0.9142857142857143,0.965587044534413,0.9923797529833656,0.9736842105263158,0.6538461538461539,0.9487179487179487
0.9290780141843972,0.9247787610619469,0.9715624105448082,0.9646017699115044,0.7857142857142857,0.956140350877193
0.9375,0.941022769690183,0.9871308221550398,0.9645390070921985,0.7368421052631579,0.9645390070921985
0.9315068493150684,0.9580459770114942,0.9818081261214797,0.9482758620689655,0.8666666666666667,0.9565217391304348
0.9536423841059603,0.9541538461538461,0.9831474458427673,0.968,0.8846153846153846,0.9718875502008032
0.9464285714285714,0.9569105691056911,0.972421610992257,0.9878048780487805,0.8333333333333334,0.9642857142857143
0.8767123287671232,0.8567307692307692,0.9499135928929843,0.9416666666666667,0.5769230769230769,0.9262295081967213
0.927536231884058,0.9522664835164835,0.9791197169524788,0.9375,0.8846153846153846,0.9545454545454546
0.9071428571428571,0.9281354051054385,0.9625944219397911,0.9433962264150944,0.7941176470588235,0.9389671361502347
0.9013157894736842,0.91796875,0.9632008623961785,0.9333333333333333,0.78125,0.9372384937238494
0.9361702127659575,0.9851453855878635,0.9963341978061009,0.9646017699115044,0.8214285714285714,0.960352422907489
0.9627329192546584,0.9719726144629867,0.9853251856919866,0.975609756097561,0.9210526315789473,0.975609756097561
0.9354838709677419,0.963499245852187,0.9739982986897819,0.9529411764705882,0.8974358974358975,0.9529411764705882
0.8873239436619719,0.8564323607427056,0.9477403392833316,0.9568965517241379,0.5769230769230769,0.9327731092436975
0.9565217391304348,0.9611094362375641,0.9747894916651555,0.9626168224299065,0.9354838709677419,0.9716981132075472
0.9262295081967213,0.9711399711399713,0.9763028832098959,0.987012987012987,0.8222222222222222,0.9440993788819876
0.9493670886075949,0.951492537313433,0.9859181735027761,0.9626865671641791,0.875,0.9699248120300752
0.9295774647887324,0.9928977272727273,0.997931834754838,0.9363636363636364,0.90625,0.9537037037037037
0.9583333333333334,0.9709362139917695,0.9827061797003641,0.9629629629629629,0.9444444444444444,0.9719626168224299
0.946969696969697,0.9954435808094344,0.9979620774121087,0.9560439560439561,0.926829268292683,0.9613259668508287
0.8796992481203008,0.9225806451612903,0.9489612957280169,0.946236559139785,0.725,0.9166666666666666
0.9206349206349206,0.9176954732510287,0.961168350473247,0.9595959595959596,0.7777777777777778,0.95
0.8561151079136691,0.9474006116207951,0.9858136903291248,0.908256880733945,0.6666666666666666,0.908256880733945
0.927536231884058,0.9336219336219336,0.9660632711545605,0.9619047619047619,0.8181818181818182,0.9528301886792453
0.9098360655737705,0.9610119047619048,0.9698058833540439,0.975,0.7857142857142857,0.9341317365269461
0.9320987654320988,0.9792584910552242,0.9952951112839714,0.9473684210526315,0.8620689655172413,0.9581749049429658
0.8846153846153846,0.93,0.9520548330663533,0.9333333333333333,0.775,0.9180327868852459
0.8978102189781022,0.957703081232493,0.9772026773554513,0.9215686274509803,0.8285714285714286,0.9306930693069307
0.9308176100628931,0.940537084398977,0.983816015011556,0.9632352941176471,0.7391304347826086,0.9597069597069597
0.9054054054054054,0.9742608695652173,0.9952088448838774,0.928,0.782608695652174,0.943089430894309
0.925,0.931134469010511,0.9531659238356927,0.9438202247191011,0.8709677419354839,0.9491525423728814
0.9024390243902439,0.974698795180723,0.987657846384326,0.927710843373494,0.85,0.927710843373494
0.8859649122807017,0.9580819307716735,0.9601262049500041,0.9402985074626866,0.8085106382978723,0.9064748201438849
0.9060402684563759,0.9823848238482384,0.9933929043025006,0.9351851851851852,0.8292682926829268,0.9351851851851852
0.9,0.904,0.9565264296498583,0.9368421052631579,0.76,0.9368421052631579
0.9020979020979021,0.9192377495462796,0.9641426925727044,0.956140350877193,0.6896551724137931,0.9396551724137931
0.9300699300699301,0.9566371681415929,0.9794028689066021,0.9469026548672567,0.8666666666666667,0.9553571428571429
0.9692307692307692,0.9966666666666667,0.998512353648016,0.9777777777777777,0.95,0.9777777777777777
0.8904109589041096,0.8884320175438597,0.9521073368745874,0.956140350877193,0.65625,0.9316239316239316
0.9477611940298507,0.9423529411764706,0.9698958150094987,1.0,0.7941176470588235,0.966183574879227
0.9338235294117647,0.989937106918239,0.9969992543156085,0.9339622641509434,0.9333333333333333,0.9565217391304348
0.9192546583850931,0.9408163265306122,0.983974048417339,0.9428571428571428,0.7619047619047619,0.9530685920577617
0.9152542372881356,0.9322916666666666,0.9770430150313014,0.96875,0.6818181818181818,0.9489795918367347
0.9487179487179487,0.9956709956709956,0.9982954195102128,0.9523809523809523,0.9393939393939394,0.963855421686747
0.8738738738738738,0.954225352112676,0.9644678548273553,0.9154929577464789,0.8,0.9027777777777778
0.927007299270073,0.9251369446135119,0.9641396894899615,0.9811320754716981,0.7419354838709677,0.9541284403669725
0.930379746835443,0.9806891329042029,0.9973254581021268,0.9496402877697842,0.7894736842105263,0.96
0.9325153374233128,0.9243437982501286,0.9712533929110895,0.9776119402985075,0.7241379310344828,0.9597069597069597
0.9707602339181286,0.9974489795918368,0.9995756851004701,0.9727891156462585,0.9583333333333334,0.9828178694158075
0.9722222222222222,0.9972699972699974,0.9991896145527653,0.9819819819819819,0.9393939393939394,0.9819819819819819
0.927536231884058,0.9188596491228069,0.9724145134348373,0.956140350877193,0.7916666666666666,0.956140350877193
0.9203539823008849,0.9945205479452055,0.9972122622573882,0.9726027397260274,0.825,0.9403973509933775
0.8888888888888888,0.9366279069767443,0.9460585710403081,0.9069767441860465,0.85,0.9176470588235294
0.9216867469879518,0.9486166007905138,0.9853553941853395,0.9300699300699301,0.8695652173913043,0.953405017921147
0.8854961832061069,0.9027484143763214,0.9241109178549256,0.9431818181818182,0.7674418604651163,0.9171270718232044
0.881578947368421,0.9307359307359307,0.9708369321531758,0.9243697478991597,0.7272727272727273,0.9243697478991597
0.9285714285714286,0.9310479158550837,0.9868079036106134,0.9403973509933775,0.8235294117647058,0.9594594594594594
0.924812030075188,0.9892163910855499,0.9973528815324394,0.9345794392523364,0.8846153846153846,0.9523809523809523
0.9682539682539683,0.9954448830853325,0.9981309939792621,0.9887640449438202,0.918918918918919,0.9777777777777777
0.9210526315789473,0.9255208333333333,0.9644797000357814,0.95,0.8125,0.95
0.9104477611940298,0.9875389408099688,0.9968097275179925,0.9158878504672897,0.8888888888888888,0.9423076923076923
0.9242424242424242,0.9468085106382979,0.9677299735378645,0.9893617021276596,0.7631578947368421,0.9489795918367347
0.9387755102040817,0.9235241502683362,0.9402606233242834,0.9711538461538461,0.8604651162790697,0.957345971563981
0.8958333333333334,0.9156429156429157,0.9609875193816718,0.963963963963964,0.6666666666666666,0.9344978165938864
0.9147286821705426,0.9858557284299859,0.9960634803316584,0.9306930693069307,0.8571428571428571,0.9447236180904522
0.9044117647058824,0.9273356401384084,0.9559017580796186,0.9705882352941176,0.7058823529411765,0.9383886255924171
0.8620689655172413,0.9466305951795376,0.9741974747473496,0.897196261682243,0.7631578947368421,0.9056603773584906
0.9343065693430657,0.9858585858585859,0.9965022360567755,0.9545454545454546,0.8518518518518519,0.958904109589041
0.8984375,0.9397727272727272,0.9546231928155398,0.9431818181818182,0.8,0.9273743016759777
0.9185185185185185,0.9668421052631578,0.9768536612776235,0.9473684210526315,0.85,0.9424083769633508
0.8934426229508197,0.941130604288499,0.9720326211822397,0.9263157894736842,0.7777777777777778,0.9312169312169312
0.9289940828402367,0.9723049434187017,0.9955250428171378,0.952054794520548,0.782608695652174,0.9586206896551724
0.9452054794520548,0.9966707021791767,0.9991829090324629,0.940677966101695,0.9642857142857143,0.9652173913043478
0.9183673469387755,0.9071837253655435,0.9608227508322472,0.9504132231404959,0.7692307692307693,0.9504132231404959
0.9320987654320988,0.9810733730878921,0.9958008937544159,0.9548872180451128,0.8275862068965517,0.9584905660377359
0.9124087591240876,0.9500000000000001,0.9821692071482848,0.9285714285714286,0.84,0.9454545454545454
0.9624060150375939,0.950197628458498,0.9824926424727439,0.9818181818181818,0.8695652173913043,0.9773755656108597
0.9111111111111111,0.9573684210526316,0.9713043230764139,0.9473684210526315,0.825,0.9375
0.9230769230769231,0.9288903061224489,0.958426443284287,0.9489795918367347,0.84375,0.9489795918367347
0.9387755102040817,0.9878787878787879,0.9985876068317097,0.946969696969697,0.8666666666666667,0.9652509652509652
0.9148936170212766,0.930952380952381,0.9577223531638079,0.9523809523809523,0.8055555555555556,0.9433962264150944
0.8739495798319328,0.9317784256559767,0.9335153972740783,0.9428571428571428,0.7755102040816326,0.8979591836734694
0.9090909090909091,0.9871441689623508,0.9957805033071848,0.9292929292929293,0.8484848484848485,0.9387755102040817
0.9076923076923077,0.9111830276878821,0.962549548103326,0.9514563106796117,0.7407407407407407,0.9423076923076923
0.90625,0.9576704545454545,0.9654828440740393,0.9204545454545454,0.875,0.9310344827586207
0.94,0.9542400000000001,0.9844483789647616,0.96,0.84,0.963855421686747
0.8861788617886179,0.9003012048192771,0.9241546597844181,0.9759036144578314,0.7,0.9204545454545454
0.921875,0.9399249061326659,0.9673287449186418,0.9680851063829787,0.7941176470588235,0.9479166666666666
0.9161676646706587,0.9556827820186599,0.9812039237003756,0.9465648854961832,0.8055555555555556,0.9465648854961832
0.8805970149253731,0.8995956873315364,0.9618780364321897,0.9433962264150944,0.6428571428571429,0.9259259259259259
0.9551282051282052,0.9750977567400699,0.983454658246859,0.9823008849557522,0.8837209302325582,0.9694323144104804
0.9551282051282052,0.9902146464646464,0.9982048835613277,0.9696969696969697,0.875,0.973384030418251
0.9015151515151515,0.9495590828924163,0.9754847369600583,0.9047619047619048,0.8888888888888888,0.9359605911330049
0.9536423841059603,0.9878048780487805,0.997284197302991,0.991869918699187,0.7857142857142857,0.9721115537848606
0.9447513812154696,0.9572072072072071,0.9846560402549132,0.9797297297297297,0.7878787878787878,0.9666666666666667
0.9523809523809523,0.9558641975308642,0.9811508174749701,0.9666666666666667,0.8888888888888888,0.9707112970711297
0.9426229508196722,0.9639057750759878,0.9841479323518981,0.9574468085106383,0.8928571428571429,0.9625668449197861
0.890625,0.9383462978968597,0.9597101901449215,0.9550561797752809,0.7435897435897436,0.9239130434782609
0.9097744360902256,0.972972972972973,0.9897832393398944,0.9583333333333334,0.7837837837837838,0.9387755102040817
0.8953488372093024,0.9100893997445721,0.9753373797676776,0.9448275862068966,0.6296296296296297,0.9383561643835616
0.9153846153846154,0.9848484848484849,0.9967354550522478,0.9166666666666666,0.9090909090909091,0.9473684210526315
0.9591836734693877,0.9803636363636363,0.9964704352911458,0.984,0.8181818181818182,0.9761904761904762
0.90625,0.9281676089125374,0.9614364100149029,0.9381443298969072,0.8064516129032258,0.9381443298969072
0.9523809523809523,0.9671201814058957,0.9758103225295507,0.9809523809523809,0.8809523809523809,0.9671361502347418
0.9069767441860465,0.9400000000000001,0.9790484651944408,0.9326923076923077,0.8,0.941747572815534
0.924812030075188,0.9860237596086653,0.9965612302685065,0.9716981132075472,0.7407407407407407,0.9537037037037037
0.9421487603305785,0.9836633663366336,0.9967093678094963,0.9603960396039604,0.85,0.9651741293532339
0.8978102189781022,0.9548648648648648,0.9754804419404498,0.97,0.7027027027027027,0.9326923076923077
0.9420289855072463,0.9894179894179894,0.9980351481311338,0.9487179487179487,0.9047619047619048,0.9652173913043478
0.9280575539568345,0.9901098901098901,0.9965895402548947,0.9326923076923077,0.9142857142857143,0.9509803921568627
0.9533333333333334,0.9950657894736842,0.9983506708778872,0.9732142857142857,0.8947368421052632,0.9688888888888889
0.910828025477707,0.8987081620669407,0.9681926008661983,0.9465648854961832,0.7307692307692307,0.9465648854961832
0.9212598425196851,0.9714285714285713,0.9797864436058581,0.9529411764705882,0.8571428571428571,0.9418604651162791
0.8916666666666667,0.9325735992402658,0.9483564947929635,0.9506172839506173,0.7692307692307693,0.9221556886227545
0.9603174603174603,0.9967416096448355,0.9988630876131779,0.978494623655914,0.9090909090909091,0.9732620320855615
0.946969696969697,0.9938781756963575,0.9979110564606185,0.9494949494949495,0.9393939393939394,0.9641025641025641
0.907563025210084,0.9645569620253165,0.9753045734237848,0.9620253164556962,0.8,0.9325153374233128
0.875968992248062,0.9421052631578948,0.9710815393332926,0.9263157894736842,0.7352941176470589,0.9166666666666666
0.8814814814814815,0.9133333333333333,0.9627044533434829,0.9333333333333333,0.7,0.9245283018867925
0.9205298013245033,0.9628019323671496,0.980203563642903,0.9391304347826087,0.8611111111111112,0.9473684210526315
0.9493670886075949,0.9923115079365079,0.998022723672328,0.9603174603174603,0.90625,0.968
0.9421965317919075,0.921455938697318,0.9697717491016589,0.9652777777777778,0.8275862068965517,0.9652777777777778
0.8916666666666667,0.974537037037037,0.9890152029469973,0.9047619047619048,0.8611111111111112,0.9212121212121213
0.9473684210526315,0.9570905285190999,0.9698850833226357,0.978021978021978,0.8809523809523809,0.9621621621621622
0.993421052631579,1.0,1.0,0.9925373134328358,1.0,0.9962546816479401
0.8983050847457628,0.9617208672086721,0.9720474897488676,0.9878048780487805,0.6944444444444444,0.9310344827586207
0.9338235294117647,0.9725288831835687,0.9805515903638216,0.9368421052631579,0.926829268292683,0.9518716577540107
0.9300699300699301,0.9307432432432432,0.9637935144557196,0.963963963963964,0.8125,0.9553571428571429
0.9214285714285714,0.9517543859649122,0.9832835995524106,0.956140350877193,0.7692307692307693,0.9519650655021834
0.9407407407407408,0.9243176178660049,0.9549022522178685,0.9615384615384616,0.8709677419354839,0.9615384615384616
0.9463087248322147,0.9913165266106443,0.9977815516802797,0.957983193277311,0.9,0.9661016949152542
0.948051948051948,0.960551724137931,0.985098473870177,0.984,0.7931034482758621,0.968503937007874
0.9281437125748503,0.9843453510436433,0.9964597377577984,0.9558823529411765,0.8064516129032258,0.9558823529411765
0.9259259259259259,0.9841269841269842,0.9953816878709748,0.9428571428571428,0.8666666666666667,0.9519230769230769
0.9416058394160584,0.9927835051546391,0.997147131568217,0.9896907216494846,0.825,0.96
0.8712121212121212,0.9263586956521739,0.9583239796432595,0.9565217391304348,0.675,0.9119170984455959
0.8646616541353384,0.8653846153846153,0.9425433255821095,0.9326923076923077,0.6206896551724138,0.9150943396226415
0.9447852760736196,0.9623091603053435,0.9839597737084018,0.9618320610687023,0.875,0.9655172413793104
0.9485294117647058,0.9283044512402311,0.9703210169866907,0.9908256880733946,0.7777777777777778,0.968609865470852
0.9315068493150684,0.9724056603773585,0.9853799398828627,0.9528301886792453,0.875,0.9528301886792453
0.9251700680272109,0.9280427631578947,0.9824207772857491,0.9609375,0.6842105263157895,0.9571984435797666
0.975,0.9919327731092437,0.9966579176092183,1.0,0.9142857142857143,0.9826589595375722
0.948051948051948,0.9906362545018008,0.9971813115842412,0.957983193277311,0.9142857142857143,0.9661016949152542
0.9078947368421053,0.9010416666666666,0.9595787587666418,0.9666666666666667,0.6875,0.943089430894309
0.9166666666666666,0.9631016042780749,0.9827641979996514,0.9363636363636364,0.8529411764705882,0.944954128440367
0.9225352112676056,0.9545315837656393,0.982237477886372,0.9469026548672567,0.8275862068965517,0.9511111111111111
0.9212598425196851,0.9566532258064516,0.9782123143652309,0.9583333333333334,0.8064516129032258,0.9484536082474226
0.9147286821705426,0.9055727554179567,0.9451271482114987,0.9578947368421052,0.7941176470588235,0.9430051813471503
0.9382716049382716,0.9514403292181071,0.9846744543211611,0.9629629629629629,0.8148148148148148,0.9629629629629629
0.935251798561151,0.9590909090909091,0.9721092179076164,0.9696969696969697,0.85,0.9552238805970149
0.924812030075188,0.9844660194174758,0.9954076483065346,0.941747572815534,0.8666666666666667,0.9509803921568627
0.9296875,0.9150121908742598,0.954987297709329,0.9797979797979798,0.7586206896551724,0.9556650246305419
0.9548872180451128,0.9960212201591512,0.9988902589058397,0.9615384615384616,0.9310344827586207,0.970873786407767
0.9420289855072463,0.9866071428571428,0.9968047390850854,0.9553571428571429,0.8846153846153846,0.963963963963964
0.9098360655737705,0.9827380952380954,0.9913597652028964,0.9625,0.8095238095238095,0.9333333333333333
0.8931297709923665,0.969078540507112,0.9898937083637089,0.9387755102040817,0.7575757575757576,0.9292929292929293
0.9276315789473685,0.986771653543307,0.9973366509561853,0.937007874015748,0.88,0.9558232931726908
0.9473684210526315,0.9923130677847659,0.9979884772675947,0.9528301886792453,0.9259259259259259,0.9665071770334929
0.9212598425196851,0.9549828178694159,0.9770155881017164,0.9690721649484536,0.7666666666666667,0.9494949494949495
0.937007874015748,0.9642611683848797,0.9850075596616296,0.9690721649484536,0.8333333333333334,0.9591836734693877
0.9290780141843972,0.9137931034482758,0.9553223501482078,0.9732142857142857,0.7586206896551724,0.956140350877193
0.905511811023622,0.9779605263157896,0.992775775205956,0.9473684210526315,0.78125,0.9375
0.920863309352518,0.9890873015873016,0.9973299176061036,0.9285714285714286,0.8888888888888888,0.9497716894977168
0.8782051282051282,0.9097992916174734,0.9586398853240217,0.9421487603305785,0.6571428571428571,0.9230769230769231
0.8515625,0.9150055370985603,0.9440225453570876,0.9534883720930233,0.6428571428571429,0.8961748633879781
0.8767123287671232,0.9149159663865546,0.9616918878209574,0.9285714285714286,0.7058823529411765,0.9203539823008849
0.9111111111111111,0.9824029126213593,0.994515364299517,0.9320388349514563,0.84375,0.9411764705882353
0.9341317365269461,0.9661362709098327,0.9821897232103165,0.9844961240310077,0.7631578947368421,0.9584905660377359
0.907563025210084,0.9763157894736841,0.993845693210881,0.9263157894736842,0.8333333333333334,0.9411764705882353
0.9251700680272109,0.9613713182037663,0.975263932479736,0.9541284403669725,0.8421052631578947,0.9497716894977168
0.9192546583850931,0.9798517832329783,0.9945364013667566,0.9448818897637795,0.8235294117647058,0.9486166007905138
0.9357142857142857,0.9893162393162392,0.996521934021934,0.9903846153846154,0.7777777777777778,0.958139534883721
0.9194630872483222,0.9816602316602316,0.9939216315656906,0.9464285714285714,0.8378378378378378,0.9464285714285714
0.8869565217391304,0.9740708729472776,0.9926908186814656,0.9325842696629213,0.7307692307692307,0.9273743016759777
0.8852459016393442,0.9159872385678837,0.9593387863963903,0.9340659340659341,0.7419354838709677,0.9239130434782609
0.8714285714285714,0.8993939393939394,0.9528805065485938,0.9181818181818182,0.7,0.9181818181818182
0.9241379310344827,0.9567062818336163,0.9805528188027812,0.9649122807017544,0.7741935483870968,0.9523809523809523
0.9354838709677419,0.9895424836601308,0.9960535556144325,0.9555555555555556,0.8823529411764706,0.9555555555555556
0.927007299270073,0.9865319865319866,0.9966951830601718,0.9454545454545454,0.8518518518518519,0.9541284403669725
0.864,0.8843888070692194,0.9517143483412491,0.9484536082474226,0.5714285714285714,0.9154228855721394
0.917910447761194,0.97911051212938,0.9945252803807716,0.9528301886792453,0.7857142857142857,0.9483568075117371
0.9363057324840764,0.98482905982906,0.9947433790322753,0.9572649572649573,0.875,0.9572649572649573
0.9558823529411765,0.9753357753357754,0.9803056663519919,0.967032967032967,0.9333333333333333,0.967032967032967
0.9485294117647058,0.9938738738738738,0.9986285458790568,0.963963963963964,0.88,0.9683257918552036
0.9383561643835616,0.9862068965517241,0.9964408483035543,0.9655172413793104,0.8333333333333334,0.9613733905579399
0.9594594594594594,0.994729907773386,0.9984586769635235,0.9652173913043478,0.9393939393939394,0.9736842105263158
0.88,0.92,0.9825424895529633,0.9230769230769231,0.6,0.9302325581395349
0.9215686274509803,0.9325259515570934,0.9650618744576099,0.9495798319327731,0.8235294117647058,0.9495798319327731
0.8888888888888888,0.9673550966022652,0.9852137926222062,0.9620253164556962,0.7368421052631579,0.9212121212121213
0.9076923076923077,0.9911232502560601,0.9973542030122117,0.900990099009901,0.9310344827586207,0.9381443298969072
0.9432624113475178,0.9522417153996101,0.9805050961894277,0.9736842105263158,0.8148148148148148,0.9652173913043478
0.934640522875817,0.9916779127305444,0.9972702798722348,0.9736842105263158,0.8205128205128205,0.9568965517241379
0.9333333333333333,0.9412124923453767,0.9835435823979786,0.9507042253521126,0.8260869565217391,0.9608540925266904
0.9264705882352942,0.9209656084656085,0.9657118435732966,0.9537037037037037,0.8214285714285714,0.9537037037037037
0.8740740740740741,0.8778371161548733,0.9540406852026445,0.9532710280373832,0.5714285714285714,0.9230769230769231
0.8956521739130435,0.9864457831325302,0.9952198568642849,0.963855421686747,0.71875,0.9302325581395349
0.8993288590604027,0.89159891598916,0.9310888091133195,0.9629629629629629,0.7317073170731707,0.9327354260089686
0.9285714285714286,0.9666315419740077,0.969275272456041,0.9452054794520548,0.8974358974358975,0.9452054794520548
0.9635036496350365,0.9650030432136336,0.9791610983857342,0.9716981132075472,0.9354838709677419,0.976303317535545
0.9565217391304348,0.9909909909909911,0.9978286766553849,0.990990990990991,0.8148148148148148,0.9734513274336283
0.9457364341085271,0.9968175388967468,0.9990922206312908,0.9405940594059405,0.9642857142857143,0.9644670050761421
0.9345238095238095,0.9448275862068966,0.9852341332320037,0.9586206896551724,0.782608695652174,0.9619377162629758
0.9142857142857143,0.9735652173913044,0.9941511225358781,0.9391304347826087,0.8,0.9473684210526315
0.9104477611940298,0.9473039215686274,0.9768046005576694,0.9607843137254902,0.75,0.9423076923076923
0.9090909090909091,0.9377868434472209,0.9660150565627604,0.9528301886792453,0.7837837837837838,0.9395348837209302
0.904,0.9262765347102696,0.9450368287381546,0.9879518072289156,0.7380952380952381,0.9318181818181818
0.972972972972973,0.9984829329962073,0.9995265657354352,0.9734513274336283,0.9714285714285714,0.9821428571428571
0.9230769230769231,0.9692386567546782,0.9757910768989096,0.9759036144578314,0.8297872340425532,0.9418604651162791
0.9300699300699301,0.9223728813559322,0.9737576559511497,0.9576271186440678,0.8,0.9576271186440678
0.9161290322580645,0.983201581027668,0.9970373979123187,0.9318181818181818,0.8260869565217391,0.9498069498069498
0.9402985074626866,0.9929245283018868,0.9981378751836916,0.9528301886792453,0.8928571428571429,0.9619047619047619
0.9285714285714286,0.9387826086956521,0.9781806150790672,0.9739130434782609,0.72,0.9572649572649573
0.8968253968253969,0.9481481481481482,0.9668717829739681,0.9222222222222223,0.8333333333333334,0.9273743016759777
0.9562043795620438,0.9931350114416476,0.9985923771056661,0.9649122807017544,0.9130434782608695,0.9734513274336283
0.9342105263157895,0.9892551892551893,0.9968120503365895,0.9572649572649573,0.8571428571428571,0.9572649572649573
0.9064748201438849,0.9514157014157015,0.9813273854119062,0.9459459459459459,0.75,0.9417040358744395
0.9342105263157895,0.9565461171853098,0.9842587043868436,0.959349593495935,0.8275862068965517,0.959349593495935
0.9575757575757575,0.9507042253521126,0.9845250637202192,0.971830985915493,0.8695652173913043,0.9752650176678446
0.944,0.9867452135493372,0.9961353551152943,0.9690721649484536,0.8571428571428571,0.9641025641025641
0.9683544303797469,1.0,1.0,0.9642857142857143,1.0,0.9818181818181818
0.9069767441860465,0.9865319865319865,0.9958132655787989,0.9090909090909091,0.9,0.9375
0.9607843137254902,0.9915388683236384,0.9978472304425674,0.9836065573770492,0.8709677419354839,0.975609756097561
0.9219858156028369,0.9329405162738497,0.968642700116054,0.9629629629629629,0.7878787878787878,0.9497716894977168
0.9261744966442953,0.9501180637544274,0.9832464750011318,0.9752066115702479,0.7142857142857143,0.9554655870445344
0.8859060402684564,0.9784533648170012,0.9948391813757257,0.8925619834710744,0.8571428571428571,0.927038626609442
0.9333333333333333,0.9651998203861698,0.9834977909789667,0.9389312977099237,0.9117647058823529,0.9571984435797666
0.8873239436619719,0.935275080906149,0.958948524972255,0.941747572815534,0.7435897435897436,0.9238095238095239
0.9266666666666666,0.9097727272727272,0.9357904106009804,0.9636363636363636,0.825,0.9506726457399103
0.9071428571428571,0.9817689085981769,0.9926963462026044,0.9494949494949495,0.8048780487804879,0.9353233830845771
0.8840579710144928,0.9226652394969227,0.9557366351353936,0.9306930693069307,0.7567567567567568,0.9215686274509803
0.937984496124031,0.9901677270098322,0.9957886309851809,0.945054945054945,0.9210526315789473,0.9555555555555556
0.8968253968253969,0.9205164992826399,0.9390107181193567,0.9529411764705882,0.7804878048780488,0.9257142857142857
0.9285714285714286,0.9397363465160076,0.9677283511523179,0.9576271186440678,0.8333333333333334,0.9535864978902954
0.9264705882352942,0.9346866725507502,0.9645031063530933,0.941747572815534,0.8787878787878788,0.9509803921568627
0.95,0.998029071199803,0.9991654421451459,0.9393939393939394,0.975609756097561,0.9637305699481865
0.930379746835443,0.9201388888888888,0.9614490053591359,0.9682539682539683,0.78125,0.9568627450980393
0.9266666666666666,0.9529780564263323,0.9811825183039287,0.9421487603305785,0.8620689655172413,0.9539748953974896
0.912,0.9025032938076416,0.9405148614669703,0.9565217391304348,0.7878787878787878,0.9411764705882353
0.9253731343283582,0.9317256498590667,0.9688471718620382,0.9611650485436893,0.8064516129032258,0.9519230769230769
0.9365079365079365,0.991688829787234,0.9971700597634728,0.9468085106382979,0.90625,0.956989247311828
0.9290322580645162,0.9552238805970149,0.9888042186884253,0.9328358208955224,0.9047619047619048,0.9578544061302682
0.916030534351145,0.9765567765567764,0.9942267451948975,0.9523809523809523,0.7692307692307693,0.9478672985781991
0.9294871794871795,0.9449152542372882,0.973173440108448,0.9661016949152542,0.8157894736842105,0.9539748953974896
0.9507042253521126,0.9856576136710405,0.9962696186267521,0.9734513274336283,0.8620689655172413,0.9691629955947136
0.9315068493150684,0.9539253539253539,0.972550761435794,0.954954954954955,0.8571428571428571,0.954954954954955
0.873015873015873,0.9151193633952255,0.9460786055863448,0.9310344827586207,0.7435897435897436,0.9101123595505618
0.903448275862069,0.9172077922077921,0.9566553986512136,0.9553571428571429,0.7272727272727273,0.9385964912280702
0.8646616541353384,0.9364431486880466,0.9686295304463061,0.9285714285714286,0.6857142857142857,0.91
0.9492753623188406,0.8903140203449802,0.9694933428015775,0.9831932773109243,0.7368421052631579,0.970954356846473
0.9158878504672897,0.9488315874294924,0.9622106055192494,0.9726027397260274,0.7941176470588235,0.9403973509933775
0.9602649006622517,0.9652345958168457,0.9843628338466002,0.9672131147540983,0.9310344827586207,0.9752066115702479
0.9214285714285714,0.9788773148148149,0.9937179667586711,0.9537037037037037,0.8125,0.9493087557603687
0.9574468085106383,0.9999999999999999,0.9999999999999999,0.9454545454545454,1.0,0.9719626168224299
0.9419354838709677,0.9893390191897655,0.9982669344641588,0.9477611940298507,0.9047619047619048,0.9657794676806084
0.952,0.9696186166774402,0.982628622597416,0.978021978021978,0.8823529411764706,0.967391304347826
0.9419354838709677,0.9623809523809523,0.9819687508316098,0.975,0.8285714285714286,0.9629629629629629
0.8985507246376812,0.9155773420479303,0.958886784913393,0.9607843137254902,0.7222222222222222,0.9333333333333333
0.92,0.9652941176470589,0.9719730070536335,0.9411764705882353,0.875,0.9411764705882353
0.9626865671641791,0.9969362745098039,0.9990405127364206,0.9705882352941176,0.9375,0.9753694581280788
0.8951048951048951,0.9129793510324483,0.960253481208479,0.9557522123893806,0.6666666666666666,0.935064935064935
0.9,0.9643681107408356,0.9682619696573465,0.9156626506024096,0.8723404255319149,0.9212121212121213
0.9304347826086956,0.9558734023128423,0.9396528249676793,0.9516129032258065,0.9056603773584906,0.9365079365079365
0.8888888888888888,0.8827847501775987,0.9176809907804933,0.9514563106796117,0.7317073170731707,0.9245283018867925
0.8387096774193549,0.9090909090909091,0.9286471999864385,0.9,0.7272727272727273,0.8780487804878049
0.8984375,0.9239130434782609,0.9560451018548761,0.9565217391304348,0.75,0.9312169312169312
0.8865248226950354,0.8846560846560846,0.9434230448817862,0.9428571428571428,0.7222222222222222,0.9252336448598131
0.9242424242424242,0.9453262786596119,0.9739019582690861,0.9523809523809523,0.8148148148148148,0.9523809523809523
0.9078947368421053,0.944771516680684,0.9770902295192567,0.959349593495935,0.6896551724137931,0.944
0.9363057324840764,0.9501616379310345,0.9808384375174943,0.9609375,0.8275862068965517,0.9609375
0.9230769230769231,0.9283088235294118,0.9803289704581636,0.9485294117647058,0.75,0.9555555555555556
0.8958333333333334,0.9148995535714286,0.961148105249652,0.9642857142857143,0.65625,0.935064935064935
0.8712121212121212,0.9319223985890653,0.9750880218182311,0.9142857142857143,0.7037037037037037,0.9186602870813397
0.8620689655172413,0.924075924075924,0.945829597520266,0.935064935064935,0.717948717948718,0.9
0.9060402684563759,0.9468030690537085,0.9780277981791129,0.9652173913043478,0.7058823529411765,0.940677966101695
0.9507042253521126,0.9927055702917772,0.9983271438857155,0.9568965517241379,0.9230769230769231,0.9694323144104804
0.9193548387096774,0.9176470588235295,0.9353485182309259,0.9882352941176471,0.7692307692307693,0.9438202247191011
0.9029850746268657,0.8908765652951699,0.9149642385680838,0.978021978021978,0.7441860465116279,0.9319371727748691
0.9477124183006536,0.9539672925499698,0.9838359993863411,0.968503937007874,0.8461538461538461,0.968503937007874
0.8582677165354331,0.8829268292682927,0.8963388375890802,0.9634146341463414,0.6666666666666666,0.8977272727272727
0.8972602739726028,0.9243697478991596,0.9562420868740545,0.9196428571428571,0.8235294117647058,0.9321266968325792
0.8880597014925373,0.9431855500821018,0.9780015138513788,0.9428571428571428,0.6896551724137931,0.9295774647887324
0.9205298013245033,0.9616596638655462,0.984518746307712,0.9327731092436975,0.875,0.9487179487179487
0.8671875,0.8733652312599681,0.904869843762794,0.9263157894736842,0.696969696969697,0.9119170984455959
0.9142857142857143,0.9615162037037037,0.9831888425016269,0.9444444444444444,0.8125,0.9444444444444444
0.8914285714285715,0.9088723776223776,0.9664825213203652,0.9300699300699301,0.71875,0.9333333333333333
0.8888888888888888,0.9240317775571003,0.9560020071806669,0.9528301886792453,0.7105263157894737,0.926605504587156
0.9224806201550387,0.9368686868686869,0.9693275943462123,0.96875,0.7878787878787878,0.9489795918367347
0.9385964912280702,0.9926960939980947,0.9950427117721601,0.9701492537313433,0.8936170212765957,0.948905109489051
0.9025974025974026,0.9223039215686275,0.966715719356944,0.95,0.7352941176470589,0.9382716049382716
0.9148936170212766,0.8855855855855855,0.94646662089623,0.954954954954955,0.7666666666666667,0.9464285714285714
0.937984496124031,0.9890463917525774,0.996452661816608,0.9690721649484536,0.84375,0.9591836734693877
0.9763313609467456,0.9990875912408759,0.9997860876243178,0.9781021897810219,0.96875,0.9852941176470589
0.917910447761194,0.9787234042553191,0.9912407265087688,0.9680851063829787,0.8,0.9430051813471503
0.9173553719008265,0.9600550964187328,0.9781752475268425,0.9545454545454546,0.8181818181818182,0.9438202247191011
0.912751677852349,0.9831932773109243,0.9956498419461299,0.9243697478991597,0.8666666666666667,0.944206008583691
0.9236111111111112,0.9892623716153127,0.9956912650688873,0.9509803921568627,0.8571428571428571,0.9463414634146341
0.9090909090909091,0.9388888888888889,0.9752074312251983,0.9411764705882353,0.8,0.9411764705882353
0.954248366013072,0.9885714285714285,0.9974407823995046,0.976,0.8571428571428571,0.9721115537848606
0.8934426229508197,0.9088145896656534,0.9570724929006097,0.9680851063829787,0.6428571428571429,0.9333333333333333
0.9215686274509803,0.9814814814814815,0.9960075168781457,0.9444444444444444,0.8148148148148148,0.952
0.9477611940298507,0.9652964959568733,0.9856434487530221,0.9622641509433962,0.8928571428571429,0.966824644549763
0.9194630872483222,0.9507002801120448,0.9794826272326733,0.9327731092436975,0.8666666666666667,0.9487179487179487
0.9440993788819876,0.9942102825382121,0.9984444875909089,0.952755905511811,0.9117647058823529,0.9641434262948207
0.8979591836734694,0.8520578420467185,0.9322356717317908,0.9568965517241379,0.6774193548387096,0.9367088607594937
0.9349593495934959,0.9383116883116883,0.9564441904412987,0.9886363636363636,0.8,0.9560439560439561
0.9230769230769231,0.9710716633793557,0.9786871651045451,0.9358974358974359,0.8974358974358975,0.9419354838709677
0.9280575539568345,0.9850657108721625,0.9958314643363182,0.9814814814814815,0.7419354838709677,0.954954954954955
0.9177215189873418,0.9367559523809523,0.9756929689188147,0.9603174603174603,0.75,0.9490196078431372
0.9557522123893806,0.9967994310099573,0.9984816149872778,0.9736842105263158,0.918918918918919,0.9673202614379085
0.9516129032258065,0.9921568627450981,0.9970362655280613,0.9777777777777777,0.8823529411764706,0.967032967032967
0.9193548387096774,0.9366013071895425,0.9644232986978076,0.9777777777777777,0.7647058823529411,0.946236559139785
0.9197080291970803,0.9844236760124611,0.9955744133231098,0.9345794392523364,0.8666666666666667,0.9478672985781991
0.8484848484848485,0.934640522875817,0.9730351447551064,0.8823529411764706,0.7333333333333333,0.9
0.8846153846153846,0.9720300751879699,0.9899752205791262,0.9263157894736842,0.7714285714285715,0.9214659685863874
0.9316239316239316,0.9910394265232975,0.9976913293189889,0.946236559139785,0.875,0.9565217391304348
0.9590163934426229,0.9945652173913044,0.9982539853200292,0.9782608695652174,0.9,0.972972972972973
0.8646616541353384,0.9656565656565657,0.9831929072025566,0.9090909090909091,0.7777777777777778,0.898876404494382
0.9319727891156463,0.9378378378378378,0.9609859155893067,0.9545454545454546,0.8648648648648649,0.9545454545454546
0.9343065693430657,0.9962616822429906,0.9989136093925969,0.9252336448598131,0.9666666666666667,0.9565217391304348
0.9253731343283582,0.9729344729344729,0.9934481876452055,0.9629629629629629,0.7692307692307693,0.9541284403669725
0.9777777777777777,0.9978287841191067,0.9993417340368618,0.9807692307692307,0.967741935483871,0.9855072463768116
0.9343065693430657,0.9965675057208239,0.9992926624659064,0.9298245614035088,0.9565217391304348,0.9592760180995475
0.9396551724137931,0.9677187948350072,0.9796043908539475,0.975609756097561,0.8529411764705882,0.9580838323353293
0.9115646258503401,0.9117283950617284,0.962614915071629,0.9333333333333333,0.8148148148148148,0.9451476793248945
0.90625,0.9517006802721089,0.9766458386409752,0.9183673469387755,0.8666666666666667,0.9375
0.9565217391304348,0.9924963924963925,0.9976532950211364,0.9809523809523809,0.8787878787878788,0.9716981132075472
0.8934426229508197,0.948440065681445,0.9714761100874097,0.9540229885057471,0.7428571428571429,0.9273743016759777
0.9103448275862069,0.9375392341494037,0.976033991628874,0.9576271186440678,0.7037037037037037,0.9456066945606695
0.943089430894309,0.9938186813186813,0.9977863301389773,0.945054945054945,0.9375,0.9608938547486033
0.9111111111111111,0.9631578947368421,0.9766051258367696,0.968421052631579,0.775,0.9387755102040817
0.9424460431654677,0.9973118279569892,0.9992108382159618,0.9351851851851852,0.967741935483871,0.9619047619047619
0.916030534351145,0.9705270457697642,0.9920335639666956,0.9611650485436893,0.75,0.9473684210526315
0.9241379310344827,0.9489598451862603,0.9714086571344541,0.9811320754716981,0.7692307692307693,0.9497716894977168
0.8934426229508197,0.921394141638858,0.9623163250806896,0.9139784946236559,0.8275862068965517,0.9289617486338798
0.8473282442748091,0.8913168487636572,0.9357800752638925,0.9361702127659575,0.6216216216216216,0.8979591836734694
0.9319727891156463,0.9838625715773035,0.9951206423721217,0.9557522123893806,0.8529411764705882,0.9557522123893806
0.9019607843137255,0.9217171717171717,0.967861110644538,0.9583333333333334,0.696969696969697,0.9387755102040817
0.9037037037037037,0.9779449922158797,0.9903589087640039,0.925531914893617,0.8536585365853658,0.93048128342246
0.9147286821705426,0.8889655172413793,0.9485973918807649,0.97,0.7241379310344828,0.9463414634146341
0.9291338582677166,0.977037037037037,0.9937638293918156,0.96,0.8148148148148148,0.9552238805970149
0.8739495798319328,0.9224489795918368,0.9469767045234303,0.8928571428571429,0.8285714285714286,0.9090909090909091
0.8873239436619719,0.8990384615384616,0.9369135936533475,0.9519230769230769,0.7105263157894737,0.9252336448598131
0.9583333333333334,0.994,0.9987956757955966,0.97,0.9,0.9748743718592965
0.905511811023622,0.9254658385093167,0.9486509709588983,0.9565217391304348,0.7714285714285715,0.9361702127659575
0.9507042253521126,0.9972199054767862,0.9991313899627146,0.944954128440367,0.9696969696969697,0.9671361502347418
0.9285714285714286,0.9799019607843137,0.9942559127964052,0.9583333333333334,0.8235294117647058,0.9543568464730291
0.9060402684563759,0.9040100250626567,0.9526713187512892,0.9649122807017544,0.7142857142857143,0.9401709401709402
0.9078947368421053,0.9716885743174924,0.9948325661405606,0.9302325581395349,0.782608695652174,0.9448818897637795
0.9533333333333334,0.95,0.987726582742312,0.9692307692307692,0.85,0.972972972972973
