Accuracy,AUROC,AUPRC,Sensitivity,Specificity,F1
0.9624060150375939,0.9964349376114082,0.9987864915948687,0.9797979797979798,0.9117647058823529,0.9748743718592965
0.9465648854961832,0.9951845906902086,0.9978559834920795,0.9887640449438202,0.8571428571428571,0.9617486338797814
0.975609756097561,1.0,1.0,0.97,1.0,0.9847715736040609
0.9712230215827338,0.9922813036020584,0.9976035975257025,1.0,0.8787878787878788,0.9814814814814815
1.0,1.0,0.9999999999999999,1.0,1.0,1.0
0.9640287769784173,0.994026284348865,0.9982471187442955,0.9907407407407407,0.8709677419354839,0.9771689497716894
0.9533333333333334,0.9868322981366459,0.9956841931619983,0.9739130434782609,0.8857142857142857,0.9696969696969697
0.9534883720930233,0.9925696594427245,0.9972011788139343,0.9789473684210527,0.8823529411764706,0.96875
0.9324324324324325,0.9738884968242766,0.990052630692799,0.9724770642201835,0.8205128205128205,0.954954954954955
0.9591836734693877,0.9853782581055308,0.996678171362966,0.9917355371900827,0.8076923076923077,0.975609756097561
0.9365079365079365,0.9853989813242785,0.9953024681465311,0.9894736842105263,0.7741935483870968,0.9591836734693877
0.9635036496350365,0.9984536082474227,0.9993709010607725,0.9690721649484536,0.95,0.9740932642487047
0.926829268292683,0.9919354838709677,0.9973882672684383,0.9565217391304348,0.8387096774193549,0.9513513513513514
0.9363636363636364,0.985,0.9941687431838232,1.0,0.7666666666666667,0.9580838323353293
0.9457364341085271,0.9885057471264368,0.9942816117737542,1.0,0.8333333333333334,0.9613259668508287
0.967948717948718,0.9859316681022108,0.9966355947225123,0.9844961240310077,0.8888888888888888,0.9806949806949807
0.9555555555555556,0.9951201201201201,0.998937165133044,0.963963963963964,0.9166666666666666,0.9727272727272728
0.9205298013245033,0.9724517906336088,0.992636857898589,0.9669421487603306,0.7333333333333333,0.9512195121951219
0.965034965034965,0.9961740793878527,0.9984987492444147,0.9901960784313726,0.9024390243902439,0.9758454106280193
0.9515151515151515,0.9865190178141551,0.9968574687319652,0.9850746268656716,0.8064516129032258,0.9705882352941176
0.9328358208955224,0.977088948787062,0.9935604715899731,0.9716981132075472,0.7857142857142857,0.958139534883721
0.968,0.9888123924268503,0.9934313025974255,0.9879518072289156,0.9285714285714286,0.9761904761904762
0.905511811023622,0.9677627337201806,0.9879658841008696,0.9574468085106383,0.7575757575757576,0.9375
0.951048951048951,0.9952542372881356,0.9990080909032782,0.9661016949152542,0.88,0.9702127659574468
0.9661016949152542,0.9881349647756767,0.9951990451629408,1.0,0.8709677419354839,0.9775280898876404
0.9622641509433962,0.9601851851851853,0.9954453548191948,0.9861111111111112,0.7333333333333333,0.9793103448275862
0.9607843137254902,0.9791035735917626,0.9953148852231862,0.9921259842519685,0.8076923076923077,0.9767441860465116
0.957983193277311,0.9992816091954023,0.9997372656409517,1.0,0.84375,0.9720670391061452
0.9411764705882353,0.979874213836478,0.9940887111602652,0.9811320754716981,0.8,0.9629629629629629
0.9154929577464789,0.9731781376518218,0.9893272419935659,0.9615384615384616,0.7894736842105263,0.9433962264150944
0.9888888888888889,0.9997502497502497,0.9999581064097192,0.9935064935064936,0.9615384615384616,0.9935064935064936
0.9473684210526315,0.9808868501529052,0.9952003355250596,0.963302752293578,0.875,0.967741935483871
0.9171974522292994,0.9606681034482758,0.9901432813644315,0.9609375,0.7241379310344828,0.9498069498069498
0.9197080291970803,0.9767857142857144,0.9927120561574609,0.9523809523809523,0.8125,0.9478672985781991
0.96,0.9919709919709919,0.9975757932509274,0.9743589743589743,0.9090909090909091,0.9743589743589743
0.9312977099236641,0.9938596491228071,0.9977643714028154,0.9578947368421052,0.8611111111111112,0.9528795811518325
0.9370629370629371,0.9773691654879774,0.9893475127488024,0.9702970297029703,0.8571428571428571,0.9560975609756097
0.9716312056737588,0.9956019791094007,0.998566106875041,0.9813084112149533,0.9411764705882353,0.9813084112149533
0.9645390070921985,0.9841642228739003,0.9952058644522473,0.990909090909091,0.8709677419354839,0.9775784753363229
0.9523809523809523,0.9821428571428572,0.9943994616650325,0.9897959183673469,0.8214285714285714,0.97
0.9818181818181818,0.9995408631772268,0.9998860788334472,0.9848484848484849,0.9696969696969697,0.9885931558935361
0.9455782312925171,0.9734183944710261,0.9916952215616024,0.9824561403508771,0.8181818181818182,0.9655172413793104
0.961038961038961,0.9820936639118457,0.9969803175774686,0.9848484848484849,0.8181818181818182,0.9774436090225563
0.9668874172185431,1.0,1.0,0.9553571428571429,1.0,0.9771689497716894
0.9379310344827586,0.9770642201834863,0.9915605417853885,0.963302752293578,0.8611111111111112,0.958904109589041
0.9781021897810219,0.9921328671328672,0.9973519509553506,1.0,0.9090909090909091,0.985781990521327
0.9243697478991597,0.9772423025435074,0.9895370036395529,0.9879518072289156,0.7777777777777778,0.9479768786127167
0.9565217391304348,0.9834162520729685,0.9964254450773937,0.9776119402985075,0.8518518518518519,0.9739776951672863
0.9236641221374046,0.9866238630283574,0.9933322924063246,0.9887640449438202,0.7857142857142857,0.946236559139785
0.9602272727272727,0.978523166023166,0.9956612897498895,1.0,0.75,0.976897689768977
0.9279279279279279,0.9798387096774194,0.9917375146508899,0.9625,0.8387096774193549,0.9506172839506173
0.9703703703703703,0.9988968560397132,0.999591836734694,1.0,0.8918918918918919,0.98
0.9631901840490797,0.9928435114503817,0.9982167690042022,0.9847328244274809,0.875,0.9772727272727273
0.9565217391304348,0.9840909090909091,0.9958572369816964,1.0,0.7857142857142857,0.9734513274336283
0.9533333333333334,0.9860547667342799,0.9955414463788016,0.9741379310344828,0.8823529411764706,0.9699570815450643
0.937984496124031,0.9856051703877791,0.9940791135728958,0.9891304347826086,0.8108108108108109,0.9578947368421052
0.9491525423728814,0.9931917211328977,0.9989414028587129,0.9673202614379085,0.8333333333333334,0.9704918032786886
0.9236641221374046,0.9649791955617198,0.989106169287055,0.9514563106796117,0.8214285714285714,0.9514563106796117
0.944,0.9866666666666667,0.9943372247892465,0.9777777777777777,0.8571428571428571,0.9617486338797814
0.9154929577464789,0.9676375404530744,0.9869565717638413,0.970873786407767,0.7692307692307693,0.9433962264150944
0.9666666666666667,0.9930555555555555,0.9982420537021184,0.9833333333333333,0.9,0.979253112033195
0.9548872180451128,0.9939058171745152,0.9974905831117887,0.968421052631579,0.9210526315789473,0.968421052631579
0.9512195121951219,0.9946236559139785,0.998278404539477,0.967741935483871,0.9,0.967741935483871
0.9726027397260274,0.9984438219732337,0.9996509880041103,0.9831932773109243,0.9259259259259259,0.9831932773109243
0.9470198675496688,0.9913793103448276,0.9972898560772933,0.9568965517241379,0.9142857142857143,0.9652173913043478
0.96875,0.9974747474747474,0.9995851629029199,0.9727272727272728,0.9444444444444444,0.981651376146789
0.9246575342465754,0.9729885057471264,0.9925949863647651,0.9913793103448276,0.6666666666666666,0.9543568464730291
0.9440559440559441,0.9891534391534391,0.9962018159337493,0.9722222222222222,0.8571428571428571,0.963302752293578
0.9523809523809523,0.9941601779755284,0.9984296811318389,0.9827586206896551,0.8387096774193549,0.9702127659574468
0.9824561403508771,1.0,1.0,0.9805194805194806,1.0,0.9901639344262295
0.9632352941176471,0.9940251572327043,0.9982977001502171,1.0,0.8333333333333334,0.9769585253456221
0.9363057324840764,0.9763532763532763,0.9945346740660319,0.9692307692307692,0.7777777777777778,0.9618320610687023
0.9562043795620438,0.9942760942760942,0.9986024868820397,0.9727272727272728,0.8888888888888888,0.9727272727272728
0.9764705882352941,0.9947619047619047,0.9988588961515641,0.9928571428571429,0.9,0.9858156028368794
0.9767441860465116,0.9993416721527321,0.999795918367347,0.9897959183673469,0.9354838709677419,0.9847715736040609
0.9722222222222222,0.9928292046936115,0.9982915550680332,0.9745762711864406,0.9615384615384616,0.9829059829059829
0.9645390070921985,0.9876254180602007,0.9969161803942577,1.0,0.8076923076923077,0.9787234042553191
0.9342105263157895,0.9674329501915709,0.9889535722609006,0.9741379310344828,0.8055555555555556,0.9576271186440678
0.948051948051948,0.9855385279516512,0.9946408407267209,0.9911504424778761,0.8292682926829268,0.9655172413793104
0.940677966101695,0.9857549857549858,0.9955434849785625,0.989010989010989,0.7777777777777778,0.9625668449197861
0.9154929577464789,0.9656862745098039,0.9883066291955901,0.9814814814814815,0.7058823529411765,0.9464285714285714
0.9416058394160584,0.9658365261813537,0.9897830180130097,0.9814814814814815,0.7931034482758621,0.9636363636363636
0.9878048780487805,0.9965861344537815,0.9992714718205548,0.9926470588235294,0.9642857142857143,0.9926470588235294
0.9308176100628931,0.9847953216374269,0.9937958075383146,0.9824561403508771,0.8,0.9531914893617022
0.949685534591195,0.9858870967741936,0.9963641011002596,0.96875,0.8709677419354839,0.96875
0.9404761904761905,0.9814318134928822,0.9945945716669095,0.9847328244274809,0.7837837837837838,0.9626865671641791
0.9473684210526315,0.9873655913978495,0.9941919294480741,0.967741935483871,0.9,0.9625668449197861
0.935251798561151,0.9816201497617427,0.995730732307516,0.9734513274336283,0.7692307692307693,0.9606986899563319
0.9758064516129032,0.9871589085072231,0.9940653542187282,1.0,0.9142857142857143,0.9834254143646409
0.9215686274509803,0.9779661016949153,0.9931457152534509,0.9661016949152542,0.7714285714285715,0.95
0.9402985074626866,0.9793103448275862,0.9939350771686402,0.9809523809523809,0.7931034482758621,0.9626168224299065
0.935251798561151,0.9815934065934067,0.9934742009912866,0.9807692307692307,0.8,0.9577464788732394
0.946969696969697,0.9821143404663046,0.9940476500536289,0.9900990099009901,0.8064516129032258,0.966183574879227
0.9393939393939394,0.983072500798467,0.9938731391320461,0.9603960396039604,0.8709677419354839,0.9603960396039604
0.9459459459459459,0.9871441689623508,0.9971052113507859,0.9669421487603306,0.8518518518518519,0.9669421487603306
0.9384615384615385,0.982,0.9941418119662428,0.96,0.8666666666666667,0.96
0.9428571428571428,0.9883885584820163,0.9962555845493447,0.9813084112149533,0.8181818181818182,0.963302752293578
0.9487179487179487,0.9848119575699131,0.995456847024206,0.9754098360655737,0.8529411764705882,0.967479674796748
0.96,0.9922299922299922,0.9977125233967826,0.9658119658119658,0.9393939393939394,0.9741379310344828
0.9534883720930233,0.9795066413662239,0.9975049208297384,0.967741935483871,0.8235294117647058,0.974025974025974
0.9395973154362416,0.9596622889305816,0.9904123371618412,0.975609756097561,0.7692307692307693,0.963855421686747
0.9398496240601504,0.9898648648648649,0.9959241714207955,0.9791666666666666,0.8378378378378378,0.9591836734693877
0.9649122807017544,0.9832944832944833,0.9944975321176353,0.9924242424242424,0.8717948717948718,0.9776119402985075
0.9440559440559441,0.9823196605374823,0.9919721050032992,0.9702970297029703,0.8809523809523809,0.9607843137254902
0.9774436090225563,0.9952569169960475,0.999007988143502,0.990909090909091,0.9130434782608695,0.9864253393665159
0.96,0.9807286961758506,0.9951733043639618,0.983739837398374,0.8518518518518519,0.9758064516129032
0.959731543624161,0.9759103641456582,0.9933034611302041,1.0,0.8,0.9754098360655737
0.9875776397515528,0.9982188295165394,0.999588442588286,1.0,0.9333333333333333,0.9924242424242424
0.9793103448275862,0.9958677685950413,0.9991594906724762,0.9917355371900827,0.9166666666666666,0.9876543209876543
0.9565217391304348,0.9833564493758669,0.9937767829749913,1.0,0.8285714285714286,0.9716981132075472
0.9923664122137404,1.0,1.0,0.9897959183673469,1.0,0.9948717948717949
0.9772727272727273,0.9949782390358219,0.9985516804308175,0.9902912621359223,0.9310344827586207,0.9855072463768116
0.9863945578231292,0.997554347826087,0.9993036717311434,0.991304347826087,0.96875,0.991304347826087
0.9626865671641791,0.9844696969696969,0.9964001024114107,0.990909090909091,0.8333333333333334,0.9775784753363229
0.9681528662420382,0.9867995689655172,0.9965321841253544,0.984375,0.896551724137931,0.980544747081712
0.9559748427672956,0.9870931537598204,0.9972508665814406,0.9772727272727273,0.8518518518518519,0.9735849056603774
0.9144736842105263,0.9622950819672131,0.9900294534500679,0.9508196721311475,0.7666666666666667,0.9469387755102041
0.9044117647058824,0.9549278846153846,0.9844866110485339,0.9711538461538461,0.6875,0.9395348837209302
0.9310344827586207,0.9565447800741919,0.9851957508661635,0.9819819819819819,0.7647058823529411,0.956140350877193
0.9663865546218487,0.9981671554252199,0.9993700120104614,0.9886363636363636,0.9032258064516129,0.9775280898876404
0.9694656488549618,0.9979101358411703,0.9989621033051108,0.9885057471264368,0.9318181818181818,0.9772727272727273
0.9444444444444444,0.9888004715590922,0.9948452274968632,0.9655172413793104,0.8974358974358975,0.96
0.9548872180451128,0.9901360544217687,0.9971992234352363,0.9809523809523809,0.8571428571428571,0.9716981132075472
0.9655172413793104,0.9952437574316291,0.9987992633098669,0.9827586206896551,0.896551724137931,0.9785407725321889
0.9463087248322147,0.968417761100688,0.9923226160286145,0.975609756097561,0.8076923076923077,0.967741935483871
0.9881656804733728,0.9988009592326139,0.9997400727590108,0.9928057553956835,0.9666666666666667,0.9928057553956835
0.9291338582677166,0.9596078431372549,0.9888179123528433,1.0,0.64,0.9577464788732394
0.9672131147540983,0.9918427882832778,0.9972835077362054,1.0,0.8620689655172413,0.9789473684210527
0.9285714285714286,0.9948717948717949,0.9956072742472639,0.9833333333333333,0.8653846153846154,0.9365079365079365
0.9761904761904762,0.9850275807722616,0.9968078582942584,0.9929078014184397,0.8888888888888888,0.9859154929577465
0.9658119658119658,0.9983344437041972,0.9991903111323497,0.9620253164556962,0.9736842105263158,0.9743589743589743
0.972027972027972,0.9699275362318841,0.9937388548202449,1.0,0.8260869565217391,0.9836065573770492
0.959349593495935,0.9834586466165413,0.9944239060962772,0.9789473684210527,0.8928571428571429,0.9738219895287958
0.9662162162162162,0.988988698927847,0.997120050288296,0.9831932773109243,0.896551724137931,0.9790794979079498
0.9136690647482014,0.9744949494949495,0.9891179167278419,0.9595959595959596,0.8,0.9405940594059405
0.9305555555555556,0.9555555555555555,0.9899625399872651,0.9666666666666667,0.75,0.9586776859504132
0.954248366013072,0.9823232323232323,0.9948311814339331,0.9833333333333333,0.8484848484848485,0.9711934156378601
0.9867549668874173,0.9950787401574803,0.9990528773160763,1.0,0.9166666666666666,0.9921875
0.9642857142857143,0.9968934451693073,0.9991997169806559,0.9819819819819819,0.896551724137931,0.9775784753363229
0.9782608695652174,0.9958391123439667,0.9985005975789466,0.9805825242718447,0.9714285714285714,0.9853658536585366
0.95,0.9957298136645962,0.9987318542338084,0.9782608695652174,0.8571428571428571,0.967741935483871
0.9295774647887324,0.9706924315619968,0.9926528428480683,0.991304347826087,0.6666666666666666,0.957983193277311
0.9586206896551724,0.9974143503555268,0.9994408745428415,0.9663865546218487,0.9230769230769231,0.9745762711864406
0.958041958041958,0.9983050847457627,0.9996402733192362,0.9576271186440678,0.96,0.9741379310344828
0.9405940594059405,0.9966583124477861,0.9980903562993115,0.9682539682539683,0.8947368421052632,0.953125
0.9715909090909091,0.9912698412698413,0.9974760420448597,0.9857142857142858,0.9166666666666666,0.9822064056939501
0.952054794520548,0.9862068965517241,0.996292589341553,0.9827586206896551,0.8333333333333334,0.9702127659574468
0.9236641221374046,0.9766483516483516,0.988804780821917,0.989010989010989,0.775,0.9473684210526315
0.9556962025316456,0.9984759969519938,0.9996264763779528,0.952755905511811,0.967741935483871,0.9718875502008032
0.9166666666666666,0.9762889440308795,0.9895778197638698,0.989247311827957,0.7435897435897436,0.9435897435897436
0.9781021897810219,0.9994845360824742,0.9997917317504947,0.9896907216494846,0.95,0.9846153846153847
0.972972972972973,0.9935720844811754,0.99852294873951,0.9834710743801653,0.9259259259259259,0.9834710743801653
0.9629629629629629,0.9845679012345678,0.9940798135370938,1.0,0.8611111111111112,0.9753694581280788
0.9140625,0.9750641730839751,0.9932219995010463,0.9900990099009901,0.6296296296296297,0.9478672985781991
0.8991596638655462,0.9612244897959183,0.983287634986114,0.9642857142857143,0.7428571428571429,0.9310344827586207
0.9396551724137931,0.9824753559693318,0.9924296525235152,0.9759036144578314,0.8484848484848485,0.9585798816568047
0.9338235294117647,0.9779136935100238,0.994024869813407,0.9724770642201835,0.7777777777777778,0.9592760180995475
0.937984496124031,0.9709906951286262,0.9845468812601639,0.9770114942528736,0.8571428571428571,0.9550561797752809
0.9264705882352942,0.9762845849802372,0.9877683180599611,0.9782608695652174,0.8181818181818182,0.9473684210526315
0.9735099337748344,0.985191637630662,0.9962839112831057,0.991869918699187,0.8928571428571429,0.9838709677419355
0.9473684210526315,0.9797814207650273,0.9947202986859289,0.9754098360655737,0.8333333333333334,0.967479674796748
0.935251798561151,0.9847670250896058,0.9953290027856007,0.9722222222222222,0.8064516129032258,0.958904109589041
0.9662162162162162,0.9806547619047619,0.9949833290185871,0.9916666666666667,0.8571428571428571,0.9794238683127572
0.9578313253012049,0.9799671592775041,0.9967559499250146,0.9724137931034482,0.8571428571428571,0.9757785467128027
0.9426229508196722,0.9753623188405797,0.9906737669659231,0.967391304347826,0.8666666666666667,0.9621621621621622
0.927536231884058,0.9775220765319775,0.9911101788367884,0.9702970297029703,0.8108108108108109,0.9514563106796117
0.9193548387096774,0.973202614379085,0.9894010684328506,0.9666666666666667,0.7941176470588235,0.9456521739130435
0.9523809523809523,0.9829508196721312,0.9962177636608303,0.9754098360655737,0.84,0.9714285714285714
0.9664429530201343,0.993730407523511,0.9981644450291762,0.9741379310344828,0.9393939393939394,0.9783549783549783
0.9539473684210527,0.978125,0.9935816629086895,0.9916666666666667,0.8125,0.9714285714285714
0.9154929577464789,0.9656708595387841,0.9872272292954871,0.9528301886792453,0.8055555555555556,0.9439252336448598
0.9664429530201343,0.9821705426356588,0.9968257501939641,0.9844961240310077,0.85,0.9806949806949807
0.9712643678160919,0.9960387323943662,0.9990780192502864,0.9788732394366197,0.9375,0.9823321554770318
0.958904109589041,0.9797619047619048,0.9964676380422637,0.9841269841269841,0.8,0.9763779527559056
0.9712230215827338,0.996031746031746,0.9990407089462542,0.9910714285714286,0.8888888888888888,0.9823008849557522
0.9083333333333333,0.9788359788359788,0.9907237539983358,0.9523809523809523,0.8055555555555556,0.935672514619883
0.9841269841269841,0.9975308641975308,0.9989880256964029,0.9888888888888889,0.9722222222222222,0.9888888888888889
0.9586206896551724,0.9832112332112332,0.9957169087106154,0.9829059829059829,0.8571428571428571,0.9745762711864406
0.9371069182389937,0.9736470588235294,0.9922806594959358,0.984,0.7647058823529411,0.9609375
0.9591836734693877,0.9803296119085593,0.9936622150982749,0.9912280701754386,0.8484848484848485,0.9741379310344828
0.9612903225806452,0.9848484848484849,0.9971604658889279,0.9848484848484849,0.8260869565217391,0.9774436090225563
0.9150326797385621,0.9668473728106756,0.9857733013333894,0.9724770642201835,0.7727272727272727,0.9422222222222222
0.9365079365079365,0.9853372434017595,0.994364887711327,0.989247311827957,0.7878787878787878,0.9583333333333334
0.965034965034965,0.9840677966101695,0.9961070240568161,0.9745762711864406,0.92,0.9787234042553191
0.9357142857142857,0.9833487511563368,0.9917875762233984,0.9893617021276596,0.8260869565217391,0.9538461538461539
0.9651162790697675,0.9929577464788732,0.9984929220227194,0.9859154929577465,0.8666666666666667,0.9790209790209791
0.9657534246575342,0.9965714285714286,0.999427758185448,0.992,0.8095238095238095,0.9802371541501976
0.9624060150375939,0.9946236559139785,0.998305573805346,0.9901960784313726,0.8709677419354839,0.9758454106280193
0.9642857142857143,0.997974537037037,0.9994075979925038,0.9722222222222222,0.9375,0.9767441860465116
0.9328358208955224,0.959045584045584,0.9888089991099112,0.9722222222222222,0.7692307692307693,0.958904109589041
0.9565217391304348,0.9908823529411765,0.9983265285484136,0.9852941176470589,0.8,0.9745454545454545
0.9568345323741008,0.9659498207885305,0.9894022773243059,1.0,0.8064516129032258,0.972972972972973
0.9375,0.9837173579109063,0.9932595086292697,0.989247311827957,0.8,0.9583333333333334
0.9153846153846154,0.9670865501828525,0.9924209879008045,0.9626168224299065,0.6956521739130435,0.9493087557603687
0.9754098360655737,1.0,1.0,1.0,0.8636363636363636,0.9852216748768473
0.9022556390977443,0.9730134932533733,0.9856949952568025,0.9655172413793104,0.782608695652174,0.9281767955801105
0.9491525423728814,0.9943276609943277,0.9974641170853373,0.9876543209876543,0.8648648648648649,0.963855421686747
0.9618320610687023,0.9972129319955406,0.9988383147048953,0.9782608695652174,0.9230769230769231,0.972972972972973
0.9493670886075949,0.9890741805635422,0.9949300774881074,0.9819819819819819,0.8723404255319149,0.9646017699115044
0.873015873015873,0.9599451303155007,0.9777229691327172,0.9506172839506173,0.7333333333333333,0.9058823529411765
0.9403973509933775,0.9830508474576272,0.9947124352895846,0.9745762711864406,0.8181818181818182,0.9623430962343096
0.9366197183098591,0.9678643724696355,0.9874891001761413,0.9903846153846154,0.7894736842105263,0.958139534883721
0.9933774834437086,1.0,0.9999999999999998,1.0,0.9523809523809523,0.9961685823754789
0.950354609929078,0.9890572390572391,0.9965938182400892,0.9629629629629629,0.9090909090909091,0.9674418604651163
0.95,0.9761360751459761,0.9898943637073456,0.9900990099009901,0.8461538461538461,0.966183574879227
0.957983193277311,0.9917395529640428,0.9982103043180223,0.9795918367346939,0.8571428571428571,0.9746192893401016
0.9672131147540983,0.9934318555008211,0.9973573331541351,0.9885057471264368,0.9142857142857143,0.9772727272727273
0.9435483870967742,0.9871481028151775,0.9939922651918307,1.0,0.8157894736842105,0.9608938547486033
0.9473684210526315,0.982605945604048,0.994281679174465,0.9803921568627451,0.8387096774193549,0.966183574879227
0.9452054794520548,0.985576923076923,0.9966656809845553,0.9666666666666667,0.8461538461538461,0.9666666666666667
0.9556962025316456,0.9782301385354821,0.9951618784443887,0.9847328244274809,0.8148148148148148,0.9735849056603774
0.9631901840490797,0.9741718135878719,0.9942987210177048,0.9927007299270073,0.8076923076923077,0.9784172661870504
0.9635036496350365,0.9974789915966387,0.9991397465445303,0.9901960784313726,0.8857142857142857,0.9758454106280193
0.9583333333333334,0.9841079460269865,0.9958392808911068,0.991304347826087,0.8275862068965517,0.9743589743589743
0.9652777777777778,0.9953542392566782,0.9992044780690158,0.975609756097561,0.9047619047619048,0.9795918367346939
0.9758064516129032,0.9938294010889293,0.9980998143364905,1.0,0.896551724137931,0.9844559585492227
0.9683544303797469,0.9913479052823315,0.9974213556912384,1.0,0.8611111111111112,0.9799196787148594
0.9705882352941176,0.9974326059050064,0.9988963901424172,0.9789473684210527,0.9512195121951219,0.9789473684210527
0.8896551724137931,0.9377318494965554,0.9792496374826578,0.972972972972973,0.6176470588235294,0.9310344827586207
0.9432624113475178,0.9747747747747748,0.9928420732883158,0.990990990990991,0.7666666666666667,0.9649122807017544
0.9433962264150944,0.9671641791044776,0.9934551247209109,0.9850746268656716,0.72,0.967032967032967
0.9210526315789473,0.9676481279534715,0.9944621576632917,0.9465648854961832,0.7619047619047619,0.9538461538461539
0.95,0.98,0.9909495838970193,0.99,0.85,0.9658536585365853
0.9152542372881356,0.9637533875338753,0.9819037458932411,0.9878048780487805,0.75,0.9418604651162791
0.9608938547486033,0.9861111111111112,0.9973486618750691,0.993421052631579,0.7777777777777778,0.9773462783171522
0.972027972027972,0.9763975155279503,0.993545544317096,0.991304347826087,0.8928571428571429,0.9827586206896551
0.9538461538461539,0.991778569471088,0.9960689682928232,0.9775280898876404,0.9024390243902439,0.9666666666666667
0.9366197183098591,0.9639880952380953,0.988594922791638,0.9732142857142857,0.8,0.960352422907489
0.9805194805194806,0.9967948717948718,0.9993950356378558,0.9846153846153847,0.9583333333333334,0.9884169884169884
0.9726027397260274,0.997481684981685,0.9989667250641998,0.9807692307692307,0.9523809523809523,0.9807692307692307
0.9932885906040269,1.0,1.0,1.0,0.9565217391304348,0.9960474308300395
0.9477611940298507,0.975206611570248,0.997295993860983,0.9752066115702479,0.6923076923076923,0.9711934156378601
0.9763779527559056,0.995049504950495,0.9987130911496185,0.9900990099009901,0.9230769230769231,0.9852216748768473
0.9545454545454546,0.9863565891472867,0.9973479789871496,0.9844961240310077,0.8,0.9731800766283525
0.9774436090225563,0.9993527508090616,0.9998123871603936,0.9805825242718447,0.9666666666666667,0.9853658536585366
0.9652777777777778,0.9983258928571428,0.9995341614906832,0.9821428571428571,0.90625,0.9777777777777777
0.9580838323353293,0.9862043251304996,0.9982990454393447,0.9731543624161074,0.8333333333333334,0.9764309764309764
0.9057971014492754,0.9739473684210526,0.9894831121683201,0.96,0.7631578947368421,0.9365853658536586
0.9705882352941176,0.9923418972332017,0.9962242117103846,1.0,0.9090909090909091,0.9787234042553191
0.9615384615384616,0.9812868495257626,0.9887328986586471,1.0,0.8936170212765957,0.9707602339181286
0.9647887323943662,0.9912870301219816,0.9964980341215642,0.9902912621359223,0.8974358974358975,0.9760765550239234
0.8940397350993378,0.9678899082568808,0.9868003047672123,0.9357798165137615,0.7857142857142857,0.9272727272727272
0.9625,0.9955569660425262,0.9992470060362107,0.9708029197080292,0.9130434782608695,0.9779411764705882
0.951048951048951,0.9814425770308124,0.99559428094415,0.957983193277311,0.9166666666666666,0.9702127659574468
0.9545454545454546,0.9818691992229657,0.9932080905246993,0.9911504424778761,0.8536585365853658,0.9696969696969697
0.9411764705882353,0.9882498453927024,0.9933983731596858,0.974025974025974,0.8809523809523809,0.9554140127388535
0.9496402877697842,0.9865443425076453,0.9960870180583417,0.9908256880733946,0.8,0.968609865470852
0.9655172413793104,0.9882920110192838,0.9975977345723418,0.9834710743801653,0.875,0.9794238683127572
0.9230769230769231,0.9622781065088758,0.9840076035620068,0.9807692307692307,0.7692307692307693,0.9488372093023256
0.967741935483871,0.9929971988795518,0.9977505073844604,0.9831932773109243,0.9166666666666666,0.9790794979079498
0.9655172413793104,0.9953488372093022,0.998432060347399,1.0,0.8666666666666667,0.9772727272727273
0.927007299270073,0.9783783783783784,0.9916730772132565,0.98,0.7837837837837838,0.9514563106796117
0.9473684210526315,0.9877675840978593,0.9971655014896927,0.9908256880733946,0.75,0.968609865470852
0.952755905511811,0.9866717440974866,0.9963886068055303,1.0,0.7692307692307693,0.9711538461538461
0.9338235294117647,0.9792728508324838,0.9946771361757134,0.981651376146789,0.7407407407407407,0.9596412556053812
0.9415584415584416,0.9879789631855747,0.9965872528036837,0.9834710743801653,0.7878787878787878,0.9635627530364372
0.9568965517241379,0.9976052001368457,0.9988504776279593,1.0,0.8648648648648649,0.9693251533742331
0.9473684210526315,0.9889328063241107,0.9976793722697087,0.9818181818181818,0.782608695652174,0.968609865470852
0.9583333333333334,0.9920350457984867,0.9976642733465552,0.989247311827957,0.8518518518518519,0.9735449735449735
0.9662162162162162,0.9892241379310345,0.9967906282981138,1.0,0.84375,0.9789029535864979
0.9586776859504132,0.9854251012145748,0.9956424508879221,0.9894736842105263,0.8461538461538461,0.9740932642487047
0.940677966101695,0.9926470588235294,0.9970886735049294,0.9642857142857143,0.8823529411764706,0.9585798816568047
0.9290780141843972,0.9807807807807808,0.9942404407530441,0.963963963963964,0.8,0.9553571428571429
0.9642857142857143,0.99475,0.9978816138037502,0.99,0.9,0.9753694581280788
0.952054794520548,0.9942528735632183,0.9984903663194761,0.9568965517241379,0.9333333333333333,0.9694323144104804
0.9591836734693877,0.9881436314363143,0.9975999253958638,0.975609756097561,0.875,0.975609756097561
0.9483870967741935,0.9729230769230769,0.9942323632057939,0.9769230769230769,0.8,0.9694656488549618
0.9393939393939394,0.9843937575030012,0.9945061233430349,0.9897959183673469,0.7941176470588235,0.9603960396039604
0.9444444444444444,0.9691788526434195,0.9905582301935039,0.984251968503937,0.8,0.9652509652509652
0.984,1.0,0.9999999999999999,0.9770114942528736,1.0,0.9883720930232558
0.9451219512195121,0.9651257096512571,0.9922766260949797,0.9854014598540146,0.7407407407407407,0.967741935483871
0.9407407407407408,0.981823114487249,0.99256781189095,0.9896907216494846,0.8157894736842105,0.96
0.9375,0.9824802473376847,0.9892693926343137,0.9859154929577465,0.8536585365853658,0.9523809523809523
0.9925925925925926,1.0,0.9999999999999999,1.0,0.96,0.995475113122172
0.9694656488549618,0.9945421467556095,0.9980250765803599,0.9896907216494846,0.9117647058823529,0.9795918367346939
0.9386503067484663,0.987405037984806,0.9955894688230549,0.9672131147540983,0.8536585365853658,0.959349593495935
0.9483870967741935,0.9841311134235171,0.9957304123818178,0.9758064516129032,0.8387096774193549,0.968
0.940677966101695,0.9932432432432432,0.996019002735973,0.9864864864864865,0.8636363636363636,0.954248366013072
0.9787234042553191,1.0,1.0,0.972972972972973,1.0,0.9863013698630136
0.9171974522292994,0.9794356767097083,0.9941842038424983,0.983739837398374,0.6764705882352942,0.9490196078431372
0.9867549668874173,0.998792270531401,0.9996192163221418,0.991304347826087,0.9722222222222222,0.991304347826087
0.9567901234567902,0.9864072494669509,0.9969885957189953,0.9776119402985075,0.8571428571428571,0.9739776951672863
0.9383561643835616,0.9876022811802628,0.9957342919285297,0.963302752293578,0.8648648648648649,0.958904109589041
0.9705882352941176,0.9969444444444443,0.9989046162274243,0.99,0.9166666666666666,0.9801980198019802
0.9699248120300752,0.9964349376114082,0.9987486858459454,0.9797979797979798,0.9411764705882353,0.9797979797979798
0.9629629629629629,0.998421052631579,0.9993522096847421,0.9789473684210527,0.925,0.9738219895287958
0.9618320610687023,0.9869835880022637,0.9944305959518847,1.0,0.868421052631579,0.9738219895287958
0.9347826086956522,0.9841886269070735,0.9943883349870899,0.970873786407767,0.8285714285714286,0.9569377990430622
0.9294871794871795,0.9796296296296297,0.99496005354007,0.9682539682539683,0.7666666666666667,0.9568627450980393
0.9375,0.9798198198198199,0.9895587392968476,0.9866666666666667,0.8378378378378378,0.9548387096774194
0.9541984732824428,0.9966193373901284,0.9990423801496466,0.9607843137254902,0.9310344827586207,0.9702970297029703
0.9689922480620154,0.9875862068965517,0.9960445770403621,0.99,0.896551724137931,0.9801980198019802
0.9473684210526315,0.9949324324324325,0.9980903121283609,0.96875,0.8918918918918919,0.9637305699481865
0.9712230215827338,0.9947538337368846,0.9990436789888832,0.9830508474576272,0.9047619047619048,0.9830508474576272
0.9602649006622517,0.9981366459627329,0.9992059991520907,0.9904761904761905,0.8913043478260869,0.9719626168224299
0.9027777777777778,0.9620320855614973,0.9877053347081788,0.9727272727272728,0.6764705882352942,0.9385964912280702
0.9214285714285714,0.9593939393939394,0.9881132087263211,0.9727272727272728,0.7333333333333333,0.9511111111111111
0.9361702127659575,0.9713669950738916,0.9920847444276616,0.9910714285714286,0.7241379310344828,0.961038961038961
0.9760479041916168,0.9799319727891157,0.9969700339615106,0.9931972789115646,0.85,0.9864864864864865
0.9548872180451128,0.9825680272108843,0.9963841940863687,0.9821428571428571,0.8095238095238095,0.9734513274336283
0.965034965034965,0.9880952380952381,0.9974943653009584,0.9915966386554622,0.8333333333333334,0.979253112033195
0.9214285714285714,0.9820152746982016,0.9920902333779902,0.9595959595959596,0.8292682926829268,0.945273631840796
0.9513888888888888,0.9826086956521738,0.9952741412470936,0.9826086956521739,0.8275862068965517,0.9699570815450643
0.965034965034965,0.9913594470046083,0.9974782228863117,0.9910714285714286,0.8709677419354839,0.9779735682819384
0.9105691056910569,0.9808327825512227,0.9924856807435475,0.9662921348314607,0.7647058823529411,0.9398907103825137
0.9523809523809523,0.9804195804195804,0.9962178298071077,0.972027972027972,0.84,0.972027972027972
0.9605263157894737,0.9880315762668703,0.9965225413615577,0.9831932773109243,0.8787878787878788,0.975
0.9254658385093167,0.9641441441441442,0.9818813791020958,0.972972972972973,0.82,0.9473684210526315
0.9517241379310345,0.9803650442477876,0.993973523395393,0.9823008849557522,0.84375,0.9694323144104804
0.9548872180451128,0.9881720430107527,0.994536569180408,0.978494623655914,0.9,0.9680851063829787
0.9180327868852459,0.9761554312628791,0.987061248567516,1.0,0.7674418604651163,0.9404761904761905
0.9205298013245033,0.958005249343832,0.99144207298299,0.9606299212598425,0.7083333333333334,0.953125
0.975,0.9935661764705882,0.9988490966263345,0.9926470588235294,0.875,0.9854014598540146
0.9647887323943662,0.9982563208369659,0.9995258416311048,0.9819819819819819,0.9032258064516129,0.9775784753363229
0.9517241379310345,0.985,0.9965624838148612,0.9833333333333333,0.8,0.9711934156378601
0.948051948051948,0.977202868852459,0.9934159797806267,0.9754098360655737,0.84375,0.967479674796748
0.946969696969697,0.9936507936507937,0.9983741216535817,0.9619047619047619,0.8888888888888888,0.9665071770334929
0.9848484848484849,0.9955886407499311,0.9980317784339299,1.0,0.9487179487179487,0.9893617021276596
0.9637681159420289,0.9903527283690081,0.9971452344805238,0.9906542056074766,0.8709677419354839,0.9769585253456221
0.9337748344370861,0.9841397849462366,0.9955943819554839,0.9833333333333333,0.7419354838709677,0.959349593495935
0.9136690647482014,0.9614420062695924,0.9892174949836758,0.9727272727272728,0.6896551724137931,0.9469026548672567
0.9473684210526315,0.9857673267326733,0.9953021410884066,0.9801980198019802,0.84375,0.9658536585365853
0.952,0.9950869236583522,0.9986672881344687,0.9897959183673469,0.8148148148148148,0.97
0.967741935483871,0.9900914634146342,0.9971197998452446,0.983739837398374,0.90625,0.979757085020243
0.935251798561151,0.9811218985976268,0.9927305379691802,0.9611650485436893,0.8611111111111112,0.9565217391304348
0.96045197740113,0.9909133271202237,0.9981064469481896,0.9662162162162162,0.9310344827586207,0.9761092150170648
0.9731543624161074,0.9916405433646813,0.997502127235079,0.9913793103448276,0.9090909090909091,0.9829059829059829
0.9761904761904762,0.9993055555555554,0.9997874149659862,0.9895833333333334,0.9333333333333333,0.9844559585492227
0.959349593495935,0.9899641577060931,0.9966021786114798,0.967741935483871,0.9333333333333333,0.972972972972973
0.9562043795620438,0.9867256637168141,0.9969023624157232,0.9646017699115044,0.9166666666666666,0.9732142857142857
0.9645390070921985,0.9977064220183487,0.9993356165599585,0.981651376146789,0.90625,0.9771689497716894
0.959731543624161,0.9979020979020979,0.9992786386316082,0.9818181818181818,0.8974358974358975,0.972972972972973
0.9672131147540983,0.9906015037593986,0.9953249371663576,1.0,0.8947368421052632,0.9767441860465116
0.916083916083916,0.967551622418879,0.9905799536456923,0.9469026548672567,0.8,0.9469026548672567
0.9534883720930233,0.9840032813781789,0.9960137005841728,0.9905660377358491,0.782608695652174,0.9722222222222222
0.9770992366412213,0.9965367965367966,0.9993287014491793,1.0,0.8571428571428571,0.9865470852017937
0.9312977099236641,0.9827586206896552,0.9902199827269049,0.9655172413793104,0.8636363636363636,0.9491525423728814
0.961038961038961,0.9913707268503152,0.998446778474525,0.9770992366412213,0.8695652173913043,0.9770992366412213
0.9542857142857143,0.9852752880921896,0.9963553630219486,0.9859154929577465,0.8181818181818182,0.9722222222222222
0.9568345323741008,0.9943249701314217,0.9983170334694129,0.9629629629629629,0.9354838709677419,0.9719626168224299
0.9708029197080292,0.9883449883449884,0.9959588925510245,0.9903846153846154,0.9090909090909091,0.9809523809523809
0.9777777777777777,0.997876213592233,0.999339967961689,0.9902912621359223,0.9375,0.9855072463768116
0.9570552147239264,0.9892857142857142,0.9968115101586922,0.9765625,0.8857142857142857,0.9727626459143969
0.9617834394904459,0.9839424141749723,0.9963091126421173,0.9922480620155039,0.8214285714285714,0.9770992366412213
0.971830985915493,0.9958132045088567,0.999019964133513,0.991304347826087,0.8888888888888888,0.9827586206896551
0.9159663865546218,0.9782608695652174,0.993458808132992,0.9782608695652174,0.7037037037037037,0.9473684210526315
0.9629629629629629,0.9982305358948432,0.9991904037828866,0.9782608695652174,0.9302325581395349,0.972972972972973
0.9655172413793104,0.9940035273368607,0.9973317872953023,0.9753086419753086,0.9428571428571428,0.9753086419753086
0.9652173913043478,0.9883805374001453,0.9949280074031728,1.0,0.8823529411764706,0.9759036144578314
0.9508196721311475,0.9896907216494846,0.9973341906225291,0.979381443298969,0.84,0.9693877551020408
0.9285714285714286,0.9842674532940019,0.9962807864272274,0.9734513274336283,0.7407407407407407,0.9565217391304348
0.9849624060150376,0.9892163910855499,0.9971350161867607,1.0,0.9230769230769231,0.9907407407407407
0.9259259259259259,0.9744981009224092,0.9891476916524281,0.979381443298969,0.7894736842105263,0.95
0.9507042253521126,0.9855113636363636,0.9957019816988162,0.9818181818181818,0.84375,0.968609865470852
0.9559748427672956,0.9920634920634921,0.9978851557730178,0.9841269841269841,0.8484848484848485,0.9725490196078431
0.9140625,0.9482948294829483,0.9841921809307521,0.9702970297029703,0.7037037037037037,0.9468599033816425
0.9714285714285714,0.9897959183673469,0.9973311668393887,0.9821428571428571,0.9285714285714286,0.9821428571428571
0.9606299212598425,0.9980263157894737,0.9993488876831254,0.968421052631579,0.9375,0.9735449735449735
0.98,0.9985093167701864,0.9995502026021548,0.991304347826087,0.9428571428571428,0.987012987012987
0.9491525423728814,0.9948412698412699,0.9984225180401333,0.9666666666666667,0.8928571428571429,0.9666666666666667
0.9659863945578231,0.9893673577884105,0.9965425269015802,0.9736842105263158,0.9393939393939394,0.9779735682819384
0.9342105263157895,0.9605173587474471,0.9849882944560997,0.9823008849557522,0.7948717948717948,0.9568965517241379
0.9487179487179487,0.9962490622655664,0.9986901851322948,0.9767441860465116,0.8709677419354839,0.9655172413793104
0.9533333333333334,0.9944219066937119,0.9982985619243709,0.9568965517241379,0.9411764705882353,0.9694323144104804
0.9375,0.975830078125,0.9934804894697604,0.96875,0.8125,0.9612403100775194
0.9664429530201343,0.989002557544757,0.9964547936813509,1.0,0.8529411764705882,0.9787234042553191
0.9166666666666666,0.9864864864864865,0.9938255490861522,0.9864864864864865,0.7647058823529411,0.9419354838709677
0.9523809523809523,0.9794871794871796,0.994346207646873,0.9914529914529915,0.8,0.9707112970711297
0.8861788617886179,0.9743975903614458,0.9877354764209948,0.963855421686747,0.725,0.9195402298850575
0.968,0.99848828420257,0.9995927851843911,0.9897959183673469,0.8888888888888888,0.9797979797979798
0.9421487603305785,0.9758953168044078,0.9902867867657774,0.9772727272727273,0.8484848484848485,0.9608938547486033
0.9492753623188406,0.9791205314773805,0.9938477848253183,1.0,0.7586206896551724,0.9688888888888889
0.9602649006622517,0.9867768595041323,0.9964517685620617,0.9752066115702479,0.9,0.9752066115702479
0.9574468085106383,0.9876543209876544,0.9957464256282196,0.9907407407407407,0.8484848484848485,0.9727272727272728
0.9607843137254902,0.9884918231374925,0.9974964612017342,0.9763779527559056,0.8846153846153846,0.9763779527559056
0.9591836734693877,0.9817803227485684,0.9939910913490928,0.9823008849557522,0.8823529411764706,0.9736842105263158
0.9689922480620154,0.9988432620011568,0.9995247856397925,0.978021978021978,0.9473684210526315,0.978021978021978
0.9461538461538461,0.9797222222222223,0.9903232266763091,0.9777777777777777,0.875,0.9617486338797814
0.9452054794520548,0.991158267020336,0.9977937581181624,0.9572649572649573,0.896551724137931,0.9655172413793104
0.9512195121951219,0.9908424908424909,0.9956156962254649,0.9761904761904762,0.8974358974358975,0.9647058823529412
0.9224806201550387,0.9790592783505154,0.992539749790962,0.9484536082474226,0.84375,0.9484536082474226
0.9130434782608695,0.9299115044247788,0.9822609300752712,0.9734513274336283,0.64,0.9482758620689655
0.937984496124031,0.9870786516853932,0.9939232971102385,0.9887640449438202,0.825,0.9565217391304348
0.9732142857142857,0.9986583184257602,0.9996005211662323,0.9883720930232558,0.9230769230769231,0.9826589595375722
0.948051948051948,0.982953181272509,0.994661929545116,0.9915966386554622,0.8,0.9672131147540983
0.9315068493150684,0.9825690533655136,0.9946969643970369,0.9734513274336283,0.7878787878787878,0.9565217391304348
0.9586776859504132,0.9924731182795699,0.9972750877904515,0.9777777777777777,0.9032258064516129,0.9723756906077348
0.9477611940298507,0.9936993699369937,0.99792810070721,0.9801980198019802,0.8484848484848485,0.9658536585365853
0.9320987654320988,0.9582990397805213,0.9908189219687059,0.9777777777777777,0.7037037037037037,0.96
0.8981481481481481,0.9672932330827068,0.981274487320085,0.9857142857142858,0.7368421052631579,0.9261744966442953
0.9436619718309859,0.9801647848642051,0.9942747651567809,0.9646017699115044,0.8620689655172413,0.9646017699115044
0.9657142857142857,0.9837377387712959,0.9969108523964167,0.9932885906040269,0.8076923076923077,0.9801324503311258
0.9426751592356688,0.9853372434017595,0.995951157158991,0.9838709677419355,0.7878787878787878,0.9644268774703557
0.9917355371900827,1.0,1.0,0.9876543209876543,1.0,0.9937888198757764
0.9741935483870968,0.9890326209223846,0.9974565526484804,0.9921259842519685,0.8928571428571429,0.984375
0.9496402877697842,0.982803543512246,0.9927790500454526,0.9900990099009901,0.8421052631578947,0.966183574879227
0.9349593495934959,0.9886363636363636,0.9952232935210814,0.9431818181818182,0.9142857142857143,0.9540229885057471
0.9236641221374046,0.9807302231237321,0.9944118527288534,0.9509803921568627,0.8275862068965517,0.9509803921568627
0.9562043795620438,0.9947671376242805,0.9978991014870738,0.9795918367346939,0.8974358974358975,0.9696969696969697
0.9337748344370861,0.9792792792792794,0.9923121787386412,0.990990990990991,0.775,0.9565217391304348
0.9733333333333334,0.9958333333333333,0.998961981798967,0.9916666666666667,0.9,0.9834710743801653
0.9576719576719577,0.9929138321995464,0.9991184860155848,0.9761904761904762,0.8095238095238095,0.9761904761904762
0.9219858156028369,0.970873786407767,0.9887329375353608,0.9805825242718447,0.7631578947368421,0.9483568075117371
0.9230769230769231,0.9753694581280788,0.9946715135418078,0.9642857142857143,0.7241379310344828,0.9540636042402827
0.9513888888888888,0.9931847968545217,0.9978140414728685,0.9724770642201835,0.8857142857142857,0.9680365296803652
0.9432624113475178,0.9886206896551725,0.9974593758924415,0.9913793103448276,0.72,0.9663865546218487
0.9754098360655737,0.9993055555555556,0.9997544430877762,0.9777777777777777,0.96875,0.9832402234636871
0.9552238805970149,0.9942434210526316,0.9976769912584329,0.9791666666666666,0.8947368421052632,0.9690721649484536
0.958904109589041,0.9961117002474372,0.9992519144866843,0.959349593495935,0.9565217391304348,0.9752066115702479
0.9264705882352942,0.981159420289855,0.9900473810977778,0.9777777777777777,0.8260869565217391,0.946236559139785
0.98,0.9968919968919969,0.9990981867263886,0.9914529914529915,0.9393939393939394,0.9872340425531915
0.95,0.98777271637497,0.9942576396542083,0.979381443298969,0.8837209302325582,0.9644670050761421
0.9490445859872612,0.986416861826698,0.995678629441833,0.9672131147540983,0.8857142857142857,0.9672131147540983
0.9722222222222222,0.9979166666666667,0.9995803761809154,0.975,0.9583333333333334,0.9831932773109243
0.9681528662420382,0.9981818181818182,0.9996590737771198,0.9772727272727273,0.92,0.9809885931558935
0.9659863945578231,0.9911504424778761,0.9970741434278934,0.9911504424778761,0.8823529411764706,0.9781659388646288
0.9692307692307692,0.9823333333333333,0.9942093698197937,1.0,0.8666666666666667,0.9803921568627451
0.9681528662420382,0.9912280701754386,0.9983203532046384,0.9924812030075187,0.8333333333333334,0.9814126394052045
0.9426751592356688,0.9788797061524335,0.9932767398751869,0.9834710743801653,0.8055555555555556,0.9635627530364372
0.9558823529411765,0.9955827387020049,0.9988938665949638,0.963302752293578,0.9259259259259259,0.9722222222222222
0.9666666666666667,0.9953358208955224,0.9994412563991142,0.9776119402985075,0.875,0.9812734082397003
0.9577464788732394,0.9764150943396226,0.990352651776497,0.9905660377358491,0.8611111111111112,0.9722222222222222
0.9069767441860465,0.9671732522796352,0.9871740484137338,0.9574468085106383,0.7714285714285715,0.9375
0.9440559440559441,0.9873310810810811,0.9960779520875607,0.972972972972973,0.84375,0.9642857142857143
0.9492753623188406,0.9816483149816483,0.9952014711722276,0.972972972972973,0.8518518518518519,0.968609865470852
0.9272727272727272,0.9750918742343814,0.989448368531064,1.0,0.7419354838709677,0.9518072289156626
0.958041958041958,0.9861006761833209,0.9972907750227379,0.9917355371900827,0.7727272727272727,0.975609756097561
0.959731543624161,0.9885149572649573,0.9964858995874136,0.9829059829059829,0.875,0.9745762711864406
0.963963963963964,0.9971830985915493,0.9984448605794307,1.0,0.9,0.9726027397260274
0.9064748201438849,0.962051282051282,0.9844362286457778,0.97,0.7435897435897436,0.9371980676328503
0.95,0.9922815683853041,0.9958764491888044,1.0,0.8536585365853658,0.9634146341463414
0.961038961038961,0.9860215053763441,0.9960080736425206,0.9838709677419355,0.8666666666666667,0.976
0.9655172413793104,0.9862258953168044,0.9969226215841231,0.9752066115702479,0.9166666666666666,0.979253112033195
0.9731543624161074,0.9985242030696576,0.9996561687227516,0.9752066115702479,0.9642857142857143,0.9833333333333333
0.9280575539568345,0.9835800185013877,0.9909149674752638,0.9782608695652174,0.8297872340425532,0.9473684210526315
0.9435483870967742,0.9943181818181818,0.997694811956261,0.9659090909090909,0.8888888888888888,0.96045197740113
0.9945945945945946,1.0,1.0,1.0,0.9565217391304348,0.9969230769230769
0.9793103448275862,0.9994994994994995,0.9998293187853162,0.9814814814814815,0.972972972972973,0.986046511627907
0.9215686274509803,0.9604547701433515,0.9872014496435205,0.9663865546218487,0.7647058823529411,0.9504132231404959
0.9290780141843972,0.9825114678899083,0.9944835683671356,0.963302752293578,0.8125,0.9545454545454546
0.9793103448275862,0.9992872416250891,0.9998661737490797,0.9836065573770492,0.9565217391304348,0.9876543209876543
0.9401197604790419,0.9523244781783682,0.9881255222213783,0.9852941176470589,0.7419354838709677,0.9640287769784173
0.9315068493150684,0.9733520336605891,0.9922224172583191,0.9739130434782609,0.7741935483870968,0.9572649572649573
0.9545454545454546,0.9912131519274376,0.9979993783408299,0.9841269841269841,0.8214285714285714,0.9725490196078431
0.9602649006622517,0.9857142857142857,0.9969283542416977,0.9920634920634921,0.8,0.9765625
0.9819277108433735,0.9962696509459099,0.9992707227101266,0.9928057553956835,0.9259259259259259,0.989247311827957
0.9708029197080292,0.9804713804713805,0.9949179004461677,0.990909090909091,0.8888888888888888,0.9819819819819819
0.9264705882352942,0.9817400644468313,0.9925540837434879,0.9897959183673469,0.7631578947368421,0.9509803921568627
0.9375,0.9844389844389845,0.995168619960239,0.963963963963964,0.8484848484848485,0.9596412556053812
0.9398496240601504,0.9808558558558558,0.9921654521352297,0.9791666666666666,0.8378378378378378,0.9591836734693877
0.9545454545454546,0.9825819672131147,0.9950668028803232,0.9918032786885246,0.8125,0.9718875502008032
0.9328859060402684,0.9847756410256411,0.9956186246767542,0.9658119658119658,0.8125,0.9576271186440678
0.9692307692307692,0.9984379881287098,0.9994803282137597,1.0,0.8787878787878788,0.9797979797979798
0.9568345323741008,0.9955197132616487,0.998718291449648,0.9722222222222222,0.9032258064516129,0.9722222222222222
0.968,0.9988662131519274,0.9996969084663568,0.9897959183673469,0.8888888888888888,0.9797979797979798
0.8923076923076924,0.967741935483871,0.9866132795650383,0.956989247311828,0.7297297297297297,0.9270833333333334
0.9398496240601504,0.9874005305039788,0.996130707005774,0.9903846153846154,0.7586206896551724,0.9626168224299065
0.9492753623188406,0.9833333333333334,0.9950400399277204,0.9814814814814815,0.8333333333333334,0.9680365296803652
0.9767441860465116,0.9905905905905906,0.9972053974836372,0.9925925925925926,0.918918918918919,0.9852941176470589
0.9574468085106383,0.9756816507000737,0.9948899528438111,1.0,0.7391304347826086,0.9752066115702479
0.905511811023622,0.9808802308802308,0.994757094298798,0.9595959595959596,0.7142857142857143,0.9405940594059405
0.9403973509933775,0.9729853479853481,0.9898752200604009,0.9910714285714286,0.7948717948717948,0.961038961038961
0.9647887323943662,0.9940094137783484,0.9990781487784355,0.983739837398374,0.8421052631578947,0.979757085020243
0.9540229885057471,0.9758333333333332,0.9958248818536206,0.98,0.7916666666666666,0.9735099337748344
0.9536423841059603,0.9826446280991735,0.9953246044840411,0.9834710743801653,0.8333333333333334,0.9714285714285714
0.9285714285714286,0.9715675271230826,0.9913172957750139,0.9494949494949495,0.8518518518518519,0.9543147208121827
0.9411764705882353,0.9783216783216783,0.9948093517349402,1.0,0.6923076923076923,0.9649122807017544
0.9466666666666667,0.9655172413793104,0.9906486142961684,0.9834710743801653,0.7931034482758621,0.967479674796748
0.951048951048951,0.9859223300970873,0.9942406345963644,0.970873786407767,0.9,0.966183574879227
0.958904109589041,0.9847689075630252,0.9950469358406627,0.9821428571428571,0.8823529411764706,0.9734513274336283
0.972027972027972,0.9869565217391304,0.9964095665329792,0.991304347826087,0.8928571428571429,0.9827586206896551
0.9470198675496688,0.9734169653524493,0.9934461747868637,0.9758064516129032,0.8148148148148148,0.968
0.9698795180722891,0.9813762626262627,0.9968701587845478,0.9861111111111112,0.8636363636363636,0.9826989619377162
0.9344262295081968,0.9772727272727273,0.9906095444081299,0.9886363636363636,0.7941176470588235,0.9560439560439561
0.8905109489051095,0.9555690809494826,0.9863707245566726,0.9433962264150944,0.7096774193548387,0.9302325581395349
0.9724137931034482,0.98,0.9965507211771444,0.984,0.9,0.984
0.9534883720930233,0.9840455840455841,0.9924944477819542,0.9777777777777777,0.8974358974358975,0.967032967032967
0.9097222222222222,0.965055965055965,0.9889543492879646,0.990990990990991,0.6363636363636364,0.944206008583691
0.9481481481481482,0.9922371206774877,0.9982009285392792,0.981651376146789,0.8076923076923077,0.9683257918552036
0.9712230215827338,0.9915360501567397,0.99758557543665,0.9818181818181818,0.9310344827586207,0.9818181818181818
0.9765625,0.9993742177722152,0.9997748445355125,0.9787234042553191,0.9705882352941176,0.983957219251337
0.9375,0.9830369357045143,0.9911894235578136,0.9882352941176471,0.8372093023255814,0.9545454545454546
0.9337748344370861,0.9569166278528178,0.9839679004182174,0.9911504424778761,0.7631578947368421,0.9572649572649573
0.9516129032258065,0.9966340269277846,0.9985560115519078,0.9767441860465116,0.8947368421052632,0.9655172413793104
0.9230769230769231,0.9816176470588235,0.9934074164027159,0.9791666666666666,0.7647058823529411,0.9494949494949495
0.986013986013986,1.0,1.0,0.9819819819819819,1.0,0.990909090909091
0.9415584415584416,0.962047977085571,0.9934286135922048,0.9699248120300752,0.7619047619047619,0.9662921348314607
0.9473684210526315,0.9748633879781421,0.9933964701462045,0.9836065573770492,0.8,0.967741935483871
0.9304347826086956,0.9902159244264508,0.995071523234844,0.9736842105263158,0.8461538461538461,0.9487179487179487
0.9404761904761905,0.9838056680161944,0.9949554077463574,0.9846153846153847,0.7894736842105263,0.9624060150375939
0.9726027397260274,0.9885057471264367,0.9966643777760497,0.9913793103448276,0.9,0.9829059829059829
0.9473684210526315,0.9959821428571429,0.9986179262465448,0.9821428571428571,0.85,0.9649122807017544
0.9661016949152542,0.9907202828104287,0.9978961101856221,0.9794520547945206,0.9032258064516129,0.9794520547945206
0.9722222222222222,0.9930486593843098,0.9973614440814871,0.9905660377358491,0.9210526315789473,0.9813084112149533
0.965034965034965,0.987888198757764,0.9968138863638533,0.991304347826087,0.8571428571428571,0.9785407725321889
0.9389312977099237,0.9851190476190476,0.9943450330005129,0.96875,0.8571428571428571,0.9587628865979382
0.9577464788732394,0.9968553459119497,0.9989462561189855,0.9716981132075472,0.9166666666666666,0.9716981132075472
0.9290780141843972,0.9829192546583851,0.9897040933672673,0.9565217391304348,0.8775510204081632,0.946236559139785
0.9197080291970803,0.9613511868533171,0.9876285235996267,0.9716981132075472,0.7419354838709677,0.9493087557603687
0.9533333333333334,0.9818699818699819,0.9944823857291448,0.9829059829059829,0.8484848484848485,0.9704641350210971
0.9612403100775194,0.9970951343500363,0.999237320413791,0.9705882352941176,0.9259259259259259,0.9753694581280788
0.952755905511811,0.9950657894736842,0.9983346533492459,0.9894736842105263,0.84375,0.9690721649484536
0.9754098360655737,0.9991752577319588,0.9997917317504945,0.9896907216494846,0.92,0.9846153846153847
0.9403973509933775,0.9788076385654401,0.9922562848009875,0.9823008849557522,0.8157894736842105,0.961038961038961
0.9186991869918699,0.9858433734939759,0.9929448367716545,0.9759036144578314,0.8,0.9418604651162791
0.9662162162162162,0.9794642857142858,0.9947504006902117,0.9916666666666667,0.8571428571428571,0.9794238683127572
0.8925619834710744,0.9854938271604937,0.9931343740134093,1.0,0.675,0.9257142857142857
0.910958904109589,0.9784798534798534,0.991343763903572,0.9711538461538461,0.7619047619047619,0.9395348837209302
0.9626865671641791,0.9779882975759264,0.9904232850888414,1.0,0.8648648648648649,0.9748743718592965
0.9375,0.9856070087609512,0.9945583745895572,1.0,0.7647058823529411,0.9591836734693877
0.952054794520548,0.9833333333333333,0.9953813977474457,0.9741379310344828,0.8666666666666667,0.9699570815450643
0.9485294117647058,0.9694107062528114,0.9947476706976535,0.9829059829059829,0.7368421052631579,0.9704641350210971
0.975,0.9876766944545123,0.9950055175378315,0.9887640449438202,0.9354838709677419,0.9832402234636871
0.9465648854961832,0.9796774193548387,0.9932459689761945,0.98,0.8387096774193549,0.9655172413793104
0.952054794520548,0.992827868852459,0.9985551287299328,0.9590163934426229,0.9166666666666666,0.970954356846473
0.9444444444444444,0.9782682512733446,0.9922430842136563,0.9789473684210527,0.8387096774193549,0.9637305699481865
0.946969696969697,0.9938529628718957,0.9961278960622227,0.9879518072289156,0.8775510204081632,0.9590643274853801
0.9035087719298246,0.9830882352941176,0.9928521864908658,0.9875,0.7058823529411765,0.9349112426035503
0.9375,0.9713203463203464,0.9829899339507656,0.9880952380952381,0.8409090909090909,0.9540229885057471
0.9365079365079365,0.9895124716553289,0.9947237126966064,0.9880952380952381,0.8333333333333334,0.9540229885057471
0.9513888888888888,0.9877149877149878,0.9962805003338415,0.972972972972973,0.8787878787878788,0.968609865470852
0.9280575539568345,0.9742990654205608,0.9918768833503478,0.9813084112149533,0.75,0.9545454545454546
0.9833333333333333,0.9961268458000484,0.9992921589260917,0.9934640522875817,0.9259259259259259,0.990228013029316
0.9627329192546584,0.987599831862127,0.9957559178131639,0.9836065573770492,0.8974358974358975,0.975609756097561
0.9758064516129032,0.9861255636489767,0.9950608698446115,1.0,0.9032258064516129,0.9841269841269841
0.917910447761194,0.966919191919192,0.9821289922614506,1.0,0.75,0.9424083769633508
0.9685534591194969,0.9850948509485093,0.9953510482156962,1.0,0.8611111111111112,0.9800796812749004
0.9225806451612903,0.9831097863884749,0.9952456489351373,0.9590163934426229,0.7878787878787878,0.9512195121951219
0.9347826086956522,0.9659090909090908,0.9927000186577946,0.9827586206896551,0.6818181818181818,0.9620253164556962
0.9181818181818182,0.9818585708996668,0.9903459560961942,0.958904109589041,0.8378378378378378,0.9395973154362416
0.9389312977099237,0.9570707070707071,0.9850123798194755,1.0,0.75,0.9611650485436893
0.9828571428571429,0.9927113702623906,0.9985674523270134,0.9931972789115646,0.9285714285714286,0.9898305084745763
0.9781021897810219,0.9981081081081081,0.999295715799597,0.99,0.9459459459459459,0.9850746268656716
0.9715909090909091,0.9884887839433294,0.9982046754564229,0.9805194805194806,0.9090909090909091,0.9837133550488599
0.9375,0.9751351351351351,0.9868546329913983,0.9866666666666667,0.8378378378378378,0.9548387096774194
0.9603174603174603,0.9959183673469387,0.9991910170952054,0.9809523809523809,0.8571428571428571,0.976303317535545
0.9383561643835616,0.9701267999140339,0.9828618884470327,0.9696969696969697,0.8723404255319149,0.9552238805970149
0.9920634920634921,1.0,1.0,0.9901960784313726,1.0,0.9950738916256158
0.9477124183006536,0.9830808080808081,0.9949354680093689,0.975,0.8484848484848485,0.9669421487603306
0.9527027027027027,0.9860909881193857,0.9961110674886261,0.9663865546218487,0.896551724137931,0.9704641350210971
0.950354609929078,0.987601078167116,0.9956381616605788,0.9905660377358491,0.8285714285714286,0.967741935483871
0.9719626168224299,0.9996268656716418,0.999780509218613,1.0,0.925,0.9781021897810219
0.957983193277311,0.9937716262975779,0.9974287008897269,0.9647058823529412,0.9411764705882353,0.9704142011834319
0.9931972789115646,0.997289972899729,0.9994667366028499,1.0,0.9583333333333334,0.9959514170040485
0.9603174603174603,1.0,1.0,1.0,0.8,0.9758454106280193
0.9668874172185431,0.9927806241266884,0.9973503007504751,0.9911504424778761,0.8947368421052632,0.9781659388646288
0.9477124183006536,0.9814912744579588,0.9949329064574899,0.9754098360655737,0.8387096774193549,0.967479674796748
0.912621359223301,0.9836626139817629,0.9858722973588535,0.9642857142857143,0.851063829787234,0.9230769230769231
0.9370629370629371,0.9639639639639639,0.9889774047727435,1.0,0.71875,0.961038961038961
0.9398496240601504,0.978322072072072,0.9904659860303495,0.9895833333333334,0.8108108108108109,0.9595959595959596
0.9741935483870968,0.9863294600136705,0.9975209737439685,0.9924812030075187,0.8636363636363636,0.9850746268656716
0.972972972972973,0.9979385693671408,0.9989814878730869,0.9797979797979798,0.9591836734693877,0.9797979797979798
0.9477611940298507,0.9863636363636363,0.9928037476969698,0.9777777777777777,0.8863636363636364,0.9617486338797814
0.9466666666666667,0.989766081871345,0.9965673168113767,0.9912280701754386,0.8055555555555556,0.9658119658119658
0.9606299212598425,0.9927835051546392,0.9977737322197282,1.0,0.8333333333333334,0.9748743718592965
0.917910447761194,0.9794730392156863,0.9931504604812794,0.9509803921568627,0.8125,0.9463414634146341
0.9294871794871795,0.9756738987508218,0.9914450223760743,0.9829059829059829,0.7692307692307693,0.9543568464730291
0.937007874015748,0.9858870967741935,0.9953929838234774,0.9791666666666666,0.8064516129032258,0.9591836734693877
0.9485294117647058,0.9874213836477987,0.9961589988785463,0.9811320754716981,0.8333333333333334,0.9674418604651163
0.9621212121212122,0.9888214627914405,0.996301744447199,0.9900990099009901,0.8709677419354839,0.975609756097561
0.9538461538461539,0.9884751773049645,0.9952474757701111,0.9680851063829787,0.9166666666666666,0.9680851063829787
0.9541984732824428,0.9950292397660818,0.9980694266218122,0.9894736842105263,0.8611111111111112,0.9690721649484536
0.9503105590062112,0.988446726572529,0.9961145045680045,0.967479674796748,0.8947368421052632,0.967479674796748
0.9777777777777777,0.9977477477477478,0.9995069869164761,0.9819819819819819,0.9583333333333334,0.9864253393665159
0.971830985915493,0.9945195469492144,0.9988902739322612,0.9747899159663865,0.9565217391304348,0.9830508474576272
0.9785714285714285,0.9965331278890601,0.9993624762499955,1.0,0.8636363636363636,0.9874476987447699
0.9090909090909091,0.9837097371343947,0.9918336144922408,0.9726027397260274,0.7837837837837838,0.9342105263157895
0.9620253164556962,0.9896186440677966,0.9964192924079694,0.9915254237288136,0.875,0.975
0.9605263157894737,0.9767332549941246,0.9917079009882198,1.0,0.8378378378378378,0.9745762711864406
0.9624060150375939,0.9854368932038835,0.995370265122371,0.9902912621359223,0.8666666666666667,0.9760765550239234
0.9259259259259259,0.9785980148883374,0.9932849833826372,0.9615384615384616,0.8064516129032258,0.9523809523809523
0.950354609929078,0.984197218710493,0.995581457855529,0.9911504424778761,0.7857142857142857,0.9696969696969697
0.9607843137254902,0.9893722194760257,0.9968744181131609,1.0,0.8235294117647058,0.9754098360655737
0.9836065573770492,0.9995748299319728,0.9998969284683572,0.9897959183673469,0.9583333333333334,0.9897959183673469
0.9481481481481482,0.9924036896364623,0.9969417739095671,0.9690721649484536,0.8947368421052632,0.9641025641025641
0.9440559440559441,0.9763544536271809,0.9883705142079823,0.9797979797979798,0.8636363636363636,0.9603960396039604
0.9485294117647058,0.9800193361263293,0.9942554238801924,0.9719626168224299,0.8620689655172413,0.9674418604651163
0.9457364341085271,0.9905764966740577,0.9951878012154074,0.9659090909090909,0.9024390243902439,0.96045197740113
0.984,1.0,1.0,0.98,1.0,0.98989898989899
0.896,0.9754363283775048,0.9909520531700174,0.989010989010989,0.6470588235294118,0.9326424870466321
0.9285714285714286,0.9700797872340425,0.9882806367419128,0.9574468085106383,0.84375,0.9523809523809523
0.9782608695652174,0.9900138696255202,0.9961122301811639,0.9902912621359223,0.9428571428571428,0.9855072463768116
0.9798657718120806,0.9993746091307067,0.9998688696564385,0.983739837398374,0.9615384615384616,0.9877551020408163
0.9645390070921985,0.994502473886751,0.99824211921402,0.9813084112149533,0.9117647058823529,0.9767441860465116
0.9609375,0.9903381642512077,0.9959541157667982,1.0,0.8611111111111112,0.9735449735449735
0.971830985915493,0.9947178204058937,0.9983667823266731,0.9908256880733946,0.9090909090909091,0.9818181818181818
0.9622641509433962,0.988256549232159,0.996261120525302,0.983739837398374,0.8888888888888888,0.9758064516129032
0.9440559440559441,0.9854665986741459,0.994551576758455,0.9716981132075472,0.8648648648648649,0.9626168224299065
0.9668874172185431,0.9965517241379311,0.9989131051371953,0.9655172413793104,0.9714285714285714,0.9781659388646288
0.9285714285714286,0.9786499215070643,0.9914325478241349,0.978021978021978,0.8,0.9518716577540107
0.9517241379310345,0.9918831168831169,0.9975509770557184,0.9642857142857143,0.9090909090909091,0.968609865470852
0.9481481481481482,0.9803591470258136,0.9925474736365387,0.98989898989899,0.8333333333333334,0.9655172413793104
0.9328358208955224,0.9755715627936111,0.9918410241680238,0.9805825242718447,0.7741935483870968,0.957345971563981
0.934640522875817,0.9603384452670545,0.9875114399413382,0.9672131147540983,0.8064516129032258,0.959349593495935
0.9548387096774194,0.9876293297345928,0.9955101167428626,0.9743589743589743,0.8947368421052632,0.9702127659574468
0.9568345323741008,0.9859649122807017,0.9965727100697127,0.9912280701754386,0.8,0.9741379310344828
0.9456521739130435,0.9788240131578948,0.9952693307837092,0.9802631578947368,0.78125,0.9675324675324676
0.9626865671641791,0.9841269841269841,0.9943797316365298,1.0,0.8571428571428571,0.9753694581280788
0.9470198675496688,0.9792107117688513,0.9963491218480272,0.9844961240310077,0.7272727272727273,0.9694656488549618
0.8888888888888888,0.9878580323785804,0.9927640775614022,1.0,0.7045454545454546,0.9182389937106918
0.967948717948718,0.998224852071006,0.9996485702592572,0.9769230769230769,0.9230769230769231,0.9806949806949807
0.9328358208955224,0.9746031746031746,0.9899136536676995,0.98989898989899,0.7714285714285715,0.9560975609756097
0.9772727272727273,0.99875,0.9995989698969898,0.98,0.96875,0.9849246231155779
0.958904109589041,0.9902298850574712,0.9973253797510018,0.9913793103448276,0.8333333333333334,0.9745762711864406
0.9242424242424242,0.9680851063829787,0.9863314971716319,0.9893617021276596,0.7631578947368421,0.9489795918367347
0.9651162790697675,0.9976525821596245,0.9995053552602927,0.971830985915493,0.9333333333333333,0.9787234042553191
0.9444444444444444,0.9897660818713451,0.9973352504450241,0.9736842105263158,0.8333333333333334,0.9652173913043478
0.9477124183006536,0.9777895293495504,0.9934728789467924,0.9754098360655737,0.8387096774193549,0.967479674796748
0.9661016949152542,0.9883299798792757,0.9968937104554927,0.9929577464788732,0.8571428571428571,0.9791666666666666
0.9803921568627451,0.9992784992784992,0.9998869289914065,0.9924242424242424,0.9047619047619048,0.9886792452830189
0.9801324503311258,0.9955665024630541,0.9986423253744882,0.9913793103448276,0.9428571428571428,0.9871244635193133
0.9844961240310077,0.9996551724137931,0.99990099009901,0.99,0.9655172413793104,0.99
0.9367088607594937,0.9650349650349651,0.992275845298696,0.9621212121212122,0.8076923076923077,0.9621212121212122
0.9716312056737588,0.9823008849557522,0.9952117612534217,1.0,0.8571428571428571,0.9826086956521739
0.9432624113475178,0.9763177998472116,0.9952483936575955,0.9747899159663865,0.7727272727272727,0.9666666666666667
0.9621212121212122,0.9968705547652916,0.9987658097312975,0.968421052631579,0.9459459459459459,0.9735449735449735
0.9562043795620438,0.995959595959596,0.9990345433172633,0.9818181818181818,0.8518518518518519,0.972972972972973
0.9770992366412213,0.998483929654336,0.9994629418524572,1.0,0.9117647058823529,0.9847715736040609
0.9568345323741008,0.9955022488755622,0.9991154517203793,0.9741379310344828,0.8695652173913043,0.9741379310344828
0.9375,0.9778525371460612,0.9888749571367823,0.9770114942528736,0.8536585365853658,0.9550561797752809
0.9043478260869565,0.9642857142857143,0.9829853307788823,0.9875,0.7142857142857143,0.9349112426035503
0.950354609929078,0.9868035190615836,0.9961262925253511,0.9818181818181818,0.8387096774193549,0.968609865470852
0.8928571428571429,0.9463141025641026,0.9808978273996769,0.9903846153846154,0.6111111111111112,0.9321266968325792
0.946969696969697,0.9843888070692195,0.9936448690871644,0.979381443298969,0.8571428571428571,0.9644670050761421
0.9694656488549618,0.9958064516129033,0.9986590270764524,0.98,0.9354838709677419,0.98
0.9854014598540146,0.9902617163724894,0.9967787284370374,1.0,0.9354838709677419,0.9906542056074766
0.9555555555555556,0.9969666329625885,0.9986096934466502,0.9782608695652174,0.9069767441860465,0.967741935483871
0.953125,0.9897959183673469,0.9969838459271049,0.9897959183673469,0.8333333333333334,0.97
0.9379310344827586,0.9771273979340875,0.9916847356991833,1.0,0.7631578947368421,0.9596412556053812
0.9242424242424242,0.9637702503681885,0.9858054741038352,0.9896907216494846,0.7428571428571429,0.9504950495049505
0.9493670886075949,0.9635284139100933,0.9913665953146779,0.9770992366412213,0.8148148148148148,0.9696969696969697
0.9668874172185431,0.9876344086021506,0.9963139034877718,0.9916666666666667,0.8709677419354839,0.9794238683127572
0.9513888888888888,0.9921773142112125,0.9982819531465263,0.9745762711864406,0.8461538461538461,0.9704641350210971
0.9681528662420382,0.9958047292143402,0.9994076421586017,0.9710144927536232,0.9473684210526315,0.9816849816849816
0.9212598425196851,0.9552795031055901,0.9815159895507876,0.9782608695652174,0.7714285714285715,0.9473684210526315
0.9710144927536232,0.9833628318584071,0.9957727435397774,0.9823008849557522,0.92,0.9823008849557522
0.95625,0.9931640625,0.9982785614503233,0.96875,0.90625,0.9725490196078431
0.9583333333333334,0.979371921182266,0.9946412501129342,0.9827586206896551,0.8571428571428571,0.9743589743589743
0.9477611940298507,0.9971139971139971,0.9989998999899988,0.9494949494949495,0.9428571428571428,0.9641025641025641
0.9635036496350365,0.9962894248608535,0.9977722381944617,1.0,0.8979591836734694,0.9723756906077348
0.9485294117647058,0.994954954954955,0.9988777760286074,0.963963963963964,0.88,0.9683257918552036
0.958904109589041,0.9794584500466854,0.994460217873654,0.9747899159663865,0.8888888888888888,0.9747899159663865
0.9701492537313433,0.9991496598639457,0.9996886602188518,0.9693877551020408,0.9722222222222222,0.979381443298969
0.9440559440559441,0.9877613462519124,0.995564033510327,0.9905660377358491,0.8108108108108109,0.963302752293578
0.9224806201550387,0.976123595505618,0.9887387482061589,1.0,0.75,0.9468085106382979
0.9465648854961832,0.9925788497217068,0.9974675735472617,0.9591836734693877,0.9090909090909091,0.9641025641025641
0.9496402877697842,0.9815126050420169,0.9968125324458071,0.9747899159663865,0.8,0.9707112970711297
0.9307692307692308,0.9760000000000001,0.9923613227133141,0.96,0.8333333333333334,0.9552238805970149
0.9523809523809523,0.987374461979914,0.9936593543736326,1.0,0.8536585365853658,0.9659090909090909
0.9171974522292994,0.9787506400409626,0.9946433533992494,0.9603174603174603,0.7419354838709677,0.9490196078431372
0.9727891156462585,0.9945340968245705,0.9982230323819264,0.9734513274336283,0.9705882352941176,0.9821428571428571
0.9384615384615385,0.9903333333333334,0.9971143145506496,0.98,0.8,0.9607843137254902
0.9586206896551724,0.9896661367249603,0.9965995349354716,0.990990990990991,0.8529411764705882,0.9734513274336283
0.9629629629629629,0.9809782608695652,0.9956997334968126,0.9821428571428571,0.8695652173913043,0.9777777777777777
0.9407407407407408,0.9798387096774194,0.9934868478277726,0.9711538461538461,0.8387096774193549,0.9619047619047619
0.9739130434782609,0.9971932638331997,0.9990304578910225,0.9767441860465116,0.9655172413793104,0.9824561403508771
0.9517241379310345,0.9875362318840579,0.9968399599211821,1.0,0.7666666666666667,0.9704641350210971
0.9747899159663865,0.996704021094265,0.9984886090971195,1.0,0.918918918918919,0.9820359281437125
0.927536231884058,0.9703947368421052,0.9935747971210074,0.9912280701754386,0.625,0.9576271186440678
0.917910447761194,0.9619433198380567,0.9832226712256528,0.9578947368421052,0.8205128205128205,0.9430051813471503
0.9491525423728814,0.9867936117936118,0.9915995336689526,0.9864864864864865,0.8863636363636364,0.9605263157894737
0.9407407407407408,0.9788995726495726,0.9906791099163207,0.9791666666666666,0.8461538461538461,0.9591836734693877
0.9428571428571428,0.9885714285714285,0.9960931144257946,0.9714285714285714,0.8571428571428571,0.9622641509433962
0.9647887323943662,0.9951935914552736,0.9984193783410855,0.9813084112149533,0.9142857142857143,0.9767441860465116
0.9461538461538461,0.9740952380952381,0.9931225967150544,0.9809523809523809,0.8,0.9671361502347418
0.9477611940298507,0.9780770435327278,0.9928342311137235,0.9902912621359223,0.8064516129032258,0.966824644549763
0.9236111111111112,0.9746755302310858,0.9936330174113033,0.9743589743589743,0.7037037037037037,0.9539748953974896
0.9253731343283582,0.9714285714285714,0.989169254308379,0.98989898989899,0.7428571428571429,0.9514563106796117
0.9663865546218487,0.9985905567300917,0.9994714587737844,0.9767441860465116,0.9393939393939394,0.9767441860465116
0.9219858156028369,0.9595121951219512,0.9818399319159158,0.97,0.8048780487804879,0.9463414634146341
0.9214285714285714,0.9568151147098515,0.9893278518535775,0.9824561403508771,0.6538461538461539,0.9531914893617022
0.9655172413793104,0.9870967741935484,0.9948648646175147,1.0,0.8709677419354839,0.9770114942528736
0.9361702127659575,0.9858536585365854,0.9938736100872599,0.99,0.8048780487804879,0.9565217391304348
0.9366197183098591,0.975104821802935,0.9909445638898975,0.9905660377358491,0.7777777777777778,0.958904109589041
0.9640287769784173,0.9877467665078284,0.9970061108694169,1.0,0.8076923076923077,0.9783549783549783
0.968944099378882,0.9929078014184397,0.9989815474358962,0.9858156028368794,0.85,0.9823321554770318
0.9797297297297297,0.9987100103199175,0.9996158645781967,0.9912280701754386,0.9411764705882353,0.9868995633187773
0.9567901234567902,0.9696969696969696,0.9918866160096617,0.9848484848484849,0.8333333333333334,0.9737827715355806
0.9435483870967742,0.9956828885400314,0.9988863928293161,0.9897959183673469,0.7692307692307693,0.9651741293532339
0.9726027397260274,0.9917477158856469,0.9978827028671743,0.9829059829059829,0.9310344827586207,0.9829059829059829
0.9861111111111112,0.9994539994539995,0.9998391248391248,1.0,0.9393939393939394,0.9910714285714286
0.9555555555555556,0.9879324215607402,0.9975825589027216,0.9823008849557522,0.8181818181818182,0.9736842105263158
0.9538461538461539,0.99283031751451,0.9979338033915831,0.9801980198019802,0.8620689655172413,0.9705882352941176
0.9389312977099237,0.9852285395763657,0.9936230957004473,0.9891304347826086,0.8205128205128205,0.9578947368421052
0.9640287769784173,0.9872329338196978,0.9948622768362128,0.9900990099009901,0.8947368421052632,0.975609756097561
0.9280575539568345,0.9644563918757467,0.9892753217217617,0.9814814814814815,0.7419354838709677,0.954954954954955
0.9508196721311475,0.9876543209876543,0.9934223817254826,0.9876543209876543,0.8780487804878049,0.963855421686747
0.9699248120300752,0.9986023759608665,0.9996431216647527,0.9716981132075472,0.9629629629629629,0.9809523809523809
0.9274193548387096,0.9904057017543859,0.9939572284955763,0.9868421052631579,0.8333333333333334,0.9433962264150944
0.965034965034965,0.9981366459627329,0.9995578481945466,0.9826086956521739,0.8928571428571429,0.9783549783549783
0.961038961038961,0.986362444269604,0.9960753048791422,0.975609756097561,0.9032258064516129,0.975609756097561
0.9236641221374046,0.9852285395763657,0.9936125444052891,0.9891304347826086,0.7692307692307693,0.9479166666666666
0.9924242424242424,1.0,0.9999999999999999,0.9901960784313726,1.0,0.9950738916256158
0.9338235294117647,0.9666939666939667,0.9866081999186698,0.98989898989899,0.7837837837837838,0.9560975609756097
0.9420289855072463,0.9844155844155844,0.9949554543110797,0.9714285714285714,0.8484848484848485,0.9622641509433962
0.9343065693430657,0.9827027027027025,0.9933858349374579,0.99,0.7837837837837838,0.9565217391304348
0.9485294117647058,0.9855555555555555,0.9942582017101009,0.97,0.8888888888888888,0.9651741293532339
0.8947368421052632,0.9615196078431373,0.976272397690553,0.9529411764705882,0.7916666666666666,0.9204545454545454
0.98,0.9961943793911007,0.9991206901469984,1.0,0.8928571428571429,0.9878542510121457
0.9764705882352941,0.9955979457079971,0.999083520434645,0.9858156028368794,0.9310344827586207,0.9858156028368794
0.9473684210526315,0.986540664375716,0.9947146456868707,0.9690721649484536,0.8888888888888888,0.9641025641025641
0.9444444444444444,0.9722149410222805,0.98961878346423,0.9908256880733946,0.8,0.9642857142857143
0.9322033898305084,0.9888765294771968,0.996090293735141,0.9885057471264368,0.7741935483870968,0.9555555555555556
0.9931972789115646,1.0,1.0,0.9916666666666667,1.0,0.99581589958159
0.9366197183098591,0.9765028989929815,0.9934641593524887,0.9911504424778761,0.7241379310344828,0.9613733905579399
0.9421487603305785,0.9793388429752066,0.9911796285781975,0.9886363636363636,0.8181818181818182,0.9613259668508287
0.927007299270073,0.9804496578690127,0.9906159054347586,0.967741935483871,0.8409090909090909,0.9473684210526315
0.9473684210526315,0.985103785103785,0.995421000701485,0.9914529914529915,0.8,0.9666666666666667
0.9655172413793104,0.9964835164835165,0.9990334038721134,1.0,0.84,0.978494623655914
0.9461538461538461,0.9940643548890972,0.9980239351780749,0.9690721649484536,0.8787878787878788,0.9641025641025641
0.916030534351145,0.9633663366336634,0.9889026561750013,0.9801980198019802,0.7,0.9473684210526315
0.952,0.9973166368515206,0.9988241442383068,0.9651162790697675,0.9230769230769231,0.9651162790697675
0.9710144927536232,0.9969387755102042,0.9987320691553256,0.9795918367346939,0.95,0.9795918367346939
0.8758169934640523,0.9582304526748971,0.982276991063877,0.9814814814814815,0.6222222222222222,0.9177489177489178
0.925,0.9568094740508534,0.9827016153386967,0.9885057471264368,0.7575757575757576,0.9502762430939227
0.9444444444444444,0.9916666666666666,0.9983603619484105,0.9666666666666667,0.8333333333333334,0.9666666666666667
0.9714285714285714,0.9956508232370301,0.9988763826483125,1.0,0.8620689655172413,0.9823008849557522
0.9428571428571428,0.987358101135191,0.9946477033563544,0.9705882352941176,0.868421052631579,0.9611650485436893
0.9902912621359223,1.0,0.9999999999999998,0.9864864864864865,1.0,0.9931972789115646
0.9693251533742331,0.9965786901270772,0.9991928586046418,0.9772727272727273,0.9354838709677419,0.9809885931558935
0.9420289855072463,0.9745475113122172,0.9907472964705933,0.9807692307692307,0.8235294117647058,0.9622641509433962
0.9457364341085271,0.9955197132616488,0.9982520420482993,0.946236559139785,0.9444444444444444,0.9617486338797814
0.9205298013245033,0.9550945378151261,0.9869698966552206,0.9663865546218487,0.75,0.9504132231404959
0.940677966101695,0.9831932773109244,0.9928998023023307,1.0,0.7941176470588235,0.96
0.926829268292683,0.9720301697045882,0.9864518391963553,0.9767441860465116,0.8108108108108109,0.9491525423728814
0.95,0.9902521720703539,0.9965635522992096,0.9669421487603306,0.8974358974358975,0.9669421487603306
0.9541984732824428,0.9957550030321408,0.9985139370868555,0.9690721649484536,0.9117647058823529,0.9690721649484536
0.9137931034482759,0.9757085020242915,0.9875567066341081,0.9871794871794872,0.7631578947368421,0.9390243902439024
0.9675324675324676,0.9960660896931549,0.9989597594991823,0.967479674796748,0.967741935483871,0.9794238683127572
0.9699248120300752,0.9927261227071473,0.9975536592173133,0.9705882352941176,0.967741935483871,0.9801980198019802
0.9534883720930233,0.9879256965944272,0.9955458544245545,0.968421052631579,0.9117647058823529,0.968421052631579
0.9652777777777778,0.9946026986506746,0.998586978015442,0.9739130434782609,0.9310344827586207,0.9781659388646288
0.9455782312925171,0.9786914765906362,0.9942518462023864,0.957983193277311,0.8928571428571429,0.9661016949152542
0.9631901840490797,0.9894736842105263,0.9975751809252706,0.9774436090225563,0.9,0.9774436090225563
0.9090909090909091,0.9314903846153846,0.9843828278173624,0.96875,0.6153846153846154,0.9465648854961832
0.9398496240601504,0.9844228804902962,0.9918228538807285,0.9887640449438202,0.8409090909090909,0.9565217391304348
0.9733333333333334,0.9947270471464019,0.9988848720213003,0.9919354838709677,0.8846153846153846,0.984
0.9166666666666666,0.9640625,0.987276716910403,0.97,0.75,0.9463414634146341
0.9090909090909091,0.9800970873786408,0.9918445561092395,0.9514563106796117,0.8,0.937799043062201
0.9398496240601504,0.9708222811671088,0.9913332030005968,0.9903846153846154,0.7586206896551724,0.9626168224299065
0.9491525423728814,0.9844271412680756,0.9940968435985231,1.0,0.8064516129032258,0.9666666666666667
0.9349593495934959,0.9914148351648352,0.9969511884116915,0.945054945054945,0.90625,0.9555555555555556
0.958904109589041,0.9865357643758765,0.996300157482766,1.0,0.8064516129032258,0.9745762711864406
0.9357142857142857,0.9709973364900858,0.9908935235783445,0.963302752293578,0.8387096774193549,0.958904109589041
0.9185185185185185,0.9373865698729582,0.9879481620425128,0.9482758620689655,0.7368421052631579,0.9523809523809523
0.9463087248322147,0.9867178276269185,0.9968276498976372,0.9669421487603306,0.8571428571428571,0.9669421487603306
0.9402985074626866,0.9730010384215991,0.9929900293822372,0.9813084112149533,0.7777777777777778,0.963302752293578
0.9801324503311258,0.9937154348919055,0.9980226320009234,1.0,0.9117647058823529,0.9873417721518988
0.935251798561151,0.9785964912280701,0.9949572447282633,0.9649122807017544,0.8,0.9606986899563319
0.935251798561151,0.9790673025967144,0.9917370299257142,0.9607843137254902,0.8648648648648649,0.9560975609756097
0.952054794520548,0.9917631917631917,0.9973800808045379,0.9819819819819819,0.8571428571428571,0.9688888888888889
0.9230769230769231,0.9925465838509315,0.996438923395445,0.9710144927536232,0.8285714285714286,0.9436619718309859
0.9629629629629629,0.9842335766423358,0.9968850448182097,0.9781021897810219,0.88,0.9781021897810219
0.911504424778761,0.975051975051975,0.9859606428928355,1.0,0.7435897435897436,0.9367088607594937
0.953125,0.9935064935064936,0.9963899597106518,1.0,0.8636363636363636,0.9655172413793104
0.9710144927536232,0.9915586373228822,0.9974105464262597,0.9813084112149533,0.9354838709677419,0.9813084112149533
0.9548387096774194,0.9965333333333334,0.9991784738485558,0.968,0.9,0.9718875502008032
0.949685534591195,0.9841791044776119,0.9969251345362342,0.9850746268656716,0.76,0.9705882352941176
0.9534883720930233,0.9958924570575056,0.9989857158562346,0.9805825242718447,0.8461538461538461,0.9711538461538461
0.9398496240601504,0.9797596457938014,0.9934540842574866,0.9803921568627451,0.8064516129032258,0.9615384615384616
0.9357142857142857,0.9647435897435898,0.9870252269452189,0.9903846153846154,0.7777777777777778,0.958139534883721
0.9664429530201343,0.9968383017163505,0.9988055554591276,0.9814814814814815,0.926829268292683,0.9769585253456221
0.937984496124031,0.9851804123711341,0.9948078015771891,0.9690721649484536,0.84375,0.9591836734693877
0.927007299270073,0.9708108108108109,0.9888530990674195,1.0,0.7297297297297297,0.9523809523809523
0.9790209790209791,0.9990683229813664,0.9997731454638812,1.0,0.8928571428571429,0.9871244635193133
0.961038961038961,0.9968820861678005,0.9993153980459402,0.9761904761904762,0.8928571428571429,0.9761904761904762
0.9738562091503268,0.9987654320987654,0.9998357883783697,0.9777777777777777,0.9444444444444444,0.9850746268656716
0.9403973509933775,0.9770642201834862,0.9904749830830268,0.9908256880733946,0.8095238095238095,0.96
0.9139072847682119,0.9658346972176759,0.9837552944519268,0.9807692307692307,0.7659574468085106,0.9400921658986175
0.9618320610687023,0.9774853801169591,0.9906724178121674,1.0,0.8611111111111112,0.9743589743589743
0.9159663865546218,0.9730603448275863,0.9892227083986791,0.9885057471264368,0.71875,0.945054945054945
0.9307692307692308,0.9737504494786048,0.9924542571957671,0.9611650485436893,0.8148148148148148,0.9565217391304348
0.9104477611940298,0.9662509170946442,0.9800914594575711,0.9770114942528736,0.7872340425531915,0.9340659340659341
0.935251798561151,0.9711263579188107,0.9905904805919866,0.9811320754716981,0.7878787878787878,0.9585253456221198
0.9492753623188406,0.9807332084559808,0.992312028013973,0.9702970297029703,0.8918918918918919,0.9655172413793104
0.9318181818181818,0.9929448654298405,0.9966854162623988,0.9550561797752809,0.8837209302325582,0.9497206703910615
0.9455782312925171,0.988305383936452,0.9947340564908436,0.9805825242718447,0.8636363636363636,0.9619047619047619
0.9695121951219512,0.9887043189368772,0.9967106659499378,0.9922480620155039,0.8857142857142857,0.9808429118773946
0.9452054794520548,0.9758325965222517,0.9936686827912076,0.9829059829059829,0.7931034482758621,0.9663865546218487
0.9662162162162162,0.989247311827957,0.9977363538149369,0.9838709677419355,0.875,0.9799196787148594
0.9733333333333334,0.9920634920634921,0.9983905920965931,0.9841269841269841,0.9166666666666666,0.9841269841269841
0.9423076923076923,0.9904559915164368,0.9961348742503842,0.9391304347826087,0.9512195121951219,0.96
0.9384615384615385,0.9837278106508875,0.9956438076309656,0.9711538461538461,0.8076923076923077,0.9619047619047619
0.9545454545454546,0.964021164021164,0.9894013876311588,0.9904761904761905,0.8148148148148148,0.9719626168224299
0.9349593495934959,0.9703007518796992,0.990499208931767,0.968421052631579,0.8214285714285714,0.9583333333333334
0.9692307692307692,0.9908088235294117,0.9965351323122456,0.9895833333333334,0.9117647058823529,0.979381443298969
0.9699248120300752,0.999090909090909,0.9997087378640778,0.99,0.9090909090909091,0.9801980198019802
0.9130434782608695,0.9764183185235816,0.9882575274450844,0.987012987012987,0.7631578947368421,0.9382716049382716
0.9855072463768116,0.9988455988455989,0.9996397068292929,1.0,0.9393939393939394,0.9905660377358491
0.9631901840490797,0.9850931677018634,0.9972246507260957,0.9714285714285714,0.9130434782608695,0.9784172661870504
0.8992805755395683,0.9691119691119691,0.991747196216239,0.963963963963964,0.6428571428571429,0.9385964912280702
0.9440559440559441,0.9902419984387197,0.9983316895272208,0.9754098360655737,0.7619047619047619,0.967479674796748
0.9236641221374046,0.9754578754578754,0.9936064489932437,0.9619047619047619,0.7692307692307693,0.9528301886792453
0.9508196721311475,0.9842364532019704,0.9934209801025395,0.9885057471264368,0.8571428571428571,0.9662921348314607
0.9784172661870504,0.9973944762897342,0.9990132257549158,0.9900990099009901,0.9473684210526315,0.9852216748768473
0.9624060150375939,0.9838411819021238,0.9972370230794981,0.9912280701754386,0.7894736842105263,0.9783549783549783
0.936,0.9827586206896551,0.9943331225525802,0.9791666666666666,0.7931034482758621,0.9591836734693877
0.9375,0.9803872889771599,0.9924313315431637,0.9811320754716981,0.8157894736842105,0.9585253456221198
0.9433962264150944,0.9701176470588235,0.9910282779645667,0.976,0.8235294117647058,0.9644268774703557
0.9606299212598425,0.9845430107526881,0.994619047613797,0.9895833333333334,0.8709677419354839,0.9743589743589743
0.9328358208955224,0.9807692307692308,0.994229024690338,0.9615384615384616,0.8333333333333334,0.9569377990430622
0.92,0.9747058823529412,0.9871905147338932,0.9882352941176471,0.775,0.9438202247191011
0.9148936170212766,0.9694163860830527,0.990329620191954,0.9629629629629629,0.7575757575757576,0.9454545454545454
0.9655172413793104,0.984109386548411,0.9967304451042531,0.975609756097561,0.9090909090909091,0.9795918367346939
0.9507042253521126,0.9743107769423559,0.9929178150874949,0.9736842105263158,0.8571428571428571,0.9694323144104804
0.9642857142857143,0.9914782038675843,0.9979360357874663,0.9911504424778761,0.8518518518518519,0.9781659388646288
0.95,0.9863201094391246,0.9942847858079178,0.9883720930232558,0.8529411764705882,0.9659090909090909
0.967479674796748,0.9964878671775224,0.9985007379420787,1.0,0.8888888888888888,0.9775280898876404
0.9612903225806452,0.9818678589170393,0.9947107832704137,0.9836065573770492,0.8787878787878788,0.975609756097561
0.9316770186335404,0.9796132828919715,0.9933223768845283,0.9836065573770492,0.7692307692307693,0.9561752988047809
0.9574468085106383,0.9949431099873578,0.9987469470272231,0.9823008849557522,0.8571428571428571,0.9736842105263158
0.9659863945578231,0.9864653826132223,0.9956193760576153,0.9911504424778761,0.8823529411764706,0.9781659388646288
0.9007633587786259,0.9702501690331305,0.9914662467320947,0.9803921568627451,0.6206896551724138,0.9389671361502347
0.9810126582278481,0.9965277777777778,0.9996583039966,0.9861111111111112,0.9285714285714286,0.9895470383275261
0.9357142857142857,0.9733796296296295,0.9914834345084462,0.9814814814814815,0.78125,0.9592760180995475
0.972027972027972,0.9990697674418605,0.999607843137255,0.98,0.9534883720930233,0.98
0.9705882352941176,0.999078341013825,0.9997304582210242,0.9714285714285714,0.967741935483871,0.9807692307692307
0.9310344827586207,0.9729867482161061,0.9904292111524073,0.9724770642201835,0.8055555555555556,0.954954954954955
0.9767441860465116,0.9984375,0.999638733730403,0.9785714285714285,0.96875,0.9856115107913669
0.9517241379310345,0.9723333333333333,0.9936810494387256,0.9833333333333333,0.8,0.9711934156378601
0.9704142011834319,0.9949374627754616,0.9991819388253054,0.9794520547945206,0.9130434782608695,0.9828178694158075
0.9869281045751634,0.9986120749479528,0.9997664445738297,1.0,0.9090909090909091,0.9924242424242424
0.9672131147540983,0.9986111111111111,0.9995169082125603,0.9777777777777777,0.9375,0.9777777777777777
0.954248366013072,0.982548915917504,0.9950736497758408,0.9754098360655737,0.8709677419354839,0.9714285714285714
0.9548872180451128,0.9827272727272727,0.9939447879681303,0.98,0.8787878787878788,0.9702970297029703
0.9490445859872612,0.9879672299027138,0.9970024236140433,0.9682539682539683,0.8709677419354839,0.9682539682539683
0.9668874172185431,0.9833846153846154,0.9961989323316335,0.984,0.8846153846153846,0.9800796812749004
0.9694656488549618,0.9984539270253555,0.9994907654030709,0.9897959183673469,0.9090909090909091,0.9797979797979798
0.9801324503311258,1.0,1.0,0.9758064516129032,1.0,0.9877551020408163
0.9712643678160919,0.9955143540669856,0.9993452513046901,0.9868421052631579,0.8636363636363636,0.9836065573770492
0.9240506329113924,0.9778508771929825,0.9926745635158588,0.975,0.7631578947368421,0.9512195121951219
0.9691358024691358,0.9914141414141414,0.9980281036110885,0.9924242424242424,0.8666666666666667,0.9812734082397003
0.9423076923076923,0.9677492618669089,0.9884706312932543,0.9831932773109243,0.8108108108108109,0.9629629629629629
0.92,0.9719785575048733,0.9907318062286494,0.9736842105263158,0.75,0.9487179487179487
0.9285714285714286,0.9769162474104764,0.9931036992049528,0.9724770642201835,0.7741935483870968,0.954954954954955
0.9527027027027027,0.9770750988142293,0.9928529531692852,0.9826086956521739,0.8484848484848485,0.9699570815450643
0.910958904109589,0.9830128205128206,0.9963223822916406,0.9333333333333333,0.8076923076923077,0.9451476793248945
0.9746835443037974,0.9990671641791046,0.9998333374586438,0.9776119402985075,0.9583333333333334,0.9849624060150376
0.951048951048951,0.9959627329192546,0.9990323880246502,0.9652173913043478,0.8928571428571429,0.9694323144104804
0.9507042253521126,0.9855855855855855,0.9942824546357012,0.9809523809523809,0.8648648648648649,0.9671361502347418
0.9347826086956522,0.9731685257763039,0.9915830982151908,0.9813084112149533,0.7741935483870968,0.958904109589041
0.9655172413793104,0.9898929845422116,0.9973212816613513,0.9913793103448276,0.8620689655172413,0.9787234042553191
0.9612403100775194,0.9952861952861952,0.9985782233453636,0.9797979797979798,0.9,0.9748743718592965
0.958041958041958,0.995992456388496,0.9983552875952062,0.9900990099009901,0.8809523809523809,0.970873786407767
0.9571428571428572,0.985042735042735,0.9942720905716931,0.9807692307692307,0.8888888888888888,0.9714285714285714
0.9395973154362416,0.9933503836317136,0.9980757272803985,0.9652173913043478,0.8529411764705882,0.961038961038961
0.9328358208955224,0.9666666666666668,0.9922707439739749,0.9818181818181818,0.7083333333333334,0.96
0.9751552795031055,0.9955776672194583,0.9991002261712524,0.9850746268656716,0.9259259259259259,0.9850746268656716
0.9307692307692308,0.9805484693877551,0.9929744379262169,0.9591836734693877,0.84375,0.9543147208121827
0.925,0.9818112921561197,0.9940261016348226,0.978021978021978,0.7586206896551724,0.9518716577540107
0.961038961038961,0.9877495462794919,0.9955551782143863,0.9913793103448276,0.868421052631579,0.9745762711864406
0.9230769230769231,0.9829545454545454,0.9918548061187031,0.9886363636363636,0.7857142857142857,0.9456521739130435
0.9743589743589743,0.9931017491993102,0.9980816332952942,0.983739837398374,0.9393939393939394,0.983739837398374
0.965034965034965,0.9923303834808259,0.9979175140814402,0.9823008849557522,0.9,0.9779735682819384
0.9866666666666667,0.9993977717554954,0.9998683366062615,0.991869918699187,0.9629629629629629,0.991869918699187
0.9675324675324676,0.9900845727617381,0.9978721122708014,1.0,0.8148148148148148,0.9806949806949807
0.9044117647058824,0.9516596841766033,0.9863022666138019,0.9719626168224299,0.6551724137931034,0.9411764705882353
0.9440559440559441,0.9830611010284331,0.9956219585076602,0.9912280701754386,0.7586206896551724,0.9658119658119658
0.9765625,0.9867149758454106,0.9941969173814263,1.0,0.9166666666666666,0.983957219251337
0.9568345323741008,0.9818121693121693,0.99538191925355,1.0,0.7777777777777778,0.9739130434782609
0.9296875,0.9643599643599644,0.9839923984315107,0.978021978021978,0.8108108108108109,0.9518716577540107
0.9473684210526315,0.9816326530612245,0.9931491645708862,0.9897959183673469,0.8285714285714286,0.9651741293532339
0.9318181818181818,0.9801040710131619,0.9930698749380662,0.9797979797979798,0.7878787878787878,0.9556650246305419
0.9724137931034482,0.9907260201377849,0.9968638907007759,0.9819819819819819,0.9411764705882353,0.9819819819819819
0.9586206896551724,0.9831932773109243,0.9956726372953195,0.9663865546218487,0.9230769230769231,0.9745762711864406
0.9558823529411765,0.988325652841782,0.9962200106455469,0.9809523809523809,0.8709677419354839,0.9716981132075472
0.921875,0.9722222222222223,0.9887249795961746,0.9782608695652174,0.7777777777777778,0.9473684210526315
0.9251700680272109,0.9619672131147541,0.991201009096106,0.9590163934426229,0.76,0.9551020408163265
0.952054794520548,0.9810855263157895,0.9944303944922521,0.9912280701754386,0.8125,0.9699570815450643
0.9663865546218487,0.9876595744680852,0.996378306577336,0.9893617021276596,0.88,0.9789473684210527
0.9312977099236641,0.9740259740259739,0.990067845444892,0.9897959183673469,0.7575757575757576,0.9556650246305419
0.9225352112676056,0.9786764705882353,0.9913025964127898,0.9705882352941176,0.8,0.9473684210526315
0.9632352941176471,0.9873116574147502,0.9946472497403303,0.9896907216494846,0.8974358974358975,0.9746192893401016
0.9435483870967742,0.9960220318237454,0.9983220655973882,0.9883720930232558,0.8421052631578947,0.96045197740113
0.984,0.9996767937944409,0.9998805542283802,0.989010989010989,0.9705882352941176,0.989010989010989
0.9689922480620154,0.9974511469838573,0.9994902293967715,1.0,0.8181818181818182,0.981651376146789
0.920863309352518,0.970873786407767,0.9892561573272955,1.0,0.6944444444444444,0.9493087557603687
0.9523809523809523,0.9940217391304348,0.9983264099050707,0.9652173913043478,0.90625,0.9694323144104804
0.9691358024691358,0.9939643347050754,0.9987625417790414,0.9851851851851852,0.8888888888888888,0.981549815498155
0.9361702127659575,0.9706199460916443,0.9891190855515208,0.9716981132075472,0.8285714285714286,0.958139534883721
0.9533333333333334,0.97856,0.9951221797543777,0.984,0.8,0.9723320158102767
0.9529411764705882,0.9766666666666667,0.9963898798965695,0.9666666666666667,0.85,0.9731543624161074
0.9396551724137931,0.9845559845559846,0.9910832266362348,0.9864864864864865,0.8571428571428571,0.954248366013072
0.9461538461538461,0.9700093720712278,0.9889911949165562,0.9896907216494846,0.8181818181818182,0.964824120603015
0.9562043795620438,0.9965675057208238,0.9992911019820334,0.956140350877193,0.9565217391304348,0.9732142857142857
0.9448818897637795,0.9881481481481481,0.9965622854894651,0.99,0.7777777777777778,0.9658536585365853
0.9375,0.979946524064171,0.9934696153888148,1.0,0.7352941176470589,0.9606986899563319
0.9590643274853801,0.9907407407407407,0.9982445452346003,0.9861111111111112,0.8148148148148148,0.9759450171821306
0.9375,0.9731588287488908,0.9865388386384534,0.9897959183673469,0.8260869565217391,0.9556650246305419
0.8803418803418803,0.9520319786808794,0.9764404660655892,0.9873417721518988,0.6578947368421053,0.9176470588235294
0.95,0.9813176007866273,0.9949397817307016,0.9734513274336283,0.8518518518518519,0.9691629955947136
0.9925925925925926,1.0,0.9999999999999999,1.0,0.9743589743589743,0.9948186528497409
0.9691358024691358,0.988477366255144,0.9976262600070112,0.9925925925925926,0.8518518518518519,0.9816849816849816
0.916030534351145,0.9715909090909091,0.9905452300007245,0.9696969696969697,0.75,0.9458128078817734
0.952,0.9656,0.990260619578658,0.99,0.8,0.9705882352941176
0.9182389937106918,0.9663594470046083,0.9901157933968877,0.9838709677419355,0.6857142857142857,0.9494163424124513
0.9559748427672956,0.9884072580645161,0.9969728959420603,0.984375,0.8387096774193549,0.972972972972973
0.9797297297297297,1.0,0.9999999999999999,0.9745762711864406,1.0,0.9871244635193133
0.95,0.9875924600334048,0.9967396995271459,0.984251968503937,0.8181818181818182,0.9689922480620154
0.9657534246575342,0.980532786885246,0.9957332788756617,0.9836065573770492,0.875,0.9795918367346939
0.9204545454545454,0.9715515627924387,0.9913614001159622,0.9708029197080292,0.7435897435897436,0.95
0.9655172413793104,0.988724832214765,0.9979800184399857,0.9865771812080537,0.84,0.98
0.9583333333333334,0.9832818930041153,0.9938642964368314,0.9907407407407407,0.8611111111111112,0.9727272727272728
0.9402985074626866,0.9937641723356009,0.9977394307575067,0.9591836734693877,0.8888888888888888,0.9591836734693877
0.9876543209876543,0.997525309336333,0.9993000585949519,0.9921259842519685,0.9714285714285714,0.9921259842519685
0.9574468085106383,0.9882454128440368,0.9964532775453043,0.981651376146789,0.875,0.9727272727272728
0.9210526315789473,0.9631257631257631,0.988613535603517,0.9914529914529915,0.6857142857142857,0.9508196721311475
0.953125,0.985977564102564,0.9966486736304002,0.9903846153846154,0.7916666666666666,0.9716981132075472
0.9659863945578231,0.9801020408163266,0.9930522311726787,0.9910714285714286,0.8857142857142857,0.9779735682819384
0.96,0.989459815546772,0.995793347451087,0.9891304347826086,0.8787878787878788,0.9732620320855615
0.8728813559322034,0.9637398861252623,0.9744514583478893,0.9577464788732394,0.7446808510638298,0.9006622516556292
0.9383561643835616,0.9692536573270518,0.9890459868769115,0.9908256880733946,0.7837837837837838,0.96
0.9154929577464789,0.9691950014530659,0.9908649260716315,0.954954954954955,0.7741935483870968,0.9464285714285714
0.9111111111111111,0.9776674937965261,0.9930815273658428,0.9615384615384616,0.7419354838709677,0.9433962264150944
0.9041095890410958,0.9708110516934046,0.986298762836818,0.9509803921568627,0.7954545454545454,0.9326923076923077
0.96,0.9818699818699819,0.9945965268664562,0.9914529914529915,0.8484848484848485,0.9747899159663865
0.9487179487179487,0.9971139971139971,0.9989025664161708,0.9880952380952381,0.8484848484848485,0.9651162790697675
0.9787234042553191,0.9983507421660253,0.9994807595218993,0.9906542056074766,0.9411764705882353,0.986046511627907
0.9694656488549618,0.988015607580825,0.9944835186982376,0.9891304347826086,0.9230769230769231,0.978494623655914
0.937984496124031,0.9860182370820668,0.9944310900736629,0.9574468085106383,0.8857142857142857,0.9574468085106383
0.9734513274336283,0.9978662873399715,0.9989559947715567,0.9868421052631579,0.9459459459459459,0.9803921568627451
0.9738562091503268,0.9993010251630942,0.9997776752649317,0.9741379310344828,0.972972972972973,0.9826086956521739
0.937984496124031,0.9764819587628866,0.991625753163837,0.9896907216494846,0.78125,0.96
0.96,0.9938811188811189,0.998617142238048,0.972027972027972,0.90625,0.9754385964912281
0.9318181818181818,0.981657848324515,0.9951553369358593,0.9714285714285714,0.7777777777777778,0.9577464788732394
0.9185185185185185,0.9639473684210527,0.9831244566999527,0.9789473684210527,0.775,0.9441624365482234
0.9777777777777777,0.997599451303155,0.9993899725994031,0.9814814814814815,0.9629629629629629,0.986046511627907
0.9395973154362416,0.977557915057915,0.9917361238024797,0.9732142857142857,0.8378378378378378,0.960352422907489
0.9774436090225563,0.9992094861660079,0.9998376623376622,0.990909090909091,0.9130434782608695,0.9864253393665159
0.9536423841059603,0.9787692307692306,0.9952763062552751,0.984,0.8076923076923077,0.9723320158102767
0.9047619047619048,0.9721867007672634,0.9895899489673243,0.967391304347826,0.7352941176470589,0.9368421052631579
0.9357142857142857,0.9910204081632653,0.9970114209874323,0.9619047619047619,0.8571428571428571,0.957345971563981
0.9785714285714285,0.9951304347826087,0.9989358366893284,0.991304347826087,0.92,0.987012987012987
0.9407894736842105,0.9884259259259259,0.9951230137903369,0.9814814814814815,0.8409090909090909,0.9592760180995475
0.926829268292683,0.987293956043956,0.995400135675895,0.967032967032967,0.8125,0.9513513513513514
0.9121621621621622,0.967741935483871,0.9905828047438755,0.9829059829059829,0.6451612903225806,0.9465020576131687
0.9328358208955224,0.972439711869715,0.9907667052119191,0.9902912621359223,0.7419354838709677,0.9577464788732394
0.9477124183006536,0.9920909540286703,0.9977484919424655,0.9831932773109243,0.8235294117647058,0.9669421487603306
0.9307692307692308,0.9619047619047619,0.9893577118544706,0.9714285714285714,0.76,0.9577464788732394
0.9624060150375939,0.9955555555555555,0.998977664712868,0.9907407407407407,0.84,0.9771689497716894
0.96045197740113,0.988255033557047,0.9975727025781391,0.9798657718120806,0.8571428571428571,0.9765886287625418
0.9861111111111112,0.9956140350877193,0.9988088855615341,1.0,0.9333333333333333,0.991304347826087
0.912621359223301,0.9919011082693947,0.9963238410034748,0.9710144927536232,0.7941176470588235,0.9370629370629371
0.896,0.9594514013118665,0.9807582429945226,0.9883720930232558,0.6923076923076923,0.9289617486338798
0.958041958041958,0.9813084112149533,0.9932307480293304,0.9906542056074766,0.8611111111111112,0.9724770642201835
0.9655172413793104,0.9965473948524797,0.9992113906659537,0.9830508474576272,0.8888888888888888,0.9789029535864979
0.9236641221374046,0.9652830188679244,0.9913332225331659,0.9622641509433962,0.76,0.9532710280373832
0.9477611940298507,0.9825944170771757,0.9947012004483805,1.0,0.7586206896551724,0.967741935483871
0.9444444444444444,0.9856071964017991,0.9963705445149177,0.9739130434782609,0.8275862068965517,0.9655172413793104
0.946969696969697,0.9766483516483516,0.9930875637033412,0.9807692307692307,0.8214285714285714,0.966824644549763
0.9666666666666667,0.9953917050691243,0.9987829616866738,0.9831932773109243,0.9032258064516129,0.9790794979079498
0.95,0.9957298136645962,0.9987188809502906,0.9891304347826086,0.8214285714285714,0.9680851063829787
0.9868421052631579,0.9997395833333333,0.999931129476584,0.9916666666666667,0.96875,0.9916666666666667
0.9555555555555556,0.9895201323772753,0.9954520194878821,0.9591836734693877,0.9459459459459459,0.9690721649484536
0.9416058394160584,0.9905808477237048,0.9962806398029488,0.9795918367346939,0.8461538461538461,0.96
0.905511811023622,0.9543103448275861,0.9777127834486292,0.9770114942528736,0.75,0.9340659340659341
0.9565217391304348,0.99,0.9947273290388265,1.0,0.875,0.967741935483871
0.9631901840490797,0.9968988549618321,0.9992487321635914,0.9770992366412213,0.90625,0.9770992366412213
0.968503937007874,0.9959677419354839,0.9986343167651641,0.96875,0.967741935483871,0.9789473684210527
0.9758064516129032,0.9891304347826086,0.995826393787905,1.0,0.90625,0.983957219251337
0.9166666666666666,0.9801026957637997,0.9905531916138566,0.9878048780487805,0.7631578947368421,0.9418604651162791
0.9699248120300752,0.9827433628318584,0.9967415270991711,1.0,0.8,0.9826086956521739
0.9236641221374046,0.949074074074074,0.985026955319293,0.9615384615384616,0.7777777777777778,0.9523809523809523
0.9662162162162162,0.9936758893280632,0.9981089135750449,0.9739130434782609,0.9393939393939394,0.9781659388646288
0.9621212121212122,0.9980392156862744,0.9994397759103641,0.9803921568627451,0.9,0.975609756097561
0.910958904109589,0.959349593495935,0.98177889517287,0.9619047619047619,0.7804878048780488,0.9395348837209302
0.9459459459459459,0.9838362068965517,0.995231658931795,0.9827586206896551,0.8125,0.9661016949152542
0.9609375,0.9843260188087773,0.9949803626229435,0.98989898989899,0.8620689655172413,0.9751243781094527
0.9583333333333334,0.9929210134128167,0.9986384988288678,0.9590163934426229,0.9545454545454546,0.975
0.9642857142857143,0.979591836734694,0.9962165628987508,0.9821428571428571,0.8571428571428571,0.9792284866468842
0.961038961038961,0.9958620689655172,0.9989941611467503,0.96,0.9655172413793104,0.975609756097561
0.9699248120300752,0.9891156462585035,0.9968229484344685,0.9809523809523809,0.9285714285714286,0.9809523809523809
0.9701492537313433,0.987411487018096,0.9937676694332005,0.989247311827957,0.926829268292683,0.9787234042553191
0.9523809523809523,0.9737891737891737,0.9927846756081133,0.9829059829059829,0.8333333333333334,0.9704641350210971
0.9712230215827338,0.9900215749730313,0.9960975210899199,1.0,0.8888888888888888,0.9809523809523809
0.9495798319327731,0.9859437751004015,0.9936500566482409,0.9759036144578314,0.8888888888888888,0.9642857142857143
0.9574468085106383,0.9936778449697636,0.9980011647393924,0.9906542056074766,0.8529411764705882,0.9724770642201835
0.9605263157894737,0.9897435897435898,0.9965519320504453,0.9743589743589743,0.9142857142857143,0.9743589743589743
0.95,0.9950835791543756,0.9988349785946239,0.9646017699115044,0.8888888888888888,0.9688888888888889
0.9657534246575342,0.9973739495798318,0.999207416179762,0.9821428571428571,0.9117647058823529,0.9777777777777777
0.9320388349514563,0.9949579831932773,0.9972591893447367,1.0,0.8,0.951048951048951
0.9558823529411765,0.9870629370629371,0.9968543035557846,0.9727272727272728,0.8846153846153846,0.9727272727272728
0.9642857142857143,0.9920702350608893,0.9972258247273866,1.0,0.8484848484848485,0.9771689497716894
0.9663865546218487,0.9906367041198503,0.9964842681159836,0.9887640449438202,0.9,0.9777777777777777
0.9496402877697842,0.9923076923076923,0.997054601353108,0.98,0.8717948717948718,0.9655172413793104
0.9253731343283582,0.9784090909090909,0.9951211596348997,0.9818181818181818,0.6666666666666666,0.9557522123893806
0.9191176470588235,0.9455974842767296,0.9827222951795503,0.9716981132075472,0.7333333333333333,0.9493087557603687
0.9574468085106383,0.9879598662207358,0.9970228128806397,0.9739130434782609,0.8846153846153846,0.9739130434782609
0.9133858267716536,0.9838217338217338,0.9933624201551955,0.9340659340659341,0.8611111111111112,0.9392265193370166
0.9558823529411765,0.984208830164357,0.9952725725922785,0.9719626168224299,0.896551724137931,0.9719626168224299
0.9666666666666667,0.9928003031451307,0.9976696669066863,0.989010989010989,0.896551724137931,0.9782608695652174
0.9461538461538461,0.9884453781512605,0.9968021734713689,1.0,0.75,0.966824644549763
0.9530201342281879,0.9846517119244392,0.9963379197440154,0.9752066115702479,0.8571428571428571,0.9711934156378601
0.9657534246575342,0.9893092105263157,0.9966666772551007,0.9824561403508771,0.90625,0.9781659388646288
0.9624060150375939,0.9909090909090909,0.9969473556533097,0.99,0.8787878787878788,0.9753694581280788
0.9343065693430657,0.9839285714285715,0.9948733624776691,0.9428571428571428,0.90625,0.9565217391304348
0.9936305732484076,0.9962406015037594,0.9993000860766802,1.0,0.9583333333333334,0.9962546816479401
0.9555555555555556,0.9794238683127572,0.9943474645998103,0.9814814814814815,0.8518518518518519,0.9724770642201835
0.9629629629629629,1.0,0.9999999999999999,0.9553571428571429,1.0,0.9771689497716894
0.9606299212598425,0.9903780068728522,0.9967414598089147,0.9690721649484536,0.9333333333333333,0.9740932642487047
0.9912280701754386,0.9987829614604463,0.9995847367674838,1.0,0.9655172413793104,0.9941520467836257
0.9285714285714286,0.985645933014354,0.9933460840370084,0.9659090909090909,0.8421052631578947,0.9497206703910615
0.9562043795620438,0.9913513513513513,0.9967074131392706,0.97,0.918918918918919,0.97
0.9296875,0.9858678955453148,0.9943573652726378,0.989247311827957,0.7714285714285715,0.9533678756476683
0.9333333333333333,0.9817142857142857,0.9932471932705063,0.97,0.8285714285714286,0.9556650246305419
0.9007633587786259,0.9733171619163129,0.9904702626153639,0.9690721649484536,0.7058823529411765,0.9353233830845771
0.9384615384615385,0.9798566063502901,0.9937250750030695,0.9900990099009901,0.7586206896551724,0.9615384615384616
0.9323308270676691,0.9952279957582184,0.9980035492457854,0.967391304347826,0.8536585365853658,0.9518716577540107
0.9455782312925171,0.9796567069294342,0.9955370380849442,0.9917355371900827,0.7307692307692307,0.967741935483871
0.9669421487603306,0.9896057347670251,0.9964142687317966,1.0,0.8709677419354839,0.9782608695652174
0.9603174603174603,0.9921798631476051,0.9972275945284693,0.989247311827957,0.8787878787878788,0.9735449735449735
0.9530201342281879,0.9923273657289002,0.9977155285731806,0.991304347826087,0.8235294117647058,0.9702127659574468
0.9612403100775194,0.9979091995221028,0.999211079943899,0.978494623655914,0.9166666666666666,0.9732620320855615
0.9298245614035088,0.9747008547008548,0.9855585390495016,0.9733333333333334,0.8461538461538461,0.948051948051948
0.8905109489051095,0.9597902097902098,0.9868217179625982,0.9807692307692307,0.6060606060606061,0.9315068493150684
0.9375,0.9796101949025487,0.9946928344785727,0.9739130434782609,0.7931034482758621,0.9613733905579399
0.9338235294117647,0.9812596006144393,0.9942478823693041,0.9809523809523809,0.7741935483870968,0.958139534883721
0.9836065573770492,0.9977272727272727,0.9994969084663567,1.0,0.9090909090909091,0.9900990099009901
0.9477124183006536,0.9883780991735537,0.9967332637692772,1.0,0.75,0.968
0.972972972972973,0.9815546772068512,0.9940813479854433,1.0,0.8787878787878788,0.9829059829059829
0.920863309352518,0.9647550776583034,0.9893432298987961,0.9814814814814815,0.7096774193548387,0.9506726457399103
0.9517241379310345,0.987217598097503,0.9965608318260514,0.9913793103448276,0.7931034482758621,0.9704641350210971
0.9333333333333333,0.9807261317794711,0.994882608449771,0.979381443298969,0.7391304347826086,0.9595959595959596
0.9354838709677419,0.9797752808988764,0.9918130293624262,0.9775280898876404,0.8285714285714286,0.9560439560439561
0.9349593495934959,0.9920687376074024,0.9968932309827949,0.9325842696629213,0.9411764705882353,0.9540229885057471
0.9389312977099237,0.9869007803790413,0.9944760575831051,0.9782608695652174,0.8461538461538461,0.9574468085106383
0.9696969696969697,0.9852941176470589,0.9943822819029002,1.0,0.8823529411764706,0.98
0.9285714285714286,0.9787878787878788,0.9936852064206332,0.9545454545454546,0.8333333333333334,0.9545454545454546
0.9455782312925171,0.9888888888888889,0.9948580156405439,0.9901960784313726,0.8444444444444444,0.9619047619047619
0.9171974522292994,0.9655172413793104,0.9914812461462097,0.9765625,0.6551724137931034,0.9505703422053232
0.9137931034482759,0.9718875502008032,0.9874353196057523,0.9759036144578314,0.7575757575757576,0.9418604651162791
0.9347826086956522,0.9905660377358491,0.9971348707846825,0.9905660377358491,0.75,0.958904109589041
0.9523809523809523,0.9925925925925926,0.9982604028679912,0.9583333333333334,0.9259259259259259,0.9704641350210971
0.9805194805194806,0.9994482758620689,0.999872507936508,0.984,0.9655172413793104,0.9879518072289156
0.9618320610687023,0.9975071225071225,0.9993637972972583,0.9903846153846154,0.8518518518518519,0.976303317535545
0.9435483870967742,0.9753728754769337,0.9913168834575924,1.0,0.7741935483870968,0.9637305699481865
0.9117647058823529,0.9774069319640564,0.9900018450015862,0.9578947368421052,0.8048780487804879,0.9381443298969072
0.9354838709677419,0.9714795008912656,0.9932664509635994,0.9901960784313726,0.6818181818181818,0.9619047619047619
0.9527027027027027,0.9821981424148607,0.994276738984768,0.9912280701754386,0.8235294117647058,0.9699570815450643
0.9463087248322147,0.9868667917448406,0.9969891580388016,0.959349593495935,0.8846153846153846,0.9672131147540983
0.9523809523809523,0.9858695652173912,0.9957785612236629,0.9739130434782609,0.875,0.9696969696969697
0.9647887323943662,0.9961873638344227,0.9987765534376448,0.9907407407407407,0.8823529411764706,0.9771689497716894
0.9626865671641791,0.9955128205128205,0.998709513156088,0.9807692307692307,0.9,0.9760765550239234
0.9481481481481482,0.993933265925177,0.9971590143915203,0.967391304347826,0.9069767441860465,0.9621621621621622
0.9464285714285714,0.9762065095398429,0.9934611657887189,0.9703703703703703,0.8484848484848485,0.966789667896679
0.9274193548387096,0.9680580762250455,0.9888068409528502,0.968421052631579,0.7931034482758621,0.9533678756476683
0.9855072463768116,0.9976643309976644,0.9994257264493579,0.990990990990991,0.9629629629629629,0.990990990990991
0.9461538461538461,0.9844080338266384,0.9916871576425754,0.9883720930232558,0.8636363636363636,0.96045197740113
0.9779411764705882,0.9974540311173975,0.9991013250569836,0.9900990099009901,0.9428571428571428,0.9852216748768473
0.9738562091503268,0.9978632478632479,0.9993403039616575,0.9914529914529915,0.9166666666666666,0.9830508474576272
0.9477611940298507,0.9771977197719771,0.991854322266265,0.9801980198019802,0.8484848484848485,0.9658536585365853
0.9696969696969697,0.9906152241918665,0.9979877819902054,0.9781021897810219,0.9285714285714286,0.9816849816849816
0.9210526315789473,0.9756051076805794,0.9862170166301428,0.9797979797979798,0.8113207547169812,0.941747572815534
0.9416666666666667,0.9916559691912709,0.996022927457311,0.975609756097561,0.868421052631579,0.9580838323353293
0.9261744966442953,0.9449786324786325,0.9828797442069178,0.9829059829059829,0.71875,0.9543568464730291
0.9459459459459459,0.9949494949494949,0.9978928674368014,0.9871794871794872,0.8484848484848485,0.9625
0.925,0.986323673070661,0.9938876021820896,0.963855421686747,0.8378378378378378,0.9467455621301775
0.9461538461538461,0.9897025171624714,0.9955367208275164,0.9565217391304348,0.9210526315789473,0.9617486338797814
0.9276315789473685,0.9658854166666666,0.9897143357875111,0.9583333333333334,0.8125,0.9543568464730291
0.9692307692307692,0.9989212513484358,0.9997252244000733,0.9902912621359223,0.8888888888888888,0.9807692307692307
0.9612903225806452,0.9826388888888888,0.9962095567289064,1.0,0.7777777777777778,0.9770992366412213
0.9254658385093167,0.9715145900880037,0.9917569135753288,0.9606299212598425,0.7941176470588235,0.953125
0.8918918918918919,0.9910239361702128,0.9934471226627379,1.0,0.7446808510638298,0.9142857142857143
0.925,0.9680672268907563,0.9859511397660683,0.9882352941176471,0.7714285714285715,0.9491525423728814
0.9637681159420289,0.9885438649381971,0.996510915766168,0.9813084112149533,0.9032258064516129,0.9767441860465116
0.9117647058823529,0.9519094766619519,0.9808107556700543,0.9702970297029703,0.7428571428571429,0.9423076923076923
0.9285714285714286,0.9791416926396548,0.9900466169463743,0.9587628865979382,0.8604651162790697,0.9489795918367347
0.935251798561151,0.9794163626889004,0.9919611443871572,0.9702970297029703,0.8421052631578947,0.9560975609756097
0.967948717948718,0.9876129032258064,0.9965209950186642,0.984,0.9032258064516129,0.9800796812749004
0.9661016949152542,0.9983062330623306,0.9992507507722741,0.9634146341463414,0.9722222222222222,0.9753086419753086
0.9401197604790419,0.9720522235822114,0.991246532296778,1.0,0.7368421052631579,0.9626865671641791
0.9202898550724637,0.9820165094339622,0.9944117902173896,0.9433962264150944,0.84375,0.9478672985781991
0.9477611940298507,0.9950738916256158,0.9986648445474794,0.9714285714285714,0.8620689655172413,0.966824644549763
0.9534883720930233,0.998132935026139,0.9995277423889646,0.9514563106796117,0.9615384615384616,0.9702970297029703
0.9457831325301205,0.9702380952380951,0.9935247791061592,0.9782608695652174,0.7857142857142857,0.967741935483871
0.9098360655737705,0.9847560975609756,0.9925268983767862,0.9878048780487805,0.75,0.9364161849710982
0.924812030075188,0.9810495626822158,0.9924346703342192,0.9591836734693877,0.8285714285714286,0.9494949494949495
0.9568345323741008,0.9851994851994853,0.9958754431204436,0.972972972972973,0.8928571428571429,0.972972972972973
0.9781021897810219,0.9990170380078637,0.9997505290830768,0.9908256880733946,0.9285714285714286,0.9863013698630136
0.9619565217391305,0.9854901960784314,0.9964261008018136,0.9933333333333333,0.8235294117647058,0.9770491803278688
0.9315068493150684,0.9798873692679002,0.9937477634067244,0.9734513274336283,0.7878787878787878,0.9565217391304348
0.9625,0.9752158173210804,0.9944762812121442,0.9924812030075187,0.8148148148148148,0.9777777777777777
0.9375,0.9746428571428571,0.9926022598063018,1.0,0.7142857142857143,0.9615384615384616
0.9495798319327731,0.9910201149425288,0.996668914867086,1.0,0.8125,0.9666666666666667
0.9791666666666666,0.9994652406417113,0.9998361998361999,0.9818181818181818,0.9705882352941176,0.9863013698630136
0.953125,0.996059889676911,0.9977852619426667,0.9876543209876543,0.8936170212765957,0.963855421686747
0.9419354838709677,0.9677206851119895,0.9939685055113068,0.9696969696969697,0.782608695652174,0.9660377358490566
0.9507042253521126,0.9798728813559322,0.9955143003108741,0.9830508474576272,0.7916666666666666,0.9707112970711297
0.9492753623188406,0.9849261380765751,0.9952445350757123,0.9813084112149533,0.8387096774193549,0.967741935483871
0.9585798816568047,0.9706896551724138,0.9945891930925762,0.9862068965517241,0.7916666666666666,0.9761092150170648
0.9695121951219512,0.9885572139303482,0.9971532087327061,0.9925373134328358,0.8666666666666667,0.981549815498155
0.9402985074626866,0.9670588235294117,0.9879063593011979,0.99,0.7941176470588235,0.9611650485436893
0.9485294117647058,0.9870550161812297,0.995669552630277,0.9805825242718447,0.8484848484848485,0.9665071770334929
0.9793103448275862,0.9992,0.9998740157480315,0.992,0.9,0.9880478087649402
0.9810126582278481,0.9985768500948767,0.9996065396111171,0.9838709677419355,0.9705882352941176,0.9878542510121457
0.9594594594594594,0.9824858757062146,0.9954636903200059,0.9915254237288136,0.8333333333333334,0.975
0.9758064516129032,0.9911684782608696,0.9965648683344085,1.0,0.90625,0.983957219251337
0.9398496240601504,0.9913793103448275,0.9976188363737134,0.9615384615384616,0.8620689655172413,0.9615384615384616
0.9727891156462585,0.9962462462462461,0.9987191824361636,0.972972972972973,0.9722222222222222,0.9818181818181818
0.9710144927536232,0.9946613279946613,0.9986943391960235,0.990990990990991,0.8888888888888888,0.9821428571428571
0.9586776859504132,0.9721074380165289,0.9879289239914562,1.0,0.8484848484848485,0.9723756906077348
0.9440559440559441,0.9818181818181818,0.9940325554142878,0.990909090909091,0.7878787878787878,0.9646017699115044
0.9024390243902439,0.9792865362485615,0.9882085136607898,0.9620253164556962,0.7954545454545454,0.926829268292683
0.9617834394904459,0.997844827586207,0.99951639158086,0.96875,0.9310344827586207,0.9763779527559056
0.9791666666666666,0.9918269230769231,0.9966811021733314,1.0,0.925,0.985781990521327
0.971830985915493,0.989059829059829,0.9975594583286292,0.9829059829059829,0.92,0.9829059829059829
0.9708029197080292,0.9938862307283359,0.99759239293536,0.98989898989899,0.9210526315789473,0.98
0.9357142857142857,0.9695354150799695,0.9873481223196214,0.9900990099009901,0.7948717948717948,0.9569377990430622
0.9424460431654677,0.9687902187902189,0.9910889701893226,0.990990990990991,0.75,0.9649122807017544
0.9664429530201343,0.9918699186991871,0.9982363407524995,0.983739837398374,0.8846153846153846,0.979757085020243
0.9702380952380952,0.9937959558823529,0.998530057399464,0.9852941176470589,0.90625,0.9816849816849816
0.9673202614379085,0.9948347107438017,0.9986204528180004,0.9834710743801653,0.90625,0.9794238683127572
0.9618320610687023,0.9962894248608535,0.9987194844018831,1.0,0.8484848484848485,0.9751243781094527
0.9485294117647058,0.9855855855855855,0.9966239059352413,0.9819819819819819,0.8,0.9688888888888889
0.9104477611940298,0.9702319141571478,0.9920727002677086,0.9906542056074766,0.5925925925925926,0.9464285714285714
0.9743589743589743,0.9910996267585416,0.9980995668725584,0.9922480620155039,0.8888888888888888,0.9846153846153847
0.9743589743589743,0.9909465020576131,0.9971922562917381,0.9888888888888889,0.9259259259259259,0.9834254143646409
0.9716312056737588,0.9983164983164984,0.9994886848998144,0.9814814814814815,0.9393939393939394,0.9814814814814815
0.972972972972973,0.9871049304677624,0.9954015778003392,1.0,0.8857142857142857,0.9826086956521739
0.9148936170212766,0.9763414634146341,0.9895658358456194,0.97,0.7804878048780488,0.941747572815534
0.9727891156462585,0.9928746928746929,0.9973756033352762,0.990909090909091,0.918918918918919,0.9819819819819819
0.9357142857142857,0.9615384615384616,0.9848963499345998,0.9807692307692307,0.8055555555555556,0.9577464788732394
0.9428571428571428,0.9782541161851507,0.993868195971618,0.972972972972973,0.8275862068965517,0.9642857142857143
0.937888198757764,0.9855587121212122,0.9961314446444074,0.96875,0.8181818181818182,0.9612403100775194
0.9863945578231292,0.9996363636363637,0.9999365079365079,0.992,0.9545454545454546,0.992
0.9784172661870504,0.9901816396661758,0.9953886845244407,1.0,0.9285714285714286,0.9847715736040609
0.9548872180451128,0.9890077243018419,0.9960275536004123,0.98989898989899,0.8529411764705882,0.9702970297029703
0.9726027397260274,0.9979395604395604,0.9991763860483523,0.9903846153846154,0.9285714285714286,0.9809523809523809
0.9387755102040817,0.9675213675213675,0.9912071723637759,0.9914529914529915,0.7333333333333333,0.9626556016597511
0.9533333333333334,0.9849779849779849,0.9957080277573521,0.9829059829059829,0.8484848484848485,0.9704641350210971
0.9565217391304348,0.9875901875901876,0.9957765894415306,0.9809523809523809,0.8787878787878788,0.9716981132075472
0.9426751592356688,0.9870689655172413,0.9969810894782006,0.96875,0.8275862068965517,0.9649805447470817
0.8909090909090909,0.9628378378378379,0.9799769738027798,0.9864864864864865,0.6944444444444444,0.9240506329113924
0.8839285714285714,0.9754127151387425,0.9863298947318448,0.9726027397260274,0.717948717948718,0.9161290322580645
0.9794520547945206,0.9967948717948718,0.9992861652479579,1.0,0.8846153846153846,0.9876543209876543
0.9097222222222222,0.9817665166942932,0.992503438868873,0.9902912621359223,0.7073170731707317,0.9400921658986175
0.8650793650793651,0.9535321821036107,0.9821630942891829,0.9560439560439561,0.6285714285714286,0.9109947643979057
0.9675324675324676,0.9868589743589744,0.9973337069546906,0.9846153846153847,0.875,0.9808429118773946
0.9402985074626866,0.9838267543859649,0.9932710607616976,0.9791666666666666,0.8421052631578947,0.9591836734693877
0.9624060150375939,0.9887755102040816,0.9966470592130376,1.0,0.8214285714285714,0.9767441860465116
0.8814814814814815,0.9608190091001011,0.9817587141785271,0.9565217391304348,0.7209302325581395,0.9166666666666666
0.9710144927536232,0.9924630690382876,0.9976953313958846,0.9906542056074766,0.9032258064516129,0.9814814814814815
0.9586206896551724,0.981824661439772,0.9959747077957462,0.9672131147540983,0.9130434782608695,0.9752066115702479
0.921875,0.9684070502161622,0.9889896964711036,0.9587628865979382,0.8064516129032258,0.9489795918367347
0.9588235294117647,0.9999999999999999,1.0,0.9507042253521126,1.0,0.9747292418772563
0.9558823529411765,0.9848648648648648,0.996293188135256,0.9819819819819819,0.84,0.9732142857142857
0.9538461538461539,0.9926122931442081,0.9969985223620568,0.9680851063829787,0.9166666666666666,0.9680851063829787
0.9545454545454546,0.9930555555555556,0.9981223640772152,0.9571428571428572,0.9444444444444444,0.9710144927536232
0.9457364341085271,0.9895104895104895,0.9924061677118456,0.974025974025974,0.9038461538461539,0.9554140127388535
0.944,0.9811035525321239,0.9943495040690369,0.9795918367346939,0.8148148148148148,0.964824120603015
0.9387755102040817,0.9824663939216832,0.9952365428343414,0.9576271186440678,0.8620689655172413,0.9617021276595744
0.9448275862068966,0.9789915966386554,0.9951397229625775,0.9663865546218487,0.8461538461538461,0.9663865546218487
0.9402985074626866,0.9784580498866213,0.9910996736589506,0.9591836734693877,0.8888888888888888,0.9591836734693877
0.9671052631578947,0.9927109615923745,0.9982148269161414,0.983739837398374,0.896551724137931,0.979757085020243
0.9609375,0.9828473413379074,0.9960208047989255,0.9905660377358491,0.8181818181818182,0.9767441860465116
0.9591836734693877,0.994654605263158,0.9992149834024596,0.984375,0.7894736842105263,0.9767441860465116
0.9626865671641791,0.9846866096866097,0.9960364152357722,0.9814814814814815,0.8846153846153846,0.9769585253456221
0.935251798561151,0.9844943820224719,0.9910256568399751,1.0,0.82,0.9518716577540107
0.9554140127388535,0.9945454545454545,0.9989742243921023,0.9696969696969697,0.88,0.973384030418251
0.937007874015748,0.9904605263157895,0.9968632829159145,0.968421052631579,0.84375,0.9583333333333334
0.9545454545454546,0.9854048964218455,0.995220937363741,0.9745762711864406,0.8888888888888888,0.9704641350210971
0.9361702127659575,0.9809203142536477,0.9938488829967973,0.9814814814814815,0.7878787878787878,0.9592760180995475
0.9295774647887324,0.9638290098648156,0.9925151983777983,0.9747899159663865,0.6956521739130435,0.9586776859504132
0.9513888888888888,0.9892529488859764,0.9963540528067376,0.981651376146789,0.8571428571428571,0.9683257918552036
0.9538461538461539,0.984848484848485,0.9909973425927275,0.9886363636363636,0.8809523809523809,0.9666666666666667
0.9652777777777778,0.9846774193548387,0.9973241469296575,0.9838709677419355,0.85,0.9799196787148594
0.921875,0.9832901181215788,0.992155573046541,0.9438202247191011,0.8717948717948718,0.9438202247191011
0.9594594594594594,0.9966254218222722,0.9994522651382964,0.9921259842519685,0.7619047619047619,0.9767441860465116
0.9657534246575342,0.9917631917631917,0.9971816008733045,0.972972972972973,0.9428571428571428,0.9773755656108597
0.937984496124031,0.9865649963689179,0.9963064738437581,0.9803921568627451,0.7777777777777778,0.9615384615384616
0.9328358208955224,0.9892394228417706,0.993893326640858,0.9770114942528736,0.851063829787234,0.9497206703910615
0.912,0.9670698924731183,0.9872533469934579,0.956989247311828,0.78125,0.9417989417989417
0.9789473684210527,0.9951783992285439,0.9971721771067381,1.0,0.9411764705882353,0.9838709677419355
0.96875,0.9862068965517242,0.9985154043023009,0.9793103448275862,0.8666666666666667,0.9826989619377162
0.9098360655737705,0.9751291989664083,0.988711681025791,0.9534883720930233,0.8055555555555556,0.9371428571428572
0.9612903225806452,0.979578392621871,0.9961795733545289,1.0,0.7391304347826086,0.9777777777777777
0.9664429530201343,0.9952774498229043,0.9988915388138132,0.9834710743801653,0.8928571428571429,0.9794238683127572
0.9202898550724637,0.9850113122171946,0.9950164284479952,0.9519230769230769,0.8235294117647058,0.9473684210526315
0.9379310344827586,0.981074481074481,0.9950014642117668,0.9572649572649573,0.8571428571428571,0.9613733905579399
0.972027972027972,0.9901694915254238,0.9978460021632277,0.9915254237288136,0.88,0.9831932773109243
0.9294871794871795,0.9674899193548387,0.9909695178937941,0.9838709677419355,0.71875,0.9568627450980393
0.928,0.9556451612903226,0.9825940848668016,0.978494623655914,0.78125,0.9528795811518325
0.9210526315789473,0.9809203142536476,0.9919651260843139,0.9753086419753086,0.7878787878787878,0.9461077844311377
0.9444444444444444,0.9777333713959464,0.9933022249844026,0.9823008849557522,0.8064516129032258,0.9652173913043478
0.9774436090225563,0.9935860058309038,0.9976550837138866,0.9897959183673469,0.9428571428571428,0.9847715736040609
0.9185185185185185,0.986,0.9949866752099157,0.95,0.8285714285714286,0.945273631840796
0.9615384615384616,0.9869976359338062,0.9949751113048932,1.0,0.8611111111111112,0.9740932642487047
0.9485294117647058,0.9868421052631579,0.9945961654169398,0.9795918367346939,0.868421052631579,0.964824120603015
0.9285714285714286,0.9718782249742002,0.9885242409636401,0.9901960784313726,0.7631578947368421,0.9528301886792453
0.9440993788819876,0.9755639097744361,0.9945155826671408,0.9849624060150376,0.75,0.966789667896679
0.9076923076923077,0.958298112144266,0.9809795223652199,0.978021978021978,0.7435897435897436,0.9368421052631579
0.9473684210526315,0.9839121552604698,0.9917442084557528,1.0,0.8409090909090909,0.9621621621621622
0.9465648854961832,0.9865800865800867,0.9973143588047927,0.990909090909091,0.7142857142857143,0.9688888888888889
0.9666666666666667,0.994107744107744,0.999193641314265,0.9772727272727273,0.8888888888888888,0.9809885931558935
0.926829268292683,0.9919504643962849,0.9965277831080405,0.9764705882352941,0.8157894736842105,0.9485714285714286
0.9453125,0.9781931464174454,0.9953667371249912,0.9813084112149533,0.7619047619047619,0.967741935483871
0.9159663865546218,0.9538152610441767,0.978684922934906,1.0,0.7222222222222222,0.9431818181818182
0.9296875,0.9789473684210526,0.9923683766827203,0.9789473684210527,0.7878787878787878,0.9538461538461539
0.9626865671641791,0.9971509971509972,0.9993257567331641,0.9814814814814815,0.8846153846153846,0.9769585253456221
0.9230769230769231,0.9792899408284023,0.9917189278535129,0.9615384615384616,0.8205128205128205,0.9478672985781991
0.9212598425196851,0.9761424731182795,0.9920131778145521,0.96875,0.7741935483870968,0.9489795918367347
0.9271523178807947,0.9564516129032258,0.9875643052862516,0.9916666666666667,0.6774193548387096,0.9558232931726908
0.951048951048951,0.991740412979351,0.9977538152804585,0.9734513274336283,0.8666666666666667,0.9691629955947136
0.9731543624161074,0.9988839285714286,0.9998173676719961,0.9765625,0.9523809523809523,0.984251968503937
0.9401709401709402,0.9862068965517242,0.9947296905184374,0.9540229885057471,0.9,0.9595375722543352
0.9743589743589743,0.9978835978835979,0.999671956251418,0.9851851851851852,0.9047619047619048,0.9851851851851852
0.971830985915493,0.9948849104859335,0.9989977844813827,0.9915966386554622,0.8695652173913043,0.9833333333333333
0.9245283018867925,0.9829710144927536,0.9854862794809541,0.95,0.8913043478260869,0.9344262295081968
0.936,0.9770075497597804,0.9918254786945477,0.9787234042553191,0.8064516129032258,0.9583333333333334
0.9457364341085271,0.9842849659507595,0.9903662012844484,0.9759036144578314,0.8913043478260869,0.9585798816568047
0.984251968503937,0.9941599281221922,0.9987867718493324,0.9905660377358491,0.9523809523809523,0.9905660377358491
0.9575757575757575,0.9887912087912089,0.9968603007423738,0.9846153846153847,0.8571428571428571,0.973384030418251
0.9647887323943662,0.9859627708269759,0.9961272923303279,1.0,0.8275862068965517,0.9783549783549783
0.9716312056737588,0.997737556561086,0.999131495735549,0.9901960784313726,0.9230769230769231,0.9805825242718447
0.9294871794871795,0.9709821428571428,0.9933176110478215,0.9765625,0.7142857142857143,0.9578544061302682
0.9383561643835616,0.9851364522417154,0.9942296177123902,0.9629629629629629,0.868421052631579,0.9585253456221198
0.953125,0.9953571428571428,0.9987177348343232,0.98,0.8571428571428571,0.9702970297029703
0.972972972972973,0.9847457627118644,0.9954713013650208,0.9915254237288136,0.9,0.9831932773109243
0.9548387096774194,0.9910673385249656,0.9970464024590485,0.9745762711864406,0.8918918918918919,0.9704641350210971
0.9652777777777778,0.988501616960115,0.9977772913695144,0.9834710743801653,0.8695652173913043,0.9794238683127572
0.9548872180451128,0.9846261355695318,0.9956868072569042,0.9716981132075472,0.8888888888888888,0.9716981132075472
0.948051948051948,0.9845517241379311,0.9962850745425189,0.984,0.7931034482758621,0.968503937007874
0.9583333333333334,0.9958553994934377,0.9982281130273892,1.0,0.8604651162790697,0.9711538461538461
0.9862068965517241,1.0,1.0,0.9836065573770492,1.0,0.9917355371900827
0.9617834394904459,0.990990990990991,0.9971160145263867,0.975,0.918918918918919,0.975
0.9574468085106383,0.9759797724399494,0.9930680128404756,0.9734513274336283,0.8928571428571429,0.9734513274336283
0.9504132231404959,0.9861275088547816,0.9916330297274678,1.0,0.8636363636363636,0.9625
0.9605263157894737,0.9923191807126094,0.9969751422606794,0.9908256880733946,0.8837209302325582,0.972972972972973
0.965034965034965,0.9867511520737328,0.9959840107270463,0.9821428571428571,0.9032258064516129,0.9777777777777777
0.9523809523809523,0.9968030690537084,0.9988192277850136,0.9565217391304348,0.9411764705882353,0.967032967032967
0.9657534246575342,0.9941980936593452,0.9991355988865824,0.984251968503937,0.8421052631578947,0.9803921568627451
0.9016393442622951,0.9500821018062398,0.9787191515129773,0.9885057471264368,0.6857142857142857,0.9347826086956522
0.9242424242424242,0.9759837962962963,0.9903468841461669,0.9791666666666666,0.7777777777777778,0.9494949494949495
0.9565217391304348,0.989010989010989,0.9973540817064771,0.9732142857142857,0.8846153846153846,0.9732142857142857
0.95,0.9929251700680273,0.9976601043081086,0.9714285714285714,0.8857142857142857,0.966824644549763
0.9097744360902256,0.9588921282798833,0.9840534949838912,0.9693877551020408,0.7428571428571429,0.9405940594059405
0.9105691056910569,0.9529532967032966,0.9824320692524203,0.989010989010989,0.6875,0.9424083769633508
0.9540229885057471,0.9923302503947665,0.9983342867108904,0.9790209790209791,0.8387096774193549,0.9722222222222222
0.946969696969697,0.987094837935174,0.9951870996430393,0.9693877551020408,0.8823529411764706,0.9644670050761421
0.9347826086956522,0.9855769230769231,0.9952381102991543,0.9903846153846154,0.7647058823529411,0.958139534883721
0.9253731343283582,0.9670995670995671,0.9878498322561953,0.98989898989899,0.7428571428571429,0.9514563106796117
0.9556962025316456,0.9954814042405283,0.999315342406614,0.9708029197080292,0.8571428571428571,0.9743589743589743
0.9712230215827338,0.9887556221889056,0.9977417543295386,0.9913793103448276,0.8695652173913043,0.9829059829059829
0.974025974025974,0.9840690341851975,0.9968028834732992,0.9847328244274809,0.9130434782608695,0.9847328244274809
0.9548022598870056,0.9706380575945793,0.9952806333833846,0.9805194805194806,0.782608695652174,0.9741935483870968
0.943089430894309,0.983029541169076,0.9922948114127541,1.0,0.8108108108108109,0.9608938547486033
0.968,0.9929435483870968,0.9975224276977648,0.989247311827957,0.90625,0.9787234042553191
0.9154929577464789,0.965146750524109,0.9875697018337702,0.9905660377358491,0.6944444444444444,0.9459459459459459
0.9428571428571428,0.9668027210884353,0.9875025394668824,1.0,0.7714285714285715,0.963302752293578
0.9300699300699301,0.9698757763975155,0.9919999075294508,0.9652173913043478,0.7857142857142857,0.9568965517241379
0.9672131147540983,0.9938515590689504,0.9985563971183972,0.9797979797979798,0.9130434782608695,0.9797979797979798
0.9420289855072463,0.9890265486725663,0.9975794002050902,0.9734513274336283,0.8,0.9649122807017544
0.9435483870967742,0.9767857142857144,0.9878041444614302,1.0,0.825,0.96
0.9463087248322147,0.9855212355212355,0.9949066491382033,1.0,0.7837837837837838,0.9655172413793104
0.9493670886075949,0.9830364715860899,0.9962615221749791,0.9770992366412213,0.8148148148148148,0.9696969696969697
0.9655172413793104,0.9905394524959743,0.9973133083370401,0.9855072463768116,0.8888888888888888,0.9784172661870504
0.9545454545454546,0.979875283446712,0.9954185899985264,0.9841269841269841,0.8214285714285714,0.9725490196078431
0.9411764705882353,0.9852201257861636,0.9954819478729549,0.9905660377358491,0.7666666666666667,0.963302752293578
0.9197080291970803,0.9764089121887287,0.9935976231793769,0.944954128440367,0.8214285714285714,0.9493087557603687
0.9590163934426229,0.9936192839418646,0.9978451826698873,0.978021978021978,0.9032258064516129,0.9726775956284153
0.9568345323741008,0.9968421052631579,0.9992918697478266,0.956140350877193,0.96,0.9732142857142857
0.9645390070921985,0.985485103132162,0.997182108009143,0.9831932773109243,0.8636363636363636,0.9790794979079498
0.9747899159663865,0.9979591836734694,0.9991595863151462,0.9880952380952381,0.9428571428571428,0.9822485207100592
0.948905109489051,0.9845984598459846,0.9943889349006376,0.9702970297029703,0.8888888888888888,0.9655172413793104
0.9180327868852459,0.9768303985171455,0.9888457823544069,0.9759036144578314,0.7948717948717948,0.9418604651162791
0.9571428571428572,0.9977499999999999,0.9991205025699601,0.97,0.925,0.97
0.9557522123893806,0.9818913480885313,0.9885322846035012,0.9859154929577465,0.9047619047619048,0.9655172413793104
0.935251798561151,0.9817543859649123,0.9956068591385815,0.956140350877193,0.84,0.960352422907489
0.9210526315789473,0.977135598602731,0.9840331897828816,1.0,0.8085106382978723,0.9370629370629371
0.9236641221374046,0.9915100060642814,0.997061549229052,0.9381443298969072,0.8823529411764706,0.9479166666666666
0.943089430894309,0.9966422466422467,0.9984924030596918,0.9880952380952381,0.8461538461538461,0.9595375722543352
0.958904109589041,0.9887798036465638,0.996930625372697,0.9826086956521739,0.8709677419354839,0.9741379310344828
0.9444444444444444,0.9863147605083089,0.9947118437354159,0.967741935483871,0.8787878787878788,0.9625668449197861
0.9465648854961832,0.9878917378917379,0.9967050341827064,0.9711538461538461,0.8518518518518519,0.9665071770334929
0.9541984732824428,0.9925788497217068,0.9974133812114724,0.9693877551020408,0.9090909090909091,0.9693877551020408
0.9866666666666667,0.9999999999999999,1.0000000000000002,1.0,0.9473684210526315,0.9911504424778761
0.9593023255813954,0.9938725490196079,0.9983594617091052,0.9779411764705882,0.8888888888888888,0.9743589743589743
0.9411764705882353,0.9707317073170733,0.9918930333331643,0.975609756097561,0.8,0.963855421686747
0.9153846153846154,0.9755555555555556,0.9889291963611796,1.0,0.725,0.9424083769633508
0.96,0.9941066997518611,0.9987564254545149,0.9919354838709677,0.8076923076923077,0.9761904761904762
0.9302325581395349,0.9866975130133024,0.9944004545313415,0.978021978021978,0.8157894736842105,0.9518716577540107
0.9507042253521126,0.9808547008547008,0.9954665539800256,0.9914529914529915,0.76,0.9707112970711297
0.9192546583850931,0.9558943089430895,0.9827292431163758,0.975,0.7560975609756098,0.9473684210526315
0.9285714285714286,0.9762304921968787,0.9925604346249364,0.9663865546218487,0.8,0.9543568464730291
0.963855421686747,0.9917184265010351,0.9983006454892186,0.9927536231884058,0.8214285714285714,0.9785714285714285
0.9444444444444444,0.9913140935836369,0.9954308669441179,0.9759036144578314,0.8837209302325582,0.9585798816568047
0.9490445859872612,0.9864999999999999,0.9963051569178896,0.992,0.78125,0.96875
0.9700598802395209,0.9738562091503267,0.9973267908565536,0.9869281045751634,0.7857142857142857,0.9837133550488599
0.9266666666666666,0.9778265107212476,0.992478079830637,0.9649122807017544,0.8055555555555556,0.9523809523809523
0.9626865671641791,0.9825757575757575,0.9958285689284678,0.990909090909091,0.8333333333333334,0.9775784753363229
0.9784172661870504,0.9977591036414566,0.9992652816899527,0.9904761904761905,0.9411764705882353,0.985781990521327
0.9495798319327731,0.9874149659863946,0.9942186601121041,0.9642857142857143,0.9142857142857143,0.9642857142857143
0.8852459016393442,0.9618863049095607,0.9827461550299378,0.9534883720930233,0.7222222222222222,0.9213483146067416
0.9319727891156463,0.9737100737100738,0.9907943361468343,0.9727272727272728,0.8108108108108109,0.9553571428571429
0.9024390243902439,0.9582706766917293,0.9856888104498884,0.968421052631579,0.6785714285714286,0.9387755102040817
0.9396551724137931,0.983142037302726,0.9924711989220598,0.9878048780487805,0.8235294117647058,0.9585798816568047
0.9779411764705882,0.996921893035783,0.9993704604827253,0.9911504424778761,0.9130434782608695,0.986784140969163
0.9037037037037037,0.9825908858166923,0.9919823874714863,0.956989247311828,0.7857142857142857,0.9319371727748691
0.9553571428571429,0.9978378378378379,0.9989743589743589,0.9733333333333334,0.918918918918919,0.9668874172185431
0.9126984126984127,0.9623178101670814,0.9879266691460562,0.9690721649484536,0.7241379310344828,0.9447236180904522
0.923728813559322,0.9766260162601627,0.9891620573407065,1.0,0.75,0.9479768786127167
0.9411764705882353,0.9798603651987111,0.991630976704603,0.9795918367346939,0.8421052631578947,0.96
0.9,0.9771021021021022,0.9884205124703389,0.9864864864864865,0.7222222222222222,0.9299363057324841
0.9459459459459459,0.9909015715467329,0.997548225803006,0.9572649572649573,0.9032258064516129,0.9655172413793104
0.9423076923076923,0.9822485207100591,0.9962566576517556,0.9769230769230769,0.7692307692307693,0.9657794676806084
0.9666666666666667,0.9933754893104486,0.9984880426580364,0.975609756097561,0.9259259259259259,0.9795918367346939
0.9481481481481482,0.9842233009708737,0.9946357237843695,0.970873786407767,0.875,0.966183574879227
0.9714285714285714,0.9990680335507921,0.9997572247572247,0.972972972972973,0.9655172413793104,0.9818181818181818
0.9084507042253521,0.9459549071618037,0.9867688878499269,0.9741379310344828,0.6153846153846154,0.9456066945606695
0.9590643274853801,0.9920360110803323,0.9989972303700464,0.9736842105263158,0.8421052631578947,0.976897689768977
0.923728813559322,0.9625559625559625,0.9881729600491781,0.978021978021978,0.7407407407407407,0.9518716577540107
0.9347826086956522,0.963963963963964,0.9908250107636312,0.9819819819819819,0.7407407407407407,0.960352422907489
0.9512195121951219,0.9966165413533834,0.9990174337681946,0.9578947368421052,0.9285714285714286,0.9680851063829787
0.9236111111111112,0.9713669950738916,0.9925882645437262,0.9655172413793104,0.75,0.9531914893617022
0.9328859060402684,0.9820971867007673,0.994479458793426,0.9739130434782609,0.7941176470588235,0.9572649572649573
0.9197080291970803,0.9628466771323914,0.9839913941083263,0.9693877551020408,0.7948717948717948,0.945273631840796
0.9172413793103448,0.978429203539823,0.9937807516295909,0.9823008849557522,0.6875,0.9487179487179487
0.9426751592356688,0.9873383620689655,0.9970169593471472,0.984375,0.7586206896551724,0.9655172413793104
0.9555555555555556,0.9824333116460637,0.9944008763956668,0.9811320754716981,0.8620689655172413,0.9719626168224299
0.9735099337748344,0.9985867721876766,0.9996634679461549,0.9754098360655737,0.9655172413793104,0.9834710743801653
0.9426229508196722,0.9812925170068028,0.9951220421946925,0.9693877551020408,0.8333333333333334,0.9644670050761421
0.9590163934426229,0.9925558312655086,0.9974537314108298,0.978021978021978,0.9032258064516129,0.9726775956284153
0.95,0.979807393600497,0.9943009518814356,0.990990990990991,0.7931034482758621,0.9691629955947136
0.9230769230769231,0.9765698219306467,0.9916468316407246,0.9690721649484536,0.7878787878787878,0.9494949494949495
0.9407894736842105,0.9768888888888889,0.9944557790362817,0.976,0.7777777777777778,0.9644268774703557
0.9596774193548387,0.9914893617021276,0.9973129962367282,0.9893617021276596,0.8666666666666667,0.9738219895287958
0.952054794520548,0.9872994652406417,0.9942275700235641,1.0,0.8409090909090909,0.966824644549763
0.9172932330827067,0.9795102448775612,0.9883769721739153,0.9885057471264368,0.782608695652174,0.9398907103825137
0.8947368421052632,0.9709576138147566,0.9861384486510311,0.945054945054945,0.7857142857142857,0.9247311827956989
0.9710144927536232,0.9970760233918129,0.9993854672525033,0.9912280701754386,0.875,0.9826086956521739
0.9347826086956522,0.9694942467219695,0.9881215598879083,1.0,0.7567567567567568,0.957345971563981
0.9530201342281879,0.9954838709677418,0.9990820352878454,0.9596774193548387,0.92,0.9714285714285714
0.9344262295081968,0.9730591988656505,0.9902449931615064,0.978021978021978,0.8064516129032258,0.956989247311828
0.9385964912280702,0.9937673130193906,0.9969222834433873,0.9605263157894737,0.8947368421052632,0.954248366013072
0.9411764705882353,0.9805068226120857,0.9906202414014955,1.0,0.8157894736842105,0.9585798816568047
0.9609375,0.9911564625850341,0.9972431506735595,1.0,0.8333333333333334,0.9751243781094527
0.9493670886075949,0.9913194444444444,0.9977920001230041,0.9841269841269841,0.8125,0.96875
0.9576271186440678,0.9898255813953488,0.9959177867673139,0.9883720930232558,0.875,0.9714285714285714
0.959731543624161,0.9841915085817524,0.9933374404488091,0.9907407407407407,0.8780487804878049,0.9727272727272728
0.9539473684210527,0.996534257531325,0.9991099398060368,0.9586776859504132,0.9354838709677419,0.9707112970711297
0.9398496240601504,0.9640672782874617,0.9912982073876,0.9908256880733946,0.7083333333333334,0.9642857142857143
0.9495798319327731,0.9868085106382979,0.9964361113988827,0.9680851063829787,0.88,0.9680851063829787
0.946969696969697,0.9728009259259259,0.9890783394583497,1.0,0.8055555555555556,0.964824120603015
0.9701492537313433,0.9988455988455988,0.9995999599959996,0.9797979797979798,0.9428571428571428,0.9797979797979798
0.9375,0.9760714285714286,0.9928802708070192,0.98,0.7857142857142857,0.9607843137254902
0.9136690647482014,0.9762675296655879,0.9914286953834408,0.9902912621359223,0.6944444444444444,0.9444444444444444
0.9230769230769231,0.9755620723362659,0.991686598115602,0.98989898989899,0.7096774193548387,0.9514563106796117
0.9452054794520548,0.9900777688388308,0.9970036460589291,0.9557522123893806,0.9090909090909091,0.9642857142857143
0.9322033898305084,0.9740410693529639,0.9905634580340481,0.9775280898876404,0.7931034482758621,0.9560439560439561
0.9236111111111112,0.9760044642857143,0.9923217655611487,0.9910714285714286,0.6875,0.9527896995708155
0.927007299270073,0.9917833231892879,0.9975970478567411,0.9339622641509434,0.9032258064516129,0.9519230769230769
0.9622641509433962,0.995092693565976,0.9988943968537592,0.9618320610687023,0.9642857142857143,0.9767441860465116
0.9714285714285714,0.9846643518518519,0.9950322757298753,0.9907407407407407,0.90625,0.981651376146789
0.8923076923076924,0.9785196687370601,0.9880909374402616,0.9642857142857143,0.7608695652173914,0.9204545454545454
0.9224806201550387,0.9709513435003632,0.9908548126177303,0.9411764705882353,0.8518518518518519,0.9504950495049505
0.9345238095238095,0.96484375,0.9905409531925459,0.9632352941176471,0.8125,0.9597069597069597
0.9262295081967213,0.963751987281399,0.9829942155527287,0.9882352941176471,0.7837837837837838,0.9491525423728814
0.9137931034482759,0.9829222011385199,0.9938337587176698,0.9764705882352941,0.7419354838709677,0.9431818181818182
0.9253731343283582,0.9816981698169817,0.9938047481101897,0.9702970297029703,0.7878787878787878,0.9514563106796117
0.920863309352518,0.9607843137254901,0.9847945865913589,0.9803921568627451,0.7567567567567568,0.9478672985781991
0.9578313253012049,0.9796387520525451,0.9966995172707245,0.9793103448275862,0.8095238095238095,0.9759450171821306
0.9477124183006536,0.9751428571428572,0.993755778348966,0.976,0.8214285714285714,0.9682539682539683
0.9375,0.9873971193415637,0.9955203846295332,0.9537037037037037,0.8888888888888888,0.958139534883721
0.9107142857142857,0.9792865362485617,0.9911384576072076,1.0,0.696969696969697,0.9404761904761905
0.9540229885057471,0.9840665873959572,0.996657959860726,0.9793103448275862,0.8275862068965517,0.9726027397260274
0.9375,0.9708939708939709,0.9866849854513384,0.989010989010989,0.8108108108108109,0.9574468085106383
0.9512195121951219,0.9947368421052631,0.9976596879737907,0.9882352941176471,0.868421052631579,0.9655172413793104
0.946969696969697,0.977655341291705,0.9914413978879455,0.98989898989899,0.8181818181818182,0.9655172413793104
0.944,0.9868913857677902,0.9941891652280367,0.9775280898876404,0.8611111111111112,0.9613259668508287
0.9644970414201184,0.985207100591716,0.9952350028060644,0.9923076923076923,0.8717948717948718,0.9772727272727273
0.948905109489051,0.9885699096225412,0.994928133501383,0.9494949494949495,0.9473684210526315,0.9641025641025641
0.9689922480620154,0.9964639321074964,0.9989845922601788,0.9702970297029703,0.9642857142857143,0.98
0.9203539823008849,0.9954844006568145,0.9985362182239754,0.9880952380952381,0.7241379310344828,0.9485714285714286
0.9929078014184397,0.9990253411306043,0.9997691478989421,1.0,0.9629629629629629,0.9956331877729258
0.9632352941176471,0.9920634920634921,0.9978935257324164,0.9907407407407407,0.8571428571428571,0.9771689497716894
0.9230769230769231,0.9819607843137256,0.9900790376701994,0.9647058823529412,0.8444444444444444,0.9425287356321839
0.92,0.9826127819548872,0.9939167346225892,0.9910714285714286,0.7105263157894737,0.9487179487179487
0.9726027397260274,0.9919504643962848,0.9952900754054098,1.0,0.9215686274509803,0.979381443298969
0.9533333333333334,0.9753320683111955,0.9928510541036331,0.9831932773109243,0.8387096774193549,0.970954356846473
0.986013986013986,0.9990421455938697,0.9997770400829646,1.0,0.9259259259259259,0.9914529914529915
0.944,0.9767090139140956,0.9890329224371184,0.9770114942528736,0.868421052631579,0.96045197740113
0.9652777777777778,0.9938423645320197,0.9984968966565873,0.9913793103448276,0.8571428571428571,0.9787234042553191
0.9662162162162162,0.9837728194726166,0.9959703102251285,0.9915966386554622,0.8620689655172413,0.979253112033195
0.9911504424778761,0.9984567901234568,0.9993882904722154,1.0,0.96875,0.9938650306748467
0.937984496124031,0.9813762626262627,0.9931834425298758,0.9791666666666666,0.8181818181818182,0.9591836734693877
0.9672131147540983,0.9891045284303711,0.995447204244571,0.9775280898876404,0.9393939393939394,0.9775280898876404
0.9733333333333334,0.998759305210918,0.9997439836149513,0.9838709677419355,0.9230769230769231,0.9838709677419355
0.958904109589041,0.996832358674464,0.998874079025719,0.9629629629629629,0.9473684210526315,0.9719626168224299
0.9444444444444444,0.9805337519623235,0.991736235183045,0.967032967032967,0.8857142857142857,0.9617486338797814
0.9763779527559056,0.9981024667931688,0.9993047512900737,0.989247311827957,0.9411764705882353,0.983957219251337
0.9203539823008849,0.9830623306233063,0.9899419334132542,0.9861111111111112,0.8048780487804879,0.9403973509933775
0.9426229508196722,0.968659793814433,0.991287538378731,1.0,0.72,0.9651741293532339
0.8968253968253969,0.9783359497645212,0.991523801066916,0.967032967032967,0.7142857142857143,0.9312169312169312
0.9568345323741008,0.9886850152905199,0.9966041489158246,0.981651376146789,0.8666666666666667,0.9727272727272728
0.9791666666666666,0.9942906080502426,0.998414813101002,0.9911504424778761,0.9354838709677419,0.986784140969163
0.9523809523809523,0.9796567069294342,0.9952489131031996,0.9752066115702479,0.8461538461538461,0.9711934156378601
0.9485294117647058,0.9768518518518519,0.9932822435724683,1.0,0.75,0.968609865470852
0.9852941176470589,0.9983619983619985,0.9993792496867809,0.98989898989899,0.972972972972973,0.98989898989899
0.9731543624161074,0.9992625368731564,0.9997711321330487,0.9911504424778761,0.9166666666666666,0.9824561403508771
0.9622641509433962,0.9859243697478992,0.9947926563190883,0.9915966386554622,0.875,0.9752066115702479
0.9496402877697842,0.9828042328042328,0.9951878423313251,0.9642857142857143,0.8888888888888888,0.968609865470852
0.9586206896551724,0.9866666666666667,0.9963830193835737,0.9826086956521739,0.8666666666666667,0.9741379310344828
0.9463087248322147,0.9728453364817001,0.992725745840503,0.9917355371900827,0.75,0.967741935483871
0.9551282051282052,0.9873548387096774,0.9968148704680317,1.0,0.7741935483870968,0.9727626459143969
0.9666666666666667,0.9891666666666666,0.9972038282465736,0.9916666666666667,0.8666666666666667,0.9794238683127572
0.935251798561151,0.9770784770784771,0.9952376795890766,0.9572649572649573,0.8181818181818182,0.9613733905579399
0.9705882352941176,0.995306324110672,0.9977179325566167,0.9891304347826086,0.9318181818181818,0.978494623655914
0.9533333333333334,0.97888,0.9954256982018996,0.976,0.84,0.9721115537848606
0.9370629370629371,0.983974358974359,0.9936352522137133,0.9807692307692307,0.8205128205128205,0.9577464788732394
0.888,0.9744069912609239,0.9894543480471152,0.9662921348314607,0.6944444444444444,0.9247311827956989
0.9481481481481482,0.9967469095640858,0.9991500934897161,0.9811320754716981,0.8275862068965517,0.9674418604651163
0.9552238805970149,0.9875843454790822,0.9945951774604125,0.968421052631579,0.9230769230769231,0.968421052631579
0.9516129032258065,0.9822695035460993,0.9936733232582915,0.9893617021276596,0.8333333333333334,0.96875
0.9390243902439024,0.9637721755368814,0.984639231727304,0.9831932773109243,0.8222222222222222,0.9590163934426229
0.9562043795620438,0.9835194045720361,0.9933274345289229,0.98989898989899,0.868421052631579,0.9702970297029703
0.8943089430894309,0.9688311688311688,0.9868988575854698,0.9545454545454546,0.7428571428571429,0.9281767955801105
0.9629629629629629,0.9834920634920635,0.9947820421659893,0.9904761904761905,0.8666666666666667,0.9765258215962441
0.9618320610687023,0.9952380952380953,0.9988209670390346,0.9809523809523809,0.8846153846153846,0.976303317535545
0.9389312977099237,0.9876373626373626,0.9943203234916519,0.978021978021978,0.85,0.956989247311828
0.9785714285714285,0.9779166666666667,0.9958777654308363,1.0,0.85,0.9876543209876543
0.9763779527559056,0.9992592592592592,0.9998039215686276,0.99,0.9259259259259259,0.9850746268656716
0.9534883720930233,0.9876773711725169,0.9968921745161533,0.9902912621359223,0.8076923076923077,0.9714285714285714
0.9292035398230089,0.9914383561643836,0.9954557771739814,0.9863013698630136,0.825,0.9473684210526315
0.9552238805970149,0.9959839357429718,0.9975516713424893,0.9879518072289156,0.9019607843137255,0.9647058823529412
0.9263803680981595,0.96996996996997,0.990126080024513,0.9761904761904762,0.7567567567567568,0.9534883720930233
0.9538461538461539,0.978756638550453,0.9918422114594907,0.979381443298969,0.8787878787878788,0.9693877551020408
0.9473684210526315,0.9936748893105629,0.9980931662721553,0.9901960784313726,0.8064516129032258,0.9665071770334929
0.984375,0.9984903381642513,0.9994052821649018,0.9891304347826086,0.9722222222222222,0.9891304347826086
0.9083333333333333,0.965925925925926,0.9875063313541487,0.9777777777777777,0.7,0.9411764705882353
0.9444444444444444,0.9923038728897716,0.9972621884437838,0.9811320754716981,0.8421052631578947,0.9629629629629629
0.9647058823529412,0.9839153439153439,0.9954787510860439,1.0,0.8285714285714286,0.9782608695652174
0.8823529411764706,0.9684860298895387,0.9848696785956876,0.9753086419753086,0.6842105263157895,0.9186046511627907
0.9574468085106383,0.9906988436400201,0.9960803368316898,0.9803921568627451,0.8974358974358975,0.970873786407767
0.967741935483871,0.9895478852698104,0.997010114340015,0.9917355371900827,0.8823529411764706,0.9795918367346939
0.9310344827586207,0.9901298701298702,0.9968241636901268,0.9454545454545454,0.8857142857142857,0.9541284403669725
0.9300699300699301,0.9729813664596274,0.9928493037415496,0.9826086956521739,0.7142857142857143,0.9576271186440678
0.9333333333333333,0.9828125,0.9912008257039049,1.0,0.8,0.9523809523809523
0.9793103448275862,1.0,1.0,0.97,1.0,0.9847715736040609
0.9294871794871795,0.9592723323377681,0.9901181459513203,0.984251968503937,0.6896551724137931,0.9578544061302682
0.9671052631578947,0.9908482142857143,0.9964592385773423,0.9910714285714286,0.9,0.9779735682819384
0.9526627218934911,0.9903474903474904,0.9985565107370155,0.9594594594594594,0.9047619047619048,0.9726027397260274
0.9477611940298507,0.9890350877192982,0.9980507090281231,0.9649122807017544,0.85,0.9691629955947136
0.925,0.9853467925757082,0.9931706385012673,0.9759036144578314,0.8108108108108109,0.9473684210526315
0.9245283018867925,0.9684944684944685,0.9912037725401208,0.9761904761904762,0.7272727272727273,0.9534883720930233
0.9411764705882353,0.9811379097093383,0.9895252015099787,1.0,0.8333333333333334,0.9565217391304348
0.9568345323741008,0.9871355060034306,0.9955216453047095,0.9905660377358491,0.8484848484848485,0.9722222222222222
0.923728813559322,0.9775102945834653,0.9878662723806577,0.987012987012987,0.8048780487804879,0.9440993788819876
0.9785714285714285,0.9992567818654775,0.9998563527975292,1.0,0.8695652173913043,0.9873417721518988
0.9461538461538461,0.9817530140110785,0.9939275374137333,0.9797979797979798,0.8387096774193549,0.9651741293532339
0.9508196721311475,0.9810309278350516,0.9946822872161701,0.9896907216494846,0.8,0.9696969696969697
0.9675324675324676,0.9866247049567269,0.9964086102487298,1.0,0.8387096774193549,0.9800796812749004
0.9112903225806451,0.9831701346389229,0.9926668770826943,0.9534883720930233,0.8157894736842105,0.9371428571428572
0.949685534591195,0.9831149193548386,0.9954695880088801,0.984375,0.8064516129032258,0.9692307692307692
0.9291338582677166,0.9940993788819876,0.9978592381141126,0.9891304347826086,0.7714285714285715,0.9528795811518325
0.9318181818181818,0.9774909963985594,0.9913764142749762,0.9693877551020408,0.8235294117647058,0.9547738693467337
0.9416666666666667,0.978021978021978,0.9926251400999356,1.0,0.7586206896551724,0.9629629629629629
0.9426751592356688,0.9870875179340028,0.9963250942262939,0.983739837398374,0.7941176470588235,0.9641434262948207
0.957983193277311,0.9878205128205129,0.993734652252315,0.9875,0.8974358974358975,0.9693251533742331
0.9375,0.9801897321428572,0.9939623831087202,0.9642857142857143,0.84375,0.96
0.9251700680272109,0.9726890756302521,0.9933914333944379,0.9747899159663865,0.7142857142857143,0.9547325102880658
0.9612903225806452,0.9836016696481813,0.9964221209124624,0.9922480620155039,0.8076923076923077,0.9770992366412213
0.9671052631578947,0.9936683814800158,0.9990900160461054,0.9774436090225563,0.8947368421052632,0.9811320754716981
0.9420289855072463,0.9891818796484111,0.992961091853327,0.9655172413793104,0.9019607843137255,0.9545454545454546
0.9379310344827586,0.9758953168044078,0.9949910235215222,0.9752066115702479,0.75,0.963265306122449
0.95,0.9890491452991452,0.9957243383474389,0.9807692307692307,0.8611111111111112,0.966824644549763
0.9444444444444444,0.9893469198703103,0.9985319733653575,0.952755905511811,0.8823529411764706,0.968
0.9403973509933775,0.9696538643907066,0.9894247514410639,0.9824561403508771,0.8108108108108109,0.9613733905579399
0.9591836734693877,0.9929724102030193,0.9978738904621854,1.0,0.8235294117647058,0.9741379310344828
0.9172413793103448,0.9543834640057021,0.9908323028738969,0.9672131147540983,0.6521739130434783,0.9516129032258065
0.9790209790209791,0.9962732919254659,0.9990642476153951,0.9826086956521739,0.9642857142857143,0.9868995633187773
0.9298245614035088,0.9804817275747508,0.9933978233919225,0.9883720930232558,0.75,0.9550561797752809
0.9516129032258065,0.9898692810457516,0.9959047585605756,1.0,0.8235294117647058,0.967741935483871
0.9512195121951219,0.9900928792569659,0.9953370575633324,0.9764705882352941,0.8947368421052632,0.9651162790697675
0.952054794520548,0.9952020202020202,0.9984361456516186,0.9727272727272728,0.8888888888888888,0.9683257918552036
0.9689922480620154,0.9949494949494949,0.9982517452545533,1.0,0.8787878787878788,0.9795918367346939
0.9395973154362416,0.9732142857142857,0.9951204137896676,0.9609375,0.8095238095238095,0.9647058823529412
0.9672131147540983,0.9985507246376811,0.9995374653098985,0.9782608695652174,0.9333333333333333,0.9782608695652174
0.9316239316239316,0.9860294117647059,0.9943675007753771,0.9882352941176471,0.78125,0.9545454545454546
0.9694656488549618,0.9877419354838709,0.995703077105689,0.98,0.9354838709677419,0.98
0.9626865671641791,0.9978553921568627,0.9993427073799815,0.9803921568627451,0.90625,0.975609756097561
0.9747899159663865,0.9990281827016521,0.9997928051863911,0.9795918367346939,0.9523809523809523,0.9846153846153847
0.9696969696969697,0.994375,0.998143718560333,0.99,0.90625,0.9801980198019802
0.9398496240601504,0.9934533551554828,0.9973124057242255,0.9680851063829787,0.8717948717948718,0.9578947368421052
0.9491525423728814,0.9968487394957983,0.998757386392942,0.9880952380952381,0.8529411764705882,0.9651162790697675
0.9493670886075949,0.9879032258064516,0.9966201632102322,0.9838709677419355,0.8235294117647058,0.9682539682539683
0.961038961038961,0.9918367346938775,0.9975334298807987,0.9747899159663865,0.9142857142857143,0.9747899159663865
0.9655172413793104,0.9984438219732338,0.9997866621396032,0.9673202614379085,0.9523809523809523,0.9801324503311258
0.9801324503311258,0.9995421245421245,0.9998412667057974,0.9821428571428571,0.9743589743589743,0.9865470852017937
0.9854014598540146,0.9995726495726497,0.999927567724178,0.9914529914529915,0.95,0.9914529914529915
0.9370629370629371,0.9819197896120972,0.9956135357289904,0.9743589743589743,0.7692307692307693,0.9620253164556962
0.9808917197452229,0.9936323366555926,0.9985704037343703,0.9922480620155039,0.9285714285714286,0.9884169884169884
0.9722222222222222,0.9895729890764647,0.9961445330081881,0.9905660377358491,0.9210526315789473,0.9813084112149533
0.9328358208955224,0.9793297839022863,0.9933235490531448,0.970873786407767,0.8064516129032258,0.9569377990430622
0.986013986013986,1.0,1.0,0.983739837398374,1.0,0.9918032786885246
0.9512195121951219,0.9883720930232558,0.9947727339275168,0.9883720930232558,0.8648648648648649,0.9659090909090909
0.9461077844311377,0.9912641315519013,0.9982302400561435,0.9640287769784173,0.8571428571428571,0.9675090252707581
0.9393939393939394,0.9867659222497932,0.9944366714275874,0.978494623655914,0.8461538461538461,0.9578947368421052
0.9657534246575342,0.9781746031746031,0.9963277423760996,1.0,0.75,0.980544747081712
0.9318181818181818,0.993172119487909,0.9974424489225729,0.9894736842105263,0.7837837837837838,0.9543147208121827
0.9784172661870504,0.9956521739130435,0.9990902178776057,1.0,0.875,0.9871244635193133
0.9517241379310345,0.9686956521739131,0.9907092170259313,0.9826086956521739,0.8333333333333334,0.9699570815450643
0.9007633587786259,0.9722527472527472,0.9874120687717308,0.978021978021978,0.725,0.9319371727748691
0.9253731343283582,0.9570642201834862,0.9893545472080911,0.9908256880733946,0.64,0.9557522123893806
0.9473684210526315,0.9878941441441441,0.9947343773299648,0.9791666666666666,0.8648648648648649,0.9641025641025641
0.9591836734693877,0.9835928809788654,0.9951532005078795,1.0,0.8064516129032258,0.9747899159663865
0.9347826086956522,0.9733115468409586,0.9902113227628588,0.9803921568627451,0.8055555555555556,0.9569377990430622
0.9178082191780822,0.9453630481667865,0.9773644969685562,0.9719626168224299,0.7692307692307693,0.9454545454545454
0.9310344827586207,0.9523052464228935,0.9844207204997864,0.9819819819819819,0.7647058823529411,0.956140350877193
0.9869281045751634,0.996530187369882,0.9994043243097275,0.9923664122137404,0.9545454545454546,0.9923664122137404
0.9349593495934959,0.9878048780487806,0.9936200737602019,0.975609756097561,0.8536585365853658,0.9523809523809523
0.9212598425196851,0.9585185185185185,0.9874917481337784,0.97,0.7407407407407407,0.9509803921568627
0.9506172839506173,0.9772290809327846,0.9948789964073473,0.9777777777777777,0.8148148148148148,0.9705882352941176
0.9387755102040817,0.9814814814814815,0.9908646673953592,0.9705882352941176,0.8666666666666667,0.9565217391304348
0.9784172661870504,0.9986385296119809,0.9996860049549849,0.9823008849557522,0.9615384615384616,0.9866666666666667
0.9333333333333333,0.9757281553398058,0.9916606942643256,0.970873786407767,0.8125,0.9569377990430622
0.9565217391304348,0.9967159277504105,0.9989692893973512,0.9885057471264368,0.8571428571428571,0.9717514124293786
0.9454545454545454,0.9872147915027538,0.9955491348780283,0.967741935483871,0.8780487804878049,0.963855421686747
0.9242424242424242,0.9506535947712418,0.9839449238491182,0.9901960784313726,0.7,0.9528301886792453
0.9457364341085271,0.9850657108721624,0.9941064143548463,0.989247311827957,0.8333333333333334,0.9633507853403142
0.9424460431654677,0.9756302521008403,0.9917995169860364,1.0,0.7647058823529411,0.963302752293578
0.9712230215827338,0.9974921630094044,0.9993371329680596,0.9818181818181818,0.9310344827586207,0.9818181818181818
0.9112903225806451,0.976457077232271,0.9867349095024212,0.9753086419753086,0.7906976744186046,0.9349112426035503
0.9622641509433962,0.9968992248062015,0.9992933478459083,0.9844961240310077,0.8666666666666667,0.9769230769230769
0.959349593495935,0.9846743295019158,0.9928930745831648,1.0,0.8611111111111112,0.9720670391061452
0.9455782312925171,0.9903428295509416,0.9966081375231527,0.9724770642201835,0.868421052631579,0.9636363636363636
0.946969696969697,0.9835069444444445,0.9934728442716141,0.9895833333333334,0.8333333333333334,0.9644670050761421
0.9461538461538461,0.9805825242718447,0.9945783912557831,0.970873786407767,0.8518518518518519,0.966183574879227
0.9554140127388535,0.9763779527559056,0.9937316316645871,0.9763779527559056,0.8666666666666667,0.9725490196078431
0.95625,0.9943996415770611,0.9983442924372087,0.967741935483871,0.9166666666666666,0.97165991902834
0.9779411764705882,0.9981566820276497,0.9994495582461335,0.9809523809523809,0.967741935483871,0.9856459330143541
0.9868421052631579,0.9991359447004609,0.9998048822787915,1.0,0.9285714285714286,0.992
0.924812030075188,0.9788108791903858,0.993466890332241,0.9803921568627451,0.7419354838709677,0.9523809523809523
0.9304347826086956,0.9793028322440087,0.9911001583447407,1.0,0.7647058823529411,0.9529411764705882
0.958904109589041,0.9985380116959064,0.9994814236581158,0.9537037037037037,0.9736842105263158,0.9716981132075472
0.972972972972973,0.9876265466816647,0.997734016297525,0.984251968503937,0.9047619047619048,0.984251968503937
0.9304347826086956,0.9860714285714285,0.9936867687500872,0.975,0.8285714285714286,0.9512195121951219
0.9708029197080292,0.9953379953379953,0.9985070057660813,0.9903846153846154,0.9090909090909091,0.9809523809523809
0.9461538461538461,0.992444056960186,0.9969816640754626,0.978494623655914,0.8648648648648649,0.9629629629629629
0.9571428571428572,0.9758652094717668,0.9959156250684572,0.9754098360655737,0.8333333333333334,0.9754098360655737
0.9453125,0.9908163265306122,0.9971759818289397,0.9897959183673469,0.8,0.9651741293532339
0.9715909090909091,0.9982949701619779,0.9997459003151603,0.9803921568627451,0.9130434782608695,0.9836065573770492
0.952755905511811,0.9975579975579976,0.9990696873115685,0.978021978021978,0.8888888888888888,0.967391304347826
0.958041958041958,0.9746877054569363,0.9937424606551114,0.9914529914529915,0.8076923076923077,0.9747899159663865
0.95,0.9779099405267629,0.9925314697606608,0.9813084112149533,0.8484848484848485,0.967741935483871
0.9545454545454546,0.9738751814223513,0.9930698335326913,0.9811320754716981,0.8461538461538461,0.9719626168224299
0.9645390070921985,0.9901795735129069,0.9967240276678019,1.0,0.8484848484848485,0.9773755656108597
0.952755905511811,0.9887931034482759,0.9940457697609092,0.9770114942528736,0.9,0.9659090909090909
0.9411764705882353,0.9967948717948718,0.99852549733819,0.9875,0.8461538461538461,0.9575757575757575
0.9401197604790419,0.9771309771309771,0.9928865365615008,1.0,0.7297297297297297,0.9629629629629629
0.9379310344827586,0.9850230414746544,0.9974493713848278,0.967741935483871,0.7619047619047619,0.963855421686747
0.9533333333333334,0.9846110002849815,0.9960044348932435,0.9752066115702479,0.8620689655172413,0.9711934156378601
0.9493670886075949,0.9761072261072261,0.9946804744932135,0.9696969696969697,0.8461538461538461,0.9696969696969697
0.9565217391304348,0.9853510226644555,0.9967182681772926,0.9701492537313433,0.8888888888888888,0.9737827715355806
0.9523809523809523,0.9925100825811407,0.9975302428980741,0.9606299212598425,0.926829268292683,0.9682539682539683
0.9097222222222222,0.953475935828877,0.9844146722542838,0.9818181818181818,0.6764705882352942,0.9432314410480349
0.9496402877697842,0.9802521008403361,0.9965231756199839,0.9831932773109243,0.75,0.970954356846473
0.927007299270073,0.9811320754716981,0.9939576530148412,0.9622641509433962,0.8064516129032258,0.9532710280373832
0.9307692307692308,0.9728132387706856,0.9888312457687587,0.9680851063829787,0.8333333333333334,0.9528795811518325
0.9393939393939394,0.9851421188630491,0.9956243302738037,0.9689922480620154,0.8333333333333334,0.9615384615384616
0.9292035398230089,0.9804409672830726,0.9899929898783801,0.9868421052631579,0.8108108108108109,0.9493670886075949
0.9452054794520548,0.9959016393442622,0.9992067689053412,0.9508196721311475,0.9166666666666666,0.9666666666666667
0.9448275862068966,0.9723791588198367,0.9931165417332217,0.9745762711864406,0.8148148148148148,0.9663865546218487
0.9555555555555556,0.9833164812942367,0.9911798026987495,0.9891304347826086,0.8837209302325582,0.9680851063829787
0.9642857142857143,0.9933993399339933,0.9972323324809316,0.9702970297029703,0.9487179487179487,0.9751243781094527
0.953125,0.9913535084802128,0.9971848148634421,0.979381443298969,0.8709677419354839,0.9693877551020408
0.9328859060402684,0.9780505952380952,0.9961509828260797,0.96875,0.7142857142857143,0.9612403100775194
0.9585798816568047,0.9817543859649123,0.9975875593089423,0.9733333333333334,0.8421052631578947,0.9765886287625418
0.965034965034965,0.9869565217391304,0.9965054492427379,0.991304347826087,0.8571428571428571,0.9785407725321889
0.9396551724137931,0.9757085020242915,0.9867057150564669,0.9871794871794872,0.8421052631578947,0.9565217391304348
0.9831460674157303,0.9981699346405228,0.9996975408269354,0.9869281045751634,0.96,0.9901639344262295
0.9424460431654677,0.9746177370030581,0.9923172470306605,0.9724770642201835,0.8333333333333334,0.9636363636363636
0.9573170731707317,0.9800995024875622,0.9951746153800116,0.9776119402985075,0.8666666666666667,0.9739776951672863
0.9452054794520548,0.9846311475409837,0.9967568734106131,0.9754098360655737,0.7916666666666666,0.967479674796748
0.9642857142857143,0.9954687057490795,0.9986197599889667,0.9906542056074766,0.8787878787878788,0.9769585253456221
0.9683544303797469,0.9937458119276301,0.9980803297655872,0.9917355371900827,0.8918918918918919,0.9795918367346939
0.959731543624161,0.9790057915057916,0.9924705390589266,0.9821428571428571,0.8918918918918919,0.9734513274336283
0.9635036496350365,0.9924137931034482,0.9956522288606819,0.9885057471264368,0.92,0.9717514124293786
0.9361702127659575,0.9905389908256881,0.9972948528106186,0.9724770642201835,0.8125,0.9592760180995475
0.96875,0.9883658008658008,0.9973466548081182,1.0,0.8214285714285714,0.9814126394052045
0.90625,0.9720541630653989,0.9876257293327375,0.9550561797752809,0.7948717948717948,0.9340659340659341
0.9448275862068966,0.9862119013062409,0.994746074828586,0.9716981132075472,0.8717948717948718,0.9626168224299065
0.9933774834437086,0.9970430107526881,0.9992147476088863,1.0,0.967741935483871,0.995850622406639
0.9440559440559441,0.9872701555869873,0.9946508790472878,1.0,0.8095238095238095,0.9619047619047619
0.9507042253521126,0.9937290033594625,0.9968696016887066,0.968421052631579,0.9148936170212766,0.9633507853403142
0.9527027027027027,0.9765853658536585,0.9949541369838664,0.991869918699187,0.76,0.9721115537848606
0.9259259259259259,0.9792719919110211,0.9892715758748603,0.9565217391304348,0.8604651162790697,0.946236559139785
0.9465648854961832,0.975,0.9899392043119825,1.0,0.8,0.964824120603015
0.9411764705882353,0.9862465616404101,0.9930972241932775,0.978494623655914,0.8604651162790697,0.9578947368421052
0.9536423841059603,0.9817073170731708,0.9953805113333352,0.975609756097561,0.8571428571428571,0.97165991902834
0.9347826086956522,0.9844795290339845,0.9942302161589237,0.9801980198019802,0.8108108108108109,0.9565217391304348
0.971830985915493,0.9972199054767863,0.9991483520118665,0.981651376146789,0.9393939393939394,0.981651376146789
0.9305555555555556,0.9696897939853185,0.9864944972775154,0.9902912621359223,0.7804878048780488,0.9532710280373832
0.9214285714285714,0.9535365492749334,0.9860279242033292,0.9908256880733946,0.6774193548387096,0.9515418502202643
0.9496402877697842,0.9958311620635748,0.9984631649978186,0.9702970297029703,0.8947368421052632,0.9655172413793104
0.9626865671641791,0.98955525606469,0.9970983488177124,0.9811320754716981,0.8928571428571429,0.9765258215962441
0.9459459459459459,0.9804878048780488,0.9959382910356814,0.967479674796748,0.84,0.967479674796748
0.9328358208955224,0.9875336927223719,0.9966101032997946,0.9528301886792453,0.8571428571428571,0.957345971563981
0.9666666666666667,0.9820099255583127,0.9958152006979577,0.9838709677419355,0.8846153846153846,0.9799196787148594
0.9481481481481482,0.9782282282282283,0.9947727825852549,0.972972972972973,0.8333333333333334,0.968609865470852
0.9473684210526315,0.9865403788634098,0.9959565638547245,0.9830508474576272,0.8235294117647058,0.9666666666666667
0.9770992366412213,1.0,1.0,0.970873786407767,1.0,0.9852216748768473
0.9710982658959537,0.9886956521739131,0.9981042701173309,0.98,0.9130434782608695,0.9832775919732442
0.9349593495934959,0.9784883720930233,0.9875635007610504,1.0,0.813953488372093,0.9523809523809523
0.9487179487179487,0.9669824863623313,0.9921141532200303,0.9767441860465116,0.8148148148148148,0.9692307692307692
0.9389312977099237,0.9788488210818308,0.9938924168113772,0.9805825242718447,0.7857142857142857,0.9619047619047619
0.9465648854961832,0.990934065934066,0.9958543383349587,0.989010989010989,0.85,0.9625668449197861
0.9214285714285714,0.9703401360544217,0.9895803915731323,0.9809523809523809,0.7428571428571429,0.9493087557603687
0.9426229508196722,0.9921182266009853,0.9969121138082819,0.9885057471264368,0.8285714285714286,0.9608938547486033
0.9492753623188406,0.9858024691358025,0.9958150594248362,0.9814814814814815,0.8333333333333334,0.9680365296803652
0.9066666666666666,0.976388888888889,0.993838510078445,0.95,0.7333333333333333,0.9421487603305785
0.9669421487603306,0.9990619136960601,0.9995555845786036,0.9634146341463414,0.9743589743589743,0.9753086419753086
0.9518072289156626,0.9764492753623188,0.9947098775955994,0.9927536231884058,0.75,0.9716312056737588
0.9640287769784173,0.9941706412294647,0.9978884021336751,0.9901960784313726,0.8918918918918919,0.9758454106280193
0.9512195121951219,0.9903225806451613,0.9967082725366655,0.989247311827957,0.8333333333333334,0.968421052631579
0.9424460431654677,0.9906498363721365,0.9952606748742236,0.978494623655914,0.8695652173913043,0.9578947368421052
0.9583333333333334,0.9900584795321637,0.9972415208837957,0.9649122807017544,0.9333333333333333,0.9734513274336283
0.9349593495934959,0.9766058683584457,0.9931562641622617,0.9690721649484536,0.8076923076923077,0.9591836734693877
0.9813664596273292,0.9965260545905706,0.9991706245385799,1.0,0.9032258064516129,0.9885931558935361
0.9236111111111112,0.9645935960591133,0.9903237258963649,0.9655172413793104,0.75,0.9531914893617022
0.9527027027027027,0.972945638432364,0.9910125869196879,1.0,0.8,0.9699570815450643
0.9354838709677419,0.987513007284079,0.996829227953848,0.9516129032258065,0.8709677419354839,0.959349593495935
0.9455782312925171,0.978688524590164,0.9952163202545444,0.9836065573770492,0.76,0.967741935483871
0.9574468085106383,0.9740834386852087,0.9930834178420441,0.9911504424778761,0.8214285714285714,0.9739130434782609
0.9530201342281879,0.9827586206896551,0.9940595856855083,0.9827586206896551,0.8484848484848485,0.9702127659574468
0.9366197183098591,0.9835263835263834,0.9937713086739111,0.9809523809523809,0.8108108108108109,0.958139534883721
0.9366197183098591,0.9905660377358491,0.996832204026759,0.9716981132075472,0.8333333333333334,0.958139534883721
0.9689922480620154,0.9986206896551724,0.999607843137255,0.98,0.9310344827586207,0.98
0.951048951048951,0.9875661375661375,0.9957962678837762,0.9907407407407407,0.8285714285714286,0.9683257918552036
0.967741935483871,0.9815546772068511,0.9963219841238403,0.9848484848484849,0.8695652173913043,0.9811320754716981
0.9015151515151515,0.972107438016529,0.9846910156926255,0.9659090909090909,0.7727272727272727,0.9289617486338798
0.9206349206349206,0.9843350383631714,0.994030123087264,0.9456521739130435,0.8529411764705882,0.9456521739130435
0.9664804469273743,0.9783908045977012,0.9954326964792491,0.9933333333333333,0.8275862068965517,0.9802631578947368
0.9558011049723757,0.9871794871794872,0.99782826647912,0.9743589743589743,0.84,0.9743589743589743
0.9444444444444444,0.9638447971781305,0.9941207034037726,0.9603174603174603,0.8333333333333334,0.968
0.954248366013072,0.9843434343434343,0.9952012977762082,0.975,0.8787878787878788,0.970954356846473
0.9389312977099237,0.9783870967741936,0.9927408244133169,0.97,0.8387096774193549,0.9603960396039604
0.9694656488549618,0.993576741041244,0.9980668247374248,0.9803921568627451,0.9310344827586207,0.9803921568627451
0.9781021897810219,0.9993913572732807,0.9998236642567448,0.9811320754716981,0.967741935483871,0.985781990521327
0.9774436090225563,0.9943074003795066,0.9982164029033214,0.9901960784313726,0.9354838709677419,0.9853658536585366
0.9777777777777777,0.9899068322981366,0.9977361692946851,1.0,0.8695652173913043,0.986784140969163
0.9536423841059603,0.987603305785124,0.9965665299794877,0.9669421487603306,0.9,0.970954356846473
0.943089430894309,0.9949494949494949,0.998799762329174,0.9595959595959596,0.875,0.9644670050761421
0.9782608695652174,0.9976643309976643,0.9994287526058234,0.990990990990991,0.9259259259259259,0.9865470852017937
0.9534883720930233,0.9961340206185567,0.9987533212881285,0.9690721649484536,0.90625,0.9690721649484536
0.927007299270073,0.9791277258566978,0.9935976735141104,0.9439252336448598,0.8666666666666667,0.9528301886792453
0.9444444444444444,0.9881154499151104,0.995800037588483,0.9578947368421052,0.9032258064516129,0.9629629629629629
0.9166666666666666,0.983483870967742,0.9959564428461825,0.952,0.7741935483870968,0.9482071713147411
0.9540229885057471,0.9822222222222221,0.9969023242206726,0.98,0.7916666666666666,0.9735099337748344
0.9562043795620438,0.9966524650030432,0.9990348182965457,0.9716981132075472,0.9032258064516129,0.9716981132075472
0.9609375,0.9956767542401065,0.9985957051154608,0.9690721649484536,0.9354838709677419,0.9740932642487047
0.9006622516556292,0.9658119658119658,0.9895576361903283,0.9658119658119658,0.6764705882352942,0.9377593360995851
0.9571428571428572,0.9875168690958165,0.9971654561005193,0.9912280701754386,0.8076923076923077,0.9741379310344828
0.9574468085106383,0.9740834386852085,0.9929455989086259,1.0,0.7857142857142857,0.9741379310344828
0.95625,0.9783501306457634,0.9968887313613296,0.9858156028368794,0.7368421052631579,0.9754385964912281
0.958904109589041,0.9862068965517241,0.9958864729318053,0.9827586206896551,0.8666666666666667,0.9743589743589743
0.9668874172185431,0.9852307692307692,0.9965652077831704,0.984,0.8846153846153846,0.9800796812749004
0.9642857142857143,0.9833333333333334,0.9932262609055369,1.0,0.8666666666666667,0.9761904761904762
0.9246575342465754,0.9413461538461538,0.9862300243096987,0.9833333333333333,0.6538461538461539,0.9554655870445344
0.9565217391304348,0.9859203296703296,0.996353027387705,0.9732142857142857,0.8846153846153846,0.9732142857142857
0.9428571428571428,0.9741953385127636,0.9908099740784085,0.9811320754716981,0.8235294117647058,0.9629629629629629
0.9407894736842105,0.9682291666666666,0.9904480434990744,0.975,0.8125,0.9629629629629629
0.9574468085106383,0.9920986093552465,0.9980041259930297,0.9823008849557522,0.8571428571428571,0.9736842105263158
0.968944099378882,0.9935815147625161,0.9978962427489594,0.983739837398374,0.9210526315789473,0.979757085020243
0.967741935483871,0.9867269984917044,0.9931409506382136,0.9882352941176471,0.9230769230769231,0.9767441860465116
0.9295774647887324,0.9462864721485411,0.986709100220424,0.9913793103448276,0.6538461538461539,0.9583333333333334
0.9710144927536232,0.9852276153150438,0.994857804013077,0.9813084112149533,0.9354838709677419,0.9813084112149533
0.9426229508196722,0.9936507936507937,0.9962108908775256,1.0,0.8444444444444444,0.9565217391304348
0.9746835443037974,0.9856965174129354,0.9970917147458828,0.9925373134328358,0.875,0.9851851851851852
0.9577464788732394,0.9963068181818182,0.9989407894539013,0.9727272727272728,0.90625,0.9727272727272728
0.9791666666666666,0.9876543209876543,0.9952522381115905,0.9907407407407407,0.9444444444444444,0.9861751152073732
0.9696969696969697,0.9970517287590458,0.9986601038769993,0.978021978021978,0.9512195121951219,0.978021978021978
0.924812030075188,0.9771505376344086,0.9893179931151134,0.989247311827957,0.775,0.9484536082474226
0.9444444444444444,0.9790497568275346,0.9938518881109982,0.98989898989899,0.7777777777777778,0.9655172413793104
0.9136690647482014,0.9856269113149848,0.9961689913684093,0.9541284403669725,0.7666666666666667,0.9454545454545454
0.9420289855072463,0.96998556998557,0.9893152452805183,0.9809523809523809,0.8181818181818182,0.9626168224299065
0.9344262295081968,0.9863095238095239,0.9923679900835027,0.9875,0.8333333333333334,0.9518072289156626
0.9567901234567902,0.9955924293492351,0.9990392389983214,0.9699248120300752,0.896551724137931,0.9735849056603774
0.9230769230769231,0.975,0.988458488268254,0.9666666666666667,0.825,0.9456521739130435
0.9416058394160584,0.9907563025210084,0.9967659364750733,0.9705882352941176,0.8571428571428571,0.9611650485436893
0.9559748427672956,0.9789002557544757,0.9961158636055948,0.9852941176470589,0.782608695652174,0.9745454545454545
0.9527027027027027,0.9933913043478261,0.9987867954288359,0.976,0.8260869565217391,0.9721115537848606
0.95,0.9782529902138456,0.9914551100556888,0.9775280898876404,0.8709677419354839,0.9666666666666667
0.943089430894309,0.9906626506024097,0.9954974299912603,0.9759036144578314,0.875,0.9585798816568047
0.9122807017543859,0.9853921879961893,0.9896889782233141,0.9552238805970149,0.851063829787234,0.927536231884058
0.9463087248322147,0.9891598915989159,0.9957713242166213,0.9722222222222222,0.8780487804878049,0.963302752293578
0.9333333333333333,0.9713684210526315,0.9918787612024225,0.9789473684210527,0.76,0.9587628865979382
0.9370629370629371,0.9758015728977617,0.9933595126933692,0.9824561403508771,0.7586206896551724,0.9613733905579399
0.9370629370629371,0.9796460176991151,0.9941278859391292,0.9557522123893806,0.8666666666666667,0.96
0.9923076923076923,0.9966666666666666,0.9984443847266818,1.0,0.975,0.994475138121547
0.9178082191780822,0.9572368421052632,0.9875219301627471,0.9824561403508771,0.6875,0.9491525423728814
0.9477611940298507,0.9797058823529412,0.9926183828283703,1.0,0.7941176470588235,0.966183574879227
0.9705882352941176,0.9959119496855346,0.9987857695118153,0.9716981132075472,0.9666666666666667,0.9809523809523809
0.9565217391304348,0.9860544217687075,0.9977485929655207,0.9857142857142858,0.7619047619047619,0.9752650176678446
0.9322033898305084,0.9782196969696969,0.9948215061984066,0.9791666666666666,0.7272727272727273,0.9591836734693877
0.9829059829059829,0.9985569985569985,0.9994462901439647,1.0,0.9393939393939394,0.9882352941176471
0.918918918918919,0.9855633802816901,0.991474018026624,0.971830985915493,0.825,0.9387755102040817
0.9343065693430657,0.9732197200243456,0.9913859986978562,0.9905660377358491,0.7419354838709677,0.958904109589041
0.9683544303797469,0.993563044301401,0.9991096124265029,0.9856115107913669,0.8421052631578947,0.982078853046595
0.9570552147239264,0.9812146165723108,0.9956164531630471,1.0,0.7586206896551724,0.9745454545454545
0.9824561403508771,0.9994331065759637,0.9999077586541144,0.9863945578231292,0.9583333333333334,0.9897610921501706
0.9722222222222222,0.998907998907999,0.9996810970262298,0.9819819819819819,0.9393939393939394,0.9819819819819819
0.9492753623188406,0.9707602339181286,0.993201703819531,0.9824561403508771,0.7916666666666666,0.9696969696969697
0.9380530973451328,0.9965753424657534,0.99823236124606,1.0,0.825,0.954248366013072
0.9285714285714286,0.9755813953488373,0.9871010167131,0.9651162790697675,0.85,0.9485714285714286
0.9518072289156626,0.9726360595925814,0.994761687439985,0.965034965034965,0.8695652173913043,0.971830985915493
0.916030534351145,0.9783298097251586,0.989371124566639,0.9886363636363636,0.7674418604651163,0.9405405405405406
0.9210526315789473,0.9735166793990324,0.9919822498162455,0.957983193277311,0.7878787878787878,0.95
0.9523809523809523,0.9715621347876898,0.9963860170620347,0.9668874172185431,0.8235294117647058,0.9733333333333334
0.9624060150375939,0.9964054636951832,0.9991368675105992,0.9813084112149533,0.8846153846153846,0.9767441860465116
0.9761904761904762,0.9990889766170665,0.9996268092468068,0.9887640449438202,0.9459459459459459,0.9832402234636871
0.9342105263157895,0.9744791666666667,0.9923790277610166,0.9666666666666667,0.8125,0.9586776859504132
0.9701492537313433,0.9989615784008307,0.9997451146983858,0.9906542056074766,0.8888888888888888,0.9814814814814815
0.9393939393939394,0.982922732362822,0.9928994025863592,0.9893617021276596,0.8157894736842105,0.9587628865979382
0.9455782312925171,0.9832289803220036,0.9925815113846076,0.9807692307692307,0.8604651162790697,0.9622641509433962
0.9375,0.9767949767949768,0.9926642055145516,0.990990990990991,0.7575757575757576,0.9606986899563319
0.9457364341085271,0.9925742574257426,0.9979699858589421,0.9702970297029703,0.8571428571428571,0.9655172413793104
0.9338235294117647,0.9838523644752019,0.994419769796687,0.9901960784313726,0.7647058823529411,0.957345971563981
0.9172413793103448,0.9729463846532217,0.9897160175665343,0.9532710280373832,0.8157894736842105,0.9444444444444444
0.9562043795620438,0.9946127946127946,0.9986791006349454,0.9727272727272728,0.8888888888888888,0.9727272727272728
0.9296875,0.9880681818181819,0.9944535845072422,0.9886363636363636,0.8,0.9508196721311475
0.9481481481481482,0.988421052631579,0.9947410439003957,0.9789473684210527,0.875,0.9637305699481865
0.9426229508196722,0.9867446393762184,0.9959985032346516,0.9789473684210527,0.8148148148148148,0.9637305699481865
0.9585798816568047,0.9833234067897559,0.9972559523823108,0.9726027397260274,0.8695652173913043,0.9759450171821306
0.9726027397260274,0.99909200968523,0.9997851378708804,0.9745762711864406,0.9642857142857143,0.9829059829059829
0.9455782312925171,0.9777495232040687,0.9947347378844889,0.9834710743801653,0.7692307692307693,0.967479674796748
0.9506172839506173,0.9906663209748509,0.9979270751467995,0.9699248120300752,0.8620689655172413,0.9699248120300752
0.9343065693430657,0.9824999999999999,0.9957458593925832,0.9553571428571429,0.84,0.9596412556053812
0.9774436090225563,0.9845849802371541,0.9963339085287238,1.0,0.8695652173913043,0.9865470852017937
0.9333333333333333,0.9828947368421053,0.9920385391273394,0.968421052631579,0.85,0.9533678756476683
0.9461538461538461,0.9840561224489797,0.9945032915370915,0.9795918367346939,0.84375,0.964824120603015
0.9659863945578231,0.9914141414141414,0.9989714118084235,0.9696969696969697,0.9333333333333333,0.9808429118773946
0.9432624113475178,0.9703703703703703,0.9887424261439296,0.9809523809523809,0.8333333333333334,0.9626168224299065
0.907563025210084,0.979008746355685,0.9851267726023468,0.9714285714285714,0.8163265306122449,0.9251700680272109
0.9621212121212122,0.9954086317722682,0.9984358915828895,0.98989898989899,0.8787878787878788,0.9751243781094527
0.9461538461538461,0.9751887810140237,0.9930073331157181,0.9902912621359223,0.7777777777777778,0.966824644549763
0.9453125,0.9843749999999999,0.9917880567772572,0.9659090909090909,0.9,0.96045197740113
0.96,0.98496,0.9967380635106742,0.984,0.84,0.9761904761904762
0.9105691056910569,0.9560240963855422,0.977397477283429,1.0,0.725,0.9378531073446328
0.953125,0.9796620775969962,0.9920784492680549,1.0,0.8235294117647058,0.9690721649484536
0.9461077844311377,0.9809160305343512,0.9942979334341654,0.9770992366412213,0.8333333333333334,0.9660377358490566
0.8955223880597015,0.9454177897574124,0.9841307711352218,0.9528301886792453,0.6785714285714286,0.9351851851851852
0.9615384615384616,0.9925910681210125,0.9971032890725844,0.9911504424778761,0.8837209302325582,0.9739130434782609
0.967948717948718,0.9933712121212122,0.9987667346197854,0.9772727272727273,0.9166666666666666,0.9809885931558935
0.9545454545454546,0.981657848324515,0.9944113148619272,0.9714285714285714,0.8888888888888888,0.9714285714285714
0.9735099337748344,0.9953542392566783,0.9989322623032619,1.0,0.8571428571428571,0.984
0.9558011049723757,0.9862817362817362,0.9967431524962658,0.9864864864864865,0.8181818181818182,0.9733333333333334
0.9659863945578231,0.9882716049382716,0.9971128044718947,0.9833333333333333,0.8888888888888888,0.979253112033195
0.9426229508196722,0.9813829787234042,0.9939954650336885,0.9574468085106383,0.8928571428571429,0.9625668449197861
0.9375,0.9778161912993374,0.9899555295985165,0.9887640449438202,0.8205128205128205,0.9565217391304348
0.9548872180451128,0.9907094594594594,0.9964274427278725,0.9895833333333334,0.8648648648648649,0.9693877551020408
0.936046511627907,0.9708812260536399,0.9942822488568248,0.9793103448275862,0.7037037037037037,0.9627118644067797
0.9692307692307692,0.9953703703703703,0.9990255697027409,0.9722222222222222,0.9545454545454546,0.9813084112149533
0.9727891156462585,0.9927272727272727,0.9987023734605827,0.992,0.8636363636363636,0.9841269841269841
0.9375,0.9787163285666778,0.99273111935441,0.979381443298969,0.8064516129032258,0.9595959595959596
0.9727891156462585,0.9873015873015873,0.9944118106855465,1.0,0.9047619047619048,0.9813084112149533
0.9457364341085271,0.9730769230769231,0.9928937577852794,0.9711538461538461,0.84,0.9665071770334929
0.9548872180451128,0.9905660377358492,0.9975701553791564,0.9905660377358491,0.8148148148148148,0.9722222222222222
0.9834710743801653,0.9945544554455445,0.9989162418813069,1.0,0.9,0.9901960784313726
0.927007299270073,0.9862162162162162,0.9946504606007774,0.99,0.7567567567567568,0.9519230769230769
0.9782608695652174,0.9963369963369964,0.9993262087934638,0.9829059829059829,0.9523809523809523,0.9871244635193133
0.9496402877697842,0.993956043956044,0.9978885249032018,0.9519230769230769,0.9428571428571428,0.9658536585365853
0.9666666666666667,0.9976503759398496,0.9992201141012432,0.9910714285714286,0.8947368421052632,0.9779735682819384
0.9363057324840764,0.9594832648267763,0.9912149604910302,0.9694656488549618,0.7692307692307693,0.9621212121212122
0.9448818897637795,0.9901960784313726,0.9948993558797372,0.9764705882352941,0.8809523809523809,0.9595375722543352
0.9333333333333333,0.9810066476733144,0.9906074716840059,0.9876543209876543,0.8205128205128205,0.9523809523809523
0.9682539682539683,0.9951124144672532,0.9982686682455042,0.989247311827957,0.9090909090909091,0.9787234042553191
0.9696969696969697,0.9963269054178144,0.9987201817009386,0.9696969696969697,0.9696969696969697,0.9795918367346939
0.9495798319327731,0.9841772151898734,0.9916241774246342,1.0,0.85,0.9634146341463414
0.9069767441860465,0.9752321981424148,0.9909215264972564,0.9473684210526315,0.7941176470588235,0.9375
0.9185185185185185,0.9742857142857143,0.9918900277878381,0.9809523809523809,0.7,0.9493087557603687
0.9470198675496688,0.9867149758454107,0.9953456775568352,0.9739130434782609,0.8611111111111112,0.9655172413793104
0.9683544303797469,0.996031746031746,0.9989648684728772,0.9761904761904762,0.9375,0.9800796812749004
0.9710982658959537,0.9794061302681992,0.9954161603396974,1.0,0.8275862068965517,0.9829351535836177
0.9083333333333333,0.9900793650793651,0.9958734158319491,0.9166666666666666,0.8888888888888888,0.9333333333333333
0.9624060150375939,0.989534275248561,0.9949840240094217,1.0,0.8809523809523809,0.9732620320855615
1.0,1.0,1.0000000000000002,1.0,1.0,1.0
0.9152542372881356,0.9827235772357723,0.9924965929268555,0.9878048780487805,0.75,0.9418604651162791
0.9705882352941176,0.9925545571245186,0.9964217825363304,0.9894736842105263,0.926829268292683,0.9791666666666666
0.951048951048951,0.9780405405405406,0.9930772683064254,0.9819819819819819,0.84375,0.9688888888888889
0.9357142857142857,0.9844804318488529,0.9962624343495723,0.9649122807017544,0.8076923076923077,0.9606986899563319
0.9629629629629629,0.9708436724565758,0.9900246428441454,0.9903846153846154,0.8709677419354839,0.976303317535545
0.9530201342281879,0.9957983193277311,0.9989473226930883,0.9663865546218487,0.9,0.9704641350210971
0.961038961038961,0.985103448275862,0.9963047545119121,0.992,0.8275862068965517,0.9763779527559056
0.9640718562874252,0.9914611005692601,0.9979862721759618,0.9926470588235294,0.8387096774193549,0.9782608695652174
0.9555555555555556,0.9926984126984126,0.9978234157709591,0.9714285714285714,0.9,0.9714285714285714
0.9635036496350365,0.9958762886597937,0.998292891505102,1.0,0.875,0.9748743718592965
0.9166666666666666,0.9652173913043478,0.9835296426464201,0.9782608695652174,0.775,0.9424083769633508
0.9172932330827067,0.9496021220159151,0.9849363415326938,0.9807692307692307,0.6896551724137931,0.9488372093023256
0.950920245398773,0.9842557251908397,0.9956703736597846,0.9694656488549618,0.875,0.9694656488549618
0.9485294117647058,0.981311586816174,0.9951742721170626,0.9908256880733946,0.7777777777777778,0.968609865470852
0.9452054794520548,0.9912735849056604,0.9965711258310994,0.9716981132075472,0.875,0.9626168224299065
0.9319727891156463,0.9716282894736843,0.995480481264209,0.96875,0.6842105263157895,0.9612403100775194
0.9833333333333333,0.9986554621848739,0.9994462901439646,1.0,0.9428571428571428,0.9883720930232558
0.9675324675324676,0.9978391356542616,0.9993712386357797,0.9831932773109243,0.9142857142857143,0.9790794979079498
0.9210526315789473,0.9549479166666667,0.9873043357381313,0.975,0.71875,0.9512195121951219
0.9444444444444444,0.9877005347593583,0.995856430820855,0.9727272727272728,0.8529411764705882,0.963963963963964
0.9436619718309859,0.98504729935917,0.9959206629210968,0.9646017699115044,0.8620689655172413,0.9646017699115044
0.952755905511811,0.9862231182795699,0.9952825905430173,0.9895833333333334,0.8387096774193549,0.9693877551020408
0.9302325581395349,0.9761609907120743,0.9909513622468217,0.9789473684210527,0.7941176470588235,0.9538461538461539
0.9691358024691358,0.9829903978052127,0.9962932695847341,0.9925925925925926,0.8518518518518519,0.9816849816849816
0.9568345323741008,0.978030303030303,0.990252890171791,0.98989898989899,0.875,0.9702970297029703
0.9624060150375939,0.9961165048543689,0.9988657859666434,0.9805825242718447,0.9,0.9758454106280193
0.9453125,0.9696969696969697,0.9903996082595353,1.0,0.7586206896551724,0.9658536585365853
0.9924812030075187,0.9973474801061009,0.9992445176297361,1.0,0.9655172413793104,0.9952153110047847
0.9710144927536232,0.9965659340659341,0.9991928485246364,0.9821428571428571,0.9230769230769231,0.9821428571428571
0.9262295081967213,0.9943452380952381,0.9972237989649053,0.975,0.8333333333333334,0.9454545454545454
0.916030534351145,0.9901051329622758,0.9968188301223558,0.9489795918367347,0.8181818181818182,0.9441624365482234
0.9473684210526315,0.992755905511811,0.9985707771975127,0.9606299212598425,0.88,0.9682539682539683
0.9624060150375939,0.9979035639412998,0.9994726255085981,0.9716981132075472,0.9259259259259259,0.976303317535545
0.9448818897637795,0.9883161512027491,0.9960746148407141,0.9896907216494846,0.8,0.964824120603015
0.952755905511811,0.9869415807560137,0.9956946513877958,0.979381443298969,0.8666666666666667,0.9693877551020408
0.950354609929078,0.9679802955665026,0.9908500770523644,0.9910714285714286,0.7931034482758621,0.9694323144104804
0.937007874015748,0.9947368421052631,0.9982906922799962,0.9894736842105263,0.78125,0.9591836734693877
0.9568345323741008,0.9950396825396827,0.9988100799494384,0.9732142857142857,0.8888888888888888,0.9732142857142857
0.9230769230769231,0.9650531286894923,0.9888431379047213,0.9834710743801653,0.7142857142857143,0.952
0.890625,0.9709302325581395,0.9852991209314147,0.9767441860465116,0.7142857142857143,0.9230769230769231
0.9178082191780822,0.9611344537815126,0.9868740584838825,0.9732142857142857,0.7352941176470589,0.9478260869565217
0.9481481481481482,0.991504854368932,0.9972868670125126,0.970873786407767,0.875,0.966183574879227
0.9401197604790419,0.985516115871073,0.9955862664892912,0.9922480620155039,0.7631578947368421,0.9624060150375939
0.9495798319327731,0.992982456140351,0.9982190243897847,0.968421052631579,0.875,0.968421052631579
0.9387755102040817,0.9876871076774505,0.9953784194918103,0.9724770642201835,0.8421052631578947,0.9592760180995475
0.9503105590062112,0.9861046780917091,0.9962089212113425,0.9763779527559056,0.8529411764705882,0.96875
0.9714285714285714,0.9978632478632479,0.9992877492877492,1.0,0.8888888888888888,0.9811320754716981
0.9530201342281879,0.9927606177606177,0.9975911559908572,0.9732142857142857,0.8918918918918919,0.9688888888888889
0.9478260869565217,0.990924805531547,0.9973576171202143,0.9887640449438202,0.8076923076923077,0.967032967032967
0.9344262295081968,0.9737681673165544,0.9902578513764178,0.989010989010989,0.7741935483870968,0.9574468085106383
0.9214285714285714,0.9645454545454545,0.9891306595484194,0.9727272727272728,0.7333333333333333,0.9511111111111111
0.9310344827586207,0.9830220713073005,0.995205852016871,0.9736842105263158,0.7741935483870968,0.9568965517241379
0.967741935483871,0.9957516339869281,0.9983422352071332,0.9888888888888889,0.9117647058823529,0.978021978021978
0.9416058394160584,0.9939393939393939,0.998544889397996,0.9636363636363636,0.8518518518518519,0.9636363636363636
0.928,0.9528718703976435,0.9859782399335788,1.0,0.6785714285714286,0.9556650246305419
0.9701492537313433,0.9875336927223719,0.9965491400635419,1.0,0.8571428571428571,0.9814814814814815
0.9490445859872612,0.992948717948718,0.997527096260762,0.9572649572649573,0.925,0.9655172413793104
0.9558823529411765,0.9885225885225886,0.993551256469963,0.967032967032967,0.9333333333333333,0.967032967032967
0.9779411764705882,0.9945945945945945,0.9987478653233882,0.990990990990991,0.92,0.9865470852017937
0.958904109589041,0.9936781609195402,0.9983150123564363,0.9827586206896551,0.8666666666666667,0.9743589743589743
0.9662162162162162,0.9984189723320158,0.9995515062981328,0.9739130434782609,0.9393939393939394,0.9781659388646288
0.9066666666666666,0.9703846153846154,0.9953541335102428,0.9461538461538461,0.65,0.9461538461538461
0.954248366013072,0.9733069698467622,0.9914237830255922,0.9915966386554622,0.8235294117647058,0.9711934156378601
0.9316239316239316,0.9930046635576283,0.9967671829562935,0.9873417721518988,0.8157894736842105,0.9512195121951219
0.9615384615384616,0.99522021167634,0.9985534909254944,0.9603960396039604,0.9655172413793104,0.9748743718592965
0.9574468085106383,0.9808317089018843,0.9951370487850466,0.9824561403508771,0.8518518518518519,0.9739130434782609
0.9477124183006536,0.99370220422852,0.9978435197165934,0.9824561403508771,0.8461538461538461,0.9655172413793104
0.9757575757575757,0.9807103490508268,0.996547101005854,0.9929577464788732,0.8695652173913043,0.986013986013986
0.9411764705882353,0.960978835978836,0.9882670966636712,0.9722222222222222,0.8214285714285714,0.963302752293578
0.9111111111111111,0.9425901201602136,0.9838584684891261,0.9813084112149533,0.6428571428571429,0.9459459459459459
0.9478260869565217,0.9905873493975903,0.9964730288227978,0.9879518072289156,0.84375,0.9647058823529412
0.9328859060402684,0.968383017163505,0.9871312218716771,1.0,0.7560975609756098,0.9557522123893806
0.9642857142857143,0.9908675799086759,0.9946613929477721,1.0,0.8974358974358975,0.9733333333333334
0.9708029197080292,0.9902617163724893,0.9967861936636812,0.9811320754716981,0.9354838709677419,0.9811320754716981
0.9710144927536232,0.9956623289956623,0.998955735794692,1.0,0.8518518518518519,0.9823008849557522
0.9767441860465116,0.9964639321074964,0.9989911276838217,0.9801980198019802,0.9642857142857143,0.9850746268656716
0.9761904761904762,0.9823088455772114,0.9969119679694711,1.0,0.8260869565217391,0.9863945578231292
0.9428571428571428,0.9906086956521739,0.997963819359326,0.9652173913043478,0.84,0.9652173913043478
0.9477611940298507,0.9834558823529411,0.9945257714312388,0.9901960784313726,0.8125,0.9665071770334929
0.9230769230769231,0.9803671596124427,0.9928642786198717,0.9622641509433962,0.8108108108108109,0.9488372093023256
0.92,0.9761904761904762,0.9876097554151714,1.0,0.7619047619047619,0.9431818181818182
0.9932432432432432,1.0,1.0000000000000002,1.0,0.9714285714285714,0.9955947136563876
0.9538461538461539,0.98231222763394,0.989507324387608,0.9879518072289156,0.8936170212765957,0.9647058823529412
0.9440559440559441,0.9759322033898306,0.9944596392810424,0.9745762711864406,0.8,0.9663865546218487
0.9548387096774194,0.994729907773386,0.9990928378271737,0.9772727272727273,0.8260869565217391,0.9735849056603774
0.9626865671641791,0.9966307277628033,0.9991154169025154,0.9811320754716981,0.8928571428571429,0.9765258215962441
0.9357142857142857,0.9735652173913044,0.9938580163282775,0.9739130434782609,0.76,0.9613733905579399
0.9365079365079365,0.9842592592592593,0.993334372140311,0.9666666666666667,0.8611111111111112,0.9560439560439561
0.9781021897810219,0.9992372234935164,0.9998487598306112,0.9912280701754386,0.9130434782608695,0.9868995633187773
0.9473684210526315,0.9948717948717948,0.9985031510319393,0.9743589743589743,0.8571428571428571,0.9661016949152542
0.9280575539568345,0.9835907335907337,0.995774303576684,0.963963963963964,0.7857142857142857,0.9553571428571429
0.9473684210526315,0.9789739276703111,0.994410156469486,0.975609756097561,0.8275862068965517,0.967741935483871
0.9696969696969697,0.9825474586650337,0.9967095429863326,0.9859154929577465,0.8695652173913043,0.9824561403508771
0.968,0.9963181148748158,0.9989329685787587,0.9896907216494846,0.8928571428571429,0.9795918367346939
0.9873417721518988,1.0,0.9999999999999999,0.9857142857142858,1.0,0.9928057553956835
0.9689922480620154,0.9976430976430976,0.999298871063577,0.98989898989899,0.9,0.98
0.9738562091503268,0.996562665256478,0.9991064170572217,0.9918032786885246,0.9032258064516129,0.983739837398374
0.9432624113475178,0.9803591470258136,0.9936508963283918,0.9814814814814815,0.8181818181818182,0.9636363636363636
0.9395973154362416,0.9760920897284534,0.9940910341695051,0.9834710743801653,0.75,0.9635627530364372
0.9463087248322147,0.9935064935064936,0.9984847021977472,0.9586776859504132,0.8928571428571429,0.9666666666666667
0.9575757575757575,0.988998652896273,0.9967943058403124,0.9694656488549618,0.9117647058823529,0.9731800766283525
0.9436619718309859,0.9780931043066965,0.9914052083633541,1.0,0.7948717948717948,0.9626168224299065
0.9466666666666667,0.9734090909090909,0.9893112911150463,0.990909090909091,0.825,0.9646017699115044
0.9571428571428572,0.989159891598916,0.9954245194499827,0.98989898989899,0.8780487804878049,0.9702970297029703
0.9057971014492754,0.9692266523949692,0.9878406473363864,0.9504950495049505,0.7837837837837838,0.9365853658536586
0.9689922480620154,0.997108155002892,0.9987709662083246,0.978021978021978,0.9473684210526315,0.978021978021978
0.9126984126984127,0.975896700143472,0.9878567456448215,0.9647058823529412,0.8048780487804879,0.9371428571428572
0.9415584415584416,0.9823446327683616,0.9942574066179091,0.9661016949152542,0.8611111111111112,0.9620253164556962
0.9485294117647058,0.9723448072962637,0.9898152504681738,0.970873786407767,0.8787878787878788,0.966183574879227
0.9714285714285714,0.9992609016999262,0.9996949290888684,0.9696969696969697,0.975609756097561,0.9795918367346939
0.9430379746835443,0.9714781746031746,0.9917969860868283,0.9761904761904762,0.8125,0.9647058823529412
0.9666666666666667,0.9811912225705329,0.9948824917953232,0.9834710743801653,0.896551724137931,0.9794238683127572
0.936,0.9720026350461133,0.9890384794067225,0.9891304347826086,0.7878787878787878,0.9578947368421052
0.9402985074626866,0.9783902286251175,0.9931451866931991,0.970873786407767,0.8387096774193549,0.9615384615384616
0.9682539682539683,0.9950132978723405,0.998305285945822,0.9893617021276596,0.90625,0.9789473684210527
0.967741935483871,0.9879175550817342,0.9979308425962017,0.9776119402985075,0.9047619047619048,0.9812734082397003
0.9389312977099237,0.9923076923076923,0.9981383428099079,0.9714285714285714,0.8076923076923077,0.9622641509433962
0.9423076923076923,0.9817127564674397,0.9936094598655948,0.9830508474576272,0.8157894736842105,0.9626556016597511
0.971830985915493,0.9984742142203235,0.9996158767379236,0.9911504424778761,0.896551724137931,0.9824561403508771
0.958904109589041,0.9814671814671815,0.993286771752319,0.9819819819819819,0.8857142857142857,0.9732142857142857
0.8809523809523809,0.968464485705865,0.9854962925010174,0.9425287356321839,0.7435897435897436,0.9162011173184358
0.9310344827586207,0.9653679653679653,0.9885888066092653,0.9821428571428571,0.7575757575757576,0.9565217391304348
0.924812030075188,0.9775510204081632,0.991550489298345,0.9795918367346939,0.7714285714285715,0.9504950495049505
0.9637681159420289,0.9663865546218489,0.9941675408103536,1.0,0.7368421052631579,0.9794238683127572
0.9345794392523364,0.9850926672038679,0.9921571939457716,0.9863013698630136,0.8235294117647058,0.9536423841059603
0.9801324503311258,0.9923685698134539,0.9980360054264964,0.9918032786885246,0.9310344827586207,0.9877551020408163
0.95,0.9898726851851851,0.996961152011135,0.9722222222222222,0.875,0.967741935483871
0.9929078014184397,1.0,0.9999999999999999,0.990909090909091,1.0,0.9954337899543378
0.9741935483870968,0.9953802416488984,0.9992510304467933,0.9776119402985075,0.9523809523809523,0.9849624060150376
0.968,0.991273432449903,0.9964043590900923,1.0,0.8823529411764706,0.978494623655914
0.9483870967741935,0.9850000000000001,0.9953755042977187,0.975,0.8571428571428571,0.9669421487603306
0.9202898550724637,0.9694989106753813,0.988953084474679,0.9803921568627451,0.75,0.9478672985781991
0.952,0.981764705882353,0.9901660602794857,0.9882352941176471,0.875,0.9655172413793104
0.9776119402985075,0.9993872549019608,0.9998114630467572,0.9901960784313726,0.9375,0.9853658536585366
0.9370629370629371,0.9731563421828909,0.9922991594516273,0.9911504424778761,0.7333333333333333,0.9613733905579399
0.9153846153846154,0.9851320174314279,0.9911260576546104,0.927710843373494,0.8936170212765957,0.9333333333333333
0.9565217391304348,0.9890444309190506,0.9899047743613707,1.0,0.9056603773584906,0.9612403100775194
0.9097222222222222,0.964480227326545,0.9850772100249229,0.970873786407767,0.7560975609756098,0.9389671361502347
0.9032258064516129,0.9696022727272727,0.982187808977281,0.975,0.7727272727272727,0.9285714285714286
0.921875,0.9737318840579711,0.98888723734975,0.9782608695652174,0.7777777777777778,0.9473684210526315
0.9219858156028369,0.9642857142857143,0.9870306388603962,0.9809523809523809,0.75,0.9493087557603687
0.9545454545454546,0.9788359788359788,0.9940341217364892,0.9809523809523809,0.8518518518518519,0.9716981132075472
0.9407894736842105,0.9868236613400618,0.9966126731221959,0.991869918699187,0.7241379310344828,0.9644268774703557
0.9554140127388535,0.9768318965517241,0.9940141076058167,0.9765625,0.8620689655172413,0.9727626459143969
0.9551282051282052,0.9801470588235295,0.9967532979658154,0.9852941176470589,0.75,0.9745454545454545
0.9305555555555556,0.9757254464285714,0.9926621617618979,0.9910714285714286,0.71875,0.9568965517241379
0.9393939393939394,0.9791887125220459,0.9942957611405179,0.9809523809523809,0.7777777777777778,0.9626168224299065
0.9051724137931034,0.9780219780219781,0.9887358990914552,0.974025974025974,0.7692307692307693,0.9316770186335404
0.9328859060402684,0.9700767263427109,0.9907932348584163,0.9826086956521739,0.7647058823529411,0.9576271186440678
0.9859154929577465,0.9970159151193635,0.9993184661608843,0.9913793103448276,0.9615384615384616,0.9913793103448276
0.9274193548387096,0.9825037707390649,0.9917784620733013,1.0,0.7692307692307693,0.9497206703910615
0.9104477611940298,0.9805775619729108,0.9907948331447618,0.989010989010989,0.7441860465116279,0.9375
0.9607843137254902,0.9833434282253181,0.9961916376312354,0.984251968503937,0.8461538461538461,0.9765625
0.8661417322834646,0.967750677506775,0.9825080933049449,0.975609756097561,0.6666666666666666,0.903954802259887
0.952054794520548,0.9745273109243697,0.9913513017626201,0.9821428571428571,0.8529411764705882,0.9691629955947136
0.917910447761194,0.9737274220032841,0.9923426770248304,0.9619047619047619,0.7586206896551724,0.9483568075117371
0.9602649006622517,0.9873949579831933,0.9961418362209769,0.9831932773109243,0.875,0.975
0.8984375,0.9636363636363636,0.9866465051871176,0.968421052631579,0.696969696969697,0.934010152284264
0.95,0.9890046296296297,0.9966558032294661,0.9814814814814815,0.84375,0.9680365296803652
0.9314285714285714,0.9652534965034965,0.9914887161976801,0.965034965034965,0.78125,0.9583333333333334
0.9166666666666666,0.9704568023833168,0.9889190322605572,0.9716981132075472,0.7631578947368421,0.944954128440367
0.9302325581395349,0.9807449494949495,0.9930927052344972,0.96875,0.8181818181818182,0.9538461538461539
0.9649122807017544,0.9977770720863767,0.9984429059364884,1.0,0.9148936170212766,0.9710144927536232
0.9285714285714286,0.9632352941176471,0.9886464870689872,0.975,0.7647058823529411,0.9551020408163265
0.9148936170212766,0.9651651651651652,0.9901065633079472,0.954954954954955,0.7666666666666667,0.9464285714285714
0.9534883720930233,0.9945231958762887,0.9982288298608172,0.9896907216494846,0.84375,0.9696969696969697
0.9881656804733728,0.999771897810219,0.9999471067386013,0.9927007299270073,0.96875,0.9927007299270073
0.9477611940298507,0.9952127659574468,0.9979835104879041,0.9893617021276596,0.85,0.9637305699481865
0.9338842975206612,0.9834710743801652,0.9934467538502495,0.9659090909090909,0.8484848484848485,0.9550561797752809
0.9530201342281879,0.9913165266106443,0.9976819068945291,0.9663865546218487,0.9,0.9704641350210971
0.9513888888888888,0.9948646125116714,0.9979053122054414,0.9705882352941176,0.9047619047619048,0.9658536585365853
0.9621212121212122,0.9774509803921568,0.9928921055471555,0.9901960784313726,0.8666666666666667,0.9758454106280193
0.9738562091503268,0.9954285714285714,0.9989674060845196,0.984,0.9285714285714286,0.984
0.9098360655737705,0.9718844984802432,0.9912679989767842,0.9787234042553191,0.6785714285714286,0.9435897435897436
0.9673202614379085,0.9929453262786596,0.9984604327876248,0.9841269841269841,0.8888888888888888,0.9802371541501976
0.9626865671641791,0.9898921832884098,0.9970607241535061,0.9811320754716981,0.8928571428571429,0.9765258215962441
0.9463087248322147,0.9753501400560225,0.9927091374539281,0.957983193277311,0.9,0.9661016949152542
0.9751552795031055,0.9983788791106994,0.9995722289521503,0.9921259842519685,0.9117647058823529,0.984375
0.9319727891156463,0.9560622914349277,0.9873537078958157,0.9913793103448276,0.7096774193548387,0.9583333333333334
0.943089430894309,0.9798701298701299,0.9914348376826969,0.9886363636363636,0.8285714285714286,0.9613259668508287
0.9401709401709402,0.9921104536489151,0.9959536523968405,0.9615384615384616,0.8974358974358975,0.9554140127388535
0.9568345323741008,0.9910394265232975,0.9974079045755295,1.0,0.8064516129032258,0.972972972972973
0.930379746835443,0.9751984126984126,0.9934396220980111,0.9761904761904762,0.75,0.9571984435797666
0.9734513274336283,0.9992887624466572,0.9996626180836707,1.0,0.918918918918919,0.9806451612903225
0.9758064516129032,0.9950980392156863,0.9981106346089322,1.0,0.9117647058823529,0.9836065573770492
0.9274193548387096,0.9751633986928105,0.9900523946725974,0.9777777777777777,0.7941176470588235,0.9513513513513514
0.9343065693430657,0.9919003115264797,0.9977530850160046,0.9532710280373832,0.8666666666666667,0.9577464788732394
0.9166666666666666,0.9784313725490196,0.9933146703330034,0.9607843137254902,0.7666666666666667,0.9468599033816425
0.9307692307692308,0.9870676691729323,0.995227293608571,0.9578947368421052,0.8571428571428571,0.9528795811518325
0.9658119658119658,0.9986559139784946,0.9996639784946235,0.989247311827957,0.875,0.9787234042553191
0.9590163934426229,0.9923913043478262,0.9975293476388698,0.9782608695652174,0.9,0.972972972972973
0.924812030075188,0.9858585858585859,0.9928048706965154,0.9545454545454546,0.8666666666666667,0.9438202247191011
0.9591836734693877,0.9835380835380836,0.9939494408857799,0.990909090909091,0.8648648648648649,0.9732142857142857
0.9854014598540146,0.9987538940809969,0.999651433248254,0.9906542056074766,0.9666666666666667,0.9906542056074766
0.9626865671641791,0.9829059829059829,0.9958349511127289,0.9907407407407407,0.8461538461538461,0.9771689497716894
0.9925925925925926,1.0,0.9999999999999998,1.0,0.967741935483871,0.9952153110047847
0.9781021897810219,0.9984744469870328,0.9996908270969374,0.9824561403508771,0.9565217391304348,0.986784140969163
0.9568965517241379,0.9881635581061693,0.9948033095523248,0.9878048780487805,0.8823529411764706,0.9700598802395209
0.9251700680272109,0.9697530864197531,0.9925808938619882,0.95,0.8148148148148148,0.9539748953974896
0.9375,0.9823129251700681,0.9936688200459093,0.9591836734693877,0.8666666666666667,0.9591836734693877
0.9782608695652174,0.9962481962481962,0.9987884117979636,1.0,0.9090909090909091,0.9859154929577465
0.9180327868852459,0.98752052545156,0.9950110914277033,0.9655172413793104,0.8,0.9438202247191011
0.9448275862068966,0.9780288763339611,0.9943393011205807,0.9915254237288136,0.7407407407407407,0.9669421487603306
0.975609756097561,0.9958791208791209,0.9985478640553886,0.989010989010989,0.9375,0.9836065573770492
0.9407407407407408,0.9857894736842105,0.9937045759410745,0.9789473684210527,0.85,0.9587628865979382
0.9568345323741008,0.9985065710872163,0.9995704549971471,0.9537037037037037,0.967741935483871,0.9716981132075472
0.9465648854961832,0.9889042995839112,0.996961679455973,0.9805825242718447,0.8214285714285714,0.9665071770334929
0.9517241379310345,0.9830672472181907,0.9935409431598665,1.0,0.8205128205128205,0.9680365296803652
0.9426229508196722,0.974786800148313,0.9913518049715305,0.978494623655914,0.8275862068965517,0.9629629629629629
0.8854961832061069,0.9629097182288672,0.9847112480794054,0.9787234042553191,0.6486486486486487,0.9246231155778895
0.9659863945578231,0.9901093180635085,0.9968708246850727,0.9823008849557522,0.9117647058823529,0.9779735682819384
0.9411764705882353,0.9696969696969697,0.9910661511623201,0.9916666666666667,0.7575757575757576,0.9635627530364372
0.9407407407407408,0.9940321743642968,0.9974523466532488,0.9574468085106383,0.9024390243902439,0.9574468085106383
0.9302325581395349,0.963103448275862,0.9884251782024579,0.99,0.7241379310344828,0.9565217391304348
0.968503937007874,0.9922222222222222,0.9978600196944574,0.99,0.8888888888888888,0.9801980198019802
0.8991596638655462,0.9687074829931973,0.9856796806674439,0.9285714285714286,0.8285714285714286,0.9285714285714286
0.9295774647887324,0.9691295546558705,0.9878129300292173,0.9903846153846154,0.7631578947368421,0.9537037037037037
0.975,0.997,0.9993998399359744,0.99,0.9,0.9850746268656716
0.9291338582677166,0.984472049689441,0.9937687378225316,0.9891304347826086,0.7714285714285715,0.9528795811518325
0.971830985915493,0.9988879621907145,0.9996625057629942,0.9724770642201835,0.9696969696969697,0.9814814814814815
0.9545454545454546,0.9928921568627451,0.9979673756823937,0.9833333333333333,0.8529411764705882,0.9711934156378601
0.9328859060402684,0.9724310776942356,0.9911237416462587,0.9912280701754386,0.7428571428571429,0.9576271186440678
0.9671052631578947,0.985170205594877,0.9972537619850218,0.9844961240310077,0.8695652173913043,0.9806949806949807
0.96,0.9838461538461538,0.9973058334371961,0.9769230769230769,0.85,0.9769230769230769
