Accuracy,AUROC,AUPRC,Sensitivity,Specificity,F1
0.9624060150375939,0.9946524064171123,0.9981507481959677,0.9797979797979798,0.9117647058823529,0.9748743718592965
0.9465648854961832,0.9941144997324773,0.997356607711805,0.9887640449438202,0.8571428571428571,0.9617486338797814
0.975609756097561,1.0,1.0,0.97,1.0,0.9847715736040609
0.9712230215827338,0.9991423670668953,0.9997403496624545,1.0,0.8787878787878788,0.9814814814814815
1.0,1.0,0.9999999999999999,1.0,1.0,1.0
0.9640287769784173,0.9946236559139785,0.9984193570917528,0.9907407407407407,0.8709677419354839,0.9771689497716894
0.9533333333333334,0.9870807453416149,0.9958016161187233,0.9739130434782609,0.8857142857142857,0.9696969696969697
0.9534883720930233,0.9931888544891642,0.9975001933751203,0.9789473684210527,0.8823529411764706,0.96875
0.9324324324324325,0.9738884968242767,0.9900910362758546,0.9724770642201835,0.8205128205128205,0.954954954954955
0.9591836734693877,0.9847425301970756,0.9965685236617521,0.9917355371900827,0.8076923076923077,0.975609756097561
0.9365079365079365,0.9833616298811545,0.9945758250557148,0.9894736842105263,0.7741935483870968,0.9591836734693877
0.9635036496350365,0.9984536082474227,0.9993709010607724,0.9690721649484536,0.95,0.9740932642487047
0.926829268292683,0.9926367461430575,0.997636722586234,0.9565217391304348,0.8387096774193549,0.9513513513513514
0.9363636363636364,0.985,0.9941687431838232,1.0,0.7666666666666667,0.9580838323353293
0.9457364341085271,0.9885057471264368,0.9943194204163401,1.0,0.8333333333333334,0.9613259668508287
0.967948717948718,0.9865058857306919,0.9968050290089704,0.9844961240310077,0.8888888888888888,0.9806949806949807
0.9555555555555556,0.9951201201201202,0.9989371651330439,0.963963963963964,0.9166666666666666,0.9727272727272728
0.9205298013245033,0.9702479338842975,0.9920104258574013,0.9669421487603306,0.7333333333333333,0.9512195121951219
0.965034965034965,0.994261119081779,0.9977298142194242,0.9901960784313726,0.9024390243902439,0.9758454106280193
0.9515151515151515,0.9860375541646605,0.9967088832503198,0.9850746268656716,0.8064516129032258,0.9705882352941176
0.9328358208955224,0.97911051212938,0.9941755167665842,0.9716981132075472,0.7857142857142857,0.958139534883721
0.968,0.98938611589214,0.9938653384765705,0.9879518072289156,0.9285714285714286,0.9761904761904762
0.905511811023622,0.9709864603481625,0.9891318444729374,0.9574468085106383,0.7575757575757576,0.9375
0.951048951048951,0.9952542372881356,0.9990080909032782,0.9661016949152542,0.88,0.9702127659574468
0.9661016949152542,0.9885057471264368,0.9952652640727382,1.0,0.8709677419354839,0.9775280898876404
0.9622641509433962,0.962962962962963,0.9957519996710613,0.9861111111111112,0.7333333333333333,0.9793103448275862
0.9607843137254902,0.9809206541490006,0.9957823261435994,0.9921259842519685,0.8076923076923077,0.9767441860465116
0.957983193277311,1.0,0.9999999999999998,1.0,0.84375,0.9720670391061452
0.9411764705882353,0.9805031446540879,0.9942337298746642,0.9811320754716981,0.8,0.9629629629629629
0.9154929577464789,0.9762145748987854,0.9907070691245209,0.9615384615384616,0.7894736842105263,0.9433962264150944
0.9888888888888889,0.9997502497502498,0.9999581064097192,0.9935064935064936,0.9615384615384616,0.9935064935064936
0.9473684210526315,0.9824159021406728,0.995612655345512,0.963302752293578,0.875,0.967741935483871
0.9171974522292994,0.9606681034482758,0.9901826131340565,0.9609375,0.7241379310344828,0.9498069498069498
0.9197080291970803,0.9761904761904762,0.9925649790705309,0.9523809523809523,0.8125,0.9478672985781991
0.96,0.9927479927479927,0.9978420979862092,0.9743589743589743,0.9090909090909091,0.9743589743589743
0.9312977099236641,0.993859649122807,0.9977643714028154,0.9578947368421052,0.8611111111111112,0.9528795811518325
0.9370629370629371,0.9806694955209807,0.9911257443030099,0.9702970297029703,0.8571428571428571,0.9560975609756097
0.9716312056737588,0.9956019791094008,0.9985661630452473,0.9813084112149533,0.9411764705882353,0.9813084112149533
0.9645390070921985,0.9847507331378299,0.9954562365391058,0.990909090909091,0.8709677419354839,0.9775784753363229
0.9523809523809523,0.9825072886297376,0.9945263477901681,0.9897959183673469,0.8214285714285714,0.97
0.9818181818181818,0.9995408631772268,0.9998860788334472,0.9848484848484849,0.9696969696969697,0.9885931558935361
0.9455782312925171,0.9728867623604466,0.9914911914525912,0.9824561403508771,0.8181818181818182,0.9655172413793104
0.961038961038961,0.9765840220385675,0.9959882663228905,0.9848484848484849,0.8181818181818182,0.9774436090225563
0.9668874172185431,1.0,1.0000000000000002,0.9553571428571429,1.0,0.9771689497716894
0.9379310344827586,0.9780835881753313,0.9920274421926276,0.963302752293578,0.8611111111111112,0.958904109589041
0.9781021897810219,0.9932983682983683,0.9977519531109833,1.0,0.9090909090909091,0.985781990521327
0.9243697478991597,0.9755689424364122,0.9886933882786578,0.9879518072289156,0.7777777777777778,0.9479768786127167
0.9565217391304348,0.9839690436705363,0.9965793015184977,0.9776119402985075,0.8518518518518519,0.9739776951672863
0.9236641221374046,0.9852862493311932,0.9928662938461623,0.9887640449438202,0.7857142857142857,0.946236559139785
0.9602272727272727,0.9823841698841699,0.9965325137470717,1.0,0.75,0.976897689768977
0.9279279279279279,0.9774193548387097,0.9905644476487779,0.9625,0.8387096774193549,0.9506172839506173
0.9703703703703703,0.9988968560397131,0.999591836734694,1.0,0.8918918918918919,0.98
0.9631901840490797,0.9923664122137406,0.9980895425410979,0.9847328244274809,0.875,0.9772727272727273
0.9565217391304348,0.9847402597402598,0.995936884397615,1.0,0.7857142857142857,0.9734513274336283
0.9533333333333334,0.9852941176470588,0.9954184835801018,0.9741379310344828,0.8823529411764706,0.9699570815450643
0.937984496124031,0.9879553466509988,0.9950026741303567,0.9891304347826086,0.8108108108108109,0.9578947368421052
0.9491525423728814,0.994281045751634,0.9991192600067552,0.9673202614379085,0.8333333333333334,0.9704918032786886
0.9236641221374046,0.9663661581137309,0.9896623302329803,0.9514563106796117,0.8214285714285714,0.9514563106796117
0.944,0.9863492063492064,0.9942049992361102,0.9777777777777777,0.8571428571428571,0.9617486338797814
0.9154929577464789,0.9678864824495892,0.9871266793436274,0.970873786407767,0.7692307692307693,0.9433962264150944
0.9666666666666667,0.9908333333333332,0.9976269838787386,0.9833333333333333,0.9,0.979253112033195
0.9548872180451128,0.9936288088642659,0.9973250981606908,0.968421052631579,0.9210526315789473,0.968421052631579
0.9512195121951219,0.9924731182795699,0.9975535042132719,0.967741935483871,0.9,0.967741935483871
0.9726027397260274,0.9984438219732337,0.9996509880041105,0.9831932773109243,0.9259259259259259,0.9831932773109243
0.9470198675496688,0.9921182266009853,0.9975089074591854,0.9568965517241379,0.9142857142857143,0.9652173913043478
0.96875,0.9984848484848484,0.9997542997542997,0.9727272727272728,0.9444444444444444,0.981651376146789
0.9246575342465754,0.9755747126436782,0.9934057732668524,0.9913793103448276,0.6666666666666666,0.9543568464730291
0.9440559440559441,0.9899470899470899,0.9965365484464362,0.9722222222222222,0.8571428571428571,0.963302752293578
0.9523809523809523,0.9938820912124583,0.9983468047802573,0.9827586206896551,0.8387096774193549,0.9702127659574468
0.9824561403508771,1.0,1.0,0.9805194805194806,1.0,0.9901639344262295
0.9632352941176471,0.9940251572327043,0.9982812439958964,1.0,0.8333333333333334,0.9769585253456221
0.9363057324840764,0.9789173789173788,0.9951585825781417,0.9692307692307692,0.7777777777777778,0.9618320610687023
0.9562043795620438,0.996969696969697,0.9992759452936444,0.9727272727272728,0.8888888888888888,0.9727272727272728
0.9764705882352941,0.9957142857142857,0.9990545119083697,0.9928571428571429,0.9,0.9858156028368794
0.9767441860465116,0.9993416721527321,0.999795918367347,0.9897959183673469,0.9354838709677419,0.9847715736040609
0.9722222222222222,0.9918513689700131,0.9980276526400873,0.9745762711864406,0.9615384615384616,0.9829059829059829
0.9645390070921985,0.9892976588628762,0.9973048950135011,1.0,0.8076923076923077,0.9787234042553191
0.9342105263157895,0.9693486590038314,0.9895698388818153,0.9741379310344828,0.8055555555555556,0.9576271186440678
0.948051948051948,0.9859702136844378,0.9948281460083546,0.9911504424778761,0.8292682926829268,0.9655172413793104
0.940677966101695,0.9869759869759871,0.9958485481956689,0.989010989010989,0.7777777777777778,0.9625668449197861
0.9154929577464789,0.9618736383442266,0.9874177484183234,0.9814814814814815,0.7058823529411765,0.9464285714285714
0.9416058394160584,0.966794380587484,0.9902276098149315,0.9814814814814815,0.7931034482758621,0.9636363636363636
0.9878048780487805,0.9963235294117647,0.9992122024965122,0.9926470588235294,0.9642857142857143,0.9926470588235294
0.9308176100628931,0.9855750487329434,0.9942096742184138,0.9824561403508771,0.8,0.9531914893617022
0.949685534591195,0.9856350806451613,0.9963423099868467,0.96875,0.8709677419354839,0.96875
0.9404761904761905,0.9828760057767691,0.9950452622074647,0.9847328244274809,0.7837837837837838,0.9626865671641791
0.9473684210526315,0.9870967741935485,0.9941573396916928,0.967741935483871,0.9,0.9625668449197861
0.935251798561151,0.9816201497617427,0.9957307323075159,0.9734513274336283,0.7692307692307693,0.9606986899563319
0.9758064516129032,0.9874799357945425,0.9942590975162636,1.0,0.9142857142857143,0.9834254143646409
0.9215686274509803,0.9808716707021791,0.9942403594029199,0.9661016949152542,0.7714285714285715,0.95
0.9402985074626866,0.9809523809523809,0.9943734878752188,0.9809523809523809,0.7931034482758621,0.9626168224299065
0.935251798561151,0.9813186813186813,0.9933554569744142,0.9807692307692307,0.8,0.9577464788732394
0.946969696969697,0.9827531140210796,0.9942952729656572,0.9900990099009901,0.8064516129032258,0.966183574879227
0.9393939393939394,0.9840306611306292,0.9943413358284403,0.9603960396039604,0.8709677419354839,0.9603960396039604
0.9459459459459459,0.9859198041016223,0.9967942060551384,0.9669421487603306,0.8518518518518519,0.9669421487603306
0.9384615384615385,0.9826666666666667,0.9943937958410514,0.96,0.8666666666666667,0.96
0.9428571428571428,0.987538940809969,0.9959758377829923,0.9813084112149533,0.8181818181818182,0.963302752293578
0.9487179487179487,0.9848119575699132,0.99548141165026,0.9754098360655737,0.8529411764705882,0.967479674796748
0.96,0.9911939911939912,0.9973821127573559,0.9658119658119658,0.9393939393939394,0.9741379310344828
0.9534883720930233,0.9829222011385199,0.9979886341463788,0.967741935483871,0.8235294117647058,0.974025974025974
0.9395973154362416,0.9652908067542214,0.9919921559963695,0.975609756097561,0.7692307692307693,0.963855421686747
0.9398496240601504,0.9901463963963965,0.9960779950052047,0.9791666666666666,0.8378378378378378,0.9591836734693877
0.9649122807017544,0.9834887334887336,0.9946052161585244,0.9924242424242424,0.8717948717948718,0.9776119402985075
0.9440559440559441,0.983026874115983,0.9924306632022286,0.9702970297029703,0.8809523809523809,0.9607843137254902
0.9774436090225563,0.9968379446640316,0.9993462618462617,0.990909090909091,0.9130434782608695,0.9864253393665159
0.96,0.981029810298103,0.9953403843243873,0.983739837398374,0.8518518518518519,0.9758064516129032
0.959731543624161,0.9787114845938375,0.9940164803847732,1.0,0.8,0.9754098360655737
0.9875776397515528,0.9997455470737914,0.9999421697894981,1.0,0.9333333333333333,0.9924242424242424
0.9793103448275862,0.9934573002754822,0.9986300355975668,0.9917355371900827,0.9166666666666666,0.9876543209876543
0.9565217391304348,0.9839112343966713,0.9940139926309992,1.0,0.8285714285714286,0.9716981132075472
0.9923664122137404,1.0,1.0,0.9897959183673469,1.0,0.9948717948717949
0.9772727272727273,0.9953130231001005,0.9986348855496774,0.9902912621359223,0.9310344827586207,0.9855072463768116
0.9863945578231292,0.9967391304347826,0.999058320441501,0.991304347826087,0.96875,0.991304347826087
0.9626865671641791,0.9848484848484849,0.996517352225579,0.990909090909091,0.8333333333333334,0.9775784753363229
0.9681528662420382,0.988146551724138,0.9969637834750901,0.984375,0.896551724137931,0.980544747081712
0.9559748427672956,0.9870931537598204,0.9972256744756619,0.9772727272727273,0.8518518518518519,0.9735849056603774
0.9144736842105263,0.9672131147540983,0.9915644355210529,0.9508196721311475,0.7666666666666667,0.9469387755102041
0.9044117647058824,0.9537259615384616,0.9842173385448533,0.9711538461538461,0.6875,0.9395348837209302
0.9310344827586207,0.9597244303126656,0.9863450328477875,0.9819819819819819,0.7647058823529411,0.956140350877193
0.9663865546218487,0.9981671554252199,0.9993700120104615,0.9886363636363636,0.9032258064516129,0.9775280898876404
0.9694656488549618,0.9976489028213166,0.998825266961378,0.9885057471264368,0.9318181818181818,0.9772727272727273
0.9444444444444444,0.9885057471264367,0.9947280266122107,0.9655172413793104,0.8974358974358975,0.96
0.9548872180451128,0.9904761904761904,0.997310060413185,0.9809523809523809,0.8571428571428571,0.9716981132075472
0.9655172413793104,0.9952437574316291,0.9987853438702379,0.9827586206896551,0.896551724137931,0.9785407725321889
0.9463087248322147,0.9699812382739212,0.992862308589639,0.975609756097561,0.8076923076923077,0.967741935483871
0.9881656804733728,0.9997601918465228,0.9999486125385405,0.9928057553956835,0.9666666666666667,0.9928057553956835
0.9291338582677166,0.9596078431372549,0.9888181735090682,1.0,0.64,0.9577464788732394
0.9672131147540983,0.9914720059325176,0.9971436843625583,1.0,0.8620689655172413,0.9789473684210527
0.9285714285714286,0.9948717948717949,0.9956055863890201,0.9833333333333333,0.8653846153846154,0.9365079365079365
0.9761904761904762,0.9852902547938008,0.9969031375515831,0.9929078014184397,0.8888888888888888,0.9859154929577465
0.9658119658119658,0.9976682211858761,0.9988527583897339,0.9620253164556962,0.9736842105263158,0.9743589743589743
0.972027972027972,0.9681159420289854,0.9933618267402519,1.0,0.8260869565217391,0.9836065573770492
0.959349593495935,0.9838345864661655,0.9945879320124472,0.9789473684210527,0.8928571428571429,0.9738219895287958
0.9662162162162162,0.9904375543320776,0.9975601577009656,0.9831932773109243,0.896551724137931,0.9790794979079498
0.9136690647482014,0.9765151515151514,0.9901980731667931,0.9595959595959596,0.8,0.9405940594059405
0.9305555555555556,0.9565972222222222,0.9902079627875326,0.9666666666666667,0.75,0.9586776859504132
0.954248366013072,0.982070707070707,0.9947883716770708,0.9833333333333333,0.8484848484848485,0.9711934156378601
0.9867549668874173,0.9937664041994752,0.9987671583854725,1.0,0.9166666666666666,0.9921875
0.9642857142857143,0.9981360671015844,0.999525841631105,0.9819819819819819,0.896551724137931,0.9775784753363229
0.9782608695652174,0.9952843273231623,0.9982811840700163,0.9805825242718447,0.9714285714285714,0.9853658536585366
0.95,0.9965062111801243,0.998974757126931,0.9782608695652174,0.8571428571428571,0.967741935483871
0.9295774647887324,0.9726247987117552,0.9931252224158136,0.991304347826087,0.6666666666666666,0.957983193277311
0.9586206896551724,0.9974143503555268,0.9994408745428415,0.9663865546218487,0.9230769230769231,0.9745762711864406
0.958041958041958,0.9983050847457626,0.9996402733192362,0.9576271186440678,0.96,0.9741379310344828
0.9405940594059405,0.995405179615706,0.9973223071441655,0.9682539682539683,0.8947368421052632,0.953125
0.9715909090909091,0.9918650793650795,0.9976794954069534,0.9857142857142858,0.9166666666666666,0.9822064056939501
0.952054794520548,0.9856321839080461,0.9961648183714384,0.9827586206896551,0.8333333333333334,0.9702127659574468
0.9236641221374046,0.9804945054945055,0.990552301056729,0.989010989010989,0.775,0.9473684210526315
0.9556962025316456,0.998475996951994,0.9996264763779528,0.952755905511811,0.967741935483871,0.9718875502008032
0.9166666666666666,0.9732561345464571,0.9883521716549122,0.989247311827957,0.7435897435897436,0.9435897435897436
0.9781021897810219,0.9994845360824741,0.9997917317504945,0.9896907216494846,0.95,0.9846153846153847
0.972972972972973,0.9947964493419039,0.9987984107116998,0.9834710743801653,0.9259259259259259,0.9834710743801653
0.9629629629629629,0.9842873176206509,0.993995528217388,1.0,0.8611111111111112,0.9753694581280788
0.9140625,0.9787312064539788,0.9942090569286186,0.9900990099009901,0.6296296296296297,0.9478672985781991
0.8991596638655462,0.9622448979591837,0.9836317971870523,0.9642857142857143,0.7428571428571429,0.9310344827586207
0.9396551724137931,0.9832055494706097,0.9927950151252175,0.9759036144578314,0.8484848484848485,0.9585798816568047
0.9338235294117647,0.9789330615018689,0.9944028598359118,0.9724770642201835,0.7777777777777778,0.9592760180995475
0.937984496124031,0.9715380405035577,0.9851083093151161,0.9770114942528736,0.8571428571428571,0.9550561797752809
0.9264705882352942,0.9777667984189723,0.9886930557695078,0.9782608695652174,0.8181818181818182,0.9473684210526315
0.9735099337748344,0.9869337979094077,0.9966764065604397,0.991869918699187,0.8928571428571429,0.9838709677419355
0.9473684210526315,0.9827868852459017,0.9956208948157839,0.9754098360655737,0.8333333333333334,0.967479674796748
0.935251798561151,0.9859617682198327,0.9957794816307269,0.9722222222222222,0.8064516129032258,0.958904109589041
0.9662162162162162,0.9809523809523809,0.9950438810277185,0.9916666666666667,0.8571428571428571,0.9794238683127572
0.9578313253012049,0.9816091954022989,0.9970478808477292,0.9724137931034482,0.8571428571428571,0.9757785467128027
0.9426229508196722,0.975,0.9907071295351233,0.967391304347826,0.8666666666666667,0.9621621621621622
0.927536231884058,0.9772544822049772,0.9910157397255273,0.9702970297029703,0.8108108108108109,0.9514563106796117
0.9193548387096774,0.9751633986928104,0.9900630064964642,0.9666666666666667,0.7941176470588235,0.9456521739130435
0.9523809523809523,0.9852459016393443,0.9967499458124449,0.9754098360655737,0.84,0.9714285714285714
0.9664429530201343,0.9932079414838035,0.9980017105927018,0.9741379310344828,0.9393939393939394,0.9783549783549783
0.9539473684210527,0.9796875,0.9940825660291288,0.9916666666666667,0.8125,0.9714285714285714
0.9154929577464789,0.9664570230607967,0.9875950067895448,0.9528301886792453,0.8055555555555556,0.9439252336448598
0.9664429530201343,0.9829457364341085,0.9969942559376057,0.9844961240310077,0.85,0.9806949806949807
0.9712643678160919,0.9955985915492958,0.9989675320287585,0.9788732394366197,0.9375,0.9823321554770318
0.958904109589041,0.9809523809523809,0.9967359209967315,0.9841269841269841,0.8,0.9763779527559056
0.9712230215827338,0.996031746031746,0.9990309528591732,0.9910714285714286,0.8888888888888888,0.9823008849557522
0.9083333333333333,0.9785052910052912,0.9907171611067067,0.9523809523809523,0.8055555555555556,0.935672514619883
0.9841269841269841,0.9969135802469136,0.9987186555328217,0.9888888888888889,0.9722222222222222,0.9888888888888889
0.9586206896551724,0.9810744810744811,0.9951972421049112,0.9829059829059829,0.8571428571428571,0.9745762711864406
0.9371069182389937,0.9731764705882353,0.9921438598695885,0.984,0.7647058823529411,0.9609375
0.9591836734693877,0.9811270600744284,0.9939417167912649,0.9912280701754386,0.8484848484848485,0.9741379310344828
0.9612903225806452,0.9878129117259552,0.9977447801107358,0.9848484848484849,0.8260869565217391,0.9774436090225563
0.9150326797385621,0.9708090075062553,0.9878110059431298,0.9724770642201835,0.7727272727272727,0.9422222222222222
0.9365079365079365,0.9843597262952102,0.9939247122805084,0.989247311827957,0.7878787878787878,0.9583333333333334
0.965034965034965,0.9854237288135593,0.9965133549503987,0.9745762711864406,0.92,0.9787234042553191
0.9357142857142857,0.9851988899167438,0.992713147977421,0.9893617021276596,0.8260869565217391,0.9538461538461539
0.9651162790697675,0.992018779342723,0.9982685318030247,0.9859154929577465,0.8666666666666667,0.9790209790209791
0.9657534246575342,0.998095238095238,0.9996879379844963,0.992,0.8095238095238095,0.9802371541501976
0.9624060150375939,0.9939911448450347,0.9980840091835832,0.9901960784313726,0.8709677419354839,0.9758454106280193
0.9642857142857143,0.997974537037037,0.9994075979925037,0.9722222222222222,0.9375,0.9767441860465116
0.9328358208955224,0.961894586894587,0.9897406356363481,0.9722222222222222,0.7692307692307693,0.958904109589041
0.9565217391304348,0.99,0.9981567890173169,0.9852941176470589,0.8,0.9745454545454545
0.9568345323741008,0.9650537634408602,0.9890629709635035,1.0,0.8064516129032258,0.972972972972973
0.9375,0.9855606758832566,0.9941433745410198,0.989247311827957,0.8,0.9583333333333334
0.9153846153846154,0.9666802112962211,0.9924368054280128,0.9626168224299065,0.6956521739130435,0.9493087557603687
0.9754098360655737,1.0,1.0,1.0,0.8636363636363636,0.9852216748768473
0.9022556390977443,0.9730134932533733,0.985694844167722,0.9655172413793104,0.782608695652174,0.9281767955801105
0.9491525423728814,0.9893226559893227,0.995083318871206,0.9876543209876543,0.8648648648648649,0.963855421686747
0.9618320610687023,0.9983277591973244,0.9993135011441647,0.9782608695652174,0.9230769230769231,0.972972972972973
0.9493670886075949,0.9881157753498179,0.9945974730256208,0.9819819819819819,0.8723404255319149,0.9646017699115044
0.873015873015873,0.9588477366255144,0.9769393462389999,0.9506172839506173,0.7333333333333333,0.9058823529411765
0.9403973509933775,0.982794042116076,0.9946649596729944,0.9745762711864406,0.8181818181818182,0.9623430962343096
0.9366197183098591,0.9701417004048584,0.9884471346208118,0.9903846153846154,0.7894736842105263,0.958139534883721
0.9933774834437086,1.0,1.0,1.0,0.9523809523809523,0.9961685823754789
0.950354609929078,0.9873737373737373,0.9960240026850012,0.9629629629629629,0.9090909090909091,0.9674418604651163
0.95,0.9771515613099772,0.9904292081650456,0.9900990099009901,0.8461538461538461,0.966183574879227
0.957983193277311,0.9902818270165209,0.997840920455483,0.9795918367346939,0.8571428571428571,0.9746192893401016
0.9672131147540983,0.9927750410509031,0.9970606949264624,0.9885057471264368,0.9142857142857143,0.9772727272727273
0.9435483870967742,0.9877600979192166,0.9943770705293224,1.0,0.8157894736842105,0.9608938547486033
0.9473684210526315,0.984819734345351,0.9949931875930604,0.9803921568627451,0.8387096774193549,0.966183574879227
0.9452054794520548,0.9849358974358974,0.9965495904197093,0.9666666666666667,0.8461538461538461,0.9666666666666667
0.9556962025316456,0.9762510602205259,0.9947677936346369,0.9847328244274809,0.8148148148148148,0.9735849056603774
0.9631901840490797,0.9733295901179113,0.9940876106444754,0.9927007299270073,0.8076923076923077,0.9784172661870504
0.9635036496350365,0.9974789915966387,0.9991397465445303,0.9901960784313726,0.8857142857142857,0.9758454106280193
0.9583333333333334,0.985007496251874,0.9961149455643578,0.991304347826087,0.8275862068965517,0.9743589743589743
0.9652777777777778,0.9969028261711188,0.9994743609331335,0.975609756097561,0.9047619047619048,0.9795918367346939
0.9758064516129032,0.9916515426497278,0.9973847372209973,1.0,0.896551724137931,0.9844559585492227
0.9683544303797469,0.9913479052823316,0.9973495228814218,1.0,0.8611111111111112,0.9799196787148594
0.9705882352941176,0.9958921694480103,0.9982048619909347,0.9789473684210527,0.9512195121951219,0.9789473684210527
0.8896551724137931,0.9430312665606784,0.9810622027453478,0.972972972972973,0.6176470588235294,0.9310344827586207
0.9432624113475178,0.9765765765765767,0.9933948081227416,0.990990990990991,0.7666666666666667,0.9649122807017544
0.9433962264150944,0.9698507462686567,0.9940661129661549,0.9850746268656716,0.72,0.967032967032967
0.9210526315789473,0.970556161395856,0.9950162920835156,0.9465648854961832,0.7619047619047619,0.9538461538461539
0.95,0.98175,0.9917259536220202,0.99,0.85,0.9658536585365853
0.9152542372881356,0.9684959349593495,0.9840360219759847,0.9878048780487805,0.75,0.9418604651162791
0.9608938547486033,0.9883040935672515,0.9977667630185598,0.993421052631579,0.7777777777777778,0.9773462783171522
0.972027972027972,0.9751552795031055,0.99318679837545,0.991304347826087,0.8928571428571429,0.9827586206896551
0.9538461538461539,0.9936969032611674,0.9970077995046873,0.9775280898876404,0.9024390243902439,0.9666666666666667
0.9366197183098591,0.9663690476190476,0.9894145163786721,0.9732142857142857,0.8,0.960352422907489
0.9805194805194806,0.9987179487179487,0.9997628479119418,0.9846153846153847,0.9583333333333334,0.9884169884169884
0.9726027397260274,0.9970238095238095,0.9987664045513792,0.9807692307692307,0.9523809523809523,0.9807692307692307
0.9932885906040269,1.0,1.0000000000000002,1.0,0.9565217391304348,0.9960474308300395
0.9477611940298507,0.9694850603941513,0.9966278250439077,0.9752066115702479,0.6923076923076923,0.9711934156378601
0.9763779527559056,0.9946686976389946,0.9985918116199778,0.9900990099009901,0.9230769230769231,0.9852216748768473
0.9545454545454546,0.9869767441860465,0.9973855884199566,0.9844961240310077,0.8,0.9731800766283525
0.9774436090225563,0.9993527508090615,0.9998123871603936,0.9805825242718447,0.9666666666666667,0.9853658536585366
0.9652777777777778,0.9983258928571428,0.9995341614906832,0.9821428571428571,0.90625,0.9777777777777777
0.9580838323353293,0.9839671886651753,0.998002746667439,0.9731543624161074,0.8333333333333334,0.9764309764309764
0.9057971014492754,0.9760526315789474,0.990529335443964,0.96,0.7631578947368421,0.9365853658536586
0.9705882352941176,0.9923418972332017,0.9961447566885557,1.0,0.9090909090909091,0.9787234042553191
0.9615384615384616,0.9853883619584722,0.9909554231862383,1.0,0.8936170212765957,0.9707602339181286
0.9647887323943662,0.990789146128952,0.996298901275243,0.9902912621359223,0.8974358974358975,0.9760765550239234
0.8940397350993378,0.9665792922673656,0.9862736581352214,0.9357798165137615,0.7857142857142857,0.9272727272727272
0.9625,0.9974611234528722,0.9995775813870157,0.9708029197080292,0.9130434782608695,0.9779411764705882
0.951048951048951,0.982843137254902,0.9960148070335129,0.957983193277311,0.9166666666666666,0.9702127659574468
0.9545454545454546,0.9814375134901792,0.9929257534913882,0.9911504424778761,0.8536585365853658,0.9696969696969697
0.9411764705882353,0.9891774891774892,0.9940132661340731,0.974025974025974,0.8809523809523809,0.9554140127388535
0.9496402877697842,0.9877675840978594,0.9964746932336797,0.9908256880733946,0.8,0.968609865470852
0.9655172413793104,0.9869146005509641,0.9972887826915973,0.9834710743801653,0.875,0.9794238683127572
0.9230769230769231,0.9644970414201183,0.9849213894043661,0.9807692307692307,0.7692307692307693,0.9488372093023256
0.967741935483871,0.9941643323996265,0.9981659022609073,0.9831932773109243,0.9166666666666666,0.9790794979079498
0.9655172413793104,0.9984496124031008,0.9994832041343669,1.0,0.8666666666666667,0.9772727272727273
0.927007299270073,0.9791891891891892,0.9919902894848263,0.98,0.7837837837837838,0.9514563106796117
0.9473684210526315,0.9885321100917431,0.9973853172065648,0.9908256880733946,0.75,0.968609865470852
0.952755905511811,0.9900990099009901,0.9972561324244984,1.0,0.7692307692307693,0.9711538461538461
0.9338235294117647,0.9792728508324838,0.9947167779413915,0.981651376146789,0.7407407407407407,0.9596412556053812
0.9415584415584416,0.9889807162534435,0.9969204117517618,0.9834710743801653,0.7878787878787878,0.9635627530364372
0.9568965517241379,0.9976052001368457,0.9988504776279592,1.0,0.8648648648648649,0.9693251533742331
0.9473684210526315,0.9936758893280633,0.9987136183974127,0.9818181818181818,0.782608695652174,0.968609865470852
0.9583333333333334,0.9928315412186379,0.9978792993095168,0.989247311827957,0.8518518518518519,0.9735449735449735
0.9662162162162162,0.990301724137931,0.9970767294491112,1.0,0.84375,0.9789029535864979
0.9586776859504132,0.9870445344129555,0.9960654124815452,0.9894736842105263,0.8461538461538461,0.9740932642487047
0.940677966101695,0.9926470588235294,0.9970886735049296,0.9642857142857143,0.8823529411764706,0.9585798816568047
0.9290780141843972,0.9813813813813813,0.9945801510085149,0.963963963963964,0.8,0.9553571428571429
0.9642857142857143,0.9932500000000001,0.9972316417243137,0.99,0.9,0.9753694581280788
0.952054794520548,0.9965517241379309,0.9991117277166995,0.9568965517241379,0.9333333333333333,0.9694323144104804
0.9591836734693877,0.9874661246612466,0.9974507495921792,0.975609756097561,0.875,0.975609756097561
0.9483870967741935,0.9750769230769231,0.9947546375714531,0.9769230769230769,0.8,0.9694656488549618
0.9393939393939394,0.9873949579831932,0.9954627063292506,0.9897959183673469,0.7941176470588235,0.9603960396039604
0.9444444444444444,0.9718785151856018,0.9915439972304718,0.984251968503937,0.8,0.9652509652509652
0.984,1.0,0.9999999999999999,0.9770114942528736,1.0,0.9883720930232558
0.9451219512195121,0.9667477696674777,0.9926291802991029,0.9854014598540146,0.7407407407407407,0.967741935483871
0.9407407407407408,0.9831795984807379,0.9929880171133113,0.9896907216494846,0.8157894736842105,0.96
0.9375,0.9845413947097217,0.990525924631471,0.9859154929577465,0.8536585365853658,0.9523809523809523
0.9925925925925926,1.0,0.9999999999999998,1.0,0.96,0.995475113122172
0.9694656488549618,0.9948453608247423,0.9981153109205866,0.9896907216494846,0.9117647058823529,0.9795918367346939
0.9386503067484663,0.9894042383046782,0.9963314711271478,0.9672131147540983,0.8536585365853658,0.959349593495935
0.9483870967741935,0.9856919875130074,0.9962131632939015,0.9758064516129032,0.8387096774193549,0.968
0.940677966101695,0.9929361179361179,0.9958587342465515,0.9864864864864865,0.8636363636363636,0.954248366013072
0.9787234042553191,1.0,1.0,0.972972972972973,1.0,0.9863013698630136
0.9171974522292994,0.9803921568627451,0.994446211496373,0.983739837398374,0.6764705882352942,0.9490196078431372
0.9867549668874173,0.9992753623188406,0.9997738087477999,0.991304347826087,0.9722222222222222,0.991304347826087
0.9567901234567902,0.9874733475479743,0.9972427942694552,0.9776119402985075,0.8571428571428571,0.9739776951672863
0.9383561643835616,0.9885940986858418,0.9960721659167366,0.963302752293578,0.8648648648648649,0.958904109589041
0.9705882352941176,0.9958333333333333,0.9984900973270807,0.99,0.9166666666666666,0.9801980198019802
0.9699248120300752,0.9949494949494949,0.998179694289493,0.9797979797979798,0.9411764705882353,0.9797979797979798
0.9629629629629629,0.998421052631579,0.9993522096847423,0.9789473684210527,0.925,0.9738219895287958
0.9618320610687023,0.9878324844368988,0.994864372272392,1.0,0.868421052631579,0.9738219895287958
0.9347826086956522,0.984743411927878,0.9946742738411466,0.970873786407767,0.8285714285714286,0.9569377990430622
0.9294871794871795,0.9814814814814815,0.9954803216953392,0.9682539682539683,0.7666666666666667,0.9568627450980393
0.9375,0.976936936936937,0.9880388778718137,0.9866666666666667,0.8378378378378378,0.9548387096774194
0.9541984732824428,0.9959432048681541,0.9988443211280582,0.9607843137254902,0.9310344827586207,0.9702970297029703
0.9689922480620154,0.9879310344827587,0.9962069032036716,0.99,0.896551724137931,0.9801980198019802
0.9473684210526315,0.9938063063063063,0.9976422834545258,0.96875,0.8918918918918919,0.9637305699481865
0.9712230215827338,0.9943502824858756,0.9989652106900759,0.9830508474576272,0.9047619047619048,0.9830508474576272
0.9602649006622517,0.9989648033126294,0.9995670995670994,0.9904761904761905,0.8913043478260869,0.9719626168224299
0.9027777777777778,0.9660427807486632,0.9891071685061356,0.9727272727272728,0.6764705882352942,0.9385964912280702
0.9214285714285714,0.9615151515151515,0.9889058073075734,0.9727272727272728,0.7333333333333333,0.9511111111111111
0.9361702127659575,0.9695197044334976,0.9915329181409298,0.9910714285714286,0.7241379310344828,0.961038961038961
0.9760479041916168,0.9795918367346939,0.9969551288034187,0.9931972789115646,0.85,0.9864864864864865
0.9548872180451128,0.9829931972789117,0.9964928733603154,0.9821428571428571,0.8095238095238095,0.9734513274336283
0.965034965034965,0.9880952380952381,0.9975053262430856,0.9915966386554622,0.8333333333333334,0.979253112033195
0.9214285714285714,0.9825080068982509,0.9923988000684907,0.9595959595959596,0.8292682926829268,0.945273631840796
0.9513888888888888,0.9841079460269865,0.995718433466208,0.9826086956521739,0.8275862068965517,0.9699570815450643
0.965034965034965,0.9919354838709677,0.997635237144447,0.9910714285714286,0.8709677419354839,0.9779735682819384
0.9105691056910569,0.9801718440185062,0.9921851256505971,0.9662921348314607,0.7647058823529411,0.9398907103825137
0.9523809523809523,0.9815384615384615,0.9964967110717049,0.972027972027972,0.84,0.972027972027972
0.9605263157894737,0.9882862235803412,0.9965922608232061,0.9831932773109243,0.8787878787878788,0.975
0.9254658385093167,0.9681081081081081,0.9840644424359639,0.972972972972973,0.82,0.9473684210526315
0.9517241379310345,0.9825774336283186,0.9947129209665275,0.9823008849557522,0.84375,0.9694323144104804
0.9548872180451128,0.9897849462365591,0.995300652003257,0.978494623655914,0.9,0.9680851063829787
0.9180327868852459,0.976155431262879,0.9872087566546017,1.0,0.7674418604651163,0.9404761904761905
0.9205298013245033,0.9645669291338582,0.9928339242885025,0.9606299212598425,0.7083333333333334,0.953125
0.975,0.9929534313725491,0.998734206920452,0.9926470588235294,0.875,0.9854014598540146
0.9647887323943662,0.998256320836966,0.9995258416311048,0.9819819819819819,0.9032258064516129,0.9775784753363229
0.9517241379310345,0.9866666666666666,0.9970172708121419,0.9833333333333333,0.8,0.9711934156378601
0.948051948051948,0.9792520491803278,0.9941231229816032,0.9754098360655737,0.84375,0.967479674796748
0.946969696969697,0.9950617283950618,0.9987494533043939,0.9619047619047619,0.8888888888888888,0.9665071770334929
0.9848484848484849,0.995588640749931,0.9980324072859452,1.0,0.9487179487179487,0.9893617021276596
0.9637681159420289,0.9915586373228821,0.9974555938225669,0.9906542056074766,0.8709677419354839,0.9769585253456221
0.9337748344370861,0.9865591397849462,0.9962787120486974,0.9833333333333333,0.7419354838709677,0.959349593495935
0.9136690647482014,0.9608150470219435,0.98918506032855,0.9727272727272728,0.6896551724137931,0.9469026548672567
0.9473684210526315,0.9857673267326732,0.995317973344648,0.9801980198019802,0.84375,0.9658536585365853
0.952,0.992063492063492,0.9978011410037239,0.9897959183673469,0.8148148148148148,0.97
0.967741935483871,0.9911077235772358,0.997465836306109,0.983739837398374,0.90625,0.979757085020243
0.935251798561151,0.982200647249191,0.9932280379086078,0.9611650485436893,0.8611111111111112,0.9565217391304348
0.96045197740113,0.9918452935694315,0.9982954374952862,0.9662162162162162,0.9310344827586207,0.9761092150170648
0.9731543624161074,0.9913793103448275,0.9974360983750274,0.9913793103448276,0.9090909090909091,0.9829059829059829
0.9761904761904762,0.9993055555555556,0.9997874149659863,0.9895833333333334,0.9333333333333333,0.9844559585492227
0.959349593495935,0.9878136200716846,0.9958056538857332,0.967741935483871,0.9333333333333333,0.972972972972973
0.9562043795620438,0.9878318584070797,0.9972007617913536,0.9646017699115044,0.9166666666666666,0.9732142857142857
0.9645390070921985,0.9982798165137614,0.9995063051255713,0.981651376146789,0.90625,0.9771689497716894
0.959731543624161,0.9974358974358974,0.9991095017802283,0.9818181818181818,0.8974358974358975,0.972972972972973
0.9672131147540983,0.9902882205513786,0.9952249729023266,1.0,0.8947368421052632,0.9767441860465116
0.916083916083916,0.9719764011799411,0.9919350892866489,0.9469026548672567,0.8,0.9469026548672567
0.9534883720930233,0.9848236259228877,0.9962656166351375,0.9905660377358491,0.782608695652174,0.9722222222222222
0.9770992366412213,0.9991341991341991,0.9998361998361998,1.0,0.8571428571428571,0.9865470852017937
0.9312977099236641,0.9817136886102403,0.9896536269420735,0.9655172413793104,0.8636363636363636,0.9491525423728814
0.961038961038961,0.9910388317291736,0.9983802376420036,0.9770992366412213,0.8695652173913043,0.9770992366412213
0.9542857142857143,0.9865556978233034,0.9966476764289047,0.9859154929577465,0.8181818181818182,0.9722222222222222
0.9568345323741008,0.994026284348865,0.9982195885158685,0.9629629629629629,0.9354838709677419,0.9719626168224299
0.9708029197080292,0.9883449883449883,0.9960057032016146,0.9903846153846154,0.9090909090909091,0.9809523809523809
0.9777777777777777,0.997876213592233,0.999339967961689,0.9902912621359223,0.9375,0.9855072463768116
0.9570552147239264,0.9910714285714286,0.9974004323757532,0.9765625,0.8857142857142857,0.9727626459143969
0.9617834394904459,0.9850498338870431,0.9966105704976853,0.9922480620155039,0.8214285714285714,0.9770992366412213
0.971830985915493,0.9951690821256038,0.9988632857159653,0.991304347826087,0.8888888888888888,0.9827586206896551
0.9159663865546218,0.9782608695652174,0.9933441555878808,0.9782608695652174,0.7037037037037037,0.9473684210526315
0.9629629629629629,0.9982305358948433,0.9991904037828866,0.9782608695652174,0.9302325581395349,0.972972972972973
0.9655172413793104,0.9940035273368608,0.9972920309274225,0.9753086419753086,0.9428571428571428,0.9753086419753086
0.9652173913043478,0.9891067538126362,0.9952764711545292,1.0,0.8823529411764706,0.9759036144578314
0.9508196721311475,0.9909278350515465,0.9976428886477918,0.979381443298969,0.84,0.9693877551020408
0.9285714285714286,0.9855784988528351,0.9965683096555941,0.9734513274336283,0.7407407407407407,0.9565217391304348
0.9849624060150376,0.9892163910855499,0.9971348380967469,1.0,0.9230769230769231,0.9907407407407407
0.9259259259259259,0.9731416169289202,0.988367255798844,0.979381443298969,0.7894736842105263,0.95
0.9507042253521126,0.9838068181818181,0.9951426917492028,0.9818181818181818,0.84375,0.968609865470852
0.9559748427672956,0.9906204906204906,0.9975115432289446,0.9841269841269841,0.8484848484848485,0.9725490196078431
0.9140625,0.9501283461679502,0.9848149894650733,0.9702970297029703,0.7037037037037037,0.9468599033816425
0.9714285714285714,0.989158163265306,0.9971489510959485,0.9821428571428571,0.9285714285714286,0.9821428571428571
0.9606299212598425,0.9980263157894737,0.9993488876831254,0.968421052631579,0.9375,0.9735449735449735
0.98,0.9995031055900621,0.9998513563730953,0.991304347826087,0.9428571428571428,0.987012987012987
0.9491525423728814,0.9964285714285713,0.9989247311827958,0.9666666666666667,0.8928571428571429,0.9666666666666667
0.9659863945578231,0.98989898989899,0.9967490998557851,0.9736842105263158,0.9393939393939394,0.9779735682819384
0.9342105263157895,0.9636941229861583,0.9860832075396924,0.9823008849557522,0.7948717948717948,0.9568965517241379
0.9487179487179487,0.9962490622655664,0.998690185132295,0.9767441860465116,0.8709677419354839,0.9655172413793104
0.9533333333333334,0.9936612576064908,0.9980382489142005,0.9568965517241379,0.9411764705882353,0.9694323144104804
0.9375,0.975341796875,0.993434950605704,0.96875,0.8125,0.9612403100775194
0.9664429530201343,0.9887468030690537,0.9964258011213541,1.0,0.8529411764705882,0.9787234042553191
0.9166666666666666,0.9833068362480126,0.9922696771485018,0.9864864864864865,0.7647058823529411,0.9419354838709677
0.9523809523809523,0.9806267806267807,0.9946237524615195,0.9914529914529915,0.8,0.9707112970711297
0.8861788617886179,0.9737951807228915,0.9876036083694679,0.963855421686747,0.725,0.9195402298850575
0.968,0.9981103552532125,0.9994875884665286,0.9897959183673469,0.8888888888888888,0.9797979797979798
0.9421487603305785,0.9758953168044077,0.9902872440364621,0.9772727272727273,0.8484848484848485,0.9608938547486033
0.9492753623188406,0.9797532426447327,0.9940060089569956,1.0,0.7586206896551724,0.9688888888888889
0.9602649006622517,0.9862258953168044,0.9963440072815064,0.9752066115702479,0.9,0.9752066115702479
0.9574468085106383,0.9884960718294051,0.9960340816826221,0.9907407407407407,0.8484848484848485,0.9727272727272728
0.9607843137254902,0.990006056935191,0.9977955010717567,0.9763779527559056,0.8846153846153846,0.9763779527559056
0.9591836734693877,0.9838625715773035,0.994788957992015,0.9823008849557522,0.8823529411764706,0.9736842105263158
0.9689922480620154,0.9988432620011568,0.9995247856397925,0.978021978021978,0.9473684210526315,0.978021978021978
0.9461538461538461,0.9791666666666666,0.9898960358780943,0.9777777777777777,0.875,0.9617486338797814
0.9452054794520548,0.9946949602122016,0.9987014761311436,0.9572649572649573,0.896551724137931,0.9655172413793104
0.9512195121951219,0.9905372405372406,0.9954456894140686,0.9761904761904762,0.8974358974358975,0.9647058823529412
0.9224806201550387,0.9809922680412372,0.9932744691047939,0.9484536082474226,0.84375,0.9484536082474226
0.9130434782608695,0.9313274336283186,0.9827908334335405,0.9734513274336283,0.64,0.9482758620689655
0.937984496124031,0.9870786516853933,0.9939232486699743,0.9887640449438202,0.825,0.9565217391304348
0.9732142857142857,0.9986583184257604,0.9996005211662324,0.9883720930232558,0.9230769230769231,0.9826589595375722
0.948051948051948,0.983673469387755,0.9948735503011348,0.9915966386554622,0.8,0.9672131147540983
0.9315068493150684,0.9814963797264682,0.9944703500384493,0.9734513274336283,0.7878787878787878,0.9565217391304348
0.9586776859504132,0.9913978494623655,0.9968210204511767,0.9777777777777777,0.9032258064516129,0.9723756906077348
0.9477611940298507,0.9927992799279928,0.9975921218225683,0.9801980198019802,0.8484848484848485,0.9658536585365853
0.9320987654320988,0.9621399176954732,0.9918011117046632,0.9777777777777777,0.7037037037037037,0.96
0.8981481481481481,0.9665413533834587,0.9805770093594492,0.9857142857142858,0.7368421052631579,0.9261744966442953
0.9436619718309859,0.9807750991760757,0.9945074370675318,0.9646017699115044,0.8620689655172413,0.9646017699115044
0.9657142857142857,0.9839958699019102,0.9969996299689976,0.9932885906040269,0.8076923076923077,0.9801324503311258
0.9426751592356688,0.9853372434017597,0.9959533957826505,0.9838709677419355,0.7878787878787878,0.9644268774703557
0.9917355371900827,1.0,1.0,0.9876543209876543,1.0,0.9937888198757764
0.9741935483870968,0.9879077615298087,0.9971689792442587,0.9921259842519685,0.8928571428571429,0.984375
0.9496402877697842,0.9843668577384054,0.9935606614861568,0.9900990099009901,0.8421052631578947,0.966183574879227
0.9349593495934959,0.988961038961039,0.9953855702811297,0.9431818181818182,0.9142857142857143,0.9540229885057471
0.9236641221374046,0.9807302231237323,0.9942708615542111,0.9509803921568627,0.8275862068965517,0.9509803921568627
0.9562043795620438,0.9952904238618524,0.9981083760541986,0.9795918367346939,0.8974358974358975,0.9696969696969697
0.9337748344370861,0.9835585585585586,0.9938004536140214,0.990990990990991,0.775,0.9565217391304348
0.9733333333333334,0.9961111111111112,0.9990156736301031,0.9916666666666667,0.9,0.9834710743801653
0.9576719576719577,0.9926303854875284,0.9990810496573937,0.9761904761904762,0.8095238095238095,0.9761904761904762
0.9219858156028369,0.9739397036280021,0.9901407496747805,0.9805825242718447,0.7631578947368421,0.9483568075117371
0.9230769230769231,0.9780788177339902,0.9953013807303098,0.9642857142857143,0.7241379310344828,0.9540636042402827
0.9513888888888888,0.9921363040629095,0.9974542645345701,0.9724770642201835,0.8857142857142857,0.9680365296803652
0.9432624113475178,0.99,0.9978077620848265,0.9913793103448276,0.72,0.9663865546218487
0.9754098360655737,0.9993055555555556,0.9997544430877763,0.9777777777777777,0.96875,0.9832402234636871
0.9552238805970149,0.9942434210526316,0.9976432337477712,0.9791666666666666,0.8947368421052632,0.9690721649484536
0.958904109589041,0.9975256274301874,0.9995322829536912,0.959349593495935,0.9565217391304348,0.9752066115702479
0.9264705882352942,0.9814009661835749,0.9902232946327864,0.9777777777777777,0.8260869565217391,0.946236559139785
0.98,0.9968919968919969,0.999098224275169,0.9914529914529915,0.9393939393939394,0.9872340425531915
0.95,0.9880124670342844,0.9944496123424447,0.979381443298969,0.8837209302325582,0.9644670050761421
0.9490445859872612,0.9878220140515223,0.9961324708872941,0.9672131147540983,0.8857142857142857,0.9672131147540983
0.9722222222222222,0.9979166666666667,0.9995803761809154,0.975,0.9583333333333334,0.9831932773109243
0.9681528662420382,0.9981818181818182,0.9996590737771199,0.9772727272727273,0.92,0.9809885931558935
0.9659863945578231,0.9919312857886518,0.9973746337525172,0.9911504424778761,0.8823529411764706,0.9781659388646288
0.9692307692307692,0.9836666666666667,0.9946524870027711,1.0,0.8666666666666667,0.9803921568627451
0.9681528662420382,0.9927944862155389,0.9986484933739671,0.9924812030075187,0.8333333333333334,0.9814126394052045
0.9426751592356688,0.9816345270890725,0.9942643828605988,0.9834710743801653,0.8055555555555556,0.9635627530364372
0.9558823529411765,0.9945633707101598,0.9986195094236827,0.963302752293578,0.9259259259259259,0.9722222222222222
0.9666666666666667,0.9972014925373134,0.9996691379702793,0.9776119402985075,0.875,0.9812734082397003
0.9577464788732394,0.9785115303983228,0.9914420169153769,0.9905660377358491,0.8611111111111112,0.9722222222222222
0.9069767441860465,0.9671732522796354,0.9871441762974243,0.9574468085106383,0.7714285714285715,0.9375
0.9440559440559441,0.9893018018018018,0.9967905335481568,0.972972972972973,0.84375,0.9642857142857143
0.9492753623188406,0.9833166499833167,0.9957328135455558,0.972972972972973,0.8518518518518519,0.968609865470852
0.9272727272727272,0.9759085340955492,0.9898577722801128,1.0,0.7419354838709677,0.9518072289156626
0.958041958041958,0.9879789631855748,0.9976400172869314,0.9917355371900827,0.7727272727272727,0.975609756097561
0.959731543624161,0.9885149572649573,0.996485869994761,0.9829059829059829,0.875,0.9745762711864406
0.963963963963964,0.9975352112676056,0.9985731198244838,1.0,0.9,0.9726027397260274
0.9064748201438849,0.9625641025641026,0.9847500943966558,0.97,0.7435897435897436,0.9371980676328503
0.95,0.9913553565915406,0.9953383598823972,1.0,0.8536585365853658,0.9634146341463414
0.961038961038961,0.9879032258064516,0.9966745118197224,0.9838709677419355,0.8666666666666667,0.976
0.9655172413793104,0.9869146005509641,0.9971061906715946,0.9752066115702479,0.9166666666666666,0.979253112033195
0.9731543624161074,0.9991145218417946,0.999795655810485,0.9752066115702479,0.9642857142857143,0.9833333333333333
0.9280575539568345,0.9863552266419982,0.9927500766362083,0.9782608695652174,0.8297872340425532,0.9473684210526315
0.9435483870967742,0.9943181818181819,0.997694811956261,0.9659090909090909,0.8888888888888888,0.96045197740113
0.9945945945945946,1.0,1.0,1.0,0.9565217391304348,0.9969230769230769
0.9793103448275862,0.9994994994994996,0.9998293187853161,0.9814814814814815,0.972972972972973,0.986046511627907
0.9215686274509803,0.9646564508156203,0.9889219942426426,0.9663865546218487,0.7647058823529411,0.9504132231404959
0.9290780141843972,0.9836582568807339,0.9949608820873816,0.963302752293578,0.8125,0.9545454545454546
0.9793103448275862,0.9992872416250891,0.9998661737490797,0.9836065573770492,0.9565217391304348,0.9876543209876543
0.9401197604790419,0.954696394686907,0.9888870934074677,0.9852941176470589,0.7419354838709677,0.9640287769784173
0.9315068493150684,0.9741935483870967,0.992550021807429,0.9739130434782609,0.7741935483870968,0.9572649572649573
0.9545454545454546,0.9920634920634921,0.9981805625074303,0.9841269841269841,0.8214285714285714,0.9725490196078431
0.9602649006622517,0.986984126984127,0.9972607705003057,0.9920634920634921,0.8,0.9765625
0.9819277108433735,0.9968025579536371,0.9993683203890552,0.9928057553956835,0.9259259259259259,0.989247311827957
0.9708029197080292,0.9824915824915825,0.9953292906799021,0.990909090909091,0.8888888888888888,0.9819819819819819
0.9264705882352942,0.9795918367346939,0.991707330111483,0.9897959183673469,0.7631578947368421,0.9509803921568627
0.9375,0.9855309855309855,0.9955761092311396,0.963963963963964,0.8484848484848485,0.9596412556053812
0.9398496240601504,0.9791666666666667,0.9915809626266875,0.9791666666666666,0.8378378378378378,0.9591836734693877
0.9545454545454546,0.9828381147540983,0.9952465013613075,0.9918032786885246,0.8125,0.9718875502008032
0.9328859060402684,0.9850427350427351,0.9957674301379876,0.9658119658119658,0.8125,0.9576271186440678
0.9692307692307692,0.9971883786316775,0.9990552033333261,1.0,0.8787878787878788,0.9797979797979798
0.9568345323741008,0.9949223416965352,0.9985340230228053,0.9722222222222222,0.9032258064516129,0.9722222222222222
0.968,0.9988662131519275,0.9996969084663568,0.9897959183673469,0.8888888888888888,0.9797979797979798
0.8923076923076924,0.96803254867771,0.9867853987585442,0.956989247311828,0.7297297297297297,0.9270833333333334
0.9398496240601504,0.9880636604774536,0.9963788602067586,0.9903846153846154,0.7586206896551724,0.9626168224299065
0.9492753623188406,0.9839506172839506,0.99525034997225,0.9814814814814815,0.8333333333333334,0.9680365296803652
0.9767441860465116,0.9923923923923923,0.9977371560854336,0.9925925925925926,0.918918918918919,0.9852941176470589
0.9574468085106383,0.9778924097273397,0.9953356477693384,1.0,0.7391304347826086,0.9752066115702479
0.905511811023622,0.9772727272727272,0.9936294762213016,0.9595959595959596,0.7142857142857143,0.9405940594059405
0.9403973509933775,0.9745879120879122,0.9904785823602231,0.9910714285714286,0.7948717948717948,0.961038961038961
0.9647887323943662,0.9974326059050064,0.9996113046844756,0.983739837398374,0.8421052631578947,0.979757085020243
0.9540229885057471,0.9786111111111111,0.9963772887309679,0.98,0.7916666666666666,0.9735099337748344
0.9536423841059603,0.9826446280991736,0.9953751227846062,0.9834710743801653,0.8333333333333334,0.9714285714285714
0.9285714285714286,0.9734380845491957,0.991891063299455,0.9494949494949495,0.8518518518518519,0.9543147208121827
0.9411764705882353,0.9818181818181818,0.9955799243042301,1.0,0.6923076923076923,0.9649122807017544
0.9466666666666667,0.9669421487603306,0.9912589057681275,0.9834710743801653,0.7931034482758621,0.967479674796748
0.951048951048951,0.9859223300970874,0.9942421359837622,0.970873786407767,0.9,0.966183574879227
0.958904109589041,0.9852941176470589,0.9952423991440423,0.9821428571428571,0.8823529411764706,0.9734513274336283
0.972027972027972,0.9875776397515529,0.996615397509668,0.991304347826087,0.8928571428571429,0.9827586206896551
0.9470198675496688,0.9758064516129032,0.994155530630228,0.9758064516129032,0.8148148148148148,0.968
0.9698795180722891,0.9813762626262625,0.9969065285654148,0.9861111111111112,0.8636363636363636,0.9826989619377162
0.9344262295081968,0.9782754010695187,0.991148765460583,0.9886363636363636,0.7941176470588235,0.9560439560439561
0.8905109489051095,0.9586122945830797,0.9874108684028605,0.9433962264150944,0.7096774193548387,0.9302325581395349
0.9724137931034482,0.98,0.9965507211771444,0.984,0.9,0.984
0.9534883720930233,0.9846153846153846,0.9928107080663557,0.9777777777777777,0.8974358974358975,0.967032967032967
0.9097222222222222,0.9661479661479662,0.9892465571847836,0.990990990990991,0.6363636363636364,0.944206008583691
0.9481481481481482,0.9943542695836274,0.9986855226660332,0.981651376146789,0.8076923076923077,0.9683257918552036
0.9712230215827338,0.9918495297805643,0.9976867830591191,0.9818181818181818,0.9310344827586207,0.9818181818181818
0.9765625,0.9993742177722152,0.9997748445355126,0.9787234042553191,0.9705882352941176,0.983957219251337
0.9375,0.9833105335157318,0.9912497501456121,0.9882352941176471,0.8372093023255814,0.9545454545454546
0.9337748344370861,0.9583139264089426,0.9844409906945546,0.9911504424778761,0.7631578947368421,0.9572649572649573
0.9516129032258065,0.9966340269277846,0.9985560115519078,0.9767441860465116,0.8947368421052632,0.9655172413793104
0.9230769230769231,0.9816176470588235,0.9934933340699971,0.9791666666666666,0.7647058823529411,0.9494949494949495
0.986013986013986,1.0,1.0,0.9819819819819819,1.0,0.990909090909091
0.9415584415584416,0.9684926602219835,0.9945042906220749,0.9699248120300752,0.7619047619047619,0.9662921348314607
0.9473684210526315,0.9770491803278688,0.9939489483963758,0.9836065573770492,0.8,0.967741935483871
0.9304347826086956,0.9915654520917678,0.995696655994587,0.9736842105263158,0.8461538461538461,0.9487179487179487
0.9404761904761905,0.984412955465587,0.9952431269677989,0.9846153846153847,0.7894736842105263,0.9624060150375939
0.9726027397260274,0.989367816091954,0.9969621003397487,0.9913793103448276,0.9,0.9829059829059829
0.9473684210526315,0.9933035714285715,0.9976460940247126,0.9821428571428571,0.85,0.9649122807017544
0.9661016949152542,0.9922669023420239,0.9982706033921425,0.9794520547945206,0.9032258064516129,0.9794520547945206
0.9722222222222222,0.9928003972194637,0.997254443818851,0.9905660377358491,0.9210526315789473,0.9813084112149533
0.965034965034965,0.9854037267080745,0.99624434925719,0.991304347826087,0.8571428571428571,0.9785407725321889
0.9389312977099237,0.9869047619047618,0.9950599310418488,0.96875,0.8571428571428571,0.9587628865979382
0.9577464788732394,0.9973794549266247,0.9991303378117469,0.9716981132075472,0.9166666666666666,0.9716981132075472
0.9290780141843972,0.985581188997338,0.9914251138399178,0.9565217391304348,0.8775510204081632,0.946236559139785
0.9197080291970803,0.9653073645769933,0.9889662643307294,0.9716981132075472,0.7419354838709677,0.9493087557603687
0.9533333333333334,0.9831649831649832,0.9949584218150336,0.9829059829059829,0.8484848484848485,0.9704641350210971
0.9612403100775194,0.9963689179375455,0.9990362090414069,0.9705882352941176,0.9259259259259259,0.9753694581280788
0.952755905511811,0.9950657894736843,0.9983107885650705,0.9894736842105263,0.84375,0.9690721649484536
0.9754098360655737,0.9991752577319588,0.9997917317504944,0.9896907216494846,0.92,0.9846153846153847
0.9403973509933775,0.9811364694923148,0.9931782745420588,0.9823008849557522,0.8157894736842105,0.961038961038961
0.9186991869918699,0.9855421686746988,0.9928889559608362,0.9759036144578314,0.8,0.9418604651162791
0.9662162162162162,0.9782738095238095,0.9944922015886439,0.9916666666666667,0.8571428571428571,0.9794238683127572
0.8925619834710744,0.9864197530864197,0.9936486320200433,1.0,0.675,0.9257142857142857
0.910958904109589,0.9766483516483516,0.9905071236519388,0.9711538461538461,0.7619047619047619,0.9395348837209302
0.9626865671641791,0.9804959598774031,0.9915402546935366,1.0,0.8648648648648649,0.9748743718592965
0.9375,0.9834167709637046,0.9937981281790828,1.0,0.7647058823529411,0.9591836734693877
0.952054794520548,0.9830459770114942,0.9953142048436582,0.9741379310344828,0.8666666666666667,0.9699570815450643
0.9485294117647058,0.9703103913630229,0.9949041972777081,0.9829059829059829,0.7368421052631579,0.9704641350210971
0.975,0.9887640449438202,0.9955460478873175,0.9887640449438202,0.9354838709677419,0.9832402234636871
0.9465648854961832,0.9819354838709677,0.9939669402083147,0.98,0.8387096774193549,0.9655172413793104
0.952054794520548,0.9935109289617486,0.9986934522662787,0.9590163934426229,0.9166666666666666,0.970954356846473
0.9444444444444444,0.9762308998302207,0.9913535635616153,0.9789473684210527,0.8387096774193549,0.9637305699481865
0.946969696969697,0.9943447258421442,0.9965215088142956,0.9879518072289156,0.8775510204081632,0.9590643274853801
0.9035087719298246,0.9841911764705883,0.9933653856205032,0.9875,0.7058823529411765,0.9349112426035503
0.9375,0.970508658008658,0.9823733288014156,0.9880952380952381,0.8409090909090909,0.9540229885057471
0.9365079365079365,0.9872448979591837,0.9936193400117626,0.9880952380952381,0.8333333333333334,0.9540229885057471
0.9513888888888888,0.9882609882609883,0.9964389507844043,0.972972972972973,0.8787878787878788,0.968609865470852
0.9280575539568345,0.9742990654205608,0.9917624967322664,0.9813084112149533,0.75,0.9545454545454546
0.9833333333333333,0.9958847736625513,0.9992451377195275,0.9934640522875817,0.9259259259259259,0.990228013029316
0.9627329192546584,0.9867591424968474,0.9955012623447672,0.9836065573770492,0.8974358974358975,0.975609756097561
0.9758064516129032,0.9861255636489769,0.9950606829936693,1.0,0.9032258064516129,0.9841269841269841
0.917910447761194,0.9681818181818181,0.9828324847884258,1.0,0.75,0.9424083769633508
0.9685534591194969,0.985546522131888,0.9955367436100967,1.0,0.8611111111111112,0.9800796812749004
0.9225806451612903,0.9831097863884748,0.9952885498526997,0.9590163934426229,0.7878787878787878,0.9512195121951219
0.9347826086956522,0.9674764890282131,0.9930402681368623,0.9827586206896551,0.6818181818181818,0.9620253164556962
0.9181818181818182,0.9822288041466123,0.990543543952052,0.958904109589041,0.8378378378378378,0.9395973154362416
0.9389312977099237,0.9589646464646464,0.9855042140193777,1.0,0.75,0.9611650485436893
0.9828571428571429,0.9912536443148688,0.9982628528752924,0.9931972789115646,0.9285714285714286,0.9898305084745763
0.9781021897810219,0.9991891891891892,0.9997039215686275,0.99,0.9459459459459459,0.9850746268656716
0.9715909090909091,0.9896694214876034,0.9984121631174789,0.9805194805194806,0.9090909090909091,0.9837133550488599
0.9375,0.974054054054054,0.9861748948249085,0.9866666666666667,0.8378378378378378,0.9548387096774194
0.9603174603174603,0.9968253968253968,0.9993768519469455,0.9809523809523809,0.8571428571428571,0.976303317535545
0.9383561643835616,0.9712013754566946,0.9837966952897756,0.9696969696969697,0.8723404255319149,0.9552238805970149
0.9920634920634921,1.0,1.0,0.9901960784313726,1.0,0.9950738916256158
0.9477124183006536,0.9845959595959596,0.9954972503831224,0.975,0.8484848484848485,0.9669421487603306
0.9527027027027027,0.9878296146044624,0.9967030108608489,0.9663865546218487,0.896551724137931,0.9704641350210971
0.950354609929078,0.9870619946091644,0.995442063460898,0.9905660377358491,0.8285714285714286,0.967741935483871
0.9719626168224299,0.9988805970149253,0.999334975692215,1.0,0.925,0.9781021897810219
0.957983193277311,0.9937716262975779,0.9973902736524393,0.9647058823529412,0.9411764705882353,0.9704142011834319
0.9931972789115646,1.0,1.0,1.0,0.9583333333333334,0.9959514170040485
0.9603174603174603,1.0,1.0,1.0,0.8,0.9758454106280193
0.9668874172185431,0.9932463903120633,0.9975481002540174,0.9911504424778761,0.8947368421052632,0.9781659388646288
0.9477124183006536,0.9857218402961396,0.9960997077031709,0.9754098360655737,0.8387096774193549,0.967479674796748
0.912621359223301,0.9844224924012158,0.9866806189392341,0.9642857142857143,0.851063829787234,0.9230769230769231
0.9370629370629371,0.9645270270270271,0.9892558597020178,1.0,0.71875,0.961038961038961
0.9398496240601504,0.9794481981981982,0.9909840247979763,0.9895833333333334,0.8108108108108109,0.9595959595959596
0.9741935483870968,0.9880382775119617,0.9978468872683781,0.9924812030075187,0.8636363636363636,0.9850746268656716
0.972972972972973,0.9987631416202845,0.9993958991858781,0.9797979797979798,0.9591836734693877,0.9797979797979798
0.9477611940298507,0.9868686868686868,0.9930714264223184,0.9777777777777777,0.8863636363636364,0.9617486338797814
0.9466666666666667,0.9914717348927875,0.9971571067870717,0.9912280701754386,0.8055555555555556,0.9658119658119658
0.9606299212598425,0.9896907216494846,0.9967684644018804,1.0,0.8333333333333334,0.9748743718592965
0.917910447761194,0.9785539215686274,0.9929435265894383,0.9509803921568627,0.8125,0.9463414634146341
0.9294871794871795,0.9769888231426693,0.9919874166707043,0.9829059829059829,0.7692307692307693,0.9543568464730291
0.937007874015748,0.9879032258064516,0.9958907593370895,0.9791666666666666,0.8064516129032258,0.9591836734693877
0.9485294117647058,0.9871069182389938,0.9960424604745853,0.9811320754716981,0.8333333333333334,0.9674418604651163
0.9621212121212122,0.9894602363462153,0.9965518410652794,0.9900990099009901,0.8709677419354839,0.975609756097561
0.9538461538461539,0.9887706855791962,0.9953284483317733,0.9680851063829787,0.9166666666666666,0.9680851063829787
0.9541984732824428,0.9944444444444445,0.9978142338352616,0.9894736842105263,0.8611111111111112,0.9690721649484536
0.9503105590062112,0.9893025246041934,0.9965013113415763,0.967479674796748,0.8947368421052632,0.967479674796748
0.9777777777777777,0.9984984984984985,0.9996746000124379,0.9819819819819819,0.9583333333333334,0.9864253393665159
0.971830985915493,0.9937888198757764,0.9987294403680663,0.9747899159663865,0.9565217391304348,0.9830508474576272
0.9785714285714285,0.9961479198767335,0.9992881378616517,1.0,0.8636363636363636,0.9874476987447699
0.9090909090909091,0.9844502036282858,0.9922686822754991,0.9726027397260274,0.7837837837837838,0.9342105263157895
0.9620253164556962,0.988771186440678,0.9960825289988166,0.9915254237288136,0.875,0.975
0.9605263157894737,0.9772032902467686,0.9919193753356621,1.0,0.8378378378378378,0.9745762711864406
0.9624060150375939,0.9844660194174757,0.9950789395464575,0.9902912621359223,0.8666666666666667,0.9760765550239234
0.9259259259259259,0.9792183622828784,0.9936036574427358,0.9615384615384616,0.8064516129032258,0.9523809523809523
0.950354609929078,0.9826169405815423,0.995201744537914,0.9911504424778761,0.7857142857142857,0.9696969696969697
0.9607843137254902,0.9888779041028176,0.9967144756991435,1.0,0.8235294117647058,0.9754098360655737
0.9836065573770492,0.9995748299319728,0.9998969284683571,0.9897959183673469,0.9583333333333334,0.9897959183673469
0.9481481481481482,0.9926749864351601,0.9970319091603715,0.9690721649484536,0.8947368421052632,0.9641025641025641
0.9440559440559441,0.976354453627181,0.9884386224583954,0.9797979797979798,0.8636363636363636,0.9603960396039604
0.9485294117647058,0.9819529487592652,0.9948901732044722,0.9719626168224299,0.8620689655172413,0.9674418604651163
0.9457364341085271,0.9914079822616408,0.995701426819435,0.9659090909090909,0.9024390243902439,0.96045197740113
0.984,1.0,1.0,0.98,1.0,0.98989898989899
0.896,0.9789915966386554,0.9922465121524802,0.989010989010989,0.6470588235294118,0.9326424870466321
0.9285714285714286,0.9734042553191489,0.9898267474989697,0.9574468085106383,0.84375,0.9523809523809523
0.9782608695652174,0.9900138696255202,0.9961133974169778,0.9902912621359223,0.9428571428571428,0.9855072463768116
0.9798657718120806,0.9993746091307066,0.9998688696564386,0.983739837398374,0.9615384615384616,0.9877551020408163
0.9645390070921985,0.9978009895547004,0.9993155416511168,0.9813084112149533,0.9117647058823529,0.9767441860465116
0.9609375,0.9915458937198067,0.9964042487431697,1.0,0.8611111111111112,0.9735449735449735
0.971830985915493,0.9944398109535725,0.9982546640073306,0.9908256880733946,0.9090909090909091,0.9818181818181818
0.9622641509433962,0.988256549232159,0.996311243558296,0.983739837398374,0.8888888888888888,0.9758064516129032
0.9440559440559441,0.9867414584395716,0.9951134032281349,0.9716981132075472,0.8648648648648649,0.9626168224299065
0.9668874172185431,0.9960591133004926,0.9987449501698822,0.9655172413793104,0.9714285714285714,0.9781659388646288
0.9285714285714286,0.979591836734694,0.9918654451253013,0.978021978021978,0.8,0.9518716577540107
0.9517241379310345,0.9926948051948051,0.9977621424649845,0.9642857142857143,0.9090909090909091,0.968609865470852
0.9481481481481482,0.9792368125701458,0.9922245590353385,0.98989898989899,0.8333333333333334,0.9655172413793104
0.9328358208955224,0.9752583777012215,0.9918600280852579,0.9805825242718447,0.7741935483870968,0.957345971563981
0.934640522875817,0.9645690111052354,0.9891871568754099,0.9672131147540983,0.8064516129032258,0.959349593495935
0.9548387096774194,0.9871794871794872,0.9954052516253051,0.9743589743589743,0.8947368421052632,0.9702127659574468
0.9568345323741008,0.9859649122807017,0.9965728902075599,0.9912280701754386,0.8,0.9741379310344828
0.9456521739130435,0.982935855263158,0.9962346742824209,0.9802631578947368,0.78125,0.9675324675324676
0.9626865671641791,0.9867243867243868,0.9952088488559377,1.0,0.8571428571428571,0.9753694581280788
0.9470198675496688,0.9866102889358703,0.9976378875448804,0.9844961240310077,0.7272727272727273,0.9694656488549618
0.8888888888888888,0.9897260273972603,0.9939727802205482,1.0,0.7045454545454546,0.9182389937106918
0.967948717948718,0.998224852071006,0.9996485702592572,0.9769230769230769,0.9230769230769231,0.9806949806949807
0.9328358208955224,0.9740259740259739,0.9897108951681213,0.98989898989899,0.7714285714285715,0.9560975609756097
0.9772727272727273,0.99875,0.9995989698969897,0.98,0.96875,0.9849246231155779
0.958904109589041,0.9913793103448275,0.997583400246188,0.9913793103448276,0.8333333333333334,0.9745762711864406
0.9242424242424242,0.9689249720044792,0.9867853909145387,0.9893617021276596,0.7631578947368421,0.9489795918367347
0.9651162790697675,0.9976525821596244,0.9995053552602927,0.971830985915493,0.9333333333333333,0.9787234042553191
0.9444444444444444,0.9874269005847953,0.9966972391841253,0.9736842105263158,0.8333333333333334,0.9652173913043478
0.9477124183006536,0.9759386567953464,0.9931987620307112,0.9754098360655737,0.8387096774193549,0.967479674796748
0.9661016949152542,0.9883299798792756,0.9969089385876166,0.9929577464788732,0.8571428571428571,0.9791666666666666
0.9803921568627451,0.9992784992784992,0.9998869289914065,0.9924242424242424,0.9047619047619048,0.9886792452830189
0.9801324503311258,0.9945812807881773,0.9983245051816284,0.9913793103448276,0.9428571428571428,0.9871244635193133
0.9844961240310077,0.9996551724137932,0.9999009900990099,0.99,0.9655172413793104,0.99
0.9367088607594937,0.967948717948718,0.992985874996996,0.9621212121212122,0.8076923076923077,0.9621212121212122
0.9716312056737588,0.9819848293299621,0.9951252020651161,1.0,0.8571428571428571,0.9826086956521739
0.9432624113475178,0.9763177998472116,0.995332606297201,0.9747899159663865,0.7727272727272727,0.9666666666666667
0.9621212121212122,0.9957325746799431,0.9982831190473684,0.968421052631579,0.9459459459459459,0.9735449735449735
0.9562043795620438,0.995959595959596,0.9990345433172634,0.9818181818181818,0.8518518518518519,0.972972972972973
0.9770992366412213,0.9972710733778047,0.9990159172769498,1.0,0.9117647058823529,0.9847715736040609
0.9568345323741008,0.9947526236881559,0.9989594179436561,0.9741379310344828,0.8695652173913043,0.9741379310344828
0.9375,0.9795346229324363,0.9898163707546994,0.9770114942528736,0.8536585365853658,0.9550561797752809
0.9043478260869565,0.9650000000000001,0.9836557738785671,0.9875,0.7142857142857143,0.9349112426035503
0.950354609929078,0.986217008797654,0.9959816498323981,0.9818181818181818,0.8387096774193549,0.968609865470852
0.8928571428571429,0.9465811965811965,0.9809174546823407,0.9903846153846154,0.6111111111111112,0.9321266968325792
0.946969696969697,0.9864506627393225,0.9945324673753664,0.979381443298969,0.8571428571428571,0.9644670050761421
0.9694656488549618,0.9948387096774193,0.9983256191062315,0.98,0.9354838709677419,0.98
0.9854014598540146,0.9899573950091297,0.9966620011552398,1.0,0.9354838709677419,0.9906542056074766
0.9555555555555556,0.9967138523761374,0.9984847559154159,0.9782608695652174,0.9069767441860465,0.967741935483871
0.953125,0.9863945578231293,0.9959318787484808,0.9897959183673469,0.8333333333333334,0.97
0.9379310344827586,0.9793408755533695,0.9925205601606452,1.0,0.7631578947368421,0.9596412556053812
0.9242424242424242,0.9628865979381444,0.9853694629364123,0.9896907216494846,0.7428571428571429,0.9504950495049505
0.9493670886075949,0.968052021487136,0.9925656370392046,0.9770992366412213,0.8148148148148148,0.9696969696969697
0.9668874172185431,0.9881720430107527,0.9965133441318651,0.9916666666666667,0.8709677419354839,0.9794238683127572
0.9513888888888888,0.9947848761408083,0.9988767060175785,0.9745762711864406,0.8461538461538461,0.9704641350210971
0.9681528662420382,0.9973302822273075,0.9996289184668344,0.9710144927536232,0.9473684210526315,0.9816849816849816
0.9212598425196851,0.95527950310559,0.9815112415294993,0.9782608695652174,0.7714285714285715,0.9473684210526315
0.9710144927536232,0.9844247787610619,0.9961071919415709,0.9823008849557522,0.92,0.9823008849557522
0.95625,0.9921875,0.9979973767613228,0.96875,0.90625,0.9725490196078431
0.9583333333333334,0.9806034482758621,0.9949622574406872,0.9827586206896551,0.8571428571428571,0.9743589743589743
0.9477611940298507,0.9971139971139971,0.9989998999899987,0.9494949494949495,0.9428571428571428,0.9641025641025641
0.9635036496350365,0.9955936920222634,0.9974207859583052,1.0,0.8979591836734694,0.9723756906077348
0.9485294117647058,0.9956756756756757,0.9990453891245694,0.963963963963964,0.88,0.9683257918552036
0.958904109589041,0.9819483348895114,0.9951949380350577,0.9747899159663865,0.8888888888888888,0.9747899159663865
0.9701492537313433,0.9991496598639457,0.9996886602188516,0.9693877551020408,0.9722222222222222,0.979381443298969
0.9440559440559441,0.9859765425803162,0.9950093792194249,0.9905660377358491,0.8108108108108109,0.963302752293578
0.9224806201550387,0.9772471910112359,0.9892051521800542,1.0,0.75,0.9468085106382979
0.9465648854961832,0.9925788497217068,0.9974675735472618,0.9591836734693877,0.9090909090909091,0.9641025641025641
0.9496402877697842,0.9831932773109243,0.997074275885128,0.9747899159663865,0.8,0.9707112970711297
0.9307692307692308,0.9763333333333333,0.9925436951953829,0.96,0.8333333333333334,0.9552238805970149
0.9523809523809523,0.9890961262553802,0.9944453350179054,1.0,0.8536585365853658,0.9659090909090909
0.9171974522292994,0.9787506400409626,0.9947099466193828,0.9603174603174603,0.7419354838709677,0.9490196078431372
0.9727891156462585,0.9937532535137948,0.9979353893779996,0.9734513274336283,0.9705882352941176,0.9821428571428571
0.9384615384615385,0.99,0.997000755394674,0.98,0.8,0.9607843137254902
0.9586206896551724,0.9904610492845787,0.9969067574640592,0.990990990990991,0.8529411764705882,0.9734513274336283
0.9629629629629629,0.9813664596273292,0.9958501610583632,0.9821428571428571,0.8695652173913043,0.9777777777777777
0.9407407407407408,0.9829404466501241,0.9946375193395153,0.9711538461538461,0.8387096774193549,0.9619047619047619
0.9739130434782609,0.9971932638331997,0.9990304578910225,0.9767441860465116,0.9655172413793104,0.9824561403508771
0.9517241379310345,0.987536231884058,0.9968399599211825,1.0,0.7666666666666667,0.9704641350210971
0.9747899159663865,0.9963744232036915,0.9983260074711032,1.0,0.918918918918919,0.9820359281437125
0.927536231884058,0.9630847953216374,0.9919861445047168,0.9912280701754386,0.625,0.9576271186440678
0.917910447761194,0.9619433198380567,0.9834768202889015,0.9578947368421052,0.8205128205128205,0.9430051813471503
0.9491525423728814,0.9871007371007371,0.9917457877314553,0.9864864864864865,0.8863636363636364,0.9605263157894737
0.9407407407407408,0.9807692307692307,0.9916326188810273,0.9791666666666666,0.8461538461538461,0.9591836734693877
0.9428571428571428,0.9899319727891157,0.9965588883762071,0.9714285714285714,0.8571428571428571,0.9622641509433962
0.9647887323943662,0.9946595460614153,0.99823431310559,0.9813084112149533,0.9142857142857143,0.9767441860465116
0.9461538461538461,0.9748571428571429,0.993366505298048,0.9809523809523809,0.8,0.9671361502347418
0.9477611940298507,0.9808957093642342,0.9936888266714661,0.9902912621359223,0.8064516129032258,0.966824644549763
0.9236111111111112,0.9753086419753086,0.9939079066428829,0.9743589743589743,0.7037037037037037,0.9539748953974896
0.9253731343283582,0.9720057720057721,0.9894575013506436,0.98989898989899,0.7428571428571429,0.9514563106796117
0.9663865546218487,0.9985905567300917,0.9994714587737845,0.9767441860465116,0.9393939393939394,0.9767441860465116
0.9219858156028369,0.9592682926829269,0.9818302303729267,0.97,0.8048780487804879,0.9463414634146341
0.9214285714285714,0.9601889338731444,0.9899970378197325,0.9824561403508771,0.6538461538461539,0.9531914893617022
0.9655172413793104,0.9859582542694497,0.9944522769918274,1.0,0.8709677419354839,0.9770114942528736
0.9361702127659575,0.9848780487804878,0.9935673159323578,0.99,0.8048780487804879,0.9565217391304348
0.9366197183098591,0.9782494758909853,0.992257816099618,0.9905660377358491,0.7777777777777778,0.958904109589041
0.9640287769784173,0.9884275017018379,0.9971866800747036,1.0,0.8076923076923077,0.9783549783549783
0.968944099378882,0.9939716312056738,0.9991260254204197,0.9858156028368794,0.85,0.9823321554770318
0.9797297297297297,0.9992260061919505,0.999771813077764,0.9912280701754386,0.9411764705882353,0.9868995633187773
0.9567901234567902,0.9742424242424242,0.9933553978480689,0.9848484848484849,0.8333333333333334,0.9737827715355806
0.9435483870967742,0.9952904238618524,0.9987766715214381,0.9897959183673469,0.7692307692307693,0.9651741293532339
0.9726027397260274,0.990568818155025,0.9975556216829959,0.9829059829059829,0.9310344827586207,0.9829059829059829
0.9861111111111112,0.9994539994539995,0.999839124839125,1.0,0.9393939393939394,0.9910714285714286
0.9555555555555556,0.9895414320193081,0.9978753071089854,0.9823008849557522,0.8181818181818182,0.9736842105263158
0.9538461538461539,0.9924889040628201,0.997770854733879,0.9801980198019802,0.8620689655172413,0.9705882352941176
0.9389312977099237,0.984113712374582,0.993104951575124,0.9891304347826086,0.8205128205128205,0.9578947368421052
0.9640287769784173,0.9903595622720166,0.9959982536565583,0.9900990099009901,0.8947368421052632,0.975609756097561
0.9280575539568345,0.9662485065710872,0.9899244859822826,0.9814814814814815,0.7419354838709677,0.954954954954955
0.9508196721311475,0.9858476362541403,0.9924645414315252,0.9876543209876543,0.8780487804878049,0.963855421686747
0.9699248120300752,0.9986023759608665,0.9996431216647527,0.9716981132075472,0.9629629629629629,0.9809523809523809
0.9274193548387096,0.9887609649122807,0.9928264719952031,0.9868421052631579,0.8333333333333334,0.9433962264150944
0.965034965034965,0.998136645962733,0.9995578481945467,0.9826086956521739,0.8928571428571429,0.9783549783549783
0.961038961038961,0.98688696564385,0.9962649535511532,0.975609756097561,0.9032258064516129,0.975609756097561
0.9236641221374046,0.9866220735785953,0.9943702540396034,0.9891304347826086,0.7692307692307693,0.9479166666666666
0.9924242424242424,1.0,1.0,0.9901960784313726,1.0,0.9950738916256158
0.9338235294117647,0.9710619710619711,0.9883931771700416,0.98989898989899,0.7837837837837838,0.9560975609756097
0.9420289855072463,0.9818181818181817,0.9940237772924462,0.9714285714285714,0.8484848484848485,0.9622641509433962
0.9343065693430657,0.9824324324324324,0.9933282786443167,0.99,0.7837837837837838,0.9565217391304348
0.9485294117647058,0.9858333333333332,0.994436883001181,0.97,0.8888888888888888,0.9651741293532339
0.8947368421052632,0.9647058823529412,0.9789838925309133,0.9529411764705882,0.7916666666666666,0.9204545454545454
0.98,0.9959016393442623,0.9990270341451495,1.0,0.8928571428571429,0.9878542510121457
0.9764705882352941,0.9926632428466617,0.9984410906684008,0.9858156028368794,0.9310344827586207,0.9858156028368794
0.9473684210526315,0.9885452462772051,0.9954055164160469,0.9690721649484536,0.8888888888888888,0.9641025641025641
0.9444444444444444,0.9724770642201834,0.989922193658445,0.9908256880733946,0.8,0.9642857142857143
0.9322033898305084,0.9907304412309974,0.996648159115517,0.9885057471264368,0.7741935483870968,0.9555555555555556
0.9931972789115646,1.0,0.9999999999999999,0.9916666666666667,1.0,0.99581589958159
0.9366197183098591,0.9758925846811107,0.9933914775853645,0.9911504424778761,0.7241379310344828,0.9613733905579399
0.9421487603305785,0.9824380165289256,0.9923990216777941,0.9886363636363636,0.8181818181818182,0.9613259668508287
0.927007299270073,0.978494623655914,0.9894741113263859,0.967741935483871,0.8409090909090909,0.9473684210526315
0.9473684210526315,0.9875457875457876,0.9962244274862837,0.9914529914529915,0.8,0.9666666666666667
0.9655172413793104,0.9956043956043956,0.9987763421923432,1.0,0.84,0.978494623655914
0.9461538461538461,0.9921899406435489,0.9973728228612002,0.9690721649484536,0.8787878787878788,0.9641025641025641
0.916030534351145,0.9679867986798679,0.9901288094605594,0.9801980198019802,0.7,0.9473684210526315
0.952,0.9961240310077519,0.9982736914990715,0.9651162790697675,0.9230769230769231,0.9651162790697675
0.9710144927536232,0.9966836734693877,0.9986186904705181,0.9795918367346939,0.95,0.9795918367346939
0.8758169934640523,0.9621399176954732,0.9842219416258046,0.9814814814814815,0.6222222222222222,0.9177489177489178
0.925,0.9561128526645768,0.9825183881248543,0.9885057471264368,0.7575757575757576,0.9502762430939227
0.9444444444444444,0.9916666666666667,0.9983603619484105,0.9666666666666667,0.8333333333333334,0.9666666666666667
0.9714285714285714,0.9972041006523765,0.9992535192220728,1.0,0.8620689655172413,0.9823008849557522
0.9428571428571428,0.987874097007224,0.9949343170544074,0.9705882352941176,0.868421052631579,0.9611650485436893
0.9902912621359223,1.0,1.0,0.9864864864864865,1.0,0.9931972789115646
0.9693251533742331,0.998533724340176,0.9996590866583009,0.9772727272727273,0.9354838709677419,0.9809885931558935
0.9420289855072463,0.9739819004524887,0.9905549447639832,0.9807692307692307,0.8235294117647058,0.9622641509433962
0.9457364341085271,0.9955197132616487,0.9982520420482993,0.946236559139785,0.9444444444444444,0.9617486338797814
0.9205298013245033,0.95640756302521,0.9872134720071976,0.9663865546218487,0.75,0.9504132231404959
0.940677966101695,0.9814425770308124,0.9921881966760664,1.0,0.7941176470588235,0.96
0.926829268292683,0.974544311753614,0.987765063292377,0.9767441860465116,0.8108108108108109,0.9491525423728814
0.95,0.9915236278872642,0.9970961096821691,0.9669421487603306,0.8974358974358975,0.9669421487603306
0.9541984732824428,0.9969678593086719,0.9989573981814892,0.9690721649484536,0.9117647058823529,0.9690721649484536
0.9137931034482759,0.978744939271255,0.9892496212523695,0.9871794871794872,0.7631578947368421,0.9390243902439024
0.9675324675324676,0.995803829006032,0.9988852176672265,0.967479674796748,0.967741935483871,0.9794238683127572
0.9699248120300752,0.9924098671726755,0.9974311470989459,0.9705882352941176,0.967741935483871,0.9801980198019802
0.9534883720930233,0.9879256965944273,0.9955458544245546,0.968421052631579,0.9117647058823529,0.968421052631579
0.9652777777777778,0.9934032983508246,0.9982389636765753,0.9739130434782609,0.9310344827586207,0.9781659388646288
0.9455782312925171,0.9792917166866746,0.9945381374433235,0.957983193277311,0.8928571428571429,0.9661016949152542
0.9631901840490797,0.9887218045112782,0.9973902924746361,0.9774436090225563,0.9,0.9774436090225563
0.9090909090909091,0.9344951923076923,0.9851429659170152,0.96875,0.6153846153846154,0.9465648854961832
0.9398496240601504,0.9836567926455566,0.9913674181126689,0.9887640449438202,0.8409090909090909,0.9565217391304348
0.9733333333333334,0.9928660049627791,0.9984724355769984,0.9919354838709677,0.8846153846153846,0.984
0.9166666666666666,0.9659375,0.9880221943010048,0.97,0.75,0.9463414634146341
0.9090909090909091,0.9815533980582524,0.9926466465623252,0.9514563106796117,0.8,0.937799043062201
0.9398496240601504,0.9711538461538463,0.9914645356555309,0.9903846153846154,0.7586206896551724,0.9626168224299065
0.9491525423728814,0.9847979236188357,0.9942824211121751,1.0,0.8064516129032258,0.9666666666666667
0.9349593495934959,0.9941620879120879,0.9979735602251385,0.945054945054945,0.90625,0.9555555555555556
0.958904109589041,0.9851332398316971,0.9958348269424039,1.0,0.8064516129032258,0.9745762711864406
0.9357142857142857,0.9707013909440663,0.9908628239729671,0.963302752293578,0.8387096774193549,0.958904109589041
0.9185185185185185,0.941016333938294,0.9888942010335839,0.9482758620689655,0.7368421052631579,0.9523809523809523
0.9463087248322147,0.9878984651711925,0.9971226396494727,0.9669421487603306,0.8571428571428571,0.9669421487603306
0.9402985074626866,0.9730010384215991,0.9929900293822372,0.9813084112149533,0.7777777777777778,0.963302752293578
0.9801324503311258,0.9952237305178482,0.9985356740409232,1.0,0.9117647058823529,0.9873417721518988
0.935251798561151,0.9810526315789474,0.9954658204456048,0.9649122807017544,0.8,0.9606986899563319
0.935251798561151,0.9793322734499205,0.99193171684222,0.9607843137254902,0.8648648648648649,0.9560975609756097
0.952054794520548,0.9907335907335908,0.9970216318991859,0.9819819819819819,0.8571428571428571,0.9688888888888889
0.9230769230769231,0.9925465838509316,0.9964389233954452,0.9710144927536232,0.8285714285714286,0.9436619718309859
0.9629629629629629,0.985109489051095,0.9971106559533867,0.9781021897810219,0.88,0.9781021897810219
0.911504424778761,0.9771309771309771,0.9870040486207212,1.0,0.7435897435897436,0.9367088607594937
0.953125,0.9937770562770563,0.9965955809193028,1.0,0.8636363636363636,0.9655172413793104
0.9710144927536232,0.9924630690382875,0.9976601216998614,0.9813084112149533,0.9354838709677419,0.9813084112149533
0.9548387096774194,0.9965333333333334,0.999178473848556,0.968,0.9,0.9718875502008032
0.949685534591195,0.9823880597014926,0.9965774412707286,0.9850746268656716,0.76,0.9705882352941176
0.9534883720930233,0.9932785660941,0.998288600210272,0.9805825242718447,0.8461538461538461,0.9711538461538461
0.9398496240601504,0.9788108791903859,0.9931661456286583,0.9803921568627451,0.8064516129032258,0.9615384615384616
0.9357142857142857,0.9626068376068376,0.9860756761593944,0.9903846153846154,0.7777777777777778,0.958139534883721
0.9664429530201343,0.9968383017163506,0.9988055554591275,0.9814814814814815,0.926829268292683,0.9769585253456221
0.937984496124031,0.9851804123711341,0.9949126471503946,0.9690721649484536,0.84375,0.9591836734693877
0.927007299270073,0.9729729729729729,0.9897195522541078,1.0,0.7297297297297297,0.9523809523809523
0.9790209790209791,0.9996894409937888,0.9999250374812593,1.0,0.8928571428571429,0.9871244635193133
0.961038961038961,0.9957482993197279,0.9990535717781526,0.9761904761904762,0.8928571428571429,0.9761904761904762
0.9738562091503268,0.9987654320987653,0.9998357883783697,0.9777777777777777,0.9444444444444444,0.9850746268656716
0.9403973509933775,0.9799038881607689,0.9915425907280038,0.9908256880733946,0.8095238095238095,0.96
0.9139072847682119,0.964607201309329,0.9831751456837884,0.9807692307692307,0.7659574468085106,0.9400921658986175
0.9618320610687023,0.9760233918128656,0.9900867500021514,1.0,0.8611111111111112,0.9743589743589743
0.9159663865546218,0.9723419540229885,0.9890576518227489,0.9885057471264368,0.71875,0.945054945054945
0.9307692307692308,0.9712333692916217,0.9917577106088811,0.9611650485436893,0.8148148148148148,0.9565217391304348
0.9104477611940298,0.967229151381756,0.9809368201698526,0.9770114942528736,0.7872340425531915,0.9340659340659341
0.935251798561151,0.9699828473413379,0.99023880597522,0.9811320754716981,0.7878787878787878,0.9585253456221198
0.9492753623188406,0.9834091517259834,0.9935594361293716,0.9702970297029703,0.8918918918918919,0.9655172413793104
0.9318181818181818,0.9937287692709695,0.9970576956116282,0.9550561797752809,0.8837209302325582,0.9497206703910615
0.9455782312925171,0.9880847308031774,0.9947070647503191,0.9805825242718447,0.8636363636363636,0.9619047619047619
0.9695121951219512,0.9893687707641196,0.9969379221121726,0.9922480620155039,0.8857142857142857,0.9808429118773946
0.9452054794520548,0.9752431476569408,0.9935842965634091,0.9829059829059829,0.7931034482758621,0.9663865546218487
0.9662162162162162,0.9905913978494624,0.998055831258685,0.9838709677419355,0.875,0.9799196787148594
0.9733333333333334,0.9920634920634921,0.9983905920965932,0.9841269841269841,0.9166666666666666,0.9841269841269841
0.9423076923076923,0.9915164369034994,0.9966518100878181,0.9391304347826087,0.9512195121951219,0.96
0.9384615384615385,0.9848372781065089,0.9959490032021985,0.9711538461538461,0.8076923076923077,0.9619047619047619
0.9545454545454546,0.9654320987654321,0.9896415159683357,0.9904761904761905,0.8148148148148148,0.9719626168224299
0.9349593495934959,0.9729323308270676,0.9912439587807168,0.968421052631579,0.8214285714285714,0.9583333333333334
0.9692307692307692,0.9905024509803922,0.9963997613771994,0.9895833333333334,0.9117647058823529,0.979381443298969
0.9699248120300752,0.999090909090909,0.9997087378640778,0.99,0.9090909090909091,0.9801980198019802
0.9130434782608695,0.9733424470266575,0.9867286546163867,0.987012987012987,0.7631578947368421,0.9382716049382716
0.9855072463768116,0.9988455988455989,0.9996397068292929,1.0,0.9393939393939394,0.9905660377358491
0.9631901840490797,0.9860248447204968,0.9974326555549433,0.9714285714285714,0.9130434782608695,0.9784172661870504
0.8992805755395683,0.9668597168597169,0.9911700493242829,0.963963963963964,0.6428571428571429,0.9385964912280702
0.9440559440559441,0.9898516783762685,0.9982585045155113,0.9754098360655737,0.7619047619047619,0.967479674796748
0.9236641221374046,0.9761904761904762,0.9937605470629117,0.9619047619047619,0.7692307692307693,0.9528301886792453
0.9508196721311475,0.9845648604269294,0.9935851837150189,0.9885057471264368,0.8571428571428571,0.9662921348314607
0.9784172661870504,0.9968733715476811,0.9988047838580946,0.9900990099009901,0.9473684210526315,0.9852216748768473
0.9624060150375939,0.9847645429362881,0.9973672953538164,0.9912280701754386,0.7894736842105263,0.9783549783549783
0.936,0.9827586206896551,0.9944804058195755,0.9791666666666666,0.7931034482758621,0.9591836734693877
0.9375,0.9821251241310824,0.9932529566570799,0.9811320754716981,0.8157894736842105,0.9585253456221198
0.9433962264150944,0.9712941176470589,0.991490199590697,0.976,0.8235294117647058,0.9644268774703557
0.9606299212598425,0.9838709677419355,0.9943971338232942,0.9895833333333334,0.8709677419354839,0.9743589743589743
0.9328358208955224,0.980448717948718,0.994165523368584,0.9615384615384616,0.8333333333333334,0.9569377990430622
0.92,0.9741176470588235,0.9867624888545582,0.9882352941176471,0.775,0.9438202247191011
0.9148936170212766,0.967732884399551,0.9896879790582076,0.9629629629629629,0.7575757575757576,0.9454545454545454
0.9655172413793104,0.9837398373983739,0.9966371143457172,0.975609756097561,0.9090909090909091,0.9795918367346939
0.9507042253521126,0.9733709273182958,0.99274667683999,0.9736842105263158,0.8571428571428571,0.9694323144104804
0.9642857142857143,0.9895116355293346,0.9974220931278104,0.9911504424778761,0.8518518518518519,0.9781659388646288
0.95,0.9852941176470588,0.993891407023937,0.9883720930232558,0.8529411764705882,0.9659090909090909
0.967479674796748,0.9955300127713921,0.9980549957342064,1.0,0.8888888888888888,0.9775280898876404
0.9612903225806452,0.9838549428713363,0.9952683495332544,0.9836065573770492,0.8787878787878788,0.975609756097561
0.9316770186335404,0.9806641445985709,0.9936448827933825,0.9836065573770492,0.7692307692307693,0.9561752988047809
0.9574468085106383,0.9943109987357774,0.9985775314593017,0.9823008849557522,0.8571428571428571,0.9736842105263158
0.9659863945578231,0.9890681936491411,0.9964469309335625,0.9911504424778761,0.8823529411764706,0.9781659388646288
0.9007633587786259,0.9661933739012847,0.9902937096416126,0.9803921568627451,0.6206896551724138,0.9389671361502347
0.9810126582278481,0.9985119047619048,0.999855319422489,0.9861111111111112,0.9285714285714286,0.9895470383275261
0.9357142857142857,0.9739583333333333,0.9917481575652167,0.9814814814814815,0.78125,0.9592760180995475
0.972027972027972,0.9990697674418605,0.999607843137255,0.98,0.9534883720930233,0.98
0.9705882352941176,0.9990783410138249,0.9997304582210242,0.9714285714285714,0.967741935483871,0.9807692307692307
0.9310344827586207,0.9734964322120285,0.9906685483206097,0.9724770642201835,0.8055555555555556,0.954954954954955
0.9767441860465116,0.9993303571428571,0.999847295415947,0.9785714285714285,0.96875,0.9856115107913669
0.9517241379310345,0.975,0.99429958492422,0.9833333333333333,0.8,0.9711934156378601
0.9704142011834319,0.9940440738534843,0.99902666271473,0.9794520547945206,0.9130434782608695,0.9828178694158075
0.9869281045751634,0.9993060374739764,0.9998843395789961,1.0,0.9090909090909091,0.9924242424242424
0.9672131147540983,0.9986111111111111,0.9995169082125605,0.9777777777777777,0.9375,0.9777777777777777
0.954248366013072,0.9828133262823903,0.99526210318873,0.9754098360655737,0.8709677419354839,0.9714285714285714
0.9548872180451128,0.9842424242424243,0.9944952451504894,0.98,0.8787878787878788,0.9702970297029703
0.9490445859872612,0.9882232462877624,0.9970450080247887,0.9682539682539683,0.8709677419354839,0.9682539682539683
0.9668874172185431,0.9852307692307691,0.9967034804535878,0.984,0.8846153846153846,0.9800796812749004
0.9694656488549618,0.9984539270253556,0.999490765403071,0.9897959183673469,0.9090909090909091,0.9797979797979798
0.9801324503311258,1.0,0.9999999999999999,0.9758064516129032,1.0,0.9877551020408163
0.9712643678160919,0.9979066985645934,0.9997009350345626,0.9868421052631579,0.8636363636363636,0.9836065573770492
0.9240506329113924,0.9787280701754385,0.9930661665226378,0.975,0.7631578947368421,0.9512195121951219
0.9691358024691358,0.9883838383838384,0.9972903505804509,0.9924242424242424,0.8666666666666667,0.9812734082397003
0.9423076923076923,0.9686577333636157,0.9890271019742689,0.9831932773109243,0.8108108108108109,0.9629629629629629
0.92,0.9746588693957114,0.9917067396365999,0.9736842105263158,0.75,0.9487179487179487
0.9285714285714286,0.977804084048535,0.9934058194979702,0.9724770642201835,0.7741935483870968,0.954954954954955
0.9527027027027027,0.9765480895915679,0.9928019080783868,0.9826086956521739,0.8484848484848485,0.9699570815450643
0.910958904109589,0.9823717948717949,0.9961679881551654,0.9333333333333333,0.8076923076923077,0.9451476793248945
0.9746835443037974,0.9990671641791046,0.9998333374586439,0.9776119402985075,0.9583333333333334,0.9849624060150376
0.951048951048951,0.9959627329192546,0.9990323880246501,0.9652173913043478,0.8928571428571429,0.9694323144104804
0.9507042253521126,0.9876447876447877,0.9951675672359528,0.9809523809523809,0.8648648648648649,0.9671361502347418
0.9347826086956522,0.9752788664455834,0.992357056850076,0.9813084112149533,0.7741935483870968,0.958904109589041
0.9655172413793104,0.989001189060642,0.9971013427231972,0.9913793103448276,0.8620689655172413,0.9787234042553191
0.9612403100775194,0.997979797979798,0.9994028814646171,0.9797979797979798,0.9,0.9748743718592965
0.958041958041958,0.9955209806694955,0.9981363870166001,0.9900990099009901,0.8809523809523809,0.970873786407767
0.9571428571428572,0.984508547008547,0.994094649681786,0.9807692307692307,0.8888888888888888,0.9714285714285714
0.9395973154362416,0.9923273657289002,0.9977594956119531,0.9652173913043478,0.8529411764705882,0.961038961038961
0.9328358208955224,0.9693181818181819,0.9928639361848808,0.9818181818181818,0.7083333333333334,0.96
0.9751552795031055,0.9939192924267551,0.9987485618736925,0.9850746268656716,0.9259259259259259,0.9850746268656716
0.9307692307692308,0.9830994897959184,0.9939958791656748,0.9591836734693877,0.84375,0.9543147208121827
0.925,0.9802955665024631,0.9935287192113135,0.978021978021978,0.7586206896551724,0.9518716577540107
0.961038961038961,0.9884301270417423,0.9958823205605383,0.9913793103448276,0.868421052631579,0.9745762711864406
0.9230769230769231,0.9834956709956709,0.9920513065869703,0.9886363636363636,0.7857142857142857,0.9456521739130435
0.9743589743589743,0.9931017491993102,0.9980814390747006,0.983739837398374,0.9393939393939394,0.983739837398374
0.965034965034965,0.9905604719764012,0.9973983081328501,0.9823008849557522,0.9,0.9779735682819384
0.9866666666666667,0.9993977717554954,0.9998683366062614,0.991869918699187,0.9629629629629629,0.991869918699187
0.9675324675324676,0.9915427238261884,0.9981722722085071,1.0,0.8148148148148148,0.9806949806949807
0.9044117647058824,0.9494038027715115,0.9856016388896341,0.9719626168224299,0.6551724137931034,0.9411764705882353
0.9440559440559441,0.984875983061101,0.9960695458208637,0.9912280701754386,0.7586206896551724,0.9658119658119658
0.9765625,0.9855072463768115,0.9937310847113099,1.0,0.9166666666666666,0.983957219251337
0.9568345323741008,0.9831349206349207,0.9957580313418947,1.0,0.7777777777777778,0.9739130434782609
0.9296875,0.9643599643599644,0.9838313726236777,0.978021978021978,0.8108108108108109,0.9518716577540107
0.9473684210526315,0.9848396501457726,0.9941909180377528,0.9897959183673469,0.8285714285714286,0.9651741293532339
0.9318181818181818,0.9785736149372513,0.992666650816783,0.9797979797979798,0.7878787878787878,0.9556650246305419
0.9724137931034482,0.9915209326974033,0.9971769455036719,0.9819819819819819,0.9411764705882353,0.9819819819819819
0.9586206896551724,0.9848093083387202,0.9961929515054443,0.9663865546218487,0.9230769230769231,0.9745762711864406
0.9558823529411765,0.9889400921658986,0.9964594841132328,0.9809523809523809,0.8709677419354839,0.9716981132075472
0.921875,0.9764492753623188,0.9903619394172065,0.9782608695652174,0.7777777777777778,0.9473684210526315
0.9251700680272109,0.9714754098360655,0.9933897361219896,0.9590163934426229,0.76,0.9551020408163265
0.952054794520548,0.981907894736842,0.9946770247361014,0.9912280701754386,0.8125,0.9699570815450643
0.9663865546218487,0.9885106382978723,0.9966699002749599,0.9893617021276596,0.88,0.9789473684210527
0.9312977099236641,0.9758812615955473,0.9909632631889567,0.9897959183673469,0.7575757575757576,0.9556650246305419
0.9225352112676056,0.9789215686274509,0.9915177854261055,0.9705882352941176,0.8,0.9473684210526315
0.9632352941176471,0.9873116574147502,0.9946534306499288,0.9896907216494846,0.8974358974358975,0.9746192893401016
0.9435483870967742,0.9944920440636474,0.997614755358133,0.9883720930232558,0.8421052631578947,0.96045197740113
0.984,0.9996767937944409,0.9998805542283803,0.989010989010989,0.9705882352941176,0.989010989010989
0.9689922480620154,0.9974511469838572,0.9994902293967716,1.0,0.8181818181818182,0.981651376146789
0.920863309352518,0.9724919093851132,0.9900031820622534,1.0,0.6944444444444444,0.9493087557603687
0.9523809523809523,0.9929347826086956,0.9980043487134442,0.9652173913043478,0.90625,0.9694323144104804
0.9691358024691358,0.994238683127572,0.9988113244063328,0.9851851851851852,0.8888888888888888,0.981549815498155
0.9361702127659575,0.9719676549865229,0.9897908638749447,0.9716981132075472,0.8285714285714286,0.958139534883721
0.9533333333333334,0.98176,0.9958157994802308,0.984,0.8,0.9723320158102767
0.9529411764705882,0.9780000000000001,0.9966532461739049,0.9666666666666667,0.85,0.9731543624161074
0.9396551724137931,0.9851994851994851,0.9916443389889986,0.9864864864864865,0.8571428571428571,0.954248366013072
0.9461538461538461,0.9709465791940018,0.9894023509975274,0.9896907216494846,0.8181818181818182,0.964824120603015
0.9562043795620438,0.9965675057208238,0.9992911019820334,0.956140350877193,0.9565217391304348,0.9732142857142857
0.9448818897637795,0.9874074074074074,0.9963851815215222,0.99,0.7777777777777778,0.9658536585365853
0.9375,0.9815508021390374,0.9939334220124318,1.0,0.7352941176470589,0.9606986899563319
0.9590643274853801,0.9886831275720165,0.9978018019697713,0.9861111111111112,0.8148148148148148,0.9759450171821306
0.9375,0.9716060337178349,0.9858148668387953,0.9897959183673469,0.8260869565217391,0.9556650246305419
0.8803418803418803,0.9570286475682878,0.9785279392613034,0.9873417721518988,0.6578947368421053,0.9176470588235294
0.95,0.9829564077351688,0.9954418013738893,0.9734513274336283,0.8518518518518519,0.9691629955947136
0.9925925925925926,1.0,1.0,1.0,0.9743589743589743,0.9948186528497409
0.9691358024691358,0.9895747599451303,0.9978259197354721,0.9925925925925926,0.8518518518518519,0.9816849816849816
0.916030534351145,0.976010101010101,0.991944429868568,0.9696969696969697,0.75,0.9458128078817734
0.952,0.9672,0.9906379004523675,0.99,0.8,0.9705882352941176
0.9182389937106918,0.9725806451612904,0.9919484518235282,0.9838709677419355,0.6857142857142857,0.9494163424124513
0.9559748427672956,0.9886592741935483,0.9970774407918419,0.984375,0.8387096774193549,0.972972972972973
0.9797297297297297,1.0,0.9999999999999999,0.9745762711864406,1.0,0.9871244635193133
0.95,0.9871152469577666,0.9965708323735767,0.984251968503937,0.8181818181818182,0.9689922480620154
0.9657534246575342,0.9795081967213115,0.9955285231564158,0.9836065573770492,0.875,0.9795918367346939
0.9204545454545454,0.9745461351300768,0.9923742839329469,0.9708029197080292,0.7435897435897436,0.95
0.9655172413793104,0.9895302013422819,0.9981430024908114,0.9865771812080537,0.84,0.98
0.9583333333333334,0.9835390946502057,0.9939845722712731,0.9907407407407407,0.8611111111111112,0.9727272727272728
0.9402985074626866,0.9943310657596371,0.9979508731172053,0.9591836734693877,0.8888888888888888,0.9591836734693877
0.9876543209876543,0.9970753655793025,0.9991648798689505,0.9921259842519685,0.9714285714285714,0.9921259842519685
0.9574468085106383,0.9893922018348624,0.99679291273778,0.981651376146789,0.875,0.9727272727272728
0.9210526315789473,0.9684981684981685,0.990486348352365,0.9914529914529915,0.6857142857142857,0.9508196721311475
0.953125,0.9859775641025641,0.996648767764294,0.9903846153846154,0.7916666666666666,0.9716981132075472
0.9659863945578231,0.9826530612244898,0.9941049032044282,0.9910714285714286,0.8857142857142857,0.9779735682819384
0.96,0.9897891963109354,0.9959530919944736,0.9891304347826086,0.8787878787878788,0.9732620320855615
0.8728813559322034,0.9634402157626611,0.9744826886062786,0.9577464788732394,0.7446808510638298,0.9006622516556292
0.9383561643835616,0.9712372923382098,0.9897501689786845,0.9908256880733946,0.7837837837837838,0.96
0.9154929577464789,0.9709386806161,0.991392451155327,0.954954954954955,0.7741935483870968,0.9464285714285714
0.9111111111111111,0.9776674937965261,0.9930893003954073,0.9615384615384616,0.7419354838709677,0.9433962264150944
0.9041095890410958,0.9734848484848485,0.9878745257811019,0.9509803921568627,0.7954545454545454,0.9326923076923077
0.96,0.982905982905983,0.9949151543600557,0.9914529914529915,0.8484848484848485,0.9747899159663865
0.9487179487179487,0.9963924963924964,0.9986067845231669,0.9880952380952381,0.8484848484848485,0.9651162790697675
0.9787234042553191,0.9978009895547004,0.9993044237786441,0.9906542056074766,0.9411764705882353,0.986046511627907
0.9694656488549618,0.9869007803790413,0.9939334735661368,0.9891304347826086,0.9230769230769231,0.978494623655914
0.937984496124031,0.9829787234042553,0.9932539360041257,0.9574468085106383,0.8857142857142857,0.9574468085106383
0.9734513274336283,0.9964438122332859,0.998216840453361,0.9868421052631579,0.9459459459459459,0.9803921568627451
0.9738562091503268,0.9993010251630942,0.9997776752649317,0.9741379310344828,0.972972972972973,0.9826086956521739
0.937984496124031,0.9774484536082475,0.992027593358391,0.9896907216494846,0.78125,0.96
0.96,0.9973776223776224,0.9994222593655753,0.972027972027972,0.90625,0.9754385964912281
0.9318181818181818,0.9820105820105819,0.99528418282962,0.9714285714285714,0.7777777777777778,0.9577464788732394
0.9185185185185185,0.966842105263158,0.984870288265848,0.9789473684210527,0.775,0.9441624365482234
0.9777777777777777,0.9969135802469136,0.9992084184962804,0.9814814814814815,0.9629629629629629,0.986046511627907
0.9395973154362416,0.9768339768339769,0.9915495876223791,0.9732142857142857,0.8378378378378378,0.960352422907489
0.9774436090225563,0.9992094861660079,0.9998376623376622,0.990909090909091,0.9130434782608695,0.9864253393665159
0.9536423841059603,0.9793846153846153,0.9954463429210341,0.984,0.8076923076923077,0.9723320158102767
0.9047619047619048,0.9731457800511509,0.9898773248126,0.967391304347826,0.7352941176470589,0.9368421052631579
0.9357142857142857,0.9912925170068027,0.9970966427200512,0.9619047619047619,0.8571428571428571,0.957345971563981
0.9785714285714285,0.9979130434782608,0.999551506298133,0.991304347826087,0.92,0.987012987012987
0.9407894736842105,0.9886363636363636,0.9952413968959084,0.9814814814814815,0.8409090909090909,0.9592760180995475
0.926829268292683,0.9879807692307693,0.9956991702215048,0.967032967032967,0.8125,0.9513513513513514
0.9121621621621622,0.9702233250620347,0.9914404010863712,0.9829059829059829,0.6451612903225806,0.9465020576131687
0.9328358208955224,0.9711869715001565,0.9904385222574315,0.9902912621359223,0.7419354838709677,0.9577464788732394
0.9477124183006536,0.9933267424616906,0.9980883043737603,0.9831932773109243,0.8235294117647058,0.9669421487603306
0.9307692307692308,0.9634285714285714,0.9898145813795406,0.9714285714285714,0.76,0.9577464788732394
0.9624060150375939,0.9959259259259259,0.9990584203867829,0.9907407407407407,0.84,0.9771689497716894
0.96045197740113,0.9894534995206137,0.9978625603952413,0.9798657718120806,0.8571428571428571,0.9765886287625418
0.9861111111111112,0.9950292397660818,0.9986120671193524,1.0,0.9333333333333333,0.991304347826087
0.912621359223301,0.9893435635123615,0.995054335091469,0.9710144927536232,0.7941176470588235,0.9370629370629371
0.896,0.9630292188431724,0.9826056093139597,0.9883720930232558,0.6923076923076923,0.9289617486338798
0.958041958041958,0.980269989615784,0.9928221099614116,0.9906542056074766,0.8611111111111112,0.9724770642201835
0.9655172413793104,0.9971751412429377,0.9993607253044848,0.9830508474576272,0.8888888888888888,0.9789029535864979
0.9236641221374046,0.9652830188679246,0.9913719151503956,0.9622641509433962,0.76,0.9532710280373832
0.9477611940298507,0.9835796387520525,0.9950013421725787,1.0,0.7586206896551724,0.967741935483871
0.9444444444444444,0.983808095952024,0.9958783377880926,0.9739130434782609,0.8275862068965517,0.9655172413793104
0.946969696969697,0.9773351648351648,0.9933310341995136,0.9807692307692307,0.8214285714285714,0.966824644549763
0.9666666666666667,0.9956627812415288,0.998846490917654,0.9831932773109243,0.9032258064516129,0.9790794979079498
0.95,0.9980590062111802,0.9994397131331242,0.9891304347826086,0.8214285714285714,0.9680851063829787
0.9868421052631579,0.9997395833333333,0.999931129476584,0.9916666666666667,0.96875,0.9916666666666667
0.9555555555555556,0.9903474903474904,0.9958927280193421,0.9591836734693877,0.9459459459459459,0.9690721649484536
0.9416058394160584,0.9905808477237049,0.9962344494221919,0.9795918367346939,0.8461538461538461,0.96
0.905511811023622,0.9517241379310345,0.9761363483833001,0.9770114942528736,0.75,0.9340659340659341
0.9565217391304348,0.9903333333333333,0.9948086868696847,1.0,0.875,0.967741935483871
0.9631901840490797,0.9978530534351144,0.9994872963427142,0.9770992366412213,0.90625,0.9770992366412213
0.968503937007874,0.9956317204301075,0.9985117677455562,0.96875,0.967741935483871,0.9789473684210527
0.9758064516129032,0.9901494565217391,0.9962117175018712,1.0,0.90625,0.983957219251337
0.9166666666666666,0.978818998716303,0.9898833151795254,0.9878048780487805,0.7631578947368421,0.9418604651162791
0.9699248120300752,0.9827433628318584,0.9967721904305029,1.0,0.8,0.9826086956521739
0.9236641221374046,0.9508547008547008,0.9856489151402433,0.9615384615384616,0.7777777777777778,0.9523809523809523
0.9662162162162162,0.9939393939393939,0.9981756460330818,0.9739130434782609,0.9393939393939394,0.9781659388646288
0.9621212121212122,0.9980392156862744,0.9994397759103643,0.9803921568627451,0.9,0.975609756097561
0.910958904109589,0.9626016260162601,0.9837271998193321,0.9619047619047619,0.7804878048780488,0.9395348837209302
0.9459459459459459,0.9859913793103448,0.995948640166999,0.9827586206896551,0.8125,0.9661016949152542
0.9609375,0.9860675722744687,0.9955143857055944,0.98989898989899,0.8620689655172413,0.9751243781094527
0.9583333333333334,0.9918032786885246,0.9984004844004208,0.9590163934426229,0.9545454545454546,0.975
0.9642857142857143,0.9817176870748299,0.9966685883599735,0.9821428571428571,0.8571428571428571,0.9792284866468842
0.961038961038961,0.9950344827586206,0.9987766225071932,0.96,0.9655172413793104,0.975609756097561
0.9699248120300752,0.989795918367347,0.9970537440340795,0.9809523809523809,0.9285714285714286,0.9809523809523809
0.9701492537313433,0.987673747705219,0.9939715541323813,0.989247311827957,0.926829268292683,0.9787234042553191
0.9523809523809523,0.9757834757834757,0.993347448101413,0.9829059829059829,0.8333333333333334,0.9704641350210971
0.9712230215827338,0.9905609492988133,0.996199228171521,1.0,0.8888888888888888,0.9809523809523809
0.9495798319327731,0.9852744310575636,0.9933148644774187,0.9759036144578314,0.8888888888888888,0.9642857142857143
0.9574468085106383,0.9942275975810885,0.9981511534923687,0.9906542056074766,0.8529411764705882,0.9724770642201835
0.9605263157894737,0.9904761904761905,0.9968490631647827,0.9743589743589743,0.9142857142857143,0.9743589743589743
0.95,0.9957391019337922,0.9989981075431715,0.9646017699115044,0.8888888888888888,0.9688888888888889
0.9657534246575342,0.998424369747899,0.9995321183393266,0.9821428571428571,0.9117647058823529,0.9777777777777777
0.9320388349514563,0.9941176470588236,0.9968361596908396,1.0,0.8,0.951048951048951
0.9558823529411765,0.990909090909091,0.9977629638541551,0.9727272727272728,0.8846153846153846,0.9727272727272728
0.9642857142857143,0.9923534409515719,0.9973411692313475,1.0,0.8484848484848485,0.9771689497716894
0.9663865546218487,0.9902621722846442,0.9963187134724978,0.9887640449438202,0.9,0.9777777777777777
0.9496402877697842,0.9923076923076923,0.9970546013531079,0.98,0.8717948717948718,0.9655172413793104
0.9253731343283582,0.9818181818181818,0.9959216401279732,0.9818181818181818,0.6666666666666666,0.9557522123893806
0.9191176470588235,0.9490566037735849,0.9840371780736961,0.9716981132075472,0.7333333333333333,0.9493087557603687
0.9574468085106383,0.988294314381271,0.9971223468086965,0.9739130434782609,0.8846153846153846,0.9739130434782609
0.9133858267716536,0.9847374847374848,0.9938206063261223,0.9340659340659341,0.8611111111111112,0.9392265193370166
0.9558823529411765,0.984853367708669,0.9955809729206047,0.9719626168224299,0.896551724137931,0.9719626168224299
0.9666666666666667,0.9897688518378173,0.9966133779461723,0.989010989010989,0.896551724137931,0.9782608695652174
0.9461538461538461,0.9870448179271709,0.99636492230329,1.0,0.75,0.966824644549763
0.9530201342281879,0.9852420306965761,0.9964044039953371,0.9752066115702479,0.8571428571428571,0.9711934156378601
0.9657534246575342,0.9898574561403508,0.9968718271235602,0.9824561403508771,0.90625,0.9781659388646288
0.9624060150375939,0.9915151515151515,0.9971074707326404,0.99,0.8787878787878788,0.9753694581280788
0.9343065693430657,0.9839285714285715,0.9948733624776691,0.9428571428571428,0.90625,0.9565217391304348
0.9936305732484076,0.9949874686716792,0.9990520482202715,1.0,0.9583333333333334,0.9962546816479401
0.9555555555555556,0.9828532235939643,0.9952705483558854,0.9814814814814815,0.8518518518518519,0.9724770642201835
0.9629629629629629,1.0,1.0,0.9553571428571429,1.0,0.9771689497716894
0.9606299212598425,0.9907216494845361,0.9968770070713908,0.9690721649484536,0.9333333333333333,0.9740932642487047
0.9912280701754386,0.9979716024340771,0.9993012087221194,1.0,0.9655172413793104,0.9941520467836257
0.9285714285714286,0.9868421052631579,0.9940846357372158,0.9659090909090909,0.8421052631578947,0.9497206703910615
0.9562043795620438,0.9902702702702703,0.9962321413882463,0.97,0.918918918918919,0.97
0.9296875,0.9846390168970814,0.9939773643643353,0.989247311827957,0.7714285714285715,0.9533678756476683
0.9333333333333333,0.9822857142857142,0.9934423605518673,0.97,0.8285714285714286,0.9556650246305419
0.9007633587786259,0.9705882352941176,0.9895849904777737,0.9690721649484536,0.7058823529411765,0.9353233830845771
0.9384615384615385,0.9812222601570502,0.9942226031734297,0.9900990099009901,0.7586206896551724,0.9615384615384616
0.9323308270676691,0.9952279957582185,0.9980035492457854,0.967391304347826,0.8536585365853658,0.9518716577540107
0.9455782312925171,0.9771137952956135,0.9949810633633698,0.9917355371900827,0.7307692307692307,0.967741935483871
0.9669421487603306,0.9885304659498207,0.9960177374625667,1.0,0.8709677419354839,0.9782608695652174
0.9603174603174603,0.9938090583251874,0.9977697736504064,0.989247311827957,0.8787878787878788,0.9735449735449735
0.9530201342281879,0.9913043478260869,0.997369272261319,0.991304347826087,0.8235294117647058,0.9702127659574468
0.9612403100775194,0.9979091995221028,0.9992110799438989,0.978494623655914,0.9166666666666666,0.9732620320855615
0.9298245614035088,0.9753846153846153,0.9860681628095319,0.9733333333333334,0.8461538461538461,0.948051948051948
0.8905109489051095,0.9644522144522144,0.9879936519237982,0.9807692307692307,0.6060606060606061,0.9315068493150684
0.9375,0.9826086956521739,0.9954148046580722,0.9739130434782609,0.7931034482758621,0.9613733905579399
0.9338235294117647,0.981874039938556,0.9944842341649972,0.9809523809523809,0.7741935483870968,0.958139534883721
0.9836065573770492,0.9995454545454546,0.9999009900990099,1.0,0.9090909090909091,0.9900990099009901
0.9477124183006536,0.987345041322314,0.9964848854340653,1.0,0.75,0.968
0.972972972972973,0.9820816864295125,0.9942841928059611,1.0,0.8787878787878788,0.9829059829059829
0.920863309352518,0.9719235364396654,0.9917774148950695,0.9814814814814815,0.7096774193548387,0.9506726457399103
0.9517241379310345,0.9875148632580262,0.9966706321119508,0.9913793103448276,0.7931034482758621,0.9704641350210971
0.9333333333333333,0.9816225907664724,0.9951857801181588,0.979381443298969,0.7391304347826086,0.9595959595959596
0.9354838709677419,0.9823434991974318,0.9927511405745368,0.9775280898876404,0.8285714285714286,0.9560439560439561
0.9349593495934959,0.9907468605419696,0.9963243218660263,0.9325842696629213,0.9411764705882353,0.9540229885057471
0.9389312977099237,0.9896878483835005,0.9955824545702151,0.9782608695652174,0.8461538461538461,0.9574468085106383
0.9696969696969697,0.9846938775510204,0.9940875849884441,1.0,0.8823529411764706,0.98
0.9285714285714286,0.9793939393939394,0.993945085227102,0.9545454545454546,0.8333333333333334,0.9545454545454546
0.9455782312925171,0.9877995642701525,0.9944799961297003,0.9901960784313726,0.8444444444444444,0.9619047619047619
0.9171974522292994,0.9690193965517241,0.9924888660352101,0.9765625,0.6551724137931034,0.9505703422053232
0.9137931034482759,0.9718875502008032,0.9874334093298863,0.9759036144578314,0.7575757575757576,0.9418604651162791
0.9347826086956522,0.9929245283018868,0.9978400172633493,0.9905660377358491,0.75,0.958904109589041
0.9523809523809523,0.991358024691358,0.9979337332433162,0.9583333333333334,0.9259259259259259,0.9704641350210971
0.9805194805194806,0.999448275862069,0.9998725079365081,0.984,0.9655172413793104,0.9879518072289156
0.9618320610687023,0.9982193732193733,0.9995514190225728,0.9903846153846154,0.8518518518518519,0.976303317535545
0.9435483870967742,0.972597988206729,0.9900844768050064,1.0,0.7741935483870968,0.9637305699481865
0.9117647058823529,0.9794608472400513,0.9910993661323484,0.9578947368421052,0.8048780487804879,0.9381443298969072
0.9354838709677419,0.9692513368983957,0.9928259508247069,0.9901960784313726,0.6818181818181818,0.9619047619047619
0.9527027027027027,0.9821981424148606,0.9943129425941865,0.9912280701754386,0.8235294117647058,0.9699570815450643
0.9463087248322147,0.9871794871794872,0.9970747381130342,0.959349593495935,0.8846153846153846,0.9672131147540983
0.9523809523809523,0.9872282608695653,0.996238754724961,0.9739130434782609,0.875,0.9696969696969697
0.9647887323943662,0.9961873638344227,0.9987765534376445,0.9907407407407407,0.8823529411764706,0.9771689497716894
0.9626865671641791,0.9967948717948718,0.9990884537650812,0.9807692307692307,0.9,0.9760765550239234
0.9481481481481482,0.9941860465116279,0.997290004912972,0.967391304347826,0.9069767441860465,0.9621621621621622
0.9464285714285714,0.977104377104377,0.9937648430239554,0.9703703703703703,0.8484848484848485,0.966789667896679
0.9274193548387096,0.9702359346642468,0.9897836798015949,0.968421052631579,0.7931034482758621,0.9533678756476683
0.9855072463768116,0.9983316649983317,0.9995949134462649,0.990990990990991,0.9629629629629629,0.990990990990991
0.9461538461538461,0.9846723044397463,0.9918719270612214,0.9883720930232558,0.8636363636363636,0.96045197740113
0.9779411764705882,0.9963224893917962,0.9986766085976916,0.9900990099009901,0.9428571428571428,0.9852216748768473
0.9738562091503268,0.9988129154795822,0.9996402220761196,0.9914529914529915,0.9166666666666666,0.9830508474576272
0.9477611940298507,0.9771977197719772,0.9919142320511394,0.9801980198019802,0.8484848484848485,0.9658536585365853
0.9696969696969697,0.9921793534932222,0.9983043620646758,0.9781021897810219,0.9285714285714286,0.9816849816849816
0.9210526315789473,0.9773203735467887,0.987486613573993,0.9797979797979798,0.8113207547169812,0.941747572815534
0.9416666666666667,0.9906931964056483,0.9956123596902378,0.975609756097561,0.868421052631579,0.9580838323353293
0.9261744966442953,0.9439102564102564,0.9824430690606581,0.9829059829059829,0.71875,0.9543568464730291
0.9459459459459459,0.9953379953379954,0.9980372400860424,0.9871794871794872,0.8484848484848485,0.9625
0.925,0.986323673070661,0.9938879325070062,0.963855421686747,0.8378378378378378,0.9467455621301775
0.9461538461538461,0.9879862700228833,0.9946926421817517,0.9565217391304348,0.9210526315789473,0.9617486338797814
0.9276315789473685,0.96953125,0.9909455278612522,0.9583333333333334,0.8125,0.9543568464730291
0.9692307692307692,0.9989212513484359,0.9997252244000732,0.9902912621359223,0.8888888888888888,0.9807692307692307
0.9612903225806452,0.9832175925925926,0.996366936999137,1.0,0.7777777777777778,0.9770992366412213
0.9254658385093167,0.9756831866604909,0.9929760469310652,0.9606299212598425,0.7941176470588235,0.953125
0.8918918918918919,0.9920212765957447,0.9942283726627379,1.0,0.7446808510638298,0.9142857142857143
0.925,0.9670588235294117,0.9853988061618679,0.9882352941176471,0.7714285714285715,0.9491525423728814
0.9637681159420289,0.9888453421766656,0.9966170947345605,0.9813084112149533,0.9032258064516129,0.9767441860465116
0.9117647058823529,0.9547383309759547,0.9824140899439162,0.9702970297029703,0.7428571428571429,0.9423076923076923
0.9285714285714286,0.9793814432989691,0.9901324968190587,0.9587628865979382,0.8604651162790697,0.9489795918367347
0.935251798561151,0.9807191245440333,0.9925208376776463,0.9702970297029703,0.8421052631578947,0.9560975609756097
0.967948717948718,0.9883870967741936,0.9967873650185695,0.984,0.9032258064516129,0.9800796812749004
0.9661016949152542,0.9983062330623307,0.9992507507722742,0.9634146341463414,0.9722222222222222,0.9753086419753086
0.9401197604790419,0.974296205630355,0.992010659194829,1.0,0.7368421052631579,0.9626865671641791
0.9202898550724637,0.9826061320754718,0.9945658298292247,0.9433962264150944,0.84375,0.9478672985781991
0.9477611940298507,0.9957307060755337,0.9988525103728854,0.9714285714285714,0.8620689655172413,0.966824644549763
0.9534883720930233,0.9981329350261389,0.9995277423889645,0.9514563106796117,0.9615384615384616,0.9702970297029703
0.9457831325301205,0.9720496894409938,0.9939313357965065,0.9782608695652174,0.7857142857142857,0.967741935483871
0.9098360655737705,0.9835365853658536,0.9920022695026467,0.9878048780487805,0.75,0.9364161849710982
0.924812030075188,0.9833819241982507,0.9934824049642085,0.9591836734693877,0.8285714285714286,0.9494949494949495
0.9568345323741008,0.9858429858429859,0.9960383313433967,0.972972972972973,0.8928571428571429,0.972972972972973
0.9781021897810219,0.9990170380078637,0.9997505290830768,0.9908256880733946,0.9285714285714286,0.9863013698630136
0.9619565217391305,0.9870588235294118,0.9968601292919875,0.9933333333333333,0.8235294117647058,0.9770491803278688
0.9315068493150684,0.9790828640386162,0.9935551944151809,0.9734513274336283,0.7878787878787878,0.9565217391304348
0.9625,0.9768866610971875,0.9949140798348629,0.9924812030075187,0.8148148148148148,0.9777777777777777
0.9375,0.9757142857142856,0.99285848225636,1.0,0.7142857142857143,0.9615384615384616
0.9495798319327731,0.9899425287356323,0.9962504801588927,1.0,0.8125,0.9666666666666667
0.9791666666666666,0.9994652406417113,0.9998361998361999,0.9818181818181818,0.9705882352941176,0.9863013698630136
0.953125,0.996059889676911,0.9977852619426668,0.9876543209876543,0.8936170212765957,0.963855421686747
0.9419354838709677,0.9723320158102767,0.9947654599852254,0.9696969696969697,0.782608695652174,0.9660377358490566
0.9507042253521126,0.980225988700565,0.9956027294802106,0.9830508474576272,0.7916666666666666,0.9707112970711297
0.9492753623188406,0.9819113656918903,0.9943584996386761,0.9813084112149533,0.8387096774193549,0.967741935483871
0.9585798816568047,0.9709770114942529,0.9947193537208979,0.9862068965517241,0.7916666666666666,0.9761092150170648
0.9695121951219512,0.9885572139303482,0.9971536862802355,0.9925373134328358,0.8666666666666667,0.981549815498155
0.9402985074626866,0.9655882352941176,0.9875114164293071,0.99,0.7941176470588235,0.9611650485436893
0.9485294117647058,0.9870550161812297,0.995669575837898,0.9805825242718447,0.8484848484848485,0.9665071770334929
0.9793103448275862,0.9992,0.9998740157480315,0.992,0.9,0.9880478087649402
0.9810126582278481,0.9995256166982922,0.9998709677419354,0.9838709677419355,0.9705882352941176,0.9878542510121457
0.9594594594594594,0.9813559322033898,0.9950409124908512,0.9915254237288136,0.8333333333333334,0.975
0.9758064516129032,0.9921875,0.9970177155590049,1.0,0.90625,0.983957219251337
0.9398496240601504,0.9907161803713528,0.997422604034624,0.9615384615384616,0.8620689655172413,0.9615384615384616
0.9727891156462585,0.995995995995996,0.998626456452611,0.972972972972973,0.9722222222222222,0.9818181818181818
0.9710144927536232,0.9943276609943277,0.9986057456226598,0.990990990990991,0.8888888888888888,0.9821428571428571
0.9586776859504132,0.9738292011019284,0.9881293822525462,1.0,0.8484848484848485,0.9723756906077348
0.9440559440559441,0.9840220385674932,0.994868972234859,0.990909090909091,0.7878787878787878,0.9646017699115044
0.9024390243902439,0.9795742232451093,0.9885195801856312,0.9620253164556962,0.7954545454545454,0.926829268292683
0.9617834394904459,0.9978448275862069,0.99951639158086,0.96875,0.9310344827586207,0.9763779527559056
0.9791666666666666,0.9903846153846154,0.996028015943322,1.0,0.925,0.985781990521327
0.971830985915493,0.9876923076923076,0.9972275356666094,0.9829059829059829,0.92,0.9829059829059829
0.9708029197080292,0.992822966507177,0.9971411368936014,0.98989898989899,0.9210526315789473,0.98
0.9357142857142857,0.9702970297029703,0.9879035193547442,0.9900990099009901,0.7948717948717948,0.9569377990430622
0.9424460431654677,0.9707207207207207,0.9914569238257003,0.990990990990991,0.75,0.9649122807017544
0.9664429530201343,0.9931207004377736,0.9985073236682313,0.983739837398374,0.8846153846153846,0.979757085020243
0.9702380952380952,0.9931066176470589,0.9983603741415453,0.9852941176470589,0.90625,0.9816849816849816
0.9673202614379085,0.993801652892562,0.9983291885643363,0.9834710743801653,0.90625,0.9794238683127572
0.9618320610687023,0.9962894248608535,0.9986919062085009,1.0,0.8484848484848485,0.9751243781094527
0.9485294117647058,0.9855855855855856,0.996624638060617,0.9819819819819819,0.8,0.9688888888888889
0.9104477611940298,0.9691934925579785,0.9917563719695743,0.9906542056074766,0.5925925925925926,0.9464285714285714
0.9743589743589743,0.9916738443870227,0.9982028596935297,0.9922480620155039,0.8888888888888888,0.9846153846153847
0.9743589743589743,0.9893004115226338,0.9966434758039334,0.9888888888888889,0.9259259259259259,0.9834254143646409
0.9716312056737588,0.9983164983164984,0.9994886848998141,0.9814814814814815,0.9393939393939394,0.9814814814814815
0.972972972972973,0.9888748419721871,0.9960450979994927,1.0,0.8857142857142857,0.9826086956521739
0.9148936170212766,0.9748780487804878,0.9891765495141065,0.97,0.7804878048780488,0.941747572815534
0.9727891156462585,0.9938574938574939,0.9977854240036841,0.990909090909091,0.918918918918919,0.9819819819819819
0.9357142857142857,0.9631410256410257,0.9856737709085693,0.9807692307692307,0.8055555555555556,0.9577464788732394
0.9428571428571428,0.9782541161851507,0.9938694116870141,0.972972972972973,0.8275862068965517,0.9642857142857143
0.937888198757764,0.9862689393939393,0.9963819076138309,0.96875,0.8181818181818182,0.9612403100775194
0.9863945578231292,0.9996363636363637,0.999936507936508,0.992,0.9545454545454546,0.992
0.9784172661870504,0.9899361806578302,0.9953515054603291,1.0,0.9285714285714286,0.9847715736040609
0.9548872180451128,0.9896019013666073,0.9962208667373261,0.98989898989899,0.8529411764705882,0.9702970297029703
0.9726027397260274,0.997481684981685,0.9989840783560446,0.9903846153846154,0.9285714285714286,0.9809523809523809
0.9387755102040817,0.9678062678062678,0.9913064756964254,0.9914529914529915,0.7333333333333333,0.9626556016597511
0.9533333333333334,0.9829059829059829,0.995069584456168,0.9829059829059829,0.8484848484848485,0.9704641350210971
0.9565217391304348,0.9884559884559884,0.9960775638223447,0.9809523809523809,0.8787878787878788,0.9716981132075472
0.9426751592356688,0.9886853448275862,0.9973247052781424,0.96875,0.8275862068965517,0.9649805447470817
0.8909090909090909,0.9620870870870871,0.9797715351877727,0.9864864864864865,0.6944444444444444,0.9240506329113924
0.8839285714285714,0.9782226905514577,0.988012708940819,0.9726027397260274,0.717948717948718,0.9161290322580645
0.9794520547945206,0.9958333333333333,0.9990595868853175,1.0,0.8846153846153846,0.9876543209876543
0.9097222222222222,0.9817665166942932,0.9925088022998737,0.9902912621359223,0.7073170731707317,0.9400921658986175
0.8650793650793651,0.9591836734693877,0.984815835659873,0.9560439560439561,0.6285714285714286,0.9109947643979057
0.9675324675324676,0.9881410256410257,0.9976354199205353,0.9846153846153847,0.875,0.9808429118773946
0.9402985074626866,0.9857456140350876,0.9942055232355494,0.9791666666666666,0.8421052631578947,0.9591836734693877
0.9624060150375939,0.9897959183673469,0.9969411268320246,1.0,0.8214285714285714,0.9767441860465116
0.8814814814814815,0.9630940343781597,0.9830816481513388,0.9565217391304348,0.7209302325581395,0.9166666666666666
0.9710144927536232,0.9933675007536931,0.9980023648024824,0.9906542056074766,0.9032258064516129,0.9814814814814815
0.9586206896551724,0.9825374198146828,0.9961744527256371,0.9672131147540983,0.9130434782608695,0.9752066115702479
0.921875,0.9684070502161624,0.9889116092996688,0.9587628865979382,0.8064516129032258,0.9489795918367347
0.9588235294117647,1.0,0.9999999999999999,0.9507042253521126,1.0,0.9747292418772563
0.9558823529411765,0.9855855855855855,0.9965063542110723,0.9819819819819819,0.84,0.9732142857142857
0.9538461538461539,0.9932033096926713,0.9972713338807574,0.9680851063829787,0.9166666666666666,0.9680851063829787
0.9545454545454546,0.9942460317460318,0.9984386564633881,0.9571428571428572,0.9444444444444444,0.9710144927536232
0.9457364341085271,0.99000999000999,0.9928249308552813,0.974025974025974,0.9038461538461539,0.9554140127388535
0.944,0.9814814814814815,0.9945369161331454,0.9795918367346939,0.8148148148148148,0.964824120603015
0.9387755102040817,0.9842197545295149,0.9958300428991963,0.9576271186440678,0.8620689655172413,0.9617021276595744
0.9448275862068966,0.9796380090497737,0.9953202445036927,0.9663865546218487,0.8461538461538461,0.9663865546218487
0.9402985074626866,0.9784580498866213,0.9911005966174444,0.9591836734693877,0.8888888888888888,0.9591836734693877
0.9671052631578947,0.9927109615923745,0.9981953467538245,0.983739837398374,0.896551724137931,0.979757085020243
0.9609375,0.9849914236706689,0.996556095273928,0.9905660377358491,0.8181818181818182,0.9767441860465116
0.9591836734693877,0.9962993421052632,0.9994649994034837,0.984375,0.7894736842105263,0.9767441860465116
0.9626865671641791,0.985042735042735,0.9961638743369359,0.9814814814814815,0.8846153846153846,0.9769585253456221
0.935251798561151,0.9847191011235955,0.991124810010146,1.0,0.82,0.9518716577540107
0.9554140127388535,0.9957575757575757,0.9992100492100491,0.9696969696969697,0.88,0.973384030418251
0.937007874015748,0.9891447368421052,0.9963954466586046,0.968421052631579,0.84375,0.9583333333333334
0.9545454545454546,0.984934086629002,0.9951341426361568,0.9745762711864406,0.8888888888888888,0.9704641350210971
0.9361702127659575,0.9817620650953984,0.994068255284981,0.9814814814814815,0.7878787878787878,0.9592760180995475
0.9295774647887324,0.9645597369382536,0.9926511984633227,0.9747899159663865,0.6956521739130435,0.9586776859504132
0.9513888888888888,0.9905635648754915,0.9967920446673717,0.981651376146789,0.8571428571428571,0.9683257918552036
0.9538461538461539,0.9862012987012987,0.9919565001101405,0.9886363636363636,0.8809523809523809,0.9666666666666667
0.9652777777777778,0.9850806451612903,0.9974063936086401,0.9838709677419355,0.85,0.9799196787148594
0.921875,0.9835782195332757,0.992336690910369,0.9438202247191011,0.8717948717948718,0.9438202247191011
0.9594594594594594,0.995875515560555,0.9993242323619058,0.9921259842519685,0.7619047619047619,0.9767441860465116
0.9657534246575342,0.9925353925353926,0.9974841098699799,0.972972972972973,0.9428571428571428,0.9773755656108597
0.937984496124031,0.9858387799564271,0.9961052221350442,0.9803921568627451,0.7777777777777778,0.9615384615384616
0.9328358208955224,0.9907067742724384,0.9947517252986148,0.9770114942528736,0.851063829787234,0.9497206703910615
0.912,0.9684139784946236,0.9879373547561373,0.956989247311828,0.78125,0.9417989417989417
0.9789473684210527,0.9942140790742526,0.9965416600827786,1.0,0.9411764705882353,0.9838709677419355
0.96875,0.9875862068965517,0.9986407090092138,0.9793103448275862,0.8666666666666667,0.9826989619377162
0.9098360655737705,0.9751291989664083,0.9888982805033084,0.9534883720930233,0.8055555555555556,0.9371428571428572
0.9612903225806452,0.9812252964426877,0.9964478757357726,1.0,0.7391304347826086,0.9777777777777777
0.9664429530201343,0.9952774498229043,0.9988915388138132,0.9834710743801653,0.8928571428571429,0.9794238683127572
0.9202898550724637,0.9841628959276019,0.9947501674500231,0.9519230769230769,0.8235294117647058,0.9473684210526315
0.9379310344827586,0.9813797313797313,0.9951474897981578,0.9572649572649573,0.8571428571428571,0.9613733905579399
0.972027972027972,0.9888135593220339,0.997524452564181,0.9915254237288136,0.88,0.9831932773109243
0.9294871794871795,0.9674899193548387,0.9909728278355275,0.9838709677419355,0.71875,0.9568627450980393
0.928,0.956989247311828,0.9833802952384632,0.978494623655914,0.78125,0.9528795811518325
0.9210526315789473,0.9835390946502058,0.9930536456058612,0.9753086419753086,0.7878787878787878,0.9461077844311377
0.9444444444444444,0.9788752497858979,0.9936580388267918,0.9823008849557522,0.8064516129032258,0.9652173913043478
0.9774436090225563,0.9924198250728864,0.9971940318996848,0.9897959183673469,0.9428571428571428,0.9847715736040609
0.9185185185185185,0.9871428571428571,0.9954820103294311,0.95,0.8285714285714286,0.945273631840796
0.9615384615384616,0.9846335697399528,0.9939968770177818,1.0,0.8611111111111112,0.9740932642487047
0.9485294117647058,0.9892588614393126,0.9955497591688437,0.9795918367346939,0.868421052631579,0.964824120603015
0.9285714285714286,0.9752321981424149,0.9900017495660376,0.9901960784313726,0.7631578947368421,0.9528301886792453
0.9440993788819876,0.9777121374865736,0.9950626672801213,0.9849624060150376,0.75,0.966789667896679
0.9076923076923077,0.961679346294731,0.9826714505838654,0.978021978021978,0.7435897435897436,0.9368421052631579
0.9473684210526315,0.984167517875383,0.9919241524218065,1.0,0.8409090909090909,0.9621621621621622
0.9465648854961832,0.9874458874458875,0.9974745346873715,0.990909090909091,0.7142857142857143,0.9688888888888889
0.9666666666666667,0.9957912457912459,0.9994294661322118,0.9772727272727273,0.8888888888888888,0.9809885931558935
0.926829268292683,0.9907120743034056,0.9959394558877946,0.9764705882352941,0.8157894736842105,0.9485714285714286
0.9453125,0.980863373386738,0.9959461936167362,0.9813084112149533,0.7619047619047619,0.967741935483871
0.9159663865546218,0.9508032128514056,0.9771513511002415,1.0,0.7222222222222222,0.9431818181818182
0.9296875,0.9779904306220096,0.9919771765256689,0.9789473684210527,0.7878787878787878,0.9538461538461539
0.9626865671641791,0.9964387464387464,0.999152686466636,0.9814814814814815,0.8846153846153846,0.9769585253456221
0.9230769230769231,0.9817554240631163,0.9928462554758939,0.9615384615384616,0.8205128205128205,0.9478672985781991
0.9212598425196851,0.9758064516129032,0.9919085705075277,0.96875,0.7741935483870968,0.9489795918367347
0.9271523178807947,0.960752688172043,0.989032691280017,0.9916666666666667,0.6774193548387096,0.9558232931726908
0.951048951048951,0.9911504424778762,0.9975704551302842,0.9734513274336283,0.8666666666666667,0.9691629955947136
0.9731543624161074,0.9988839285714286,0.9998173676719961,0.9765625,0.9523809523809523,0.984251968503937
0.9401709401709402,0.9881226053639847,0.9956113559036301,0.9540229885057471,0.9,0.9595375722543352
0.9743589743589743,0.9978835978835978,0.9996719562514181,0.9851851851851852,0.9047619047619048,0.9851851851851852
0.971830985915493,0.9956156375593715,0.9991372420590299,0.9915966386554622,0.8695652173913043,0.9833333333333333
0.9245283018867925,0.9826086956521739,0.9852053948292564,0.95,0.8913043478260869,0.9344262295081968
0.936,0.9790665751544269,0.992520759604676,0.9787234042553191,0.8064516129032258,0.9583333333333334
0.9457364341085271,0.9850707176532215,0.9910185351471696,0.9759036144578314,0.8913043478260869,0.9585798816568047
0.984251968503937,0.9914645103324349,0.9981755437306563,0.9905660377358491,0.9523809523809523,0.9905660377358491
0.9575757575757575,0.9892307692307692,0.9970049516084357,0.9846153846153847,0.8571428571428571,0.973384030418251
0.9647887323943662,0.9865730851388465,0.996313199277086,1.0,0.8275862068965517,0.9783549783549783
0.9716312056737588,0.9972347913524384,0.9989261938643937,0.9901960784313726,0.9230769230769231,0.9805825242718447
0.9294871794871795,0.9743303571428571,0.9940966564394274,0.9765625,0.7142857142857143,0.9578544061302682
0.9383561643835616,0.9851364522417154,0.9943218435442533,0.9629629629629629,0.868421052631579,0.9585253456221198
0.953125,0.9939285714285715,0.9982921314254923,0.98,0.8571428571428571,0.9702970297029703
0.972972972972973,0.9864406779661017,0.9960423673002934,0.9915254237288136,0.9,0.9831932773109243
0.9548387096774194,0.9915254237288135,0.997241727546297,0.9745762711864406,0.8918918918918919,0.9704641350210971
0.9652777777777778,0.988501616960115,0.9977512264262179,0.9834710743801653,0.8695652173913043,0.9794238683127572
0.9548872180451128,0.9835779175401818,0.9954074323366813,0.9716981132075472,0.8888888888888888,0.9716981132075472
0.948051948051948,0.985103448275862,0.9964231179461165,0.984,0.7931034482758621,0.968503937007874
0.9583333333333334,0.9953948883260418,0.9980197937919448,1.0,0.8604651162790697,0.9711538461538461
0.9862068965517241,1.0,1.0,0.9836065573770492,1.0,0.9917355371900827
0.9617834394904459,0.990990990990991,0.9970955397277461,0.975,0.918918918918919,0.975
0.9574468085106383,0.9769279393173198,0.9934743450889498,0.9734513274336283,0.8928571428571429,0.9734513274336283
0.9504132231404959,0.988193624557261,0.9927479603179782,1.0,0.8636363636363636,0.9625
0.9605263157894737,0.9916791124386601,0.9967048894112579,0.9908256880733946,0.8837209302325582,0.972972972972973
0.965034965034965,0.9887672811059909,0.9966644696339633,0.9821428571428571,0.9032258064516129,0.9777777777777777
0.9523809523809523,0.9974424552429668,0.9990648755178377,0.9565217391304348,0.9411764705882353,0.967032967032967
0.9657534246575342,0.9958557811852466,0.9993885833925514,0.984251968503937,0.8421052631578947,0.9803921568627451
0.9016393442622951,0.9559934318555008,0.9814936005758137,0.9885057471264368,0.6857142857142857,0.9347826086956522
0.9242424242424242,0.9756944444444445,0.9903046297695968,0.9791666666666666,0.7777777777777778,0.9494949494949495
0.9565217391304348,0.9900412087912087,0.9975937873127416,0.9732142857142857,0.8846153846153846,0.9732142857142857
0.95,0.9945578231292518,0.9981881984355749,0.9714285714285714,0.8857142857142857,0.966824644549763
0.9097744360902256,0.9597667638483965,0.9844131641076368,0.9693877551020408,0.7428571428571429,0.9405940594059405
0.9105691056910569,0.959478021978022,0.9847926274087683,0.989010989010989,0.6875,0.9424083769633508
0.9540229885057471,0.9914279269117978,0.9981170092347221,0.9790209790209791,0.8387096774193549,0.9722222222222222
0.946969696969697,0.9876950780312125,0.995477527473129,0.9693877551020408,0.8823529411764706,0.9644670050761421
0.9347826086956522,0.9861425339366515,0.9954075819050673,0.9903846153846154,0.7647058823529411,0.958139534883721
0.9253731343283582,0.9696969696969697,0.9887938209732413,0.98989898989899,0.7428571428571429,0.9514563106796117
0.9556962025316456,0.9954814042405283,0.9993153424066139,0.9708029197080292,0.8571428571428571,0.9743589743589743
0.9712230215827338,0.9853823088455772,0.9970298333146849,0.9913793103448276,0.8695652173913043,0.9829059829059829
0.974025974025974,0.9850647195486226,0.9970463192612087,0.9847328244274809,0.9130434782608695,0.9847328244274809
0.9548022598870056,0.9726143421795597,0.9956771094403392,0.9805194805194806,0.782608695652174,0.9741935483870968
0.943089430894309,0.9833438089252042,0.9923640384410348,1.0,0.8108108108108109,0.9608938547486033
0.968,0.9915994623655914,0.9970164188426099,0.989247311827957,0.90625,0.9787234042553191
0.9154929577464789,0.9693396226415095,0.9888542084101638,0.9905660377358491,0.6944444444444444,0.9459459459459459
0.9428571428571428,0.9668027210884355,0.9874316643696964,1.0,0.7714285714285715,0.963302752293578
0.9300699300699301,0.9695652173913043,0.9920133124413009,0.9652173913043478,0.7857142857142857,0.9568965517241379
0.9672131147540983,0.992094861660079,0.9981242559861874,0.9797979797979798,0.9130434782608695,0.9797979797979798
0.9420289855072463,0.9897345132743363,0.9977187412678973,0.9734513274336283,0.8,0.9649122807017544
0.9435483870967742,0.9785714285714286,0.9888578989384913,1.0,0.825,0.96
0.9463087248322147,0.9860038610038611,0.9951341966274833,1.0,0.7837837837837838,0.9655172413793104
0.9493670886075949,0.9824710206389596,0.9962013257238846,0.9770992366412213,0.8148148148148148,0.9696969696969697
0.9655172413793104,0.9921497584541062,0.9978138454609642,0.9855072463768116,0.8888888888888888,0.9784172661870504
0.9545454545454546,0.981859410430839,0.9958195252592481,0.9841269841269841,0.8214285714285714,0.9725490196078431
0.9411764705882353,0.9836477987421384,0.9950465435335607,0.9905660377358491,0.7666666666666667,0.963302752293578
0.9197080291970803,0.9777195281782438,0.9940167148084775,0.944954128440367,0.8214285714285714,0.9493087557603687
0.9590163934426229,0.9957461892945764,0.9985818991369407,0.978021978021978,0.9032258064516129,0.9726775956284153
0.9568345323741008,0.9975438596491228,0.9994550719728421,0.956140350877193,0.96,0.9732142857142857
0.9645390070921985,0.9831932773109243,0.9966926742524205,0.9831932773109243,0.8636363636363636,0.9790794979079498
0.9747899159663865,0.9993197278911564,0.9997231450719822,0.9880952380952381,0.9428571428571428,0.9822485207100592
0.948905109489051,0.9845984598459846,0.9943889349006376,0.9702970297029703,0.8888888888888888,0.9655172413793104
0.9180327868852459,0.9793018226753167,0.9901035027163411,0.9759036144578314,0.7948717948717948,0.9418604651162791
0.9571428571428572,0.9977499999999999,0.9991205025699601,0.97,0.925,0.97
0.9557522123893806,0.9812206572769953,0.9880773560995249,0.9859154929577465,0.9047619047619048,0.9655172413793104
0.935251798561151,0.9824561403508772,0.9958183970681488,0.956140350877193,0.84,0.960352422907489
0.9210526315789473,0.9742775484280723,0.9814156936541829,1.0,0.8085106382978723,0.9370629370629371
0.9236641221374046,0.9915100060642814,0.997061549229052,0.9381443298969072,0.8823529411764706,0.9479166666666666
0.943089430894309,0.996031746031746,0.9981947840120726,0.9880952380952381,0.8461538461538461,0.9595375722543352
0.958904109589041,0.9868162692847126,0.9963329133573237,0.9826086956521739,0.8709677419354839,0.9741379310344828
0.9444444444444444,0.9866405995438253,0.9949674515999974,0.967741935483871,0.8787878787878788,0.9625668449197861
0.9465648854961832,0.988960113960114,0.9970392670059087,0.9711538461538461,0.8518518518518519,0.9665071770334929
0.9541984732824428,0.9925788497217068,0.997413352258795,0.9693877551020408,0.9090909090909091,0.9693877551020408
0.9866666666666667,1.0,1.0,1.0,0.9473684210526315,0.9911504424778761
0.9593023255813954,0.9934640522875816,0.9982427483570977,0.9779411764705882,0.8888888888888888,0.9743589743589743
0.9411764705882353,0.9707317073170731,0.9918955090570446,0.975609756097561,0.8,0.963855421686747
0.9153846153846154,0.9722222222222222,0.9874232246505145,1.0,0.725,0.9424083769633508
0.96,0.9941066997518611,0.998743226077121,0.9919354838709677,0.8076923076923077,0.9761904761904762
0.9302325581395349,0.9881434355118566,0.9949460194447389,0.978021978021978,0.8157894736842105,0.9518716577540107
0.9507042253521126,0.9839316239316239,0.9961364082054021,0.9914529914529915,0.76,0.9707112970711297
0.9192546583850931,0.959349593495935,0.9844124759489095,0.975,0.7560975609756098,0.9473684210526315
0.9285714285714286,0.9769507803121249,0.9928058691546078,0.9663865546218487,0.8,0.9543568464730291
0.963855421686747,0.9917184265010351,0.9982802888559978,0.9927536231884058,0.8214285714285714,0.9785714285714285
0.9444444444444444,0.9915942841131969,0.9955744478778756,0.9759036144578314,0.8837209302325582,0.9585798816568047
0.9490445859872612,0.988,0.9967430411622038,0.992,0.78125,0.96875
0.9700598802395209,0.9761904761904762,0.9975849803951555,0.9869281045751634,0.7857142857142857,0.9837133550488599
0.9266666666666666,0.9783138401559454,0.9926284547197846,0.9649122807017544,0.8055555555555556,0.9523809523809523
0.9626865671641791,0.9821969696969698,0.9957650563590625,0.990909090909091,0.8333333333333334,0.9775784753363229
0.9784172661870504,0.9971988795518207,0.9990718459910388,0.9904761904761905,0.9411764705882353,0.985781990521327
0.9495798319327731,0.9880952380952381,0.9945001315484862,0.9642857142857143,0.9142857142857143,0.9642857142857143
0.8852459016393442,0.9657622739018088,0.984592284603214,0.9534883720930233,0.7222222222222222,0.9213483146067416
0.9319727891156463,0.9729729729729729,0.9904888688895912,0.9727272727272728,0.8108108108108109,0.9553571428571429
0.9024390243902439,0.9605263157894737,0.9867692435704423,0.968421052631579,0.6785714285714286,0.9387755102040817
0.9396551724137931,0.9835007173601148,0.992712657207067,0.9878048780487805,0.8235294117647058,0.9585798816568047
0.9779411764705882,0.9957676029242015,0.999123107845165,0.9911504424778761,0.9130434782608695,0.986784140969163
0.9037037037037037,0.9836149513568868,0.9926066235015897,0.956989247311828,0.7857142857142857,0.9319371727748691
0.9553571428571429,0.9978378378378379,0.9989743589743589,0.9733333333333334,0.918918918918919,0.9668874172185431
0.9126984126984127,0.9601848560255954,0.9871750549766447,0.9690721649484536,0.7241379310344828,0.9447236180904522
0.923728813559322,0.9823848238482386,0.9912355663715893,1.0,0.75,0.9479768786127167
0.9411764705882353,0.9795918367346937,0.9915913739445976,0.9795918367346939,0.8421052631578947,0.96
0.9,0.9759759759759761,0.9877425924481957,0.9864864864864865,0.7222222222222222,0.9299363057324841
0.9459459459459459,0.9897987317342156,0.9972110106278024,0.9572649572649573,0.9032258064516129,0.9655172413793104
0.9423076923076923,0.9831360946745562,0.996461271091216,0.9769230769230769,0.7692307692307693,0.9657794676806084
0.9666666666666667,0.9933754893104487,0.9984689378250273,0.975609756097561,0.9259259259259259,0.9795918367346939
0.9481481481481482,0.9833131067961165,0.9943536752478138,0.970873786407767,0.875,0.966183574879227
0.9714285714285714,0.9990680335507922,0.9997572247572248,0.972972972972973,0.9655172413793104,0.9818181818181818
0.9084507042253521,0.9459549071618036,0.9868463778150302,0.9741379310344828,0.6153846153846154,0.9456066945606695
0.9590643274853801,0.9923822714681441,0.999039497909601,0.9736842105263158,0.8421052631578947,0.976897689768977
0.923728813559322,0.9658119658119658,0.9890857139075705,0.978021978021978,0.7407407407407407,0.9518716577540107
0.9347826086956522,0.9626292959626293,0.990438113095863,0.9819819819819819,0.7407407407407407,0.960352422907489
0.9512195121951219,0.9966165413533834,0.9990174337681946,0.9578947368421052,0.9285714285714286,0.9680851063829787
0.9236111111111112,0.9735221674876848,0.9932799362089105,0.9655172413793104,0.75,0.9531914893617022
0.9328859060402684,0.9836317135549872,0.9949875127209833,0.9739130434782609,0.7941176470588235,0.9572649572649573
0.9197080291970803,0.9618001046572475,0.9839137069604696,0.9693877551020408,0.7948717948717948,0.945273631840796
0.9172413793103448,0.9773230088495575,0.9936014414318567,0.9823008849557522,0.6875,0.9487179487179487
0.9426751592356688,0.9878771551724138,0.9971775805490755,0.984375,0.7586206896551724,0.9655172413793104
0.9555555555555556,0.9827586206896552,0.9945392256189662,0.9811320754716981,0.8620689655172413,0.9719626168224299
0.9735099337748344,0.9985867721876767,0.9996634679461549,0.9754098360655737,0.9655172413793104,0.9834710743801653
0.9426229508196722,0.9804421768707483,0.9949001546695101,0.9693877551020408,0.8333333333333334,0.9644670050761421
0.9590163934426229,0.9904289259127969,0.9966474430017005,0.978021978021978,0.9032258064516129,0.9726775956284153
0.95,0.9791860826343585,0.9942290242335388,0.990990990990991,0.7931034482758621,0.9691629955947136
0.9230769230769231,0.9784442361761949,0.9922938426552134,0.9690721649484536,0.7878787878787878,0.9494949494949495
0.9407894736842105,0.9774814814814814,0.9947089475755582,0.976,0.7777777777777778,0.9644268774703557
0.9596774193548387,0.9946808510638299,0.99825457550356,0.9893617021276596,0.8666666666666667,0.9738219895287958
0.952054794520548,0.9870766488413547,0.9941738880224539,1.0,0.8409090909090909,0.966824644549763
0.9172932330827067,0.980759620189905,0.9893652851488492,0.9885057471264368,0.782608695652174,0.9398907103825137
0.8947368421052632,0.9733124018838305,0.9875060653070593,0.945054945054945,0.7857142857142857,0.9247311827956989
0.9710144927536232,0.9978070175438596,0.9995442384639062,0.9912280701754386,0.875,0.9826086956521739
0.9347826086956522,0.9716350013379716,0.9889103402122925,1.0,0.7567567567567568,0.957345971563981
0.9530201342281879,0.9961290322580645,0.9992193061331534,0.9596774193548387,0.92,0.9714285714285714
0.9344262295081968,0.9719957461892946,0.9898040102652524,0.978021978021978,0.8064516129032258,0.956989247311828
0.9385964912280702,0.9927285318559557,0.9963444285779534,0.9605263157894737,0.8947368421052632,0.954248366013072
0.9411764705882353,0.9798570500324887,0.9901961873059064,1.0,0.8157894736842105,0.9585798816568047
0.9609375,0.9918367346938776,0.9974138013323058,1.0,0.8333333333333334,0.9751243781094527
0.9493670886075949,0.9908234126984127,0.9976415858999349,0.9841269841269841,0.8125,0.96875
0.9576271186440678,0.9912790697674418,0.9965221544244448,0.9883720930232558,0.875,0.9714285714285714
0.959731543624161,0.9844173441734417,0.993482194423852,0.9907407407407407,0.8780487804878049,0.9727272727272728
0.9539473684210527,0.9970674486803519,0.999253050069087,0.9586776859504132,0.9354838709677419,0.9707112970711297
0.9398496240601504,0.963302752293578,0.9910908880102581,0.9908256880733946,0.7083333333333334,0.9642857142857143
0.9495798319327731,0.9919148936170213,0.9978013158556003,0.9680851063829787,0.88,0.9680851063829787
0.946969696969697,0.9722222222222222,0.988785232717645,1.0,0.8055555555555556,0.964824120603015
0.9701492537313433,0.9988455988455988,0.9995999599959995,0.9797979797979798,0.9428571428571428,0.9797979797979798
0.9375,0.9775,0.9933232565793084,0.98,0.7857142857142857,0.9607843137254902
0.9136690647482014,0.977346278317152,0.9918764065023117,0.9902912621359223,0.6944444444444444,0.9444444444444444
0.9230769230769231,0.9739328771586837,0.9911789913429261,0.98989898989899,0.7096774193548387,0.9514563106796117
0.9452054794520548,0.9879324215607401,0.996288589223371,0.9557522123893806,0.9090909090909091,0.9642857142857143
0.9322033898305084,0.9755908562572646,0.9911602520682625,0.9775280898876404,0.7931034482758621,0.9560439560439561
0.9236111111111112,0.978515625,0.9929985594157205,0.9910714285714286,0.6875,0.9527896995708155
0.927007299270073,0.9917833231892879,0.9975970478567411,0.9339622641509434,0.9032258064516129,0.9519230769230769
0.9622641509433962,0.9948200654307524,0.9988274355573885,0.9618320610687023,0.9642857142857143,0.9767441860465116
0.9714285714285714,0.9846643518518519,0.9950505304598732,0.9907407407407407,0.90625,0.981651376146789
0.8923076923076924,0.9769668737060041,0.9873556901845818,0.9642857142857143,0.7608695652173914,0.9204545454545454
0.9224806201550387,0.9753086419753086,0.9923072016726018,0.9411764705882353,0.8518518518518519,0.9504950495049505
0.9345238095238095,0.9662224264705883,0.9910033758705206,0.9632352941176471,0.8125,0.9597069597069597
0.9262295081967213,0.9662957074721781,0.9842382478040945,0.9882352941176471,0.7837837837837838,0.9491525423728814
0.9137931034482759,0.9821631878557876,0.9935200332274736,0.9764705882352941,0.7419354838709677,0.9431818181818182
0.9253731343283582,0.9837983798379838,0.9945451773027036,0.9702970297029703,0.7878787878787878,0.9514563106796117
0.920863309352518,0.9613142554319025,0.9851363225777069,0.9803921568627451,0.7567567567567568,0.9478672985781991
0.9578313253012049,0.9819376026272578,0.9971223885834335,0.9793103448275862,0.8095238095238095,0.9759450171821306
0.9477124183006536,0.976,0.9940159917185598,0.976,0.8214285714285714,0.9682539682539683
0.9375,0.9879115226337449,0.9957434050720959,0.9537037037037037,0.8888888888888888,0.958139534883721
0.9107142857142857,0.9766014576141159,0.9898517098105731,1.0,0.696969696969697,0.9404761904761905
0.9540229885057471,0.9888228299643282,0.9977372045269287,0.9793103448275862,0.8275862068965517,0.9726027397260274
0.9375,0.9723789723789724,0.9873531932621467,0.989010989010989,0.8108108108108109,0.9574468085106383
0.9512195121951219,0.993498452012384,0.9970401961839636,0.9882352941176471,0.868421052631579,0.9655172413793104
0.946969696969697,0.977961432506887,0.9916446611703201,0.98989898989899,0.8181818181818182,0.9655172413793104
0.944,0.9878277153558052,0.9944931079334275,0.9775280898876404,0.8611111111111112,0.9613259668508287
0.9644970414201184,0.986785009861933,0.995812140451557,0.9923076923076923,0.8717948717948718,0.9772727272727273
0.948905109489051,0.9893673577884105,0.9953713757259324,0.9494949494949495,0.9473684210526315,0.9641025641025641
0.9689922480620154,0.9957567185289957,0.9987681707135807,0.9702970297029703,0.9642857142857143,0.98
0.9203539823008849,0.9950738916256158,0.9983926608754075,0.9880952380952381,0.7241379310344828,0.9485714285714286
0.9929078014184397,0.9996751137102015,0.9999237223493518,1.0,0.9629629629629629,0.9956331877729258
0.9632352941176471,0.9927248677248677,0.998034910356995,0.9907407407407407,0.8571428571428571,0.9771689497716894
0.9230769230769231,0.9840522875816993,0.991294933671365,0.9647058823529412,0.8444444444444444,0.9425287356321839
0.92,0.9835526315789473,0.9942699368962838,0.9910714285714286,0.7105263157894737,0.9487179487179487
0.9726027397260274,0.9923632610939112,0.9955999700025381,1.0,0.9215686274509803,0.979381443298969
0.9533333333333334,0.9753320683111955,0.9929340312364369,0.9831932773109243,0.8387096774193549,0.970954356846473
0.986013986013986,0.9984035759897829,0.9996251307092863,1.0,0.9259259259259259,0.9914529914529915
0.944,0.9745916515426497,0.9878778892499163,0.9770114942528736,0.868421052631579,0.96045197740113
0.9652777777777778,0.9919950738916257,0.9980223632810731,0.9913793103448276,0.8571428571428571,0.9787234042553191
0.9662162162162162,0.9814546508258476,0.9953506943869479,0.9915966386554622,0.8620689655172413,0.979253112033195
0.9911504424778761,0.9984567901234568,0.9993882904722156,1.0,0.96875,0.9938650306748467
0.937984496124031,0.9794823232323232,0.9924843642115047,0.9791666666666666,0.8181818181818182,0.9591836734693877
0.9672131147540983,0.9897854954034729,0.9957904248295825,0.9775280898876404,0.9393939393939394,0.9775280898876404
0.9733333333333334,0.998759305210918,0.9997439836149513,0.9838709677419355,0.9230769230769231,0.9838709677419355
0.958904109589041,0.9978070175438596,0.9992336958069046,0.9629629629629629,0.9473684210526315,0.9719626168224299
0.9444444444444444,0.9811616954474097,0.9920246597136235,0.967032967032967,0.8857142857142857,0.9617486338797814
0.9763779527559056,0.9987349778621125,0.9995423870115803,0.989247311827957,0.9411764705882353,0.983957219251337
0.9203539823008849,0.9844173441734417,0.9906276216095729,0.9861111111111112,0.8048780487804879,0.9403973509933775
0.9426229508196722,0.96659793814433,0.9905905598795367,1.0,0.72,0.9651741293532339
0.8968253968253969,0.9786499215070644,0.9917607136381399,0.967032967032967,0.7142857142857143,0.9312169312169312
0.9568345323741008,0.9892966360856269,0.9968228406193436,0.981651376146789,0.8666666666666667,0.9727272727272728
0.9791666666666666,0.9988581216100485,0.9996908392566641,0.9911504424778761,0.9354838709677419,0.986784140969163
0.9523809523809523,0.9780673871582962,0.9949053437377675,0.9752066115702479,0.8461538461538461,0.9711934156378601
0.9485294117647058,0.9801587301587302,0.9944016014058321,1.0,0.75,0.968609865470852
0.9852941176470589,0.9972699972699972,0.9989458031434946,0.98989898989899,0.972972972972973,0.98989898989899
0.9731543624161074,0.9992625368731564,0.9997711321330487,0.9911504424778761,0.9166666666666666,0.9824561403508771
0.9622641509433962,0.9871848739495799,0.9953259096866558,0.9915966386554622,0.875,0.9752066115702479
0.9496402877697842,0.9841269841269842,0.9956591388810081,0.9642857142857143,0.8888888888888888,0.968609865470852
0.9586206896551724,0.9866666666666667,0.9963323546674321,0.9826086956521739,0.8666666666666667,0.9741379310344828
0.9463087248322147,0.9740259740259739,0.9931216990977819,0.9917355371900827,0.75,0.967741935483871
0.9551282051282052,0.9865806451612904,0.9965499910960318,1.0,0.7741935483870968,0.9727626459143969
0.9666666666666667,0.9891666666666666,0.9971624903920073,0.9916666666666667,0.8666666666666667,0.9794238683127572
0.935251798561151,0.9763014763014762,0.9951329759242368,0.9572649572649573,0.8181818181818182,0.9613733905579399
0.9705882352941176,0.9948122529644269,0.9974621780809132,0.9891304347826086,0.9318181818181818,0.978494623655914
0.9533333333333334,0.98048,0.9957788545471626,0.976,0.84,0.9721115537848606
0.9370629370629371,0.9834812623274162,0.9934095035569102,0.9807692307692307,0.8205128205128205,0.9577464788732394
0.888,0.9753433208489388,0.9900362772145792,0.9662921348314607,0.6944444444444444,0.9247311827956989
0.9481481481481482,0.9967469095640858,0.9991500934897161,0.9811320754716981,0.8275862068965517,0.9674418604651163
0.9552238805970149,0.9859649122807017,0.9937766061233233,0.968421052631579,0.9230769230769231,0.968421052631579
0.9516129032258065,0.9819148936170212,0.9935996089722952,0.9893617021276596,0.8333333333333334,0.96875
0.9390243902439024,0.9637721755368814,0.9848185480692542,0.9831932773109243,0.8222222222222222,0.9590163934426229
0.9562043795620438,0.9867091972355131,0.9945116423430114,0.98989898989899,0.868421052631579,0.9702970297029703
0.8943089430894309,0.9727272727272727,0.9886779357837642,0.9545454545454546,0.7428571428571429,0.9281767955801105
0.9629629629629629,0.9822222222222222,0.9943265081045166,0.9904761904761905,0.8666666666666667,0.9765258215962441
0.9618320610687023,0.9952380952380951,0.998809083663767,0.9809523809523809,0.8846153846153846,0.976303317535545
0.9389312977099237,0.9881868131868132,0.9947094406550175,0.978021978021978,0.85,0.956989247311828
0.9785714285714285,0.9770833333333334,0.9957834077885557,1.0,0.85,0.9876543209876543
0.9763779527559056,0.9992592592592594,0.9998039215686276,0.99,0.9259259259259259,0.9850746268656716
0.9534883720930233,0.9843166542195668,0.9959754592148233,0.9902912621359223,0.8076923076923077,0.9714285714285714
0.9292035398230089,0.9914383561643836,0.9952802565448728,0.9863013698630136,0.825,0.9473684210526315
0.9552238805970149,0.9940940231514293,0.9963159592634038,0.9879518072289156,0.9019607843137255,0.9647058823529412
0.9263803680981595,0.9714714714714715,0.9907907946509311,0.9761904761904762,0.7567567567567568,0.9534883720930233
0.9538461538461539,0.9806310527960013,0.9926194676288511,0.979381443298969,0.8787878787878788,0.9693877551020408
0.9473684210526315,0.9943074003795066,0.9982622447246526,0.9901960784313726,0.8064516129032258,0.9665071770334929
0.984375,0.9996980676328503,0.999883122954652,0.9891304347826086,0.9722222222222222,0.9891304347826086
0.9083333333333333,0.9651851851851851,0.9873179004283648,0.9777777777777777,0.7,0.9411764705882353
0.9444444444444444,0.9932969215491558,0.9975889106257846,0.9811320754716981,0.8421052631578947,0.9629629629629629
0.9647058823529412,0.9858201058201058,0.9960066293503591,1.0,0.8285714285714286,0.9782608695652174
0.8823529411764706,0.9701104613385315,0.9858618113693456,0.9753086419753086,0.6842105263157895,0.9186046511627907
0.9574468085106383,0.9914529914529914,0.996462152335681,0.9803921568627451,0.8974358974358975,0.970873786407767
0.967741935483871,0.9880894506562955,0.9965572576205723,0.9917355371900827,0.8823529411764706,0.9795918367346939
0.9310344827586207,0.9901298701298701,0.9967886724460215,0.9454545454545454,0.8857142857142857,0.9541284403669725
0.9300699300699301,0.9739130434782609,0.9930621997543744,0.9826086956521739,0.7142857142857143,0.9576271186440678
0.9333333333333333,0.98375,0.9915937397653095,1.0,0.8,0.9523809523809523
0.9793103448275862,1.0,1.0,0.97,1.0,0.9847715736040609
0.9294871794871795,0.961715992397502,0.9907609407785151,0.984251968503937,0.6896551724137931,0.9578544061302682
0.9671052631578947,0.9921875,0.9969749624467894,0.9910714285714286,0.9,0.9779735682819384
0.9526627218934911,0.9897039897039897,0.9984479866601701,0.9594594594594594,0.9047619047619048,0.9726027397260274
0.9477611940298507,0.988157894736842,0.9978786483847885,0.9649122807017544,0.85,0.9691629955947136
0.925,0.9873005535656137,0.994116442106122,0.9759036144578314,0.8108108108108109,0.9473684210526315
0.9245283018867925,0.9704184704184704,0.9917753612544811,0.9761904761904762,0.7272727272727273,0.9534883720930233
0.9411764705882353,0.9802102659245516,0.9888393808087992,1.0,0.8333333333333334,0.9565217391304348
0.9568345323741008,0.9885648942252715,0.9959947603814132,0.9905660377358491,0.8484848484848485,0.9722222222222222
0.923728813559322,0.9806778587266393,0.9891938236552741,0.987012987012987,0.8048780487804879,0.9440993788819876
0.9785714285714285,0.9992567818654774,0.9998563527975293,1.0,0.8695652173913043,0.9873417721518988
0.9461538461538461,0.9811013359400456,0.9936747990303659,0.9797979797979798,0.8387096774193549,0.9651741293532339
0.9508196721311475,0.9802061855670102,0.9944631705105417,0.9896907216494846,0.8,0.9696969696969697
0.9675324675324676,0.9874114870180961,0.9965919992287664,1.0,0.8387096774193549,0.9800796812749004
0.9112903225806451,0.983782129742962,0.9928387694217313,0.9534883720930233,0.8157894736842105,0.9371428571428572
0.949685534591195,0.9866431451612904,0.9964651803136,0.984375,0.8064516129032258,0.9692307692307692
0.9291338582677166,0.991304347826087,0.9967842261695354,0.9891304347826086,0.7714285714285715,0.9528795811518325
0.9318181818181818,0.9786914765906362,0.9919091046704074,0.9693877551020408,0.8235294117647058,0.9547738693467337
0.9416666666666667,0.9784009094353923,0.9926472408317274,1.0,0.7586206896551724,0.9629629629629629
0.9426751592356688,0.9890004782400765,0.9969234094859004,0.983739837398374,0.7941176470588235,0.9641434262948207
0.957983193277311,0.9871794871794872,0.9933393092507492,0.9875,0.8974358974358975,0.9693251533742331
0.9375,0.982421875,0.9947474337530732,0.9642857142857143,0.84375,0.96
0.9251700680272109,0.9762905162064826,0.9942667739657636,0.9747899159663865,0.7142857142857143,0.9547325102880658
0.9612903225806452,0.9844961240310077,0.9966719767537082,0.9922480620155039,0.8076923076923077,0.9770992366412213
0.9671052631578947,0.9952512861100119,0.9993240677451204,0.9774436090225563,0.8947368421052632,0.9811320754716981
0.9420289855072463,0.989407257155736,0.993205435925579,0.9655172413793104,0.9019607843137255,0.9545454545454546
0.9379310344827586,0.9758953168044077,0.9950201392929463,0.9752066115702479,0.75,0.963265306122449
0.95,0.9893162393162394,0.9958554340472618,0.9807692307692307,0.8611111111111112,0.966824644549763
0.9444444444444444,0.9893469198703103,0.9985194571982524,0.952755905511811,0.8823529411764706,0.968
0.9403973509933775,0.9748696064485538,0.9912472343281726,0.9824561403508771,0.8108108108108109,0.9613733905579399
0.9591836734693877,0.9906298802706923,0.9971295229423376,1.0,0.8235294117647058,0.9741379310344828
0.9172413793103448,0.9593727726300784,0.9919753610817841,0.9672131147540983,0.6521739130434783,0.9516129032258065
0.9790209790209791,0.9987577639751554,0.999696867813233,0.9826086956521739,0.9642857142857143,0.9868995633187773
0.9298245614035088,0.9779900332225914,0.9925156540044128,0.9883720930232558,0.75,0.9550561797752809
0.9516129032258065,0.988562091503268,0.995460810391695,1.0,0.8235294117647058,0.967741935483871
0.9512195121951219,0.9904024767801858,0.9955125403041576,0.9764705882352941,0.8947368421052632,0.9651162790697675
0.952054794520548,0.9944444444444445,0.9981661186489184,0.9727272727272728,0.8888888888888888,0.9683257918552036
0.9689922480620154,0.9987373737373737,0.9995748299319727,1.0,0.8787878787878788,0.9795918367346939
0.9395973154362416,0.9747023809523809,0.9954952405069437,0.9609375,0.8095238095238095,0.9647058823529412
0.9672131147540983,0.9985507246376812,0.9995374653098984,0.9782608695652174,0.9333333333333333,0.9782608695652174
0.9316239316239316,0.9849264705882353,0.9939821668737711,0.9882352941176471,0.78125,0.9545454545454546
0.9694656488549618,0.9877419354838709,0.9957047080680923,0.98,0.9354838709677419,0.98
0.9626865671641791,0.9969362745098039,0.9990465889326026,0.9803921568627451,0.90625,0.975609756097561
0.9747899159663865,0.9990281827016521,0.9997928051863911,0.9795918367346939,0.9523809523809523,0.9846153846153847
0.9696969696969697,0.994375,0.9981154923254049,0.99,0.90625,0.9801980198019802
0.9398496240601504,0.9934533551554828,0.9972881127751335,0.9680851063829787,0.8717948717948718,0.9578947368421052
0.9491525423728814,0.9982492997198881,0.9993311931514178,0.9880952380952381,0.8529411764705882,0.9651162790697675
0.9493670886075949,0.9864800759013284,0.9961863161435701,0.9838709677419355,0.8235294117647058,0.9682539682539683
0.961038961038961,0.9903961584633854,0.9970397403210078,0.9747899159663865,0.9142857142857143,0.9747899159663865
0.9655172413793104,0.9984438219732337,0.9997866621396032,0.9673202614379085,0.9523809523809523,0.9801324503311258
0.9801324503311258,0.9995421245421245,0.9998412667057974,0.9821428571428571,0.9743589743589743,0.9865470852017937
0.9854014598540146,0.9995726495726496,0.9999275677241778,0.9914529914529915,0.95,0.9914529914529915
0.9370629370629371,0.9832347140039448,0.9960111033736888,0.9743589743589743,0.7692307692307693,0.9620253164556962
0.9808917197452229,0.9947397563676633,0.9988126646374517,0.9922480620155039,0.9285714285714286,0.9884169884169884
0.9722222222222222,0.9895729890764647,0.9961445330081881,0.9905660377358491,0.9210526315789473,0.9813084112149533
0.9328358208955224,0.9799561540870654,0.9934807520266105,0.970873786407767,0.8064516129032258,0.9569377990430622
0.986013986013986,1.0,1.0,0.983739837398374,1.0,0.9918032786885246
0.9512195121951219,0.9855436832181018,0.9934218320799657,0.9883720930232558,0.8648648648648649,0.9659090909090909
0.9461077844311377,0.9904933196300103,0.9980565741644414,0.9640287769784173,0.8571428571428571,0.9675090252707581
0.9393939393939394,0.9878687620623104,0.9948770618377032,0.978494623655914,0.8461538461538461,0.9578947368421052
0.9657534246575342,0.9789682539682539,0.9964230939766715,1.0,0.75,0.980544747081712
0.9318181818181818,0.9926031294452347,0.9972111013228043,0.9894736842105263,0.7837837837837838,0.9543147208121827
0.9784172661870504,0.9960144927536232,0.9991623094760061,1.0,0.875,0.9871244635193133
0.9517241379310345,0.9698550724637681,0.9911529815833768,0.9826086956521739,0.8333333333333334,0.9699570815450643
0.9007633587786259,0.973901098901099,0.9883093818957694,0.978021978021978,0.725,0.9319371727748691
0.9253731343283582,0.9629357798165138,0.9906174751418073,0.9908256880733946,0.64,0.9557522123893806
0.9473684210526315,0.9887387387387387,0.9952010452122004,0.9791666666666666,0.8648648648648649,0.9641025641025641
0.9591836734693877,0.9835928809788654,0.9950757819741344,1.0,0.8064516129032258,0.9747899159663865
0.9347826086956522,0.9768518518518519,0.9914148709502927,0.9803921568627451,0.8055555555555556,0.9569377990430622
0.9178082191780822,0.945602683920441,0.9776256847325946,0.9719626168224299,0.7692307692307693,0.9454545454545454
0.9310344827586207,0.9546899841017489,0.9853043053061704,0.9819819819819819,0.7647058823529411,0.956140350877193
0.9869281045751634,0.9958362248438584,0.9992791835263463,0.9923664122137404,0.9545454545454546,0.9923664122137404
0.9349593495934959,0.9878048780487805,0.993694718151883,0.975609756097561,0.8536585365853658,0.9523809523809523
0.9212598425196851,0.9592592592592593,0.9876584474222617,0.97,0.7407407407407407,0.9509803921568627
0.9506172839506173,0.9791495198902606,0.9953573520321336,0.9777777777777777,0.8148148148148148,0.9705882352941176
0.9387755102040817,0.983442265795207,0.992125105033588,0.9705882352941176,0.8666666666666667,0.9565217391304348
0.9784172661870504,0.9993192648059905,0.999844744604875,0.9823008849557522,0.9615384615384616,0.9866666666666667
0.9333333333333333,0.9766383495145631,0.9919672427785965,0.970873786407767,0.8125,0.9569377990430622
0.9565217391304348,0.9967159277504105,0.9989692893973513,0.9885057471264368,0.8571428571428571,0.9717514124293786
0.9454545454545454,0.988198269079465,0.9959721912578536,0.967741935483871,0.8780487804878049,0.963855421686747
0.9242424242424242,0.9558823529411764,0.9860020160942293,0.9901960784313726,0.7,0.9528301886792453
0.9457364341085271,0.9826762246117084,0.9930913038524483,0.989247311827957,0.8333333333333334,0.9633507853403142
0.9424460431654677,0.9781512605042018,0.9927495184420602,1.0,0.7647058823529411,0.963302752293578
0.9712230215827338,0.9987460815047021,0.9996738621738619,0.9818181818181818,0.9310344827586207,0.9818181818181818
0.9112903225806451,0.976457077232271,0.9869318041746868,0.9753086419753086,0.7906976744186046,0.9349112426035503
0.9622641509433962,0.9968992248062015,0.9992933478459083,0.9844961240310077,0.8666666666666667,0.9769230769230769
0.959349593495935,0.9853128991060025,0.9932417562652697,1.0,0.8611111111111112,0.9720670391061452
0.9455782312925171,0.9929985514244326,0.9975109311660415,0.9724770642201835,0.868421052631579,0.9636363636363636
0.946969696969697,0.9858217592592593,0.9945181532464971,0.9895833333333334,0.8333333333333334,0.9644670050761421
0.9461538461538461,0.9805825242718447,0.9945883519974665,0.970873786407767,0.8518518518518519,0.966183574879227
0.9554140127388535,0.9784776902887139,0.9944032814587495,0.9763779527559056,0.8666666666666667,0.9725490196078431
0.95625,0.994399641577061,0.9983317188855201,0.967741935483871,0.9166666666666666,0.97165991902834
0.9779411764705882,0.9993855606758832,0.9998194497924956,0.9809523809523809,0.967741935483871,0.9856459330143541
0.9868421052631579,0.9997119815668202,0.9999354838709678,1.0,0.9285714285714286,0.992
0.924812030075188,0.9781783681214422,0.9933533607868382,0.9803921568627451,0.7419354838709677,0.9523809523809523
0.9304347826086956,0.9803921568627451,0.9914774094726957,1.0,0.7647058823529411,0.9529411764705882
0.958904109589041,0.9985380116959064,0.9994814236581158,0.9537037037037037,0.9736842105263158,0.9716981132075472
0.972972972972973,0.9865016872890888,0.9974907312001408,0.984251968503937,0.9047619047619048,0.984251968503937
0.9304347826086956,0.9864285714285714,0.9939193377797952,0.975,0.8285714285714286,0.9512195121951219
0.9708029197080292,0.9956293706293706,0.9985741801661216,0.9903846153846154,0.9090909090909091,0.9809523809523809
0.9461538461538461,0.9907003777971519,0.9962168779338857,0.978494623655914,0.8648648648648649,0.9629629629629629
0.9571428571428572,0.9781420765027322,0.9963388177168226,0.9754098360655737,0.8333333333333334,0.9754098360655737
0.9453125,0.9914965986394558,0.997378773949931,0.9897959183673469,0.8,0.9651741293532339
0.9715909090909091,0.9982949701619778,0.9997459003151603,0.9803921568627451,0.9130434782608695,0.9836065573770492
0.952755905511811,0.9957264957264957,0.9983530126818506,0.978021978021978,0.8888888888888888,0.967391304347826
0.958041958041958,0.9760026298487838,0.9940708543350074,0.9914529914529915,0.8076923076923077,0.9747899159663865
0.95,0.9781931464174455,0.9927114105394695,0.9813084112149533,0.8484848484848485,0.967741935483871
0.9545454545454546,0.9753265602322206,0.9933260560974282,0.9811320754716981,0.8461538461538461,0.9719626168224299
0.9645390070921985,0.9918630751964086,0.9973250952472708,1.0,0.8484848484848485,0.9773755656108597
0.952755905511811,0.989367816091954,0.994438384300443,0.9770114942528736,0.9,0.9659090909090909
0.9411764705882353,0.992948717948718,0.996680985143068,0.9875,0.8461538461538461,0.9575757575757575
0.9401197604790419,0.977962577962578,0.9932387915623894,1.0,0.7297297297297297,0.9629629629629629
0.9379310344827586,0.9869431643625192,0.9977769431341745,0.967741935483871,0.7619047619047619,0.963855421686747
0.9533333333333334,0.9871758335708178,0.9967237186841194,0.9752066115702479,0.8620689655172413,0.9711934156378601
0.9493670886075949,0.9749417249417249,0.9943742162929232,0.9696969696969697,0.8461538461538461,0.9696969696969697
0.9565217391304348,0.9864566058595909,0.9970162346268269,0.9701492537313433,0.8888888888888888,0.9737827715355806
0.9523809523809523,0.9907816400998656,0.9969210381122176,0.9606299212598425,0.926829268292683,0.9682539682539683
0.9097222222222222,0.9566844919786096,0.9856084319259095,0.9818181818181818,0.6764705882352942,0.9432314410480349
0.9496402877697842,0.9836134453781512,0.9970738717767129,0.9831932773109243,0.75,0.970954356846473
0.927007299270073,0.9841752891052953,0.9951255543560001,0.9622641509433962,0.8064516129032258,0.9532710280373832
0.9307692307692308,0.9772458628841608,0.9904299101738604,0.9680851063829787,0.8333333333333334,0.9528795811518325
0.9393939393939394,0.9857881136950903,0.9958561630110842,0.9689922480620154,0.8333333333333334,0.9615384615384616
0.9292035398230089,0.9818634423897582,0.9907532271021163,0.9868421052631579,0.8108108108108109,0.9493670886075949
0.9452054794520548,0.9959016393442623,0.9992067689053412,0.9508196721311475,0.9166666666666666,0.9666666666666667
0.9448275862068966,0.9723791588198368,0.9931589130135009,0.9745762711864406,0.8148148148148148,0.9663865546218487
0.9555555555555556,0.9833164812942367,0.9912537504841819,0.9891304347826086,0.8837209302325582,0.9680851063829787
0.9642857142857143,0.9939070830159938,0.9974737866300257,0.9702970297029703,0.9487179487179487,0.9751243781094527
0.953125,0.9906883937479215,0.9969505130827485,0.979381443298969,0.8709677419354839,0.9693877551020408
0.9328859060402684,0.9787946428571428,0.9963120958608896,0.96875,0.7142857142857143,0.9612403100775194
0.9585798816568047,0.9849122807017544,0.9979765172158356,0.9733333333333334,0.8421052631578947,0.9765886287625418
0.965034965034965,0.9881987577639753,0.9968547244660312,0.991304347826087,0.8571428571428571,0.9785407725321889
0.9396551724137931,0.97638326585695,0.9868221153247395,0.9871794871794872,0.8421052631578947,0.9565217391304348
0.9831460674157303,0.9992156862745097,0.9998718405125859,0.9869281045751634,0.96,0.9901639344262295
0.9424460431654677,0.9758409785932722,0.9927647235419302,0.9724770642201835,0.8333333333333334,0.9636363636363636
0.9573170731707317,0.9818407960199005,0.9955972646036886,0.9776119402985075,0.8666666666666667,0.9739776951672863
0.9452054794520548,0.9849726775956285,0.996843934144522,0.9754098360655737,0.7916666666666666,0.967479674796748
0.9642857142857143,0.9926366468422543,0.9977050691187364,0.9906542056074766,0.8787878787878788,0.9769585253456221
0.9683544303797469,0.9924056287692651,0.9976472492201706,0.9917355371900827,0.8918918918918919,0.9795918367346939
0.959731543624161,0.9777992277992278,0.99198542855708,0.9821428571428571,0.8918918918918919,0.9734513274336283
0.9635036496350365,0.991264367816092,0.9948688224903058,0.9885057471264368,0.92,0.9717514124293786
0.9361702127659575,0.9879587155963303,0.9965033934460764,0.9724770642201835,0.8125,0.9592760180995475
0.96875,0.987012987012987,0.9970196521236989,1.0,0.8214285714285714,0.9814126394052045
0.90625,0.9720541630653989,0.9875889584661877,0.9550561797752809,0.7948717948717948,0.9340659340659341
0.9448275862068966,0.9840348330914369,0.9938163510112495,0.9716981132075472,0.8717948717948718,0.9626168224299065
0.9933774834437086,0.996505376344086,0.9990632324573713,1.0,0.967741935483871,0.995850622406639
0.9440559440559441,0.9896275341819897,0.9955702361458175,1.0,0.8095238095238095,0.9619047619047619
0.9507042253521126,0.9932810750279955,0.996624977283969,0.968421052631579,0.9148936170212766,0.9633507853403142
0.9527027027027027,0.9769105691056911,0.9950665289554561,0.991869918699187,0.76,0.9721115537848606
0.9259259259259259,0.9792719919110212,0.9894247133663137,0.9565217391304348,0.8604651162790697,0.946236559139785
0.9465648854961832,0.9761904761904762,0.9904888979809601,1.0,0.8,0.964824120603015
0.9411764705882353,0.9867466866716679,0.9934583841841433,0.978494623655914,0.8604651162790697,0.9578947368421052
0.9536423841059603,0.9843205574912892,0.9960576327199602,0.975609756097561,0.8571428571428571,0.97165991902834
0.9347826086956522,0.9852823120149853,0.9945910116024046,0.9801980198019802,0.8108108108108109,0.9565217391304348
0.971830985915493,0.9961078676675007,0.9987858558903735,0.981651376146789,0.9393939393939394,0.981651376146789
0.9305555555555556,0.9687426000473597,0.9857925891072701,0.9902912621359223,0.7804878048780488,0.9532710280373832
0.9214285714285714,0.9547203314590116,0.9865090892393773,0.9908256880733946,0.6774193548387096,0.9515418502202643
0.9496402877697842,0.9968733715476811,0.998861204801799,0.9702970297029703,0.8947368421052632,0.9655172413793104
0.9626865671641791,0.9909029649595688,0.9974529898722199,0.9811320754716981,0.8928571428571429,0.9765258215962441
0.9459459459459459,0.9726829268292683,0.9941749673643068,0.967479674796748,0.84,0.967479674796748
0.9328358208955224,0.987533692722372,0.9965754985964989,0.9528301886792453,0.8571428571428571,0.957345971563981
0.9666666666666667,0.9826302729528535,0.9960429302762986,0.9838709677419355,0.8846153846153846,0.9799196787148594
0.9481481481481482,0.9774774774774775,0.9946147497672158,0.972972972972973,0.8333333333333334,0.968609865470852
0.9473684210526315,0.9877866400797608,0.9963379399899936,0.9830508474576272,0.8235294117647058,0.9666666666666667
0.9770992366412213,1.0,1.0,0.970873786407767,1.0,0.9852216748768473
0.9710982658959537,0.9886956521739131,0.9981042305014342,0.98,0.9130434782608695,0.9832775919732442
0.9349593495934959,0.9784883720930233,0.9870897759426157,1.0,0.813953488372093,0.9523809523809523
0.9487179487179487,0.9675567039908125,0.9922897881087152,0.9767441860465116,0.8148148148148148,0.9692307692307692
0.9389312977099237,0.9791955617198336,0.9938309519172412,0.9805825242718447,0.7857142857142857,0.9619047619047619
0.9465648854961832,0.9925824175824175,0.9966147467585099,0.989010989010989,0.85,0.9625668449197861
0.9214285714285714,0.9697959183673469,0.9895622421344229,0.9809523809523809,0.7428571428571429,0.9493087557603687
0.9426229508196722,0.9914614121510674,0.9965876248184378,0.9885057471264368,0.8285714285714286,0.9608938547486033
0.9492753623188406,0.9867283950617284,0.9960467965343459,0.9814814814814815,0.8333333333333334,0.9680365296803652
0.9066666666666666,0.9775,0.9942337052545294,0.95,0.7333333333333333,0.9421487603305785
0.9669421487603306,0.99906191369606,0.9995555845786036,0.9634146341463414,0.9743589743589743,0.9753086419753086
0.9518072289156626,0.9805900621118011,0.9956884785038611,0.9927536231884058,0.75,0.9716312056737588
0.9640287769784173,0.9957604663487016,0.998441125384987,0.9901960784313726,0.8918918918918919,0.9758454106280193
0.9512195121951219,0.9899641577060933,0.9966542170389279,0.989247311827957,0.8333333333333334,0.968421052631579
0.9424460431654677,0.9915848527349228,0.9958205680791101,0.978494623655914,0.8695652173913043,0.9578947368421052
0.9583333333333334,0.9888888888888888,0.9968870994767427,0.9649122807017544,0.9333333333333333,0.9734513274336283
0.9349593495934959,0.9801744647105473,0.9942323011695771,0.9690721649484536,0.8076923076923077,0.9591836734693877
0.9813664596273292,0.9950372208436725,0.9987991525192976,1.0,0.9032258064516129,0.9885931558935361
0.9236111111111112,0.9676724137931035,0.9914041702255957,0.9655172413793104,0.75,0.9531914893617022
0.9527027027027027,0.9742098609355246,0.9913244253365885,1.0,0.8,0.9699570815450643
0.9354838709677419,0.9898543184183142,0.9973946528800078,0.9516129032258065,0.8709677419354839,0.959349593495935
0.9455782312925171,0.979672131147541,0.9954901985604049,0.9836065573770492,0.76,0.967741935483871
0.9574468085106383,0.972819216182048,0.9927578817419525,0.9911504424778761,0.8214285714285714,0.9739130434782609
0.9530201342281879,0.9835423197492164,0.9943351924228222,0.9827586206896551,0.8484848484848485,0.9702127659574468
0.9366197183098591,0.9835263835263834,0.9938756374366922,0.9809523809523809,0.8108108108108109,0.958139534883721
0.9366197183098591,0.989517819706499,0.9964145930707631,0.9716981132075472,0.8333333333333334,0.958139534883721
0.9689922480620154,0.9986206896551724,0.9996078431372549,0.98,0.9310344827586207,0.98
0.951048951048951,0.9883597883597883,0.9961143713995542,0.9907407407407407,0.8285714285714286,0.9683257918552036
0.967741935483871,0.9825428194993413,0.9965680003548069,0.9848484848484849,0.8695652173913043,0.9811320754716981
0.9015151515151515,0.9736570247933884,0.9857572661033097,0.9659090909090909,0.7727272727272727,0.9289617486338798
0.9206349206349206,0.9836956521739131,0.9937516527532423,0.9456521739130435,0.8529411764705882,0.9456521739130435
0.9664804469273743,0.9779310344827585,0.9954037703340177,0.9933333333333333,0.8275862068965517,0.9802631578947368
0.9558011049723757,0.9876923076923078,0.9979412621924965,0.9743589743589743,0.84,0.9743589743589743
0.9444444444444444,0.9638447971781305,0.9941647206726294,0.9603174603174603,0.8333333333333334,0.968
0.954248366013072,0.9845959595959597,0.9953466970384082,0.975,0.8787878787878788,0.970954356846473
0.9389312977099237,0.9796774193548387,0.9932536884426606,0.97,0.8387096774193549,0.9603960396039604
0.9694656488549618,0.9929006085192698,0.9978375727289847,0.9803921568627451,0.9310344827586207,0.9803921568627451
0.9781021897810219,0.9993913572732805,0.9998236642567447,0.9811320754716981,0.967741935483871,0.985781990521327
0.9774436090225563,0.9952561669829222,0.9984881671935566,0.9901960784313726,0.9354838709677419,0.9853658536585366
0.9777777777777777,0.9910714285714285,0.9980273818527354,1.0,0.8695652173913043,0.986784140969163
0.9536423841059603,0.98732782369146,0.9964746812133288,0.9669421487603306,0.9,0.970954356846473
0.943089430894309,0.9949494949494949,0.9987997623291738,0.9595959595959596,0.875,0.9644670050761421
0.9782608695652174,0.998998998998999,0.9997593862697904,0.990990990990991,0.9259259259259259,0.9865470852017937
0.9534883720930233,0.9961340206185567,0.9987533212881283,0.9690721649484536,0.90625,0.9690721649484536
0.927007299270073,0.9788161993769471,0.9935189589481388,0.9439252336448598,0.8666666666666667,0.9528301886792453
0.9444444444444444,0.9881154499151104,0.9958017174983519,0.9578947368421052,0.9032258064516129,0.9629629629629629
0.9166666666666666,0.9834838709677419,0.9959113547990159,0.952,0.7741935483870968,0.9482071713147411
0.9540229885057471,0.9852777777777777,0.9974853038158294,0.98,0.7916666666666666,0.9735099337748344
0.9562043795620438,0.995739500912964,0.9987554990216662,0.9716981132075472,0.9032258064516129,0.9716981132075472
0.9609375,0.9946790821416694,0.9982455092355813,0.9690721649484536,0.9354838709677419,0.9740932642487047
0.9006622516556292,0.9698340874811463,0.9910777154269222,0.9658119658119658,0.6764705882352942,0.9377593360995851
0.9571428571428572,0.9848178137651822,0.9965186641290855,0.9912280701754386,0.8076923076923077,0.9741379310344828
0.9574468085106383,0.9759797724399494,0.9934530753395612,1.0,0.7857142857142857,0.9741379310344828
0.95625,0.9817095931317656,0.9973499314017931,0.9858156028368794,0.7368421052631579,0.9754385964912281
0.958904109589041,0.9876436781609196,0.9964160950982467,0.9827586206896551,0.8666666666666667,0.9743589743589743
0.9668874172185431,0.9864615384615385,0.9969094087311362,0.984,0.8846153846153846,0.9800796812749004
0.9642857142857143,0.9813008130081301,0.9923226098317273,1.0,0.8666666666666667,0.9761904761904762
0.9246575342465754,0.9426282051282051,0.9864796810119537,0.9833333333333333,0.6538461538461539,0.9554655870445344
0.9565217391304348,0.9869505494505494,0.9966747527719814,0.9732142857142857,0.8846153846153846,0.9732142857142857
0.9428571428571428,0.9733629300776915,0.9905353843174236,0.9811320754716981,0.8235294117647058,0.9629629629629629
0.9407894736842105,0.9682291666666667,0.9904994494017295,0.975,0.8125,0.9629629629629629
0.9574468085106383,0.9914664981036662,0.9978244526166258,0.9823008849557522,0.8571428571428571,0.9736842105263158
0.968944099378882,0.9942233632862644,0.9981287335804437,0.983739837398374,0.9210526315789473,0.979757085020243
0.967741935483871,0.9849170437405732,0.9921099325941296,0.9882352941176471,0.9230769230769231,0.9767441860465116
0.9295774647887324,0.9449602122015915,0.9863959865634309,0.9913793103448276,0.6538461538461539,0.9583333333333334
0.9710144927536232,0.9861320470304492,0.9952646873924906,0.9813084112149533,0.9354838709677419,0.9813084112149533
0.9426229508196722,0.993939393939394,0.9964277427361685,1.0,0.8444444444444444,0.9565217391304348
0.9746835443037974,0.9872512437810945,0.9974698476120314,0.9925373134328358,0.875,0.9851851851851852
0.9577464788732394,0.9974431818181818,0.9992759452936445,0.9727272727272728,0.90625,0.9727272727272728
0.9791666666666666,0.9881687242798354,0.9955039388851141,0.9907407407407407,0.9444444444444444,0.9861751152073732
0.9696969696969697,0.9973197534173144,0.9987709662083246,0.978021978021978,0.9512195121951219,0.978021978021978
0.924812030075188,0.9766129032258064,0.9892485555576993,0.989247311827957,0.775,0.9484536082474226
0.9444444444444444,0.9775533108866442,0.9933337415743603,0.98989898989899,0.7777777777777778,0.9655172413793104
0.9136690647482014,0.9828746177370031,0.9953673524622012,0.9541284403669725,0.7666666666666667,0.9454545454545454
0.9420289855072463,0.9734487734487735,0.9905391277206321,0.9809523809523809,0.8181818181818182,0.9626168224299065
0.9344262295081968,0.9866071428571428,0.9926186173179258,0.9875,0.8333333333333334,0.9518072289156626
0.9567901234567902,0.9953331604874255,0.9989790886223815,0.9699248120300752,0.896551724137931,0.9735849056603774
0.9230769230769231,0.9761111111111112,0.9890460871195988,0.9666666666666667,0.825,0.9456521739130435
0.9416058394160584,0.9904761904761905,0.9966672253995686,0.9705882352941176,0.8571428571428571,0.9611650485436893
0.9559748427672956,0.9808184143222506,0.9965007008460953,0.9852941176470589,0.782608695652174,0.9745454545454545
0.9527027027027027,0.9926956521739131,0.998648892204951,0.976,0.8260869565217391,0.9721115537848606
0.95,0.9804276911924611,0.9924717959814506,0.9775280898876404,0.8709677419354839,0.9666666666666667
0.943089430894309,0.9924698795180722,0.9963401069435547,0.9759036144578314,0.875,0.9585798816568047
0.9122807017543859,0.984757065735154,0.9893454533305035,0.9552238805970149,0.851063829787234,0.927536231884058
0.9463087248322147,0.9896115627822945,0.99591498032436,0.9722222222222222,0.8780487804878049,0.963302752293578
0.9333333333333333,0.9705263157894737,0.9915859863562111,0.9789473684210527,0.76,0.9587628865979382
0.9370629370629371,0.9751966122202057,0.9933414556380744,0.9824561403508771,0.7586206896551724,0.9613733905579399
0.9370629370629371,0.9831858407079646,0.9951982291111883,0.9557522123893806,0.8666666666666667,0.96
0.9923076923076923,0.9958333333333333,0.9980223102305332,1.0,0.975,0.994475138121547
0.9178082191780822,0.9618969298245614,0.9888587317888275,0.9824561403508771,0.6875,0.9491525423728814
0.9477611940298507,0.9814705882352941,0.9932476196862732,1.0,0.7941176470588235,0.966183574879227
0.9705882352941176,0.9949685534591195,0.9984824811233349,0.9716981132075472,0.9666666666666667,0.9809523809523809
0.9565217391304348,0.9870748299319728,0.9979383316399526,0.9857142857142858,0.7619047619047619,0.9752650176678446
0.9322033898305084,0.978219696969697,0.9948004324165485,0.9791666666666666,0.7272727272727273,0.9591836734693877
0.9829059829059829,0.9985569985569985,0.9994462901439646,1.0,0.9393939393939394,0.9882352941176471
0.918918918918919,0.9852112676056338,0.9911978512218739,0.971830985915493,0.825,0.9387755102040817
0.9343065693430657,0.9738283627510651,0.9916304728387698,0.9905660377358491,0.7419354838709677,0.958904109589041
0.9683544303797469,0.9935630443014011,0.9991007718363067,0.9856115107913669,0.8421052631578947,0.982078853046595
0.9570552147239264,0.9819866186309829,0.9958580273806438,1.0,0.7586206896551724,0.9745454545454545
0.9824561403508771,0.9994331065759637,0.9999077586541145,0.9863945578231292,0.9583333333333334,0.9897610921501706
0.9722222222222222,0.998907998907999,0.9996810970262298,0.9819819819819819,0.9393939393939394,0.9819819819819819
0.9492753623188406,0.972953216374269,0.9937553579899868,0.9824561403508771,0.7916666666666666,0.9696969696969697
0.9380530973451328,1.0,1.0000000000000002,1.0,0.825,0.954248366013072
0.9285714285714286,0.9761627906976744,0.9873575372032017,0.9651162790697675,0.85,0.9485714285714286
0.9518072289156626,0.9753724536333233,0.9952441952038927,0.965034965034965,0.8695652173913043,0.971830985915493
0.916030534351145,0.9793868921775899,0.9898025068040897,0.9886363636363636,0.7674418604651163,0.9405405405405406
0.9210526315789473,0.9737713267125032,0.9921771592179948,0.957983193277311,0.7878787878787878,0.95
0.9523809523809523,0.9738994935722634,0.9966915168992633,0.9668874172185431,0.8235294117647058,0.9733333333333334
0.9624060150375939,0.9978432782171099,0.999487890999509,0.9813084112149533,0.8846153846153846,0.9767441860465116
0.9761904761904762,0.9990889766170665,0.9996268092468068,0.9887640449438202,0.9459459459459459,0.9832402234636871
0.9342105263157895,0.9770833333333333,0.9933288240329082,0.9666666666666667,0.8125,0.9586776859504132
0.9701492537313433,0.9989615784008308,0.9997451146983857,0.9906542056074766,0.8888888888888888,0.9814814814814815
0.9393939393939394,0.9818029115341544,0.9924918694871463,0.9893617021276596,0.8157894736842105,0.9587628865979382
0.9455782312925171,0.9838998211091234,0.9929138107476922,0.9807692307692307,0.8604651162790697,0.9622641509433962
0.9375,0.9762489762489763,0.992587527056292,0.990990990990991,0.7575757575757576,0.9606986899563319
0.9457364341085271,0.9946958981612446,0.9985670455649127,0.9702970297029703,0.8571428571428571,0.9655172413793104
0.9338235294117647,0.9838523644752019,0.9944942819281696,0.9901960784313726,0.7647058823529411,0.957345971563981
0.9172413793103448,0.9741760944417117,0.9902099574864356,0.9532710280373832,0.8157894736842105,0.9444444444444444
0.9562043795620438,0.9942760942760943,0.9985908393816355,0.9727272727272728,0.8888888888888888,0.9727272727272728
0.9296875,0.9892045454545455,0.9950441590689487,0.9886363636363636,0.8,0.9508196721311475
0.9481481481481482,0.9873684210526316,0.9942308801167083,0.9789473684210527,0.875,0.9637305699481865
0.9426229508196722,0.9855750487329434,0.9956295035520744,0.9789473684210527,0.8148148148148148,0.9637305699481865
0.9585798816568047,0.9833234067897558,0.997214382331606,0.9726027397260274,0.8695652173913043,0.9759450171821306
0.9726027397260274,0.9990920096852299,0.9997851378708806,0.9745762711864406,0.9642857142857143,0.9829059829059829
0.9455782312925171,0.9802924348378894,0.99542696330432,0.9834710743801653,0.7692307692307693,0.967479674796748
0.9506172839506173,0.9917033964220897,0.9981463601443697,0.9699248120300752,0.8620689655172413,0.9699248120300752
0.9343065693430657,0.9828571428571429,0.9958543185057336,0.9553571428571429,0.84,0.9596412556053812
0.9774436090225563,0.9853754940711462,0.9965609915693322,1.0,0.8695652173913043,0.9865470852017937
0.9333333333333333,0.9828947368421053,0.9921627575844298,0.968421052631579,0.85,0.9533678756476683
0.9461538461538461,0.9853316326530612,0.9949977201503996,0.9795918367346939,0.84375,0.964824120603015
0.9659863945578231,0.9909090909090909,0.9989060765704874,0.9696969696969697,0.9333333333333333,0.9808429118773946
0.9432624113475178,0.9714285714285714,0.9890457041872287,0.9809523809523809,0.8333333333333334,0.9626168224299065
0.907563025210084,0.9781341107871719,0.9843833719898173,0.9714285714285714,0.8163265306122449,0.9251700680272109
0.9621212121212122,0.995102540557086,0.9983211914681893,0.98989898989899,0.8787878787878788,0.9751243781094527
0.9461538461538461,0.9762675296655879,0.993378768833606,0.9902912621359223,0.7777777777777778,0.966824644549763
0.9453125,0.9840909090909091,0.9917705664572374,0.9659090909090909,0.9,0.96045197740113
0.96,0.9872,0.9972360519175543,0.984,0.84,0.9761904761904762
0.9105691056910569,0.9605421686746988,0.9795216893015016,1.0,0.725,0.9378531073446328
0.953125,0.9793491864831039,0.9920093850899995,1.0,0.8235294117647058,0.9690721649484536
0.9461077844311377,0.984520780322307,0.9953926301105992,0.9770992366412213,0.8333333333333334,0.9660377358490566
0.8955223880597015,0.950134770889488,0.9855541848310927,0.9528301886792453,0.6785714285714286,0.9351851851851852
0.9615384615384616,0.9946491047540645,0.9979181416549927,0.9911504424778761,0.8837209302325582,0.9739130434782609
0.967948717948718,0.9940025252525252,0.9988701781810179,0.9772727272727273,0.9166666666666666,0.9809885931558935
0.9545454545454546,0.982010582010582,0.9945536009696493,0.9714285714285714,0.8888888888888888,0.9714285714285714
0.9735099337748344,0.9941927990708478,0.9986531127389988,1.0,0.8571428571428571,0.984
0.9558011049723757,0.987919737919738,0.9971785531064337,0.9864864864864865,0.8181818181818182,0.9733333333333334
0.9659863945578231,0.9888888888888889,0.9972911962047233,0.9833333333333333,0.8888888888888888,0.979253112033195
0.9426229508196722,0.9840425531914894,0.9948316742077323,0.9574468085106383,0.8928571428571429,0.9625668449197861
0.9375,0.9737827715355805,0.9880766585402411,0.9887640449438202,0.8205128205128205,0.9565217391304348
0.9548872180451128,0.9887387387387387,0.9955869117432251,0.9895833333333334,0.8648648648648649,0.9693877551020408
0.936046511627907,0.9724137931034482,0.9946363600160016,0.9793103448275862,0.7037037037037037,0.9627118644067797
0.9692307692307692,0.9953703703703705,0.999025569702741,0.9722222222222222,0.9545454545454546,0.9813084112149533
0.9727891156462585,0.9941818181818181,0.9989625179978092,0.992,0.8636363636363636,0.9841269841269841
0.9375,0.9793814432989691,0.9928594117170245,0.979381443298969,0.8064516129032258,0.9595959595959596
0.9727891156462585,0.9879818594104308,0.9946880984765626,1.0,0.9047619047619048,0.9813084112149533
0.9457364341085271,0.9723076923076923,0.9926173558950155,0.9711538461538461,0.84,0.9665071770334929
0.9548872180451128,0.9898672257162823,0.9973757908526055,0.9905660377358491,0.8148148148148148,0.9722222222222222
0.9834710743801653,0.9945544554455445,0.9989028590943569,1.0,0.9,0.9901960784313726
0.927007299270073,0.9848648648648648,0.9942188956512041,0.99,0.7567567567567568,0.9519230769230769
0.9782608695652174,0.9951159951159951,0.9990894814188531,0.9829059829059829,0.9523809523809523,0.9871244635193133
0.9496402877697842,0.993956043956044,0.9978628709070084,0.9519230769230769,0.9428571428571428,0.9658536585365853
0.9666666666666667,0.9990601503759399,0.999692118226601,0.9910714285714286,0.8947368421052632,0.9779735682819384
0.9363057324840764,0.96095126247798,0.9915414851065608,0.9694656488549618,0.7692307692307693,0.9621212121212122
0.9448818897637795,0.9896358543417367,0.9946221467041522,0.9764705882352941,0.8809523809523809,0.9595375722543352
0.9333333333333333,0.9816397594175371,0.991036007335319,0.9876543209876543,0.8205128205128205,0.9523809523809523
0.9682539682539683,0.9990224828934506,0.9996639784946236,0.989247311827957,0.9090909090909091,0.9787234042553191
0.9696969696969697,0.9957147229874502,0.9984894005786281,0.9696969696969697,0.9696969696969697,0.9795918367346939
0.9495798319327731,0.9848101265822785,0.9918592713364784,1.0,0.85,0.9634146341463414
0.9069767441860465,0.974922600619195,0.9907714741753723,0.9473684210526315,0.7941176470588235,0.9375
0.9185185185185185,0.9768253968253968,0.9928695409493993,0.9809523809523809,0.7,0.9493087557603687
0.9470198675496688,0.9871980676328503,0.9955634158251598,0.9739130434782609,0.8611111111111112,0.9655172413793104
0.9683544303797469,0.9952876984126984,0.9987560130008637,0.9761904761904762,0.9375,0.9800796812749004
0.9710982658959537,0.9803639846743295,0.9956667833576699,1.0,0.8275862068965517,0.9829351535836177
0.9083333333333333,0.9897486772486772,0.9957188085344848,0.9166666666666666,0.8888888888888888,0.9333333333333333
0.9624060150375939,0.989010989010989,0.9947020204592922,1.0,0.8809523809523809,0.9732620320855615
1.0,1.0,1.0,1.0,1.0,1.0
0.9152542372881356,0.9850948509485096,0.9933581585314883,0.9878048780487805,0.75,0.9418604651162791
0.9705882352941176,0.9930680359435173,0.9967121198634076,0.9894736842105263,0.926829268292683,0.9791666666666666
0.951048951048951,0.9788851351351351,0.9934537687748539,0.9819819819819819,0.84375,0.9688888888888889
0.9357142857142857,0.9841430499325237,0.9962167013506208,0.9649122807017544,0.8076923076923077,0.9606986899563319
0.9629629629629629,0.9714640198511166,0.9902986465764098,0.9903846153846154,0.8709677419354839,0.976303317535545
0.9530201342281879,0.996358543417367,0.9990941090964368,0.9663865546218487,0.9,0.9704641350210971
0.961038961038961,0.9859310344827587,0.9965115580760994,0.992,0.8275862068965517,0.9763779527559056
0.9640718562874252,0.9931214421252372,0.9983518450777109,0.9926470588235294,0.8387096774193549,0.9782608695652174
0.9555555555555556,0.9917460317460318,0.9974999996859139,0.9714285714285714,0.9,0.9714285714285714
0.9635036496350365,0.9963917525773196,0.9984959105446455,1.0,0.875,0.9748743718592965
0.9166666666666666,0.9630434782608696,0.9827672544818403,0.9782608695652174,0.775,0.9424083769633508
0.9172932330827067,0.9476127320954907,0.9841763044458064,0.9807692307692307,0.6896551724137931,0.9488372093023256
0.950920245398773,0.9868797709923663,0.9964811004931934,0.9694656488549618,0.875,0.9694656488549618
0.9485294117647058,0.9833503227998641,0.9957275194195184,0.9908256880733946,0.7777777777777778,0.968609865470852
0.9452054794520548,0.9912735849056604,0.9965723491302539,0.9716981132075472,0.875,0.9626168224299065
0.9319727891156463,0.975328947368421,0.996134281787785,0.96875,0.6842105263157895,0.9612403100775194
0.9833333333333333,0.998655462184874,0.9994462901439645,1.0,0.9428571428571428,0.9883720930232558
0.9675324675324676,0.9983193277310924,0.9995155050072265,0.9831932773109243,0.9142857142857143,0.9790794979079498
0.9210526315789473,0.95859375,0.9883639907295197,0.975,0.71875,0.9512195121951219
0.9444444444444444,0.9890374331550802,0.996401542048491,0.9727272727272728,0.8529411764705882,0.963963963963964
0.9436619718309859,0.984131827891364,0.9956546907122696,0.9646017699115044,0.8620689655172413,0.9646017699115044
0.952755905511811,0.9865591397849462,0.9953735305543144,0.9895833333333334,0.8387096774193549,0.9693877551020408
0.9302325581395349,0.9789473684210527,0.9921652339941397,0.9789473684210527,0.7941176470588235,0.9538461538461539
0.9691358024691358,0.9824417009602194,0.9961831513375786,0.9925925925925926,0.8518518518518519,0.9816849816849816
0.9568345323741008,0.9805555555555555,0.9913917623012263,0.98989898989899,0.875,0.9702970297029703
0.9624060150375939,0.9957928802588997,0.9987646532805592,0.9805825242718447,0.9,0.9758454106280193
0.9453125,0.9710902124695229,0.9906923259353492,1.0,0.7586206896551724,0.9658536585365853
0.9924812030075187,0.9953580901856764,0.9986402606233076,1.0,0.9655172413793104,0.9952153110047847
0.9710144927536232,0.9955357142857143,0.9989360799108543,0.9821428571428571,0.9230769230769231,0.9821428571428571
0.9262295081967213,0.9940476190476191,0.9970635425546488,0.975,0.8333333333333334,0.9454545454545454
0.916030534351145,0.989486703772418,0.9966017220025123,0.9489795918367347,0.8181818181818182,0.9441624365482234
0.9473684210526315,0.9952755905511811,0.9990829421562688,0.9606299212598425,0.88,0.9682539682539683
0.9624060150375939,0.9979035639412999,0.999472625508598,0.9716981132075472,0.9259259259259259,0.976303317535545
0.9448818897637795,0.9876288659793814,0.9959371774201661,0.9896907216494846,0.8,0.964824120603015
0.952755905511811,0.9872852233676976,0.9958520901851221,0.979381443298969,0.8666666666666667,0.9693877551020408
0.950354609929078,0.9689039408866995,0.9911722484343096,0.9910714285714286,0.7931034482758621,0.9694323144104804
0.937007874015748,0.9967105263157896,0.9989520496207166,0.9894736842105263,0.78125,0.9591836734693877
0.9568345323741008,0.9963624338624337,0.9991362446104656,0.9732142857142857,0.8888888888888888,0.9732142857142857
0.9230769230769231,0.9655253837072019,0.9890896881186324,0.9834710743801653,0.7142857142857143,0.952
0.890625,0.9709302325581395,0.9855761521733315,0.9767441860465116,0.7142857142857143,0.9230769230769231
0.9178082191780822,0.9616596638655461,0.9869879587493289,0.9732142857142857,0.7352941176470589,0.9478260869565217
0.9481481481481482,0.9912014563106796,0.9971755765159392,0.970873786407767,0.875,0.966183574879227
0.9401197604790419,0.9916360669114647,0.9974016698777102,0.9922480620155039,0.7631578947368421,0.9624060150375939
0.9495798319327731,0.9921052631578947,0.9979755465436148,0.968421052631579,0.875,0.968421052631579
0.9387755102040817,0.9888942539835828,0.9958831909570417,0.9724770642201835,0.8421052631578947,0.9592760180995475
0.9503105590062112,0.9914312181565539,0.9976351287746457,0.9763779527559056,0.8529411764705882,0.96875
0.9714285714285714,0.9967948717948718,0.9989249045852818,1.0,0.8888888888888888,0.9811320754716981
0.9530201342281879,0.9922779922779923,0.9974175206752073,0.9732142857142857,0.8918918918918919,0.9688888888888889
0.9478260869565217,0.9900605012964563,0.9970866590913702,0.9887640449438202,0.8076923076923077,0.967032967032967
0.9344262295081968,0.9730591988656505,0.9900822860889598,0.989010989010989,0.7741935483870968,0.9574468085106383
0.9214285714285714,0.9639393939393939,0.9889485234048518,0.9727272727272728,0.7333333333333333,0.9511111111111111
0.9310344827586207,0.9852857951329939,0.9958544482355787,0.9736842105263158,0.7741935483870968,0.9568965517241379
0.967741935483871,0.9954248366013072,0.9982032296400363,0.9888888888888889,0.9117647058823529,0.978021978021978
0.9416058394160584,0.9946127946127946,0.9987156144585115,0.9636363636363636,0.8518518518518519,0.9636363636363636
0.928,0.9521354933726067,0.9854558856786149,1.0,0.6785714285714286,0.9556650246305419
0.9701492537313433,0.9882075471698114,0.9967217329572811,1.0,0.8571428571428571,0.9814814814814815
0.9490445859872612,0.992948717948718,0.9975270962607619,0.9572649572649573,0.925,0.9655172413793104
0.9558823529411765,0.989010989010989,0.9939050368197996,0.967032967032967,0.9333333333333333,0.967032967032967
0.9779411764705882,0.9945945945945946,0.9987268629741579,0.990990990990991,0.92,0.9865470852017937
0.958904109589041,0.9936781609195402,0.9983149663526011,0.9827586206896551,0.8666666666666667,0.9743589743589743
0.9662162162162162,0.9984189723320158,0.9995515062981327,0.9739130434782609,0.9393939393939394,0.9781659388646288
0.9066666666666666,0.9707692307692308,0.9954666725666382,0.9461538461538461,0.65,0.9461538461538461
0.954248366013072,0.9762728620860108,0.992429431753906,0.9915966386554622,0.8235294117647058,0.9711934156378601
0.9316239316239316,0.9910059960026649,0.9957808275395584,0.9873417721518988,0.8157894736842105,0.9512195121951219
0.9615384615384616,0.99487879822465,0.998441007767066,0.9603960396039604,0.9655172413793104,0.9748743718592965
0.9574468085106383,0.98180636777128,0.9953813131437141,0.9824561403508771,0.8518518518518519,0.9739130434782609
0.9477124183006536,0.9943769680611786,0.9980602558547225,0.9824561403508771,0.8461538461538461,0.9655172413793104
0.9757575757575757,0.9807103490508268,0.9965708175229604,0.9929577464788732,0.8695652173913043,0.986013986013986
0.9411764705882353,0.9649470899470899,0.9896576174611816,0.9722222222222222,0.8214285714285714,0.963302752293578
0.9111111111111111,0.9472630173564753,0.9851005247583452,0.9813084112149533,0.6428571428571429,0.9459459459459459
0.9478260869565217,0.9890813253012047,0.9958780563402749,0.9879518072289156,0.84375,0.9647058823529412
0.9328859060402684,0.9708672086720868,0.9883093444747371,1.0,0.7560975609756098,0.9557522123893806
0.9642857142857143,0.9922725676150334,0.9955127583264056,1.0,0.8974358974358975,0.9733333333333334
0.9708029197080292,0.9905660377358491,0.996907504620941,0.9811320754716981,0.9354838709677419,0.9811320754716981
0.9710144927536232,0.9973306639973306,0.9993377982994894,1.0,0.8518518518518519,0.9823008849557522
0.9767441860465116,0.9985855728429985,0.9996068820626967,0.9801980198019802,0.9642857142857143,0.9850746268656716
0.9761904761904762,0.9826086956521739,0.9969852302699728,1.0,0.8260869565217391,0.9863945578231292
0.9428571428571428,0.9902608695652174,0.9978810036243362,0.9652173913043478,0.84,0.9652173913043478
0.9477611940298507,0.9825367647058824,0.9941994711765221,0.9901960784313726,0.8125,0.9665071770334929
0.9230769230769231,0.9813870474247833,0.9933031152454926,0.9622641509433962,0.8108108108108109,0.9488372093023256
0.92,0.9784853700516352,0.9887347027873682,1.0,0.7619047619047619,0.9431818181818182
0.9932432432432432,1.0,1.0000000000000002,1.0,0.9714285714285714,0.9955947136563876
0.9538461538461539,0.9812868495257625,0.9889477467847873,0.9879518072289156,0.8936170212765957,0.9647058823529412
0.9440559440559441,0.9772881355932204,0.9948235333266815,0.9745762711864406,0.8,0.9663865546218487
0.9548387096774194,0.9953886693017128,0.9992116750676892,0.9772727272727273,0.8260869565217391,0.9735849056603774
0.9626865671641791,0.9979784366576819,0.999478295155117,0.9811320754716981,0.8928571428571429,0.9765258215962441
0.9357142857142857,0.9739130434782609,0.9939223208527234,0.9739130434782609,0.76,0.9613733905579399
0.9365079365079365,0.9861111111111112,0.9941406465671094,0.9666666666666667,0.8611111111111112,0.9560439560439561
0.9781021897810219,0.9992372234935164,0.999848759830611,0.9912280701754386,0.9130434782608695,0.9868995633187773
0.9473684210526315,0.9963369963369964,0.9989433484217389,0.9743589743589743,0.8571428571428571,0.9661016949152542
0.9280575539568345,0.983912483912484,0.9958722696474991,0.963963963963964,0.7857142857142857,0.9553571428571429
0.9473684210526315,0.9823380992430615,0.9953938914936289,0.975609756097561,0.8275862068965517,0.967741935483871
0.9696969696969697,0.9840783833435395,0.9970640206395629,0.9859154929577465,0.8695652173913043,0.9824561403508771
0.968,0.9963181148748159,0.9989329685787587,0.9896907216494846,0.8928571428571429,0.9795918367346939
0.9873417721518988,1.0,1.0,0.9857142857142858,1.0,0.9928057553956835
0.9689922480620154,0.9976430976430977,0.9992988710635771,0.98989898989899,0.9,0.98
0.9738562091503268,0.9962982548915917,0.999033232045512,0.9918032786885246,0.9032258064516129,0.983739837398374
0.9432624113475178,0.9809203142536476,0.9938638278430686,0.9814814814814815,0.8181818181818182,0.9636363636363636
0.9395973154362416,0.9793388429752067,0.9948582744590473,0.9834710743801653,0.75,0.9635627530364372
0.9463087248322147,0.9923258559622196,0.9981820663750793,0.9586776859504132,0.8928571428571429,0.9666666666666667
0.9575757575757575,0.9898967220475977,0.9971092489438884,0.9694656488549618,0.9117647058823529,0.9731800766283525
0.9436619718309859,0.9790888722927558,0.9916348823355723,1.0,0.7948717948717948,0.9626168224299065
0.9466666666666667,0.9740909090909091,0.9896477469364146,0.990909090909091,0.825,0.9646017699115044
0.9571428571428572,0.9896526237989653,0.995619478339811,0.98989898989899,0.8780487804878049,0.9702970297029703
0.9057971014492754,0.9727053786459727,0.9895371572016991,0.9504950495049505,0.7837837837837838,0.9365853658536586
0.9689922480620154,0.9971081550028918,0.9987709662083246,0.978021978021978,0.9473684210526315,0.978021978021978
0.9126984126984127,0.9756097560975611,0.9878306706777745,0.9647058823529412,0.8048780487804879,0.9371428571428572
0.9415584415584416,0.9835216572504708,0.9947151264342132,0.9661016949152542,0.8611111111111112,0.9620253164556962
0.9485294117647058,0.9735216240070609,0.9903704674178706,0.970873786407767,0.8787878787878788,0.966183574879227
0.9714285714285714,0.9992609016999262,0.9996949290888686,0.9696969696969697,0.975609756097561,0.9795918367346939
0.9430379746835443,0.9729662698412699,0.9924114181830053,0.9761904761904762,0.8125,0.9647058823529412
0.9666666666666667,0.9803362781419207,0.9946987182176195,0.9834710743801653,0.896551724137931,0.9794238683127572
0.936,0.9720026350461134,0.9890446734113214,0.9891304347826086,0.7878787878787878,0.9578947368421052
0.9402985074626866,0.9790165988098967,0.9933789000487436,0.970873786407767,0.8387096774193549,0.9615384615384616
0.9682539682539683,0.9990026595744681,0.9996709804781752,0.9893617021276596,0.90625,0.9789473684210527
0.967741935483871,0.988272921108742,0.9980005797393118,0.9776119402985075,0.9047619047619048,0.9812734082397003
0.9389312977099237,0.9915750915750916,0.9979459426175076,0.9714285714285714,0.8076923076923077,0.9622641509433962
0.9423076923076923,0.9839429081177521,0.994480862342343,0.9830508474576272,0.8157894736842105,0.9626556016597511
0.971830985915493,0.9972535855965823,0.9992976856011484,0.9911504424778761,0.896551724137931,0.9824561403508771
0.958904109589041,0.9812097812097812,0.993285431201191,0.9819819819819819,0.8857142857142857,0.9732142857142857
0.8809523809523809,0.968464485705865,0.985496186968895,0.9425287356321839,0.7435897435897436,0.9162011173184358
0.9310344827586207,0.9656385281385281,0.9887365904374443,0.9821428571428571,0.7575757575757576,0.9565217391304348
0.924812030075188,0.9749271137026239,0.9905471186709324,0.9795918367346939,0.7714285714285715,0.9504950495049505
0.9637681159420289,0.9663865546218487,0.9941186585361903,1.0,0.7368421052631579,0.9794238683127572
0.9345794392523364,0.9834810636583401,0.9915561457642859,0.9863013698630136,0.8235294117647058,0.9536423841059603
0.9801324503311258,0.9934991520633125,0.9983568431966224,0.9918032786885246,0.9310344827586207,0.9877551020408163
0.95,0.9910300925925926,0.9973039319739114,0.9722222222222222,0.875,0.967741935483871
0.9929078014184397,1.0,0.9999999999999999,0.990909090909091,1.0,0.9954337899543378
0.9741935483870968,0.9946695095948828,0.9991281857891712,0.9776119402985075,0.9523809523809523,0.9849624060150376
0.968,0.9922430510665805,0.9967892206499797,1.0,0.8823529411764706,0.978494623655914
0.9483870967741935,0.9861904761904762,0.9957745353757312,0.975,0.8571428571428571,0.9669421487603306
0.9202898550724637,0.9703159041394336,0.9893629954240021,0.9803921568627451,0.75,0.9478672985781991
0.952,0.9852941176470588,0.991750565169478,0.9882352941176471,0.875,0.9655172413793104
0.9776119402985075,0.9993872549019608,0.9998114630467573,0.9901960784313726,0.9375,0.9853658536585366
0.9370629370629371,0.9713864306784661,0.9919518122502166,0.9911504424778761,0.7333333333333333,0.9613733905579399
0.9153846153846154,0.9841066393232505,0.9904012396491266,0.927710843373494,0.8936170212765957,0.9333333333333333
0.9565217391304348,0.9896530736457699,0.9905617094974122,1.0,0.9056603773584906,0.9612403100775194
0.9097222222222222,0.9673218091404215,0.9864845144498287,0.970873786407767,0.7560975609756098,0.9389671361502347
0.9032258064516129,0.9693181818181819,0.9822011843090297,0.975,0.7727272727272727,0.9285714285714286
0.921875,0.9758454106280193,0.9899522837334775,0.9782608695652174,0.7777777777777778,0.9473684210526315
0.9219858156028369,0.9658730158730159,0.9877602725167927,0.9809523809523809,0.75,0.9493087557603687
0.9545454545454546,0.9798941798941799,0.9942845656750651,0.9809523809523809,0.8518518518518519,0.9716981132075472
0.9407894736842105,0.9873843566021867,0.99682111796699,0.991869918699187,0.7241379310344828,0.9644268774703557
0.9554140127388535,0.9789870689655173,0.9946680721471753,0.9765625,0.8620689655172413,0.9727626459143969
0.9551282051282052,0.9812500000000001,0.99697549178311,0.9852941176470589,0.75,0.9745454545454545
0.9305555555555556,0.9762834821428572,0.9929367856582556,0.9910714285714286,0.71875,0.9568965517241379
0.9393939393939394,0.9784832451499118,0.9941039180463672,0.9809523809523809,0.7777777777777778,0.9626168224299065
0.9051724137931034,0.978021978021978,0.9887353464241423,0.974025974025974,0.7692307692307693,0.9316770186335404
0.9328859060402684,0.9741687979539642,0.9919546850883154,0.9826086956521739,0.7647058823529411,0.9576271186440678
0.9859154929577465,0.9953580901856763,0.9989163761882175,0.9913793103448276,0.9615384615384616,0.9913793103448276
0.9274193548387096,0.9825037707390648,0.9917786229031835,1.0,0.7692307692307693,0.9497206703910615
0.9104477611940298,0.9767441860465116,0.988806441378657,0.989010989010989,0.7441860465116279,0.9375
0.9607843137254902,0.9848576620230164,0.9965748891350271,0.984251968503937,0.8461538461538461,0.9765625
0.8661417322834646,0.9699186991869918,0.9839324170110975,0.975609756097561,0.6666666666666666,0.903954802259887
0.952054794520548,0.9761029411764707,0.9920589160428709,0.9821428571428571,0.8529411764705882,0.9691629955947136
0.917910447761194,0.9730706075533662,0.9921694213465186,0.9619047619047619,0.7586206896551724,0.9483568075117371
0.9602649006622517,0.9879201680672269,0.9963430217896851,0.9831932773109243,0.875,0.975
0.8984375,0.9655502392344497,0.9875118999977364,0.968421052631579,0.696969696969697,0.934010152284264
0.95,0.9892939814814815,0.9967445803309046,0.9814814814814815,0.84375,0.9680365296803652
0.9314285714285714,0.9665646853146853,0.9919665660545781,0.965034965034965,0.78125,0.9583333333333334
0.9166666666666666,0.9699602780536246,0.9886721063127852,0.9716981132075472,0.7631578947368421,0.944954128440367
0.9302325581395349,0.983270202020202,0.9941556918883567,0.96875,0.8181818181818182,0.9538461538461539
0.9649122807017544,0.9968243886948238,0.9976876960424572,1.0,0.9148936170212766,0.9710144927536232
0.9285714285714286,0.9661764705882353,0.9894381139274618,0.975,0.7647058823529411,0.9551020408163265
0.9148936170212766,0.9651651651651652,0.9901075591230041,0.954954954954955,0.7666666666666667,0.9464285714285714
0.9534883720930233,0.9964561855670103,0.998869838469596,0.9896907216494846,0.84375,0.9696969696969697
0.9881656804733728,0.999771897810219,0.9999471067386014,0.9927007299270073,0.96875,0.9927007299270073
0.9477611940298507,0.9936170212765957,0.9972607657996423,0.9893617021276596,0.85,0.9637305699481865
0.9338842975206612,0.9834710743801652,0.9934507242651712,0.9659090909090909,0.8484848484848485,0.9550561797752809
0.9530201342281879,0.9907563025210084,0.9975087819993624,0.9663865546218487,0.9,0.9704641350210971
0.9513888888888888,0.9943977591036415,0.9976903675133122,0.9705882352941176,0.9047619047619048,0.9658536585365853
0.9621212121212122,0.9777777777777777,0.9930245909737586,0.9901960784313726,0.8666666666666667,0.9758454106280193
0.9738562091503268,0.9931428571428571,0.9984261726419901,0.984,0.9285714285714286,0.984
0.9098360655737705,0.969984802431611,0.9906208991357711,0.9787234042553191,0.6785714285714286,0.9435897435897436
0.9673202614379085,0.9923574368018812,0.9983247659852915,0.9841269841269841,0.8888888888888888,0.9802371541501976
0.9626865671641791,0.9912398921832885,0.9975075649810666,0.9811320754716981,0.8928571428571429,0.9765258215962441
0.9463087248322147,0.9756302521008403,0.9929108421117534,0.957983193277311,0.9,0.9661016949152542
0.9751552795031055,0.9983788791106994,0.9995722289521501,0.9921259842519685,0.9117647058823529,0.984375
0.9319727891156463,0.957174638487208,0.9877362291243104,0.9913793103448276,0.7096774193548387,0.9583333333333334
0.943089430894309,0.9798701298701299,0.9914811623183888,0.9886363636363636,0.8285714285714286,0.9613259668508287
0.9401709401709402,0.9927679158448389,0.9963392535287101,0.9615384615384616,0.8974358974358975,0.9554140127388535
0.9568345323741008,0.9934289127837516,0.9980630450454848,1.0,0.8064516129032258,0.972972972972973
0.930379746835443,0.9801587301587302,0.9947783817023301,0.9761904761904762,0.75,0.9571984435797666
0.9734513274336283,0.9992887624466572,0.9996626180836706,1.0,0.918918918918919,0.9806451612903225
0.9758064516129032,0.9950980392156862,0.9980451311669201,1.0,0.9117647058823529,0.9836065573770492
0.9274193548387096,0.9758169934640523,0.990428373224866,0.9777777777777777,0.7941176470588235,0.9513513513513514
0.9343065693430657,0.9931464174454829,0.9981178076222232,0.9532710280373832,0.8666666666666667,0.9577464788732394
0.9166666666666666,0.9777777777777777,0.9930798618511915,0.9607843137254902,0.7666666666666667,0.9468599033816425
0.9307692307692308,0.9867669172932331,0.9950799540074489,0.9578947368421052,0.8571428571428571,0.9528795811518325
0.9658119658119658,0.9986559139784946,0.9996639784946235,0.989247311827957,0.875,0.9787234042553191
0.9590163934426229,0.9967391304347827,0.9989628700081199,0.9782608695652174,0.9,0.972972972972973
0.924812030075188,0.9858585858585858,0.9928048706965154,0.9545454545454546,0.8666666666666667,0.9438202247191011
0.9591836734693877,0.985012285012285,0.9945813959478523,0.990909090909091,0.8648648648648649,0.9732142857142857
0.9854014598540146,0.9987538940809969,0.999651433248254,0.9906542056074766,0.9666666666666667,0.9906542056074766
0.9626865671641791,0.9864672364672364,0.9966655741802672,0.9907407407407407,0.8461538461538461,0.9771689497716894
0.9925925925925926,1.0,0.9999999999999999,1.0,0.967741935483871,0.9952153110047847
0.9781021897810219,0.9992372234935164,0.9998467755965046,0.9824561403508771,0.9565217391304348,0.986784140969163
0.9568965517241379,0.9888809182209469,0.9950836936028833,0.9878048780487805,0.8823529411764706,0.9700598802395209
0.9251700680272109,0.971604938271605,0.9930839156897626,0.95,0.8148148148148148,0.9539748953974896
0.9375,0.9836734693877551,0.994313959833638,0.9591836734693877,0.8666666666666667,0.9591836734693877
0.9782608695652174,0.9965367965367965,0.998865342145988,1.0,0.9090909090909091,0.9859154929577465
0.9180327868852459,0.9875205254515599,0.9950577209492133,0.9655172413793104,0.8,0.9438202247191011
0.9448275862068966,0.9774011299435028,0.9941298169047692,0.9915254237288136,0.7407407407407407,0.9669421487603306
0.975609756097561,0.9986263736263736,0.9995247856397926,0.989010989010989,0.9375,0.9836065573770492
0.9407407407407408,0.9852631578947368,0.9935340843822057,0.9789473684210527,0.85,0.9587628865979382
0.9568345323741008,0.9985065710872163,0.999570454997147,0.9537037037037037,0.967741935483871,0.9716981132075472
0.9465648854961832,0.9889042995839112,0.996942613039082,0.9805825242718447,0.8214285714285714,0.9665071770334929
0.9517241379310345,0.9816158684083212,0.9929566220645754,1.0,0.8205128205128205,0.9680365296803652
0.9426229508196722,0.9747868001483129,0.9913565790708758,0.978494623655914,0.8275862068965517,0.9629629629629629
0.8854961832061069,0.964634847613571,0.9854018877762019,0.9787234042553191,0.6486486486486487,0.9246231155778895
0.9659863945578231,0.9895887558563248,0.9966887599426104,0.9823008849557522,0.9117647058823529,0.9779735682819384
0.9411764705882353,0.9696969696969697,0.9910970308023493,0.9916666666666667,0.7575757575757576,0.9635627530364372
0.9407407407407408,0.9940321743642968,0.9974523466532487,0.9574468085106383,0.9024390243902439,0.9574468085106383
0.9302325581395349,0.9641379310344829,0.9888198332014357,0.99,0.7241379310344828,0.9565217391304348
0.968503937007874,0.9892592592592593,0.9969806012271207,0.99,0.8888888888888888,0.9801980198019802
0.8991596638655462,0.9700680272108844,0.9865017905862773,0.9285714285714286,0.8285714285714286,0.9285714285714286
0.9295774647887324,0.9681174089068826,0.9874333231248617,0.9903846153846154,0.7631578947368421,0.9537037037037037
0.975,0.999,0.9998039215686275,0.99,0.9,0.9850746268656716
0.9291338582677166,0.9857142857142857,0.9943407676639894,0.9891304347826086,0.7714285714285715,0.9528795811518325
0.971830985915493,0.9988879621907145,0.9996625057629944,0.9724770642201835,0.9696969696969697,0.9814814814814815
0.9545454545454546,0.9936274509803921,0.9981649642329802,0.9833333333333333,0.8529411764705882,0.9711934156378601
0.9328859060402684,0.9724310776942355,0.9911708202245948,0.9912280701754386,0.7428571428571429,0.9576271186440678
0.9671052631578947,0.985170205594877,0.9972184474642416,0.9844961240310077,0.8695652173913043,0.9806949806949807
0.96,0.9853846153846154,0.9976024199409164,0.9769230769230769,0.85,0.9769230769230769
