Accuracy,AUROC,AUPRC,Sensitivity,Specificity,F1
0.9699248120300752,0.9946524064171124,0.9981770792207505,0.9797979797979798,0.9411764705882353,0.9797979797979798
0.9465648854961832,0.9919743178170144,0.9963465067017039,0.9887640449438202,0.8571428571428571,0.9617486338797814
0.975609756097561,1.0,1.0,0.97,1.0,0.9847715736040609
0.9784172661870504,0.9991423670668954,0.9997403496624545,1.0,0.9090909090909091,0.986046511627907
1.0,1.0,0.9999999999999999,1.0,1.0,1.0
0.9784172661870504,0.9940262843488651,0.9982554850058909,0.9907407407407407,0.9354838709677419,0.9861751152073732
0.96,0.9870807453416149,0.9958807678555058,0.9739130434782609,0.9142857142857143,0.9739130434782609
0.9612403100775194,0.993498452012384,0.9976405144588961,0.9789473684210527,0.9117647058823529,0.9738219895287958
0.9391891891891891,0.9776523171018584,0.9917142575699325,0.9724770642201835,0.8461538461538461,0.9592760180995475
0.9659863945578231,0.9850603941513032,0.99667399001825,0.9917355371900827,0.8461538461538461,0.9795918367346939
0.9523809523809523,0.9820033955857386,0.9941123471972336,0.9894736842105263,0.8387096774193549,0.9690721649484536
0.9781021897810219,0.9969072164948454,0.9987767239960073,0.9690721649484536,1.0,0.9842931937172775
0.959349593495935,0.9908835904628331,0.997092417928223,0.9565217391304348,0.967741935483871,0.9723756906077348
0.9636363636363636,0.9866666666666667,0.9948882048815458,1.0,0.8666666666666667,0.975609756097561
0.9457364341085271,0.9879584017515052,0.994294704097282,1.0,0.8333333333333334,0.9613259668508287
0.9743589743589743,0.9873672121734137,0.9970753933314725,0.9844961240310077,0.9259259259259259,0.9844961240310077
0.9555555555555556,0.9947447447447448,0.998855278965531,0.963963963963964,0.9166666666666666,0.9727272727272728
0.9403973509933775,0.9705234159779614,0.99228743620815,0.9669421487603306,0.8333333333333334,0.9629629629629629
0.965034965034965,0.9923481587757055,0.99694945936733,0.9901960784313726,0.9024390243902439,0.9758454106280193
0.9575757575757575,0.9884448724121329,0.9973509634131049,0.9850746268656716,0.8387096774193549,0.974169741697417
0.9402985074626866,0.9804582210242587,0.9946684460025844,0.9716981132075472,0.8214285714285714,0.9626168224299065
0.976,0.9899598393574298,0.9942843711046276,0.9879518072289156,0.9523809523809523,0.9820359281437125
0.9212598425196851,0.9716312056737589,0.9898501735547516,0.9574468085106383,0.8181818181818182,0.9473684210526315
0.958041958041958,0.9942372881355932,0.9988048664079523,0.9661016949152542,0.92,0.9743589743589743
0.9745762711864406,0.989247311827957,0.9956926241426844,1.0,0.9032258064516129,0.9830508474576272
0.9622641509433962,0.9634259259259259,0.995892793265106,0.9861111111111112,0.7333333333333333,0.9793103448275862
0.9607843137254902,0.9800121138703816,0.9956527098555801,0.9921259842519685,0.8076923076923077,0.9767441860465116
0.9915966386554622,1.0,0.9999999999999999,1.0,0.96875,0.9942857142857143
0.9485294117647058,0.9820754716981132,0.9948195583931319,0.9811320754716981,0.8333333333333334,0.9674418604651163
0.9295774647887324,0.9767206477732794,0.9911943949110169,0.9615384615384616,0.8421052631578947,0.9523809523809523
0.9944444444444445,0.9997502497502497,0.9999581064097193,0.9935064935064936,1.0,0.996742671009772
0.9473684210526315,0.9816513761467891,0.9955724369937673,0.963302752293578,0.875,0.967741935483871
0.9363057324840764,0.9649784482758621,0.9915989142780083,0.9609375,0.8275862068965517,0.9609375
0.9197080291970803,0.9794642857142857,0.9936657034652859,0.9523809523809523,0.8125,0.9478672985781991
0.9666666666666667,0.9930069930069929,0.9979293394101496,0.9743589743589743,0.9393939393939394,0.9785407725321889
0.9618320610687023,0.9932748538011696,0.9975496877019411,0.9578947368421052,0.9722222222222222,0.9732620320855615
0.9370629370629371,0.9818481848184818,0.9918381470578681,0.9702970297029703,0.8571428571428571,0.9560975609756097
0.9716312056737588,0.9958768554150632,0.9986687418193883,0.9813084112149533,0.9411764705882353,0.9813084112149533
0.9645390070921985,0.9873900293255131,0.9962888261183438,0.990909090909091,0.8709677419354839,0.9775784753363229
0.9603174603174603,0.9806851311953353,0.9940600658715497,0.9897959183673469,0.8571428571428571,0.9748743718592965
0.9878787878787879,0.9995408631772268,0.9998860788334472,0.9848484848484849,1.0,0.9923664122137404
0.9523809523809523,0.9758107389686338,0.9925520793271976,0.9824561403508771,0.8484848484848485,0.9696969696969697
0.961038961038961,0.9827823691460055,0.997116825975458,0.9848484848484849,0.8181818181818182,0.9774436090225563
0.9668874172185431,0.9995421245421245,0.999841972187105,0.9553571428571429,1.0,0.9771689497716894
0.9448275862068966,0.9791029561671764,0.9924838355838168,0.963302752293578,0.8888888888888888,0.963302752293578
0.9781021897810219,0.9935897435897435,0.9978801696437994,1.0,0.9090909090909091,0.985781990521327
0.9411764705882353,0.9765729585006694,0.9893027988971653,0.9879518072289156,0.8333333333333334,0.9590643274853801
0.9565217391304348,0.9839690436705363,0.9966287407507755,0.9776119402985075,0.8518518518518519,0.9739776951672863
0.9236641221374046,0.9871589085072231,0.9938317010511409,0.9887640449438202,0.7857142857142857,0.946236559139785
0.9659090909090909,0.9821428571428571,0.9965114735838075,1.0,0.7857142857142857,0.9801324503311258
0.9279279279279279,0.9806451612903225,0.9922384366740126,0.9625,0.8387096774193549,0.9506172839506173
0.9851851851851852,0.9977937120794264,0.9991753436068306,1.0,0.9459459459459459,0.98989898989899
0.9754601226993865,0.9937977099236641,0.9984680847923151,0.9847328244274809,0.9375,0.9847328244274809
0.9565217391304348,0.986038961038961,0.9963614178424697,1.0,0.7857142857142857,0.9734513274336283
0.9533333333333334,0.9878296146044625,0.996262322955808,0.9741379310344828,0.8823529411764706,0.9699570815450643
0.9612403100775194,0.9885428907168038,0.9953210989459755,0.9891304347826086,0.8918918918918919,0.9732620320855615
0.9661016949152542,0.99400871459695,0.9990789471792134,0.9673202614379085,0.9583333333333334,0.9801324503311258
0.9312977099236641,0.9670596393897365,0.9903377140529244,0.9514563106796117,0.8571428571428571,0.9560975609756097
0.952,0.986984126984127,0.9945717330175226,0.9777777777777777,0.8857142857142857,0.967032967032967
0.9225352112676056,0.9706248444112522,0.988278973157297,0.970873786407767,0.7948717948717948,0.9478672985781991
0.9666666666666667,0.9941666666666666,0.9985266647341717,0.9833333333333333,0.9,0.979253112033195
0.9624060150375939,0.9947368421052633,0.9978919200878555,0.968421052631579,0.9473684210526315,0.9735449735449735
0.959349593495935,0.992831541218638,0.9976850035046202,0.967741935483871,0.9333333333333333,0.972972972972973
0.9794520547945206,0.9984438219732337,0.9996509880041105,0.9831932773109243,0.9629629629629629,0.9873417721518988
0.9536423841059603,0.9918719211822661,0.997468533505497,0.9568965517241379,0.9428571428571428,0.9694323144104804
0.96875,0.9954545454545455,0.9992759452936444,0.9727272727272728,0.9444444444444444,0.981651376146789
0.9452054794520548,0.9755747126436781,0.9934713733059791,0.9913793103448276,0.7666666666666667,0.9663865546218487
0.958041958041958,0.9888888888888888,0.9962928976542338,0.9722222222222222,0.9142857142857143,0.9722222222222222
0.9795918367346939,0.9924916573971079,0.9980626773559007,0.9827586206896551,0.967741935483871,0.987012987012987
0.9824561403508771,0.9992360580595875,0.9999162128194387,0.9805194805194806,1.0,0.9901639344262295
0.9779411764705882,0.9924528301886792,0.9978199626602017,1.0,0.9,0.986046511627907
0.9554140127388535,0.98005698005698,0.9956002945987852,0.9692307692307692,0.8888888888888888,0.972972972972973
0.9635036496350365,0.9946127946127946,0.9987094508581713,0.9727272727272728,0.9259259259259259,0.9771689497716894
0.9823529411764705,0.995,0.998896550086219,0.9928571428571429,0.9333333333333333,0.9893238434163701
0.9922480620155039,0.9980250164581961,0.9994113029827316,0.9897959183673469,1.0,0.9948717948717949
0.9722222222222222,0.993155149934811,0.9983771897724982,0.9745762711864406,0.9615384615384616,0.9829059829059829
0.9716312056737588,0.9889632107023411,0.9972591259021675,1.0,0.8461538461538461,0.9829059829059829
0.9342105263157895,0.9719827586206897,0.9906847380276015,0.9741379310344828,0.8055555555555556,0.9576271186440678
0.948051948051948,0.9866177422836175,0.9951353041731013,0.9911504424778761,0.8292682926829268,0.9655172413793104
0.9576271186440678,0.9865689865689866,0.9958531692559232,0.989010989010989,0.8518518518518519,0.972972972972973
0.9295774647887324,0.9667755991285403,0.9891676357506093,0.9814814814814815,0.7647058823529411,0.954954954954955
0.948905109489051,0.9693486590038315,0.9911354546977791,0.9814814814814815,0.8275862068965517,0.9680365296803652
0.9878048780487805,0.9968487394957983,0.99934061352594,0.9926470588235294,0.9642857142857143,0.9926470588235294
0.9371069182389937,0.9863547758284601,0.9945895804094324,0.9824561403508771,0.8222222222222222,0.9572649572649573
0.949685534591195,0.9879032258064516,0.9969851326743049,0.96875,0.8709677419354839,0.96875
0.9523809523809523,0.9812255003094698,0.9946348124310018,0.9847328244274809,0.8378378378378378,0.9699248120300752
0.9473684210526315,0.9884408602150537,0.994824458815214,0.967741935483871,0.9,0.9625668449197861
0.935251798561151,0.978216473791695,0.9949915656545968,0.9734513274336283,0.7692307692307693,0.9606986899563319
0.9838709677419355,0.9881219903691814,0.9946320252410383,1.0,0.9428571428571428,0.9888888888888889
0.9281045751633987,0.9823244552058111,0.9947578252483288,0.9661016949152542,0.8,0.9539748953974896
0.9402985074626866,0.9825944170771757,0.9949495349627181,0.9809523809523809,0.7931034482758621,0.9626168224299065
0.9424460431654677,0.9848901098901099,0.9947479375783284,0.9807692307692307,0.8285714285714286,0.9622641509433962
0.9621212121212122,0.984669434685404,0.9950196372451552,0.9900990099009901,0.8709677419354839,0.975609756097561
0.9545454545454546,0.9833918875758544,0.9942869813227334,0.9603960396039604,0.9354838709677419,0.97
0.9459459459459459,0.9880624426078972,0.9973552737690473,0.9669421487603306,0.8518518518518519,0.9669421487603306
0.9384615384615385,0.9823333333333333,0.9943457584709363,0.96,0.8666666666666667,0.96
0.9571428571428572,0.9875389408099688,0.9960643608772379,0.9813084112149533,0.8787878787878788,0.9722222222222222
0.9615384615384616,0.9857762777242044,0.9958310857717417,0.9754098360655737,0.9117647058823529,0.9754098360655737
0.96,0.9917119917119916,0.9975526242251676,0.9658119658119658,0.9393939393939394,0.9741379310344828
0.9593023255813954,0.9848197343453511,0.9982422791808764,0.967741935483871,0.8823529411764706,0.9771986970684039
0.9395973154362416,0.9668542839274546,0.9924411950661661,0.975609756097561,0.7692307692307693,0.963855421686747
0.9473684210526315,0.9904279279279279,0.9962106962261355,0.9791666666666666,0.8648648648648649,0.9641025641025641
0.9649122807017544,0.986985236985237,0.9957974354417923,0.9924242424242424,0.8717948717948718,0.9776119402985075
0.9440559440559441,0.9844413012729845,0.993122065222803,0.9702970297029703,0.8809523809523809,0.9607843137254902
0.9774436090225563,0.9968379446640315,0.9993462618462617,0.990909090909091,0.9130434782608695,0.9864253393665159
0.9666666666666667,0.9831376091538693,0.9959300882227924,0.983739837398374,0.8888888888888888,0.979757085020243
0.959731543624161,0.9798319327731092,0.9944445385360077,1.0,0.8,0.9754098360655737
0.9937888198757764,0.9997455470737914,0.9999421697894981,1.0,0.9666666666666667,0.9961977186311787
0.9862068965517241,0.9951790633608816,0.999009843140516,0.9917355371900827,0.9583333333333334,0.9917355371900827
0.9710144927536232,0.9855755894590846,0.9947247420300693,1.0,0.8857142857142857,0.9809523809523809
0.9923664122137404,0.9993815708101422,0.9997959183673469,0.9897959183673469,1.0,0.9948717948717949
0.9772727272727273,0.9963173752929361,0.9989426297089417,0.9902912621359223,0.9310344827586207,0.9855072463768116
0.9863945578231292,0.9967391304347826,0.9990583204415012,0.991304347826087,0.96875,0.991304347826087
0.9701492537313433,0.9852272727272728,0.9966308900973557,0.990909090909091,0.875,0.9819819819819819
0.9745222929936306,0.988146551724138,0.9970158140817431,0.984375,0.9310344827586207,0.984375
0.9559748427672956,0.9868125701459035,0.9972326145106898,0.9772727272727273,0.8518518518518519,0.9735849056603774
0.9210526315789473,0.9685792349726776,0.992061298149011,0.9508196721311475,0.8,0.9508196721311475
0.9191176470588235,0.954326923076923,0.9847246609522985,0.9711538461538461,0.75,0.9483568075117371
0.9379310344827586,0.9636989931107578,0.9881199474167285,0.9819819819819819,0.7941176470588235,0.960352422907489
0.9747899159663865,0.9974340175953079,0.9991117475476514,0.9886363636363636,0.9354838709677419,0.9830508474576272
0.9694656488549618,0.997387669801463,0.998720557411391,0.9885057471264368,0.9318181818181818,0.9772727272727273
0.9444444444444444,0.9888004715590922,0.9949196050473926,0.9655172413793104,0.8974358974358975,0.96
0.9624060150375939,0.9891156462585035,0.9970019304215454,0.9809523809523809,0.8928571428571429,0.976303317535545
0.9724137931034482,0.9955410225921522,0.9988796958132315,0.9827586206896551,0.9310344827586207,0.9827586206896551
0.9530201342281879,0.9721701063164478,0.9934626238931216,0.975609756097561,0.8461538461538461,0.97165991902834
0.9881656804733728,0.9995203836930455,0.9998979539772437,0.9928057553956835,0.9666666666666667,0.9928057553956835
0.9448818897637795,0.9592156862745097,0.9887328798498507,1.0,0.72,0.966824644549763
0.9836065573770492,0.9922135706340379,0.9974229516324509,1.0,0.9310344827586207,0.9893617021276596
0.9553571428571429,0.9958333333333333,0.9965375475096607,0.9833333333333333,0.9230769230769231,0.959349593495935
0.9761904761904762,0.986340950879958,0.9971571912742037,0.9929078014184397,0.8888888888888888,0.9859154929577465
0.9658119658119658,0.9980013324450366,0.9990215347610415,0.9620253164556962,0.9736842105263158,0.9743589743589743
0.972027972027972,0.9721014492753624,0.9943043718395259,1.0,0.8260869565217391,0.9836065573770492
0.967479674796748,0.9842105263157895,0.994806081006277,0.9789473684210527,0.9285714285714286,0.9789473684210527
0.9662162162162162,0.9913068675746161,0.9977901089875482,0.9831932773109243,0.896551724137931,0.9790794979079498
0.920863309352518,0.973989898989899,0.9892739085508473,0.9595959595959596,0.825,0.945273631840796
0.9305555555555556,0.9618055555555556,0.9916756686766435,0.9666666666666667,0.75,0.9586776859504132
0.954248366013072,0.9833333333333333,0.9952369023276595,0.9833333333333333,0.8484848484848485,0.9711934156378601
0.9867549668874173,0.9960629921259843,0.9992430258694186,1.0,0.9166666666666666,0.9921875
0.9714285714285714,0.9975147561354458,0.999363517144456,0.9819819819819819,0.9310344827586207,0.9819819819819819
0.9782608695652174,0.9941747572815534,0.9979218854325418,0.9805825242718447,0.9714285714285714,0.9853658536585366
0.975,0.9965062111801243,0.9989747571269312,0.9782608695652174,0.9642857142857143,0.9836065573770492
0.9366197183098591,0.9694041867954912,0.992491042695792,0.991304347826087,0.7037037037037037,0.9620253164556962
0.9655172413793104,0.9957983193277311,0.9990927645070924,0.9663865546218487,0.9615384615384616,0.9787234042553191
0.958041958041958,0.9972881355932203,0.9994258789084836,0.9576271186440678,0.96,0.9741379310344828
0.9504950495049505,0.9962406015037594,0.9978708655179243,0.9682539682539683,0.9210526315789473,0.9606299212598425
0.9772727272727273,0.9930555555555556,0.9980686649048134,0.9857142857142858,0.9444444444444444,0.9857142857142858
0.958904109589041,0.9847701149425288,0.9960065186221279,0.9827586206896551,0.8666666666666667,0.9743589743589743
0.9236641221374046,0.9788461538461539,0.9901514816352662,0.989010989010989,0.775,0.9473684210526315
0.9620253164556962,0.9977139954279909,0.9994447903314411,0.952755905511811,1.0,0.9758064516129032
0.9318181818181818,0.9751861042183623,0.9892544116870274,0.989247311827957,0.7948717948717948,0.9533678756476683
0.9927007299270073,0.9994845360824741,0.9997917317504945,0.9896907216494846,1.0,0.9948186528497409
0.972972972972973,0.9929599020508111,0.9983715469603518,0.9834710743801653,0.9259259259259259,0.9834710743801653
0.9629629629629629,0.9865319865319865,0.994904294370527,1.0,0.8611111111111112,0.9753694581280788
0.9296875,0.9772643931059772,0.993942871529587,0.9900990099009901,0.7037037037037037,0.9569377990430622
0.8991596638655462,0.964625850340136,0.9850795241150949,0.9642857142857143,0.7428571428571429,0.9310344827586207
0.9482758620689655,0.9853961299744431,0.9938683936176872,0.9759036144578314,0.8787878787878788,0.9642857142857143
0.9558823529411765,0.979952429493714,0.9947776333750453,0.9724770642201835,0.8888888888888888,0.9724770642201835
0.937984496124031,0.9748221127531472,0.9870612095945739,0.9770114942528736,0.8571428571428571,0.9550561797752809
0.9338235294117647,0.9807312252964427,0.9904565812531488,0.9782608695652174,0.8409090909090909,0.9523809523809523
0.9735099337748344,0.9878048780487805,0.99699053894062,0.991869918699187,0.8928571428571429,0.9838709677419355
0.9473684210526315,0.9852459016393443,0.9963068650271092,0.9754098360655737,0.8333333333333334,0.967479674796748
0.9640287769784173,0.9871565113500597,0.9962083761236697,0.9722222222222222,0.9354838709677419,0.9767441860465116
0.9662162162162162,0.9833333333333333,0.9957309010334706,0.9916666666666667,0.8571428571428571,0.9794238683127572
0.9578313253012049,0.9822660098522168,0.9972058335267948,0.9724137931034482,0.8571428571428571,0.9757785467128027
0.9508196721311475,0.9771739130434782,0.9917871062999417,0.967391304347826,0.9,0.967391304347826
0.9420289855072463,0.9793952368209793,0.9921252076780183,0.9702970297029703,0.8648648648648649,0.9607843137254902
0.9274193548387096,0.9771241830065359,0.9911734763431457,0.9666666666666667,0.8235294117647058,0.9508196721311475
0.9591836734693877,0.9852459016393442,0.9968136597286653,0.9754098360655737,0.88,0.9754098360655737
0.9664429530201343,0.9916405433646813,0.9975794463883263,0.9741379310344828,0.9393939393939394,0.9783549783549783
0.9605263157894737,0.9809895833333333,0.9945538259105883,0.9916666666666667,0.84375,0.9754098360655737
0.9225352112676056,0.9667190775681342,0.9880545849626851,0.9528301886792453,0.8333333333333334,0.9483568075117371
0.9664429530201343,0.984108527131783,0.9972403999080454,0.9844961240310077,0.85,0.9806949806949807
0.9770114942528736,0.9951584507042254,0.9988877524200668,0.9788732394366197,0.96875,0.9858156028368794
0.9657534246575342,0.9801587301587302,0.9966506341336496,0.9841269841269841,0.85,0.9802371541501976
0.9784172661870504,0.9950396825396826,0.9987834880522407,0.9910714285714286,0.9259259259259259,0.9866666666666667
0.9083333333333333,0.9801587301587301,0.9916441570100716,0.9523809523809523,0.8055555555555556,0.935672514619883
0.9841269841269841,0.9966049382716049,0.9985864192707,0.9888888888888889,0.9722222222222222,0.9888888888888889
0.9586206896551724,0.9807692307692307,0.9951575234754159,0.9829059829059829,0.8571428571428571,0.9745762711864406
0.949685534591195,0.9750588235294118,0.9927196295200515,0.984,0.8235294117647058,0.968503937007874
0.9591836734693877,0.9835194045720361,0.9947976495743663,0.9912280701754386,0.8484848484848485,0.9741379310344828
0.967741935483871,0.9891304347826086,0.9980318535037845,0.9848484848484849,0.8695652173913043,0.9811320754716981
0.9215686274509803,0.9731025854879067,0.9889101572694996,0.9724770642201835,0.7954545454545454,0.9464285714285714
0.9682539682539683,0.9853372434017595,0.9944566866129173,0.989247311827957,0.9090909090909091,0.9787234042553191
0.965034965034965,0.9864406779661018,0.9968347388280556,0.9745762711864406,0.92,0.9787234042553191
0.9357142857142857,0.9849676225716929,0.9927159150010271,0.9893617021276596,0.8260869565217391,0.9538461538461539
0.9709302325581395,0.9936619718309858,0.9986476088899596,0.9859154929577465,0.9,0.9824561403508771
0.9863013698630136,0.9973333333333333,0.9995589057264317,0.992,0.9523809523809523,0.992
0.9849624060150376,0.9946236559139785,0.9983055738053462,0.9901960784313726,0.967741935483871,0.9901960784313726
0.9714285714285714,0.9976851851851851,0.9993194145709868,0.9722222222222222,0.96875,0.9813084112149533
0.9328358208955224,0.962962962962963,0.9902339422717732,0.9722222222222222,0.7692307692307693,0.958904109589041
0.968944099378882,0.9914705882352941,0.9984449151806752,0.9852941176470589,0.88,0.9816849816849816
0.9568345323741008,0.9695340501792115,0.9907214254796111,1.0,0.8064516129032258,0.972972972972973
0.953125,0.9861751152073732,0.994429118305667,0.989247311827957,0.8571428571428571,0.968421052631579
0.9153846153846154,0.9695245835026411,0.9932041718886941,0.9626168224299065,0.6956521739130435,0.9493087557603687
1.0,1.0,1.0,1.0,1.0,1.0
0.9022556390977443,0.9737631184407797,0.9862199122180128,0.9655172413793104,0.782608695652174,0.9281767955801105
0.9491525423728814,0.9936603269936602,0.9972551410771371,0.9876543209876543,0.8648648648648649,0.963855421686747
0.9694656488549618,0.9983277591973244,0.9993135011441648,0.9782608695652174,0.9487179487179487,0.9782608695652174
0.9493670886075949,0.989457542649032,0.9952968637622166,0.9819819819819819,0.8723404255319149,0.9646017699115044
0.8809523809523809,0.959122085048011,0.9774808077751906,0.9506172839506173,0.7555555555555555,0.9112426035502958
0.9602649006622517,0.9830508474576272,0.9948261815113116,0.9745762711864406,0.9090909090909091,0.9745762711864406
0.9366197183098591,0.9714068825910931,0.9890884657570006,0.9903846153846154,0.7894736842105263,0.958139534883721
1.0,1.0,0.9999999999999998,1.0,1.0,1.0
0.950354609929078,0.9859708193041526,0.9956725655805306,0.9629629629629629,0.9090909090909091,0.9674418604651163
0.9571428571428572,0.9789286620969789,0.9912517764491957,0.9900990099009901,0.8717948717948718,0.970873786407767
0.9663865546218487,0.9893100097181731,0.9976705981077337,0.9795918367346939,0.9047619047619048,0.9795918367346939
0.9672131147540983,0.9927750410509031,0.9970919573262286,0.9885057471264368,0.9142857142857143,0.9772727272727273
0.9596774193548387,0.9880660954712361,0.9945647499375891,1.0,0.868421052631579,0.9717514124293786
0.9624060150375939,0.9857685009487666,0.9954438708201293,0.9803921568627451,0.9032258064516129,0.975609756097561
0.952054794520548,0.9868589743589744,0.9970691844563844,0.9666666666666667,0.8846153846153846,0.9707112970711297
0.9620253164556962,0.9796437659033079,0.9955804091236273,0.9847328244274809,0.8518518518518519,0.9772727272727273
0.9754601226993865,0.9764177428411005,0.9949420836781165,0.9927007299270073,0.8846153846153846,0.9855072463768116
0.9854014598540146,0.9969187675070028,0.9989505073165251,0.9901960784313726,0.9714285714285714,0.9901960784313726
0.9652777777777778,0.9850074962518741,0.9961349888827139,0.991304347826087,0.8620689655172413,0.9785407725321889
0.9652777777777778,0.994579945799458,0.9990880109200923,0.975609756097561,0.9047619047619048,0.9795918367346939
0.9758064516129032,0.9949183303085299,0.9984538417531306,1.0,0.896551724137931,0.9844559585492227
0.9746835443037974,0.9913479052823315,0.9973902442250288,1.0,0.8888888888888888,0.9838709677419355
0.9705882352941176,0.9943517329910141,0.9975862494088412,0.9789473684210527,0.9512195121951219,0.9789473684210527
0.9103448275862069,0.9485956544780074,0.983536826564644,0.972972972972973,0.7058823529411765,0.9432314410480349
0.9432624113475178,0.9762762762762763,0.9933559448822793,0.990990990990991,0.7666666666666667,0.9649122807017544
0.949685534591195,0.9725373134328359,0.99466412380562,0.9850746268656716,0.76,0.9705882352941176
0.9210526315789473,0.9727371864776445,0.9954427410989858,0.9465648854961832,0.7619047619047619,0.9538461538461539
0.9642857142857143,0.98375,0.992824386257013,0.99,0.9,0.9753694581280788
0.940677966101695,0.9705284552845528,0.9856029264231504,0.9878048780487805,0.8333333333333334,0.9585798816568047
0.9664804469273743,0.9868421052631579,0.9975524203990243,0.993421052631579,0.8148148148148148,0.9805194805194806
0.972027972027972,0.9773291925465838,0.9939534224513883,0.991304347826087,0.8928571428571429,0.9827586206896551
0.9538461538461539,0.9934228555768704,0.9969268412626164,0.9775280898876404,0.9024390243902439,0.9666666666666667
0.9436619718309859,0.9699404761904762,0.9908806741421596,0.9732142857142857,0.8333333333333334,0.9646017699115044
0.9805194805194806,0.9983974358974358,0.9997050177014399,0.9846153846153847,0.9583333333333334,0.9884169884169884
0.9794520547945206,0.9972527472527473,0.9988885054904891,0.9807692307692307,0.9761904761904762,0.9855072463768116
1.0,1.0,1.0,1.0,1.0,1.0
0.9552238805970149,0.9720279720279721,0.9969532876010816,0.9752066115702479,0.7692307692307693,0.9752066115702479
0.9763779527559056,0.9954303122619954,0.9988167371926914,0.9900990099009901,0.9230769230769231,0.9852216748768473
0.9545454545454546,0.9869767441860464,0.9974395570379466,0.9844961240310077,0.8,0.9731800766283525
0.9849624060150376,0.9983818770226537,0.9995427969375323,0.9805825242718447,1.0,0.9901960784313726
0.9861111111111112,0.9983258928571428,0.9995341614906832,0.9821428571428571,1.0,0.990990990990991
0.9580838323353293,0.9858314690529455,0.9982539275503741,0.9731543624161074,0.8333333333333334,0.9764309764309764
0.927536231884058,0.9776315789473684,0.991294459475845,0.96,0.8421052631578947,0.9504950495049505
0.9779411764705882,0.9923418972332014,0.996190201965231,1.0,0.9318181818181818,0.983957219251337
0.9615384615384616,0.9864137400666496,0.9918271309334914,1.0,0.8936170212765957,0.9707602339181286
0.971830985915493,0.9920338561115261,0.9968550049667171,0.9902912621359223,0.9230769230769231,0.9807692307692307
0.9006622516556292,0.971821756225426,0.9886117578224929,0.9357798165137615,0.8095238095238095,0.9315068493150684
0.96875,0.9971437638844811,0.9995231092222919,0.9708029197080292,0.9565217391304348,0.981549815498155
0.951048951048951,0.982843137254902,0.9961135552219457,0.957983193277311,0.9166666666666666,0.9702127659574468
0.961038961038961,0.9864018994172243,0.9949811290956847,0.9911504424778761,0.8780487804878049,0.9739130434782609
0.9411764705882353,0.989486703772418,0.9942483079241442,0.974025974025974,0.8809523809523809,0.9554140127388535
0.9640287769784173,0.9896024464831804,0.9970450652412124,0.9908256880733946,0.8666666666666667,0.9773755656108597
0.9724137931034482,0.9862258953168044,0.9971316168478229,0.9834710743801653,0.9166666666666666,0.9834710743801653
0.9230769230769231,0.966715976331361,0.9864186567679356,0.9807692307692307,0.7692307692307693,0.9488372093023256
0.9741935483870968,0.9927637721755369,0.9977726630228525,0.9831932773109243,0.9444444444444444,0.9831932773109243
0.9655172413793104,0.9953488372093022,0.998437999012862,1.0,0.8666666666666667,0.9772727272727273
0.9343065693430657,0.9821621621621621,0.9933278816277189,0.98,0.8108108108108109,0.9560975609756097
0.9624060150375939,0.9877675840978593,0.997254209233519,0.9908256880733946,0.8333333333333334,0.9773755656108597
0.968503937007874,0.9904798172124905,0.9974276795548853,1.0,0.8461538461538461,0.9805825242718447
0.9411764705882353,0.981651376146789,0.9953981523576048,0.981651376146789,0.7777777777777778,0.963963963963964
0.9545454545454546,0.9887302779864764,0.996849001661998,0.9834710743801653,0.8484848484848485,0.9714285714285714
0.9913793103448276,0.9972630858706808,0.9986770772464784,1.0,0.972972972972973,0.9937106918238994
0.9699248120300752,0.9913043478260869,0.9982238462911124,0.9818181818181818,0.9130434782608695,0.9818181818181818
0.975,0.9924332935085624,0.9977756448590342,0.989247311827957,0.9259259259259259,0.983957219251337
0.972972972972973,0.9892241379310345,0.9968397515643551,1.0,0.875,0.9830508474576272
0.9586776859504132,0.9862348178137652,0.9959022328363487,0.9894736842105263,0.8461538461538461,0.9740932642487047
0.9491525423728814,0.9912464985994398,0.996520075089889,0.9642857142857143,0.9117647058823529,0.9642857142857143
0.9361702127659575,0.9807807807807807,0.9945647326689996,0.963963963963964,0.8333333333333334,0.9596412556053812
0.9714285714285714,0.99375,0.9974745579095248,0.99,0.925,0.9801980198019802
0.952054794520548,0.9954022988505746,0.998826868010105,0.9568965517241379,0.9333333333333333,0.9694323144104804
0.9659863945578231,0.9874661246612466,0.9974520645936877,0.975609756097561,0.9166666666666666,0.9795918367346939
0.9548387096774194,0.9766153846153846,0.9951932508416046,0.9769230769230769,0.84,0.9731800766283525
0.9545454545454546,0.9885954381752702,0.9960827270754962,0.9897959183673469,0.8529411764705882,0.97
0.9506172839506173,0.9730033745781778,0.9920504665318637,0.984251968503937,0.8285714285714286,0.9689922480620154
0.984,0.999697519661222,0.999869383490073,0.9770114942528736,1.0,0.9883720930232558
0.9573170731707317,0.9705325763719924,0.9936342714125194,0.9854014598540146,0.8148148148148148,0.9747292418772563
0.9555555555555556,0.9804666304937601,0.992148367024729,0.9896907216494846,0.868421052631579,0.9696969696969697
0.9375,0.9859154929577465,0.9916157066115717,0.9859154929577465,0.8536585365853658,0.9523809523809523
1.0,1.0,1.0,1.0,1.0,1.0
0.9770992366412213,0.9951485748938751,0.9982681194124897,0.9896907216494846,0.9411764705882353,0.9846153846153847
0.9386503067484663,0.9894042383046782,0.9964211731202955,0.9672131147540983,0.8536585365853658,0.959349593495935
0.9548387096774194,0.987513007284079,0.9967576436661632,0.9758064516129032,0.8709677419354839,0.9718875502008032
0.940677966101695,0.9926289926289926,0.9957360863816025,0.9864864864864865,0.8636363636363636,0.954248366013072
0.9787234042553191,0.9993993993993994,0.999839124839125,0.972972972972973,1.0,0.9863013698630136
0.9554140127388535,0.9818268770923003,0.99496096381224,0.983739837398374,0.8529411764705882,0.9718875502008032
0.9867549668874173,0.998792270531401,0.9996199033995893,0.991304347826087,0.9722222222222222,0.991304347826087
0.9567901234567902,0.9885394456289979,0.9975041930790504,0.9776119402985075,0.8571428571428571,0.9739776951672863
0.9452054794520548,0.9876022811802628,0.9957527096141139,0.963302752293578,0.8918918918918919,0.963302752293578
0.9779411764705882,0.996388888888889,0.998698430660414,0.99,0.9444444444444444,0.9850746268656716
0.9774436090225563,0.9964349376114083,0.9987486858459454,0.9797979797979798,0.9705882352941176,0.9847715736040609
0.9851851851851852,0.9976315789473684,0.999049118151099,0.9789473684210527,1.0,0.9893617021276596
0.9618320610687023,0.9872665534804754,0.9946328689452981,1.0,0.868421052631579,0.9738219895287958
0.9420289855072463,0.9855755894590846,0.9950455333145456,0.970873786407767,0.8571428571428571,0.9615384615384616
0.9423076923076923,0.9828042328042329,0.9958440956772194,0.9682539682539683,0.8333333333333334,0.9644268774703557
0.9375,0.9783783783783784,0.9889500579827784,0.9866666666666667,0.8378378378378378,0.9548387096774194
0.9541984732824428,0.9945909398242055,0.9984814764255908,0.9607843137254902,0.9310344827586207,0.9702970297029703
0.9689922480620154,0.9872413793103448,0.9960731724904899,0.99,0.896551724137931,0.9801980198019802
0.9473684210526315,0.9938063063063063,0.9976422834545258,0.96875,0.8918918918918919,0.9637305699481865
0.9784172661870504,0.9947538337368845,0.9990611501719561,0.9830508474576272,0.9523809523809523,0.9872340425531915
0.9801324503311258,0.9977225672877846,0.9990453728661276,0.9904761904761905,0.9565217391304348,0.985781990521327
0.9097222222222222,0.9692513368983957,0.9902925867996654,0.9727272727272728,0.7058823529411765,0.9427312775330396
0.9285714285714286,0.9645454545454545,0.9899680429025054,0.9727272727272728,0.7666666666666667,0.9553571428571429
0.9432624113475178,0.9735221674876847,0.992823736920933,0.9910714285714286,0.7586206896551724,0.9652173913043478
0.9760479041916168,0.9819727891156462,0.9973398015375725,0.9931972789115646,0.85,0.9864864864864865
0.9699248120300752,0.9842687074829932,0.9968067989484366,0.9821428571428571,0.9047619047619048,0.9821428571428571
0.972027972027972,0.9884453781512604,0.9975884967968719,0.9915966386554622,0.875,0.9833333333333333
0.95,0.9825080068982508,0.9925884933115569,0.9595959595959596,0.926829268292683,0.9644670050761421
0.9583333333333334,0.9868065967016492,0.9965231468010209,0.9826086956521739,0.8620689655172413,0.9741379310344828
0.972027972027972,0.9930875576036866,0.9980120906941461,0.9910714285714286,0.9032258064516129,0.9823008849557522
0.9349593495934959,0.9818241903502974,0.9930685158482124,0.9662921348314607,0.8529411764705882,0.9555555555555556
0.9583333333333334,0.9843356643356643,0.9970971974323527,0.972027972027972,0.88,0.9754385964912281
0.9605263157894737,0.9893048128342246,0.9969528365727445,0.9831932773109243,0.8787878787878788,0.975
0.9254658385093167,0.9718918918918918,0.9863965388882578,0.972972972972973,0.82,0.9473684210526315
0.9517241379310345,0.9842367256637168,0.9952900933290627,0.9823008849557522,0.84375,0.9694323144104804
0.9548872180451128,0.9884408602150537,0.9948336335830368,0.978494623655914,0.9,0.9680851063829787
0.9262295081967213,0.9805710921401236,0.9896405292629861,1.0,0.7906976744186046,0.9461077844311377
0.9205298013245033,0.9662073490813649,0.9932982248875982,0.9606299212598425,0.7083333333333334,0.953125
0.98125,0.991421568627451,0.9984512164011027,0.9926470588235294,0.9166666666666666,0.989010989010989
0.9859154929577465,0.997675094449288,0.9993732863298082,0.9819819819819819,1.0,0.990909090909091
0.9655172413793104,0.9853333333333333,0.9967818769001905,0.9833333333333333,0.88,0.979253112033195
0.9545454545454546,0.9807889344262295,0.9946333650605258,0.9754098360655737,0.875,0.9714285714285714
0.9545454545454546,0.9936507936507937,0.9983759705779699,0.9619047619047619,0.9259259259259259,0.9711538461538461
0.9924242424242424,0.9977943203749655,0.999057053691449,1.0,0.9743589743589743,0.9946524064171123
0.9637681159420289,0.9930660235152245,0.9979922487855379,0.9906542056074766,0.8709677419354839,0.9769585253456221
0.9536423841059603,0.9862903225806452,0.9963298922875107,0.9833333333333333,0.8387096774193549,0.9711934156378601
0.920863309352518,0.9677115987460815,0.9912436283875645,0.9727272727272728,0.7241379310344828,0.9511111111111111
0.9548872180451128,0.9854579207920793,0.9952445102929651,0.9801980198019802,0.875,0.9705882352941176
0.976,0.992063492063492,0.9977987573605291,0.9897959183673469,0.9259259259259259,0.9847715736040609
0.9741935483870968,0.9921239837398375,0.9977977242714506,0.983739837398374,0.9375,0.983739837398374
0.9424460431654677,0.9832793959007552,0.9937830027644303,0.9611650485436893,0.8888888888888888,0.9611650485436893
0.96045197740113,0.9941752096924511,0.9988214542426771,0.9662162162162162,0.9310344827586207,0.9761092150170648
0.9731543624161074,0.9924242424242424,0.9977734683945725,0.9913793103448276,0.9090909090909091,0.9829059829059829
0.9841269841269841,0.9993055555555556,0.9997874149659862,0.9895833333333334,0.9666666666666667,0.9895833333333334
0.959349593495935,0.9885304659498207,0.9962171620277588,0.967741935483871,0.9333333333333333,0.972972972972973
0.9562043795620438,0.9882005899705015,0.9972991037681456,0.9646017699115044,0.9166666666666666,0.9732142857142857
0.9787234042553191,0.997993119266055,0.9994272912191238,0.981651376146789,0.96875,0.9861751152073732
0.9798657718120806,0.9976689976689976,0.9991944635474331,0.9818181818181818,0.9743589743589743,0.9863013698630136
0.9754098360655737,0.9899749373433584,0.9951552005629005,1.0,0.9210526315789473,0.9824561403508771
0.9230769230769231,0.9737463126843658,0.992687464633996,0.9469026548672567,0.8333333333333334,0.9511111111111111
0.9689922480620154,0.985233798195242,0.9964264989401944,0.9905660377358491,0.8695652173913043,0.9813084112149533
0.9923664122137404,0.9987012987012988,0.9997527970005035,1.0,0.9523809523809523,0.995475113122172
0.9465648854961832,0.9832810867293627,0.9907421904905134,0.9655172413793104,0.9090909090909091,0.96
0.9675324675324676,0.9893793561234651,0.9980758917325661,0.9770992366412213,0.9130434782608695,0.9808429118773946
0.96,0.9865556978233035,0.9967386810447068,0.9859154929577465,0.8484848484848485,0.975609756097561
0.9568345323741008,0.9928315412186379,0.9979335975404445,0.9629629629629629,0.9354838709677419,0.9719626168224299
0.9708029197080292,0.9898018648018648,0.996521919100667,0.9903846153846154,0.9090909090909091,0.9809523809523809
0.9777777777777777,0.9969660194174758,0.999046706196906,0.9902912621359223,0.9375,0.9855072463768116
0.9631901840490797,0.9912946428571429,0.9975048475815911,0.9765625,0.9142857142857143,0.9765625
0.9617834394904459,0.9867109634551494,0.9969912480468202,0.9922480620155039,0.8214285714285714,0.9770992366412213
0.9788732394366197,0.994524959742351,0.9987066072984173,0.991304347826087,0.9259259259259259,0.987012987012987
0.9411764705882353,0.9778582930756844,0.9933276051064145,0.9782608695652174,0.8148148148148148,0.9625668449197861
0.9703703703703703,0.9974721941354905,0.9988320087647562,0.9782608695652174,0.9534883720930233,0.9782608695652174
0.9655172413793104,0.9943562610229277,0.9974708128093865,0.9753086419753086,0.9428571428571428,0.9753086419753086
0.9652173913043478,0.9898329702251271,0.9956232455078469,1.0,0.8823529411764706,0.9759036144578314
0.9590163934426229,0.9880412371134021,0.9968623606235864,0.979381443298969,0.88,0.9743589743589743
0.9428571428571428,0.9839396919042938,0.9961693768032611,0.9734513274336283,0.8148148148148148,0.9649122807017544
0.9849624060150376,0.9895758447160317,0.9972460194691347,1.0,0.9230769230769231,0.9907407407407407
0.9481481481481482,0.9788388497015734,0.9911020406481812,0.979381443298969,0.868421052631579,0.9644670050761421
0.9507042253521126,0.9863636363636363,0.9960333300222396,0.9818181818181818,0.84375,0.968609865470852
0.9559748427672956,0.9918229918229918,0.9978694684982035,0.9841269841269841,0.8484848484848485,0.9725490196078431
0.921875,0.9548954895489549,0.9867597158073134,0.9702970297029703,0.7407407407407407,0.9514563106796117
0.9714285714285714,0.9891581632653061,0.9971787875229143,0.9821428571428571,0.9285714285714286,0.9821428571428571
0.9763779527559056,0.9960526315789473,0.9987240829346092,0.968421052631579,1.0,0.983957219251337
0.98,0.9990062111801242,0.9997077091706247,0.991304347826087,0.9428571428571428,0.987012987012987
0.9576271186440678,0.9956349206349207,0.9986750432926584,0.9666666666666667,0.9285714285714286,0.9720670391061452
0.9659863945578231,0.9896331738437001,0.9967591081031626,0.9736842105263158,0.9393939393939394,0.9779735682819384
0.9342105263157895,0.9695938280009077,0.9887459803540855,0.9823008849557522,0.7948717948717948,0.9568965517241379
0.9658119658119658,0.9951237809452362,0.9982944871989773,0.9767441860465116,0.9354838709677419,0.9767441860465116
0.9533333333333334,0.9956896551724138,0.9987123044943754,0.9568965517241379,0.9411764705882353,0.9694323144104804
0.94375,0.975830078125,0.9936936050895997,0.96875,0.84375,0.9649805447470817
0.9731543624161074,0.9913043478260869,0.9972493924548507,1.0,0.8823529411764706,0.9829059829059829
0.9259259259259259,0.982114467408585,0.9919711000142394,0.9864864864864865,0.7941176470588235,0.948051948051948
0.9591836734693877,0.9829059829059829,0.9953509724129825,0.9914529914529915,0.8333333333333334,0.9747899159663865
0.8943089430894309,0.9762048192771084,0.9890058719800486,0.963855421686747,0.75,0.9248554913294798
0.976,0.9973544973544973,0.9992792761682018,0.9897959183673469,0.9259259259259259,0.9847715736040609
0.9421487603305785,0.9724517906336088,0.9890664036443841,0.9772727272727273,0.8484848484848485,0.9608938547486033
0.9637681159420289,0.981335020563113,0.9945816138661172,1.0,0.8275862068965517,0.9775784753363229
0.9602649006622517,0.9892561983471073,0.9971963274809774,0.9752066115702479,0.9,0.9752066115702479
0.9716312056737588,0.988776655443322,0.9962232100868228,0.9907407407407407,0.9090909090909091,0.981651376146789
0.9673202614379085,0.9912174439733495,0.9981086363630041,0.9763779527559056,0.9230769230769231,0.9802371541501976
0.9591836734693877,0.9836022904737116,0.9947699551590268,0.9823008849557522,0.8823529411764706,0.9736842105263158
0.9844961240310077,0.9985540775014459,0.9994103953400899,0.978021978021978,1.0,0.9888888888888889
0.9461538461538461,0.9805555555555555,0.9907682562995743,0.9777777777777777,0.875,0.9617486338797814
0.9452054794520548,0.9946949602122016,0.9987014761311436,0.9572649572649573,0.896551724137931,0.9655172413793104
0.9512195121951219,0.9893162393162394,0.9950294862056128,0.9761904761904762,0.8974358974358975,0.9647058823529412
0.9302325581395349,0.9793814432989691,0.9929341576964568,0.9484536082474226,0.875,0.9533678756476683
0.9202898550724637,0.9355752212389381,0.9841570737789541,0.9734513274336283,0.68,0.9523809523809523
0.9534883720930233,0.9876404494382023,0.9942986289423668,0.9887640449438202,0.875,0.967032967032967
0.9821428571428571,0.9977638640429338,0.9993360409531671,0.9883720930232558,0.9615384615384616,0.9883720930232558
0.9545454545454546,0.9824729891956783,0.9946203306063982,0.9915966386554622,0.8285714285714286,0.9711934156378601
0.9383561643835616,0.9806918744971842,0.9942794163391716,0.9734513274336283,0.8181818181818182,0.9606986899563319
0.9752066115702479,0.992831541218638,0.9974761682715099,0.9777777777777777,0.967741935483871,0.9832402234636871
0.9701492537313433,0.9933993399339933,0.9979078927278693,0.9801980198019802,0.9393939393939394,0.9801980198019802
0.9382716049382716,0.9643347050754458,0.992448231617514,0.9777777777777777,0.7407407407407407,0.9635036496350365
0.9166666666666666,0.968796992481203,0.9823837110839299,0.9857142857142858,0.7894736842105263,0.9387755102040817
0.9436619718309859,0.9813854134879462,0.9948692889153237,0.9646017699115044,0.8620689655172413,0.9646017699115044
0.9771428571428571,0.9852865255549819,0.997268708168142,0.9932885906040269,0.8846153846153846,0.9866666666666667
0.9490445859872612,0.987047898338221,0.9964415230260684,0.9838709677419355,0.8181818181818182,0.9682539682539683
0.9917355371900827,1.0,1.0000000000000002,0.9876543209876543,1.0,0.9937888198757764
0.9806451612903225,0.9912823397075365,0.9980092783686929,0.9921259842519685,0.9285714285714286,0.9882352941176471
0.9568345323741008,0.9843668577384055,0.993633090716458,0.9900990099009901,0.868421052631579,0.970873786407767
0.943089430894309,0.9873376623376623,0.9949116627327603,0.9431818181818182,0.9428571428571428,0.9595375722543352
0.9312977099236641,0.9820824881676808,0.9948967921001661,0.9509803921568627,0.8620689655172413,0.9556650246305419
0.9708029197080292,0.9955520669806384,0.9982323064229018,0.9795918367346939,0.9487179487179487,0.9795918367346939
0.9337748344370861,0.9842342342342342,0.9941113830214419,0.990990990990991,0.775,0.9565217391304348
0.9733333333333334,0.9955555555555555,0.9988855923292901,0.9916666666666667,0.9,0.9834710743801653
0.9682539682539683,0.9917800453514739,0.9989687405828205,0.9761904761904762,0.9047619047619048,0.9820359281437125
0.9219858156028369,0.9747061829330609,0.9905412231603303,0.9805825242718447,0.7631578947368421,0.9483568075117371
0.9408284023668639,0.9770935960591134,0.9952093250230062,0.9642857142857143,0.8275862068965517,0.9642857142857143
0.9513888888888888,0.9929226736566186,0.9977606057671975,0.9724770642201835,0.8857142857142857,0.9680365296803652
0.9645390070921985,0.9896551724137931,0.9977422134491528,0.9913793103448276,0.84,0.9787234042553191
0.9836065573770492,0.9989583333333334,0.9996349973161566,0.9777777777777777,1.0,0.9887640449438202
0.9701492537313433,0.9936951754385964,0.9974728770837661,0.9791666666666666,0.9473684210526315,0.9791666666666666
0.958904109589041,0.9943442912689996,0.9989607818106888,0.959349593495935,0.9565217391304348,0.9752066115702479
0.9338235294117647,0.978743961352657,0.9890183011693732,0.9777777777777777,0.8478260869565217,0.9513513513513514
0.9866666666666667,0.9974099974099975,0.9992543622875221,0.9914529914529915,0.9696969696969697,0.9914529914529915
0.9571428571428572,0.9904099736274274,0.9956432748418962,0.979381443298969,0.9069767441860465,0.9693877551020408
0.9490445859872612,0.9871194379391101,0.9960739054628054,0.9672131147540983,0.8857142857142857,0.9672131147540983
0.9722222222222222,0.9972222222222223,0.9994401709143576,0.975,0.9583333333333334,0.9831932773109243
0.9681528662420382,0.9975757575757576,0.999543413356116,0.9772727272727273,0.92,0.9809885931558935
0.9727891156462585,0.9916710046850599,0.9972984041356359,0.9911504424778761,0.9117647058823529,0.9824561403508771
0.9692307692307692,0.983,0.9945380410577165,1.0,0.8666666666666667,0.9803921568627451
0.9808917197452229,0.993421052631579,0.9987764414075108,0.9924812030075187,0.9166666666666666,0.9887640449438202
0.9490445859872612,0.984159779614325,0.995155981323125,0.9834710743801653,0.8333333333333334,0.967479674796748
0.9558823529411765,0.9945633707101598,0.9986617043709989,0.963302752293578,0.9259259259259259,0.9722222222222222
0.9733333333333334,0.9962686567164178,0.9995589313625048,0.9776119402985075,0.9375,0.9849624060150376
0.9577464788732394,0.979035639412998,0.9917072468017313,0.9905660377358491,0.8611111111111112,0.9722222222222222
0.9069767441860465,0.9659574468085107,0.987023224387042,0.9574468085106383,0.7714285714285715,0.9375
0.958041958041958,0.9893018018018018,0.9968487551746864,0.972972972972973,0.90625,0.972972972972973
0.9492753623188406,0.9813146479813146,0.995309630213856,0.972972972972973,0.8518518518518519,0.968609865470852
0.9545454545454546,0.9787668436096365,0.9913818843253394,1.0,0.8387096774193549,0.9693251533742331
0.965034965034965,0.9891059353869271,0.9978921438211739,0.9917355371900827,0.8181818181818182,0.9795918367346939
0.9731543624161074,0.9890491452991453,0.9966846908209032,0.9829059829059829,0.9375,0.9829059829059829
0.972972972972973,0.9975352112676056,0.9986181774951457,1.0,0.925,0.9793103448275862
0.9064748201438849,0.9646153846153847,0.9857566772308421,0.97,0.7435897435897436,0.9371980676328503
0.9583333333333334,0.9928990429144798,0.9962096852914516,1.0,0.8780487804878049,0.9693251533742331
0.9675324675324676,0.9881720430107527,0.9967925612996009,0.9838709677419355,0.9,0.9799196787148594
0.9655172413793104,0.987603305785124,0.9973320724134378,0.9752066115702479,0.9166666666666666,0.979253112033195
0.9731543624161074,0.9985242030696576,0.9996567572758646,0.9752066115702479,0.9642857142857143,0.9833333333333333
0.935251798561151,0.9872802960222017,0.9933286282938558,0.9782608695652174,0.851063829787234,0.9523809523809523
0.967741935483871,0.992739898989899,0.9970313254144713,0.9659090909090909,0.9722222222222222,0.9770114942528736
1.0,1.0,1.0,1.0,1.0,1.0
0.9793103448275862,0.998998998998999,0.9996562485187878,0.9814814814814815,0.972972972972973,0.986046511627907
0.9281045751633987,0.9686109738012852,0.9902964094335919,0.9663865546218487,0.7941176470588235,0.9543568464730291
0.9361702127659575,0.9845183486238532,0.9953644360220744,0.963302752293578,0.84375,0.958904109589041
0.9862068965517241,0.9989308624376336,0.9998006085772989,0.9836065573770492,1.0,0.9917355371900827
0.9461077844311377,0.9594402277039847,0.9902984910292176,0.9852941176470589,0.7741935483870968,0.9675090252707581
0.9452054794520548,0.9744740532959326,0.9927504226135645,0.9739130434782609,0.8387096774193549,0.9655172413793104
0.974025974025974,0.9926303854875284,0.9983406372452956,0.9841269841269841,0.9285714285714286,0.9841269841269841
0.9735099337748344,0.9879365079365079,0.9974932002753787,0.9920634920634921,0.88,0.984251968503937
0.9819277108433735,0.9954702904343192,0.9990920347181845,0.9928057553956835,0.9259259259259259,0.989247311827957
0.9708029197080292,0.9824915824915824,0.9953337838995214,0.990909090909091,0.8888888888888888,0.9819819819819819
0.9411764705882353,0.9833512352309345,0.9932819861170916,0.9897959183673469,0.8157894736842105,0.9603960396039604
0.9375,0.9858039858039858,0.9957388014065739,0.963963963963964,0.8484848484848485,0.9596412556053812
0.9398496240601504,0.9822635135135135,0.9929203240172312,0.9791666666666666,0.8378378378378378,0.9591836734693877
0.9675324675324676,0.9871926229508197,0.9965020677031071,0.9918032786885246,0.875,0.979757085020243
0.9395973154362416,0.9853098290598291,0.9959171691631102,0.9658119658119658,0.84375,0.9617021276595744
0.9769230769230769,0.9962511715089035,0.9987406319545761,1.0,0.9090909090909091,0.9847715736040609
0.9640287769784173,0.9958183990442055,0.9988090685012093,0.9722222222222222,0.9354838709677419,0.9767441860465116
0.992,0.99848828420257,0.9995998399359745,0.9897959183673469,1.0,0.9948717948717949
0.9076923076923077,0.970066841034583,0.9879592455494468,0.956989247311828,0.7837837837837838,0.9368421052631579
0.9699248120300752,0.9883952254641909,0.9965305785742703,0.9903846153846154,0.896551724137931,0.9809523809523809
0.9492753623188406,0.983641975308642,0.9952226835313529,0.9814814814814815,0.8333333333333334,0.9680365296803652
0.9767441860465116,0.9933933933933934,0.998074530496882,0.9925925925925926,0.918918918918919,0.9852941176470589
0.9574468085106383,0.9778924097273397,0.995425923156705,1.0,0.7391304347826086,0.9752066115702479
0.937007874015748,0.9794372294372294,0.9943735919186883,0.9595959595959596,0.8571428571428571,0.9595959595959596
0.9470198675496688,0.9768772893772893,0.9915415256653106,0.9910714285714286,0.8205128205128205,0.9652173913043478
0.971830985915493,0.996576807873342,0.9994791082405599,0.983739837398374,0.8947368421052632,0.983739837398374
0.9540229885057471,0.9788888888888889,0.9964796012391042,0.98,0.7916666666666666,0.9735099337748344
0.9668874172185431,0.984297520661157,0.9959153174457699,0.9834710743801653,0.9,0.9794238683127572
0.9285714285714286,0.9760568649457538,0.9929359779521675,0.9494949494949495,0.8518518518518519,0.9543147208121827
0.9485294117647058,0.9821678321678322,0.995723982370193,1.0,0.7307692307692307,0.9691629955947136
0.9533333333333334,0.9703619264747791,0.9923194468291541,0.9834710743801653,0.8275862068965517,0.9714285714285714
0.951048951048951,0.9859223300970874,0.9943397409683077,0.970873786407767,0.9,0.966183574879227
0.958904109589041,0.9873949579831933,0.9960045326928832,0.9821428571428571,0.8823529411764706,0.9734513274336283
0.9790209790209791,0.9891304347826088,0.9971129984816027,0.991304347826087,0.9285714285714286,0.987012987012987
0.9536423841059603,0.9775985663082437,0.9946680690523441,0.9758064516129032,0.8518518518518519,0.9718875502008032
0.9698795180722891,0.9829545454545454,0.9971975709978461,0.9861111111111112,0.8636363636363636,0.9826989619377162
0.9344262295081968,0.9776069518716577,0.9909331104150754,0.9886363636363636,0.7941176470588235,0.9560439560439561
0.8978102189781022,0.9573950091296409,0.9873535808239573,0.9433962264150944,0.7419354838709677,0.9345794392523364
0.9724137931034482,0.9836,0.9972293618625102,0.984,0.9,0.984
0.9534883720930233,0.9843304843304843,0.9928350434080426,0.9777777777777777,0.8974358974358975,0.967032967032967
0.9305555555555556,0.9636909636909637,0.9887020533416768,0.990990990990991,0.7272727272727273,0.9565217391304348
0.9481481481481482,0.9922371206774876,0.9981629248437989,0.981651376146789,0.8076923076923077,0.9683257918552036
0.9712230215827338,0.9927899686520376,0.997985259972227,0.9818181818181818,0.9310344827586207,0.9818181818181818
0.9765625,0.9984355444305382,0.9994434167968518,0.9787234042553191,0.9705882352941176,0.983957219251337
0.9375,0.9841313269493844,0.9918231894127472,0.9882352941176471,0.8372093023255814,0.9545454545454546
0.9470198675496688,0.9627387051700047,0.9864407191543669,0.9911504424778761,0.8157894736842105,0.9655172413793104
0.9758064516129032,0.9966340269277846,0.9985560115519077,0.9767441860465116,0.9736842105263158,0.9824561403508771
0.9307692307692308,0.9803921568627451,0.9931370786893761,0.9791666666666666,0.7941176470588235,0.9543147208121827
0.986013986013986,0.9997184684684685,0.9999195624195626,0.9819819819819819,1.0,0.990909090909091
0.9415584415584416,0.9681346222699605,0.994611889607945,0.9699248120300752,0.7619047619047619,0.9662921348314607
0.9473684210526315,0.9773224043715847,0.9941690111645635,0.9836065573770492,0.8,0.967741935483871
0.9478260869565217,0.9902159244264507,0.995210082354623,0.9736842105263158,0.8974358974358975,0.961038961038961
0.9523809523809523,0.9846153846153846,0.995345807245236,0.9846153846153847,0.8421052631578947,0.9696969696969697
0.9794520547945206,0.9887931034482759,0.9968523438560528,0.9913793103448276,0.9333333333333333,0.9871244635193133
0.9605263157894737,0.9948660714285715,0.9982241305278773,0.9821428571428571,0.9,0.9734513274336283
0.9661016949152542,0.9931506849315068,0.9984989299701732,0.9794520547945206,0.9032258064516129,0.9794520547945206
0.9791666666666666,0.993545183714002,0.9975747880188436,0.9905660377358491,0.9473684210526315,0.9859154929577465
0.965034965034965,0.9875776397515528,0.9968380788956394,0.991304347826087,0.8571428571428571,0.9785407725321889
0.9389312977099237,0.9863095238095237,0.9949230073381877,0.96875,0.8571428571428571,0.9587628865979382
0.971830985915493,0.9971174004192873,0.9990387459451047,0.9716981132075472,0.9722222222222222,0.9809523809523809
0.9432624113475178,0.9866903283052352,0.9924398097646356,0.9565217391304348,0.9183673469387755,0.9565217391304348
0.927007299270073,0.9671332927571515,0.9898049540826128,0.9716981132075472,0.7741935483870968,0.9537037037037037
0.9533333333333334,0.9826469826469827,0.994881530148837,0.9829059829059829,0.8484848484848485,0.9704641350210971
0.9612403100775194,0.995279593318809,0.9987664572779807,0.9705882352941176,0.9259259259259259,0.9753694581280788
0.9763779527559056,0.9953947368421052,0.9984442779145783,0.9894736842105263,0.9375,0.9842931937172775
0.9918032786885246,0.9983505154639175,0.9995917117484945,0.9896907216494846,1.0,0.9948186528497409
0.9536423841059603,0.9813693525850024,0.9933681775680214,0.9823008849557522,0.868421052631579,0.9694323144104804
0.926829268292683,0.983734939759036,0.9921836184527738,0.9759036144578314,0.825,0.9473684210526315
0.9662162162162162,0.98125,0.9953209573935592,0.9916666666666667,0.8571428571428571,0.9794238683127572
0.9008264462809917,0.9879629629629629,0.9944202369583146,1.0,0.7,0.9310344827586207
0.9178082191780822,0.9789377289377289,0.9915995823668025,0.9711538461538461,0.7857142857142857,0.9439252336448598
0.9701492537313433,0.9813318473112287,0.9920746325935021,1.0,0.8918918918918919,0.9797979797979798
0.953125,0.9881101376720901,0.9955216741780282,1.0,0.8235294117647058,0.9690721649484536
0.958904109589041,0.9844827586206897,0.995812393033484,0.9741379310344828,0.9,0.9741379310344828
0.9485294117647058,0.9698605488079173,0.9949218801959281,0.9829059829059829,0.7368421052631579,0.9704641350210971
0.975,0.9894889452700254,0.9958938952215048,0.9887640449438202,0.9354838709677419,0.9832402234636871
0.9465648854961832,0.9835483870967742,0.9946577688002861,0.98,0.8387096774193549,0.9655172413793104
0.952054794520548,0.9938524590163934,0.9987759654850955,0.9590163934426229,0.9166666666666666,0.970954356846473
0.9523809523809523,0.9775891341256366,0.9920453399096295,0.9789473684210527,0.8709677419354839,0.96875
0.9621212121212122,0.9945906073272682,0.9967230921909784,0.9879518072289156,0.9183673469387755,0.9704142011834319
0.9122807017543859,0.9830882352941176,0.9931251046623389,0.9875,0.7352941176470589,0.9404761904761905
0.9453125,0.9745670995670996,0.9853806111494776,0.9880952380952381,0.8636363636363636,0.9595375722543352
0.9444444444444444,0.9861111111111112,0.9931695930774369,0.9880952380952381,0.8571428571428571,0.9595375722543352
0.9513888888888888,0.9871689871689872,0.9961000263839128,0.972972972972973,0.8787878787878788,0.968609865470852
0.9424460431654677,0.9766355140186915,0.9927110112666245,0.9813084112149533,0.8125,0.963302752293578
0.9888888888888889,0.9963689179375453,0.9993385054949815,0.9934640522875817,0.9629629629629629,0.9934640522875817
0.9627329192546584,0.9884405212274064,0.9961248693078432,0.9836065573770492,0.8974358974358975,0.975609756097561
0.9758064516129032,0.9857787027402012,0.9949965171591113,1.0,0.9032258064516129,0.9841269841269841
0.9328358208955224,0.9691919191919193,0.9835378389540889,1.0,0.7954545454545454,0.9523809523809523
0.9685534591194969,0.987353206865402,0.9961608181460483,1.0,0.8611111111111112,0.9800796812749004
0.9354838709677419,0.9843517138599105,0.9956983414739748,0.9590163934426229,0.8484848484848485,0.9590163934426229
0.9565217391304348,0.9690438871473355,0.9935046855309699,0.9827586206896551,0.8181818181818182,0.9743589743589743
0.9363636363636364,0.9833395038874492,0.9912893111856431,0.958904109589041,0.8918918918918919,0.9523809523809523
0.9465648854961832,0.9621212121212122,0.9869379372523706,1.0,0.78125,0.9658536585365853
0.9828571428571429,0.9931972789115646,0.9986682333801755,0.9931972789115646,0.9285714285714286,0.9898305084745763
0.9854014598540146,0.9986486486486487,0.9995019013666073,0.99,0.972972972972973,0.99
0.9715909090909091,0.9908500590318772,0.9986139262987724,0.9805194805194806,0.9090909090909091,0.9837133550488599
0.9375,0.9758558558558559,0.9873817533221998,0.9866666666666667,0.8378378378378378,0.9548387096774194
0.9761904761904762,0.9954648526077097,0.9991069762740237,0.9809523809523809,0.9523809523809523,0.9856459330143541
0.9383561643835616,0.9737803567590801,0.985559691882682,0.9696969696969697,0.8723404255319149,0.9552238805970149
0.9920634920634921,1.0,1.0,0.9901960784313726,1.0,0.9950738916256158
0.9607843137254902,0.9848484848484849,0.9956561753233605,0.975,0.9090909090909091,0.975
0.9594594594594594,0.9872500724427702,0.996627141280095,0.9663865546218487,0.9310344827586207,0.9745762711864406
0.9574468085106383,0.9897574123989219,0.9964304318218362,0.9905660377358491,0.8571428571428571,0.9722222222222222
0.9719626168224299,0.9985074626865672,0.9991375743881872,1.0,0.925,0.9781021897810219
0.957983193277311,0.9916955017301038,0.9966554030906609,0.9647058823529412,0.9411764705882353,0.9704142011834319
0.9931972789115646,0.9996612466124661,0.9999344348282193,1.0,0.9583333333333334,0.9959514170040485
0.9841269841269841,0.9992079207920792,0.9998077477650678,1.0,0.92,0.9901960784313726
0.9801324503311258,0.9932463903120634,0.9975480006393211,0.9911504424778761,0.9473684210526315,0.986784140969163
0.954248366013072,0.9867794817556848,0.9964847382520683,0.9754098360655737,0.8709677419354839,0.9714285714285714
0.9223300970873787,0.9840425531914893,0.9865853070534009,0.9642857142857143,0.8723404255319149,0.9310344827586207
0.9370629370629371,0.9664977477477479,0.9900337287137578,1.0,0.71875,0.961038961038961
0.9548872180451128,0.9811373873873874,0.9919058475171489,0.9895833333333334,0.8648648648648649,0.9693877551020408
0.9741935483870968,0.9890635680109364,0.9980576986075634,0.9924812030075187,0.8636363636363636,0.9850746268656716
0.972972972972973,0.9983508554937126,0.9992017621251132,0.9797979797979798,0.9591836734693877,0.9797979797979798
0.9552238805970149,0.9876262626262626,0.9936174302527062,0.9777777777777777,0.9090909090909091,0.967032967032967
0.9666666666666667,0.9917153996101364,0.9972525033075685,0.9912280701754386,0.8888888888888888,0.9783549783549783
0.9606299212598425,0.9914089347079038,0.9973847567103172,1.0,0.8333333333333334,0.9748743718592965
0.9253731343283582,0.9813112745098039,0.9940121342383731,0.9509803921568627,0.84375,0.9509803921568627
0.9358974358974359,0.9787420556651326,0.9927233022374572,0.9829059829059829,0.7948717948717948,0.9583333333333334
0.952755905511811,0.990255376344086,0.9968647053624997,0.9791666666666666,0.8709677419354839,0.9690721649484536
0.9705882352941176,0.9880503144654088,0.996390551019559,0.9811320754716981,0.9333333333333333,0.9811320754716981
0.9621212121212122,0.9881826892366655,0.9961852575798475,0.9900990099009901,0.8709677419354839,0.975609756097561
0.9538461538461539,0.9893617021276596,0.9957157701362095,0.9680851063829787,0.9166666666666666,0.9680851063829787
0.9847328244274809,0.9941520467836257,0.997685692593933,0.9894736842105263,0.9722222222222222,0.9894736842105263
0.9503105590062112,0.9905862216516902,0.9969720431962118,0.967479674796748,0.8947368421052632,0.967479674796748
0.9777777777777777,0.9973723723723724,0.9994287526058236,0.9819819819819819,0.9583333333333334,0.9864253393665159
0.971830985915493,0.9930580928023384,0.99857982363566,0.9747899159663865,0.9565217391304348,0.9830508474576272
0.9785714285714285,0.9938366718027736,0.9988645003492804,1.0,0.8636363636363636,0.9874476987447699
0.9181818181818182,0.9837097371343947,0.9918986929385656,0.9726027397260274,0.8108108108108109,0.9403973509933775
0.9683544303797469,0.9919491525423729,0.9972555093053996,0.9915254237288136,0.9,0.9790794979079498
0.9671052631578947,0.9776733254994124,0.9921323867343712,1.0,0.8648648648648649,0.9787234042553191
0.9699248120300752,0.986084142394822,0.9956510256271867,0.9902912621359223,0.9,0.9807692307692307
0.9259259259259259,0.9804590570719603,0.9940742620492699,0.9615384615384616,0.8064516129032258,0.9523809523809523
0.9574468085106383,0.9829329962073324,0.995379983799993,0.9911504424778761,0.8214285714285714,0.9739130434782609
0.9673202614379085,0.9893722194760256,0.9968957519613559,1.0,0.8529411764705882,0.9794238683127572
0.9918032786885246,0.9995748299319728,0.9998969284683572,0.9897959183673469,1.0,0.9948717948717949
0.9629629629629629,0.9924036896364622,0.9969817144199922,0.9690721649484536,0.9473684210526315,0.9740932642487047
0.951048951048951,0.97910927456382,0.9900851638916853,0.9797979797979798,0.8863636363636364,0.9651741293532339
0.9485294117647058,0.9825974863035772,0.9950981262591895,0.9719626168224299,0.8620689655172413,0.9674418604651163
0.9534883720930233,0.9914079822616408,0.9957992057541645,0.9659090909090909,0.926829268292683,0.9659090909090909
0.984,0.9995999999999999,0.99990099009901,0.98,1.0,0.98989898989899
0.92,0.975759534583064,0.991282704436032,0.989010989010989,0.7352941176470589,0.9473684210526315
0.9285714285714286,0.9767287234042553,0.9913866042076469,0.9574468085106383,0.84375,0.9523809523809523
0.9782608695652174,0.9908460471567268,0.9965067964069649,0.9902912621359223,0.9428571428571428,0.9855072463768116
0.9865771812080537,0.9987492182614134,0.9997398373983741,0.983739837398374,1.0,0.9918032786885246
0.9716312056737588,0.9972512369433755,0.9991517414873167,0.9813084112149533,0.9411764705882353,0.9813084112149533
0.96875,0.9918478260869565,0.9966250557521968,1.0,0.8888888888888888,0.9787234042553191
0.9788732394366197,0.9952738393105366,0.9985451779698429,0.9908256880733946,0.9393939393939394,0.9863013698630136
0.9685534591194969,0.9887082204155374,0.9965036509930972,0.983739837398374,0.9166666666666666,0.979757085020243
0.951048951048951,0.9877613462519124,0.9955682741593235,0.9716981132075472,0.8918918918918919,0.9671361502347418
0.9668874172185431,0.9967980295566502,0.9989952773939169,0.9655172413793104,0.9714285714285714,0.9781659388646288
0.9365079365079365,0.9777080062794349,0.9912598576626596,0.978021978021978,0.8285714285714286,0.956989247311828
0.9586206896551724,0.9921536796536796,0.9976600371078419,0.9642857142857143,0.9393939393939394,0.972972972972973
0.9481481481481482,0.9809203142536476,0.9928863486804581,0.98989898989899,0.8333333333333334,0.9655172413793104
0.9552238805970149,0.9758847478860005,0.9921961859316807,0.9805825242718447,0.8709677419354839,0.9711538461538461
0.9411764705882353,0.9672131147540983,0.9903555088178606,0.9672131147540983,0.8387096774193549,0.963265306122449
0.9612903225806452,0.9889788573999101,0.9961339318254802,0.9743589743589743,0.9210526315789473,0.9743589743589743
0.9712230215827338,0.9866666666666666,0.9967805653279103,0.9912280701754386,0.88,0.9826086956521739
0.9510869565217391,0.9837582236842105,0.9964852916075159,0.9802631578947368,0.8125,0.9706840390879479
0.9626865671641791,0.9841269841269841,0.9941717439831104,1.0,0.8571428571428571,0.9753694581280788
0.9470198675496688,0.9844961240310077,0.9973351918249969,0.9844961240310077,0.7272727272727273,0.9694656488549618
0.9145299145299145,0.988480697384807,0.9933250093730441,1.0,0.7727272727272727,0.9358974358974359
0.9807692307692307,0.9979289940828403,0.9995916096759808,0.9769230769230769,1.0,0.9883268482490273
0.9552238805970149,0.976046176046176,0.9908272536172265,0.98989898989899,0.8571428571428571,0.9702970297029703
0.9772727272727273,0.9984375,0.9994958771134845,0.98,0.96875,0.9849246231155779
0.9794520547945206,0.9936781609195402,0.9983082575156097,0.9913793103448276,0.9333333333333333,0.9871244635193133
0.9318181818181818,0.973124300111982,0.988897555167612,0.9893617021276596,0.7894736842105263,0.9538461538461539
0.9709302325581395,0.9974178403755869,0.9994539519499195,0.971830985915493,0.9666666666666667,0.9822064056939501
0.9444444444444444,0.9894736842105263,0.9973050861596838,0.9736842105263158,0.8333333333333334,0.9652173913043478
0.954248366013072,0.9809624537281862,0.9946644759301224,0.9754098360655737,0.8709677419354839,0.9714285714285714
0.9717514124293786,0.9893360160965795,0.9972286420466946,0.9929577464788732,0.8857142857142857,0.9825783972125436
0.9934640522875817,0.9985569985569985,0.999777183600713,0.9924242424242424,1.0,0.9961977186311787
0.9801324503311258,0.9945812807881773,0.9983259697908121,0.9913793103448276,0.9428571428571428,0.9871244635193133
0.9922480620155039,0.9996551724137931,0.99990099009901,0.99,1.0,0.9949748743718593
0.9367088607594937,0.9708624708624709,0.9938000663744075,0.9621212121212122,0.8076923076923077,0.9621212121212122
0.9787234042553191,0.9826169405815423,0.9953650696533727,1.0,0.8928571428571429,0.9868995633187773
0.950354609929078,0.9774637127578305,0.9956304442884012,0.9747899159663865,0.8181818181818182,0.9707112970711297
0.9696969696969697,0.9965860597439545,0.998646192506417,0.968421052631579,0.972972972972973,0.9787234042553191
0.9562043795620438,0.9956228956228956,0.9989582656666149,0.9818181818181818,0.8518518518518519,0.972972972972973
0.9923664122137404,0.9987871437234688,0.9995726150263989,1.0,0.9705882352941176,0.9948717948717949
0.9712230215827338,0.9951274362818591,0.9990377878496122,0.9741379310344828,0.9565217391304348,0.9826086956521739
0.9375,0.9803756658256239,0.9904272918830723,0.9770114942528736,0.8536585365853658,0.9550561797752809
0.9043478260869565,0.9660714285714286,0.9842849995984659,0.9875,0.7142857142857143,0.9349112426035503
0.950354609929078,0.9882697947214076,0.9966370359388579,0.9818181818181818,0.8387096774193549,0.968609865470852
0.9071428571428571,0.9537927350427351,0.9838621000817453,0.9903846153846154,0.6666666666666666,0.9406392694063926
0.9545454545454546,0.9867452135493372,0.9947794446895442,0.979381443298969,0.8857142857142857,0.9693877551020408
0.9770992366412213,0.9948387096774194,0.9983266542259533,0.98,0.967741935483871,0.9849246231155779
0.9854014598540146,0.9911746804625685,0.9971323486609571,1.0,0.9354838709677419,0.9906542056074766
0.9777777777777777,0.9967138523761376,0.9984847559154157,0.9782608695652174,0.9767441860465116,0.9836065573770492
0.953125,0.9863945578231292,0.9959318787484809,0.9897959183673469,0.8333333333333334,0.97
0.9448275862068966,0.9810624692572553,0.9932692990919301,1.0,0.7894736842105263,0.963963963963964
0.946969696969697,0.9673048600883652,0.9874946399165295,0.9896907216494846,0.8285714285714286,0.964824120603015
0.9493670886075949,0.9720101781170483,0.99369266961772,0.9770992366412213,0.8148148148148148,0.9696969696969697
0.9801324503311258,0.989247311827957,0.9968982524825096,0.9916666666666667,0.9354838709677419,0.9875518672199171
0.9652777777777778,0.9934810951760105,0.9985819381472764,0.9745762711864406,0.9230769230769231,0.9787234042553191
0.9681528662420382,0.9969488939740656,0.9995740216728073,0.9710144927536232,0.9473684210526315,0.9816849816849816
0.9212598425196851,0.9586956521739131,0.983243132312218,0.9782608695652174,0.7714285714285715,0.9473684210526315
0.9710144927536232,0.984778761061947,0.9962812708493951,0.9823008849557522,0.92,0.9823008849557522
0.95625,0.9921875,0.99805061316494,0.96875,0.90625,0.9725490196078431
0.9583333333333334,0.9812192118226601,0.995181032746768,0.9827586206896551,0.8571428571428571,0.9743589743589743
0.9626865671641791,0.9971139971139971,0.9989998999899988,0.9494949494949495,1.0,0.9740932642487047
0.9708029197080292,0.9958256029684601,0.9975483824795457,1.0,0.9183673469387755,0.9777777777777777
0.9632352941176471,0.9953153153153154,0.998961972374486,0.963963963963964,0.96,0.9771689497716894
0.958904109589041,0.9835045129162777,0.995759725202745,0.9747899159663865,0.8888888888888888,0.9747899159663865
0.9776119402985075,0.9991496598639455,0.9996886602188517,0.9693877551020408,1.0,0.9844559585492227
0.9440559440559441,0.9882712901580827,0.9958515496659045,0.9905660377358491,0.8108108108108109,0.963302752293578
0.9302325581395349,0.9769662921348314,0.9892156715735297,1.0,0.775,0.9518716577540107
0.9465648854961832,0.9919604205318492,0.9972916917777376,0.9591836734693877,0.9090909090909091,0.9641025641025641
0.9568345323741008,0.9823529411764705,0.9969485851412587,0.9747899159663865,0.85,0.9747899159663865
0.9307692307692308,0.979,0.9935435551829026,0.96,0.8333333333333334,0.9552238805970149
0.9523809523809523,0.9896700143472023,0.9948619055798453,1.0,0.8536585365853658,0.9659090909090909
0.9235668789808917,0.9792626728110599,0.9949036054469161,0.9603174603174603,0.7741935483870968,0.952755905511811
0.9727891156462585,0.9942738157209786,0.9981468668700033,0.9734513274336283,0.9705882352941176,0.9821428571428571
0.9538461538461539,0.9886666666666667,0.9966767921948251,0.98,0.8666666666666667,0.9702970297029703
0.9724137931034482,0.9901960784313726,0.9968472386068574,0.990990990990991,0.9117647058823529,0.9821428571428571
0.9629629629629629,0.9829192546583851,0.9962609467862279,0.9821428571428571,0.8695652173913043,0.9777777777777777
0.9481481481481482,0.982940446650124,0.9947517009123091,0.9711538461538461,0.8709677419354839,0.9665071770334929
0.9739130434782609,0.9967923015236568,0.9989157144807593,0.9767441860465116,0.9655172413793104,0.9824561403508771
0.9517241379310345,0.9869565217391304,0.996707327710518,1.0,0.7666666666666667,0.9704641350210971
0.9831932773109243,0.996044825313118,0.9981948392217513,1.0,0.9459459459459459,0.9879518072289156
0.9420289855072463,0.9703947368421052,0.9936538890930892,0.9912280701754386,0.7083333333333334,0.9658119658119658
0.917910447761194,0.9662618083670715,0.9856872175211889,0.9578947368421052,0.8205128205128205,0.9430051813471503
0.9576271186440678,0.9874078624078624,0.9921310597886974,0.9864864864864865,0.9090909090909091,0.9668874172185431
0.9407407407407408,0.9807692307692307,0.9917484793311676,0.9791666666666666,0.8461538461538461,0.9591836734693877
0.95,0.9899319727891157,0.996596185974944,0.9714285714285714,0.8857142857142857,0.966824644549763
0.9647887323943662,0.9951935914552738,0.998447447902991,0.9813084112149533,0.9142857142857143,0.9767441860465116
0.9538461538461539,0.9756190476190477,0.9936821480887763,0.9809523809523809,0.84,0.9716981132075472
0.9552238805970149,0.9799561540870655,0.9935404657149924,0.9902912621359223,0.8387096774193549,0.9714285714285714
0.9513888888888888,0.9778410889522001,0.9946232136862418,0.9743589743589743,0.8518518518518519,0.9702127659574468
0.9402985074626866,0.9746031746031747,0.9905406286461911,0.98989898989899,0.8,0.9607843137254902
0.9831932773109243,0.9985905567300917,0.9994714587737845,0.9767441860465116,1.0,0.9882352941176471
0.9219858156028369,0.9653658536585366,0.9850228527877458,0.97,0.8048780487804879,0.9463414634146341
0.9285714285714286,0.9639001349527665,0.9911980636096112,0.9824561403508771,0.6923076923076923,0.9572649572649573
0.9741379310344828,0.9889943074003794,0.9956977025052297,1.0,0.9032258064516129,0.9826589595375722
0.9361702127659575,0.9870731707317073,0.9944757730827386,0.99,0.8048780487804879,0.9565217391304348
0.9507042253521126,0.9813941299790356,0.993519359088999,0.9905660377358491,0.8333333333333334,0.967741935483871
0.9712230215827338,0.9891082368958475,0.9973654527566684,1.0,0.8461538461538461,0.9826086956521739
0.968944099378882,0.9921985815602837,0.9988809868755464,0.9858156028368794,0.85,0.9823321554770318
0.9864864864864865,0.9987100103199175,0.9996165576826392,0.9912280701754386,0.9705882352941176,0.9912280701754386
0.9567901234567902,0.9755050505050505,0.9937826632805763,0.9848484848484849,0.8333333333333334,0.9737827715355806
0.9596774193548387,0.9941130298273155,0.9984766727585465,0.9897959183673469,0.8461538461538461,0.9748743718592965
0.9726027397260274,0.9926318891836133,0.9981481433198733,0.9829059829059829,0.9310344827586207,0.9829059829059829
0.9930555555555556,0.9994539994539995,0.999839124839125,1.0,0.9696969696969697,0.9955156950672646
0.9703703703703703,0.9907481898632341,0.998149024158984,0.9823008849557522,0.9090909090909091,0.9823008849557522
0.9615384615384616,0.99522021167634,0.9986372233622314,0.9801980198019802,0.896551724137931,0.9753694581280788
0.9541984732824428,0.9863433667781494,0.9941700136971452,0.9891304347826086,0.8717948717948718,0.9680851063829787
0.9640287769784173,0.9900990099009901,0.9960781975955008,0.9900990099009901,0.8947368421052632,0.975609756097561
0.935251798561151,0.9707287933094385,0.9915201160911721,0.9814814814814815,0.7741935483870968,0.9592760180995475
0.9508196721311475,0.9849442938873834,0.9920572490231907,0.9876543209876543,0.8780487804878049,0.963855421686747
0.9699248120300752,0.9972047519217331,0.9992818109315619,0.9716981132075472,0.9629629629629629,0.9809523809523809
0.9354838709677419,0.9884868421052632,0.9927887977478825,0.9868421052631579,0.8541666666666666,0.9493670886075949
0.9790209790209791,0.9959627329192546,0.9990465293668955,0.9826086956521739,0.9642857142857143,0.9868995633187773
0.9675324675324676,0.987149226330973,0.9964751246494821,0.975609756097561,0.9354838709677419,0.9795918367346939
0.9312977099236641,0.9860646599777034,0.9941662004905915,0.9891304347826086,0.7948717948717948,0.9528795811518325
0.9924242424242424,1.0,0.9999999999999999,0.9901960784313726,1.0,0.9950738916256158
0.9338235294117647,0.9718809718809719,0.9889537582499868,0.98989898989899,0.7837837837837838,0.9560975609756097
0.9565217391304348,0.9861471861471862,0.9955666253409193,0.9714285714285714,0.9090909090909091,0.9714285714285714
0.9416058394160584,0.982972972972973,0.9936432446505326,0.99,0.8108108108108109,0.9611650485436893
0.9485294117647058,0.9883333333333334,0.9955252894371629,0.97,0.8888888888888888,0.9651741293532339
0.9097744360902256,0.9683823529411765,0.9816879179314143,0.9529411764705882,0.8333333333333334,0.9310344827586207
0.9866666666666667,0.996487119437939,0.9991786052081111,1.0,0.9285714285714286,0.991869918699187
0.9764705882352941,0.9958425042797749,0.9991392549240464,0.9858156028368794,0.9310344827586207,0.9858156028368794
0.9473684210526315,0.9871134020618557,0.9950389006462954,0.9690721649484536,0.8888888888888888,0.9641025641025641
0.9444444444444444,0.9764089121887287,0.9914083237073386,0.9908256880733946,0.8,0.9642857142857143
0.9491525423728814,0.992584352984798,0.9974005867644964,0.9885057471264368,0.8387096774193549,0.9662921348314607
0.9931972789115646,0.9996913580246913,0.999931129476584,0.9916666666666667,1.0,0.99581589958159
0.9436619718309859,0.9758925846811107,0.9934504158348871,0.9911504424778761,0.7586206896551724,0.9655172413793104
0.9586776859504132,0.9827823691460055,0.9927556914319093,0.9886363636363636,0.8787878787878788,0.9720670391061452
0.9416058394160584,0.9802052785923754,0.9904437562040846,0.967741935483871,0.8863636363636364,0.9574468085106383
0.9539473684210527,0.9870573870573871,0.9961581613413768,0.9914529914529915,0.8285714285714286,0.9707112970711297
0.9827586206896551,0.9929670329670329,0.9980203790575825,1.0,0.92,0.9891304347826086
0.9461538461538461,0.992814745392065,0.9975954190876576,0.9690721649484536,0.8787878787878788,0.9641025641025641
0.916030534351145,0.9709570957095709,0.9912484887451687,0.9801980198019802,0.7,0.9473684210526315
0.952,0.9955277280858675,0.9979967580863117,0.9651162790697675,0.9230769230769231,0.9651162790697675
0.9710144927536232,0.9956632653061225,0.9982288476108526,0.9795918367346939,0.95,0.9795918367346939
0.8758169934640523,0.9656378600823046,0.9859888995255939,0.9814814814814815,0.6222222222222222,0.9177489177489178
0.925,0.9595959595959597,0.9841677644802236,0.9885057471264368,0.7575757575757576,0.9502762430939227
0.9444444444444444,0.9895833333333334,0.9979488438146399,0.9666666666666667,0.8333333333333334,0.9666666666666667
0.9785714285714285,0.9972041006523765,0.9992535192220727,1.0,0.896551724137931,0.9866666666666667
0.95,0.9883900928792569,0.9952900270037284,0.9705882352941176,0.8947368421052632,0.9658536585365853
0.9902912621359223,1.0,1.0,0.9864864864864865,1.0,0.9931972789115646
0.9693251533742331,0.9975562072336266,0.9994277658162932,0.9772727272727273,0.9354838709677419,0.9809885931558935
0.9492753623188406,0.9756787330316742,0.9914088867947022,0.9807692307692307,0.8529411764705882,0.966824644549763
0.9457364341085271,0.9943249701314217,0.9977869273851534,0.946236559139785,0.9444444444444444,0.9617486338797814
0.9271523178807947,0.9603466386554622,0.988643763899574,0.9663865546218487,0.78125,0.9543568464730291
0.9491525423728814,0.9835434173669468,0.9930922614030677,1.0,0.8235294117647058,0.9655172413793104
0.943089430894309,0.9761156505342551,0.9889585346288533,0.9767441860465116,0.8648648648648649,0.96
0.95625,0.991947446492901,0.997281199411644,0.9669421487603306,0.9230769230769231,0.970954356846473
0.9694656488549618,0.9963614311704063,0.9987613197501166,0.9690721649484536,0.9705882352941176,0.9791666666666666
0.9396551724137931,0.9817813765182187,0.9909836715380977,0.9871794871794872,0.8421052631578947,0.9565217391304348
0.9675324675324676,0.9958038290060319,0.9989121015023353,0.967479674796748,0.967741935483871,0.9794238683127572
0.9699248120300752,0.9920936116382036,0.9974216822223598,0.9705882352941176,0.967741935483871,0.9801980198019802
0.9534883720930233,0.9885448916408669,0.9958057592994451,0.968421052631579,0.9117647058823529,0.968421052631579
0.9722222222222222,0.9940029985007496,0.9984154620663259,0.9739130434782609,0.9655172413793104,0.9824561403508771
0.9455782312925171,0.9792917166866747,0.9947057753737062,0.957983193277311,0.8928571428571429,0.9661016949152542
0.9631901840490797,0.987218045112782,0.9970174340991892,0.9774436090225563,0.9,0.9774436090225563
0.922077922077922,0.9417067307692307,0.9872727809090819,0.96875,0.6923076923076923,0.9538461538461539
0.9473684210526315,0.9844228804902962,0.991962487958324,0.9887640449438202,0.8636363636363636,0.9617486338797814
0.98,0.9953473945409429,0.9990204101075026,0.9919354838709677,0.9230769230769231,0.9879518072289156
0.9242424242424242,0.9703125,0.9899580753377548,0.97,0.78125,0.9509803921568627
0.9300699300699301,0.9805825242718447,0.9923778271184136,0.9514563106796117,0.875,0.9514563106796117
0.9548872180451128,0.9774535809018569,0.9934493029692487,0.9903846153846154,0.8275862068965517,0.9716981132075472
0.9576271186440678,0.9866518353726362,0.9949918881130951,1.0,0.8387096774193549,0.9720670391061452
0.943089430894309,0.992445054945055,0.9973849930342621,0.945054945054945,0.9375,0.9608938547486033
0.9726027397260274,0.9859747545582047,0.9961262555405256,1.0,0.8709677419354839,0.9829059829059829
0.9428571428571428,0.9736608464042615,0.9920706721113535,0.963302752293578,0.8709677419354839,0.963302752293578
0.9259259259259259,0.9482758620689655,0.9906496488462658,0.9482758620689655,0.7894736842105263,0.9565217391304348
0.9463087248322147,0.9870129870129871,0.9969625741822563,0.9669421487603306,0.8571428571428571,0.9669421487603306
0.9402985074626866,0.973693319487712,0.9932885115359387,0.9813084112149533,0.7777777777777778,0.963302752293578
0.9867549668874173,0.995475113122172,0.9986194271454448,1.0,0.9411764705882353,0.9915254237288136
0.9424460431654677,0.9817543859649123,0.9958645562472856,0.9649122807017544,0.84,0.9649122807017544
0.9424460431654677,0.9811870694223636,0.9927961119589226,0.9607843137254902,0.8918918918918919,0.9607843137254902
0.958904109589041,0.9917631917631917,0.9974141384481743,0.9819819819819819,0.8857142857142857,0.9732142857142857
0.9519230769230769,0.9904761904761904,0.9954486600132043,0.9710144927536232,0.9142857142857143,0.9640287769784173
0.9629629629629629,0.9868613138686132,0.9974919639736485,0.9781021897810219,0.88,0.9781021897810219
0.9292035398230089,0.9795564795564795,0.9884693943719881,1.0,0.7948717948717948,0.9487179487179487
0.96875,0.9929653679653678,0.9961799907275835,1.0,0.9090909090909091,0.9767441860465116
0.9710144927536232,0.9921615917998191,0.9976222775451247,0.9813084112149533,0.9354838709677419,0.9813084112149533
0.967741935483871,0.9962666666666667,0.9991123581460766,0.968,0.9666666666666667,0.979757085020243
0.9559748427672956,0.9868656716417911,0.9974841308249406,0.9850746268656716,0.8,0.974169741697417
0.9612403100775194,0.9958924570575055,0.9989857158562346,0.9805825242718447,0.8846153846153846,0.9758454106280193
0.9473684210526315,0.9810246679316889,0.9939778898961632,0.9803921568627451,0.8387096774193549,0.966183574879227
0.9357142857142857,0.9666132478632479,0.9878729970980857,0.9903846153846154,0.7777777777777778,0.958139534883721
0.9731543624161074,0.9963866305329719,0.9986274927810649,0.9814814814814815,0.9512195121951219,0.9814814814814815
0.9457364341085271,0.9851804123711341,0.9949936224784633,0.9690721649484536,0.875,0.9641025641025641
0.9343065693430657,0.9716216216216216,0.9893164659315044,1.0,0.7567567567567568,0.9569377990430622
0.993006993006993,0.9990683229813665,0.9997738087478,1.0,0.9642857142857143,0.9956709956709957
0.961038961038961,0.9965986394557823,0.9992503447021981,0.9761904761904762,0.8928571428571429,0.9761904761904762
0.9738562091503268,0.9967078189300411,0.9995613617938032,0.9777777777777777,0.9444444444444444,0.9850746268656716
0.9536423841059603,0.9827435561380515,0.9929429883770147,0.9908256880733946,0.8571428571428571,0.968609865470852
0.9139072847682119,0.9670621931260229,0.9844899904522959,0.9807692307692307,0.7659574468085106,0.9400921658986175
0.9618320610687023,0.9780701754385965,0.9910339758070011,1.0,0.8611111111111112,0.9743589743589743
0.9243697478991597,0.9752155172413792,0.9903022925349882,0.9885057471264368,0.75,0.9502762430939227
0.9384615384615385,0.9773462783171522,0.9936349864791623,0.9611650485436893,0.8518518518518519,0.9611650485436893
0.9328358208955224,0.9706529713866471,0.983377505308272,0.9770114942528736,0.851063829787234,0.9497206703910615
0.935251798561151,0.9696969696969697,0.9902971711151212,0.9811320754716981,0.7878787878787878,0.9585253456221198
0.9492753623188406,0.9844795290339845,0.9940938274870087,0.9702970297029703,0.8918918918918919,0.9655172413793104
0.946969696969697,0.9934674679905932,0.9969206717694796,0.9550561797752809,0.9302325581395349,0.96045197740113
0.9591836734693877,0.9898499558693734,0.9955989478200278,0.9805825242718447,0.9090909090909091,0.9711538461538461
0.975609756097561,0.9891472868217054,0.9969096462954754,0.9922480620155039,0.9142857142857143,0.9846153846153847
0.9452054794520548,0.9787798408488064,0.9945667594194825,0.9829059829059829,0.7931034482758621,0.9663865546218487
0.972972972972973,0.9915994623655914,0.9982877585740845,0.9838709677419355,0.9166666666666666,0.9838709677419355
0.98,0.9914021164021164,0.9982551573647073,0.9841269841269841,0.9583333333333334,0.9880478087649402
0.9423076923076923,0.991304347826087,0.9967082430943224,0.9391304347826087,0.9512195121951219,0.96
0.9538461538461539,0.9844674556213018,0.9959982979134265,0.9711538461538461,0.8846153846153846,0.9711538461538461
0.9545454545454546,0.9686067019400353,0.9909059281827767,0.9904761904761905,0.8148148148148148,0.9719626168224299
0.943089430894309,0.9744360902255639,0.9919408015106584,0.968421052631579,0.8571428571428571,0.9633507853403142
0.9692307692307692,0.9905024509803921,0.9964622215459802,0.9895833333333334,0.9117647058823529,0.979381443298969
0.9924812030075187,0.999090909090909,0.9997087378640777,0.99,1.0,0.9949748743718593
0.9217391304347826,0.9788106630211894,0.9895227084577126,0.987012987012987,0.7894736842105263,0.9440993788819876
0.9855072463768116,0.997979797979798,0.9993648804060815,1.0,0.9393939393939394,0.9905660377358491
0.9631901840490797,0.9866459627329193,0.997568064460312,0.9714285714285714,0.9130434782608695,0.9784172661870504
0.920863309352518,0.9710424710424711,0.9924001131458665,0.963963963963964,0.75,0.9511111111111111
0.965034965034965,0.9871194379391101,0.9977857359792478,0.9754098360655737,0.9047619047619048,0.9794238683127572
0.9389312977099237,0.9769230769230769,0.9940489654333298,0.9619047619047619,0.8461538461538461,0.9619047619047619
0.9590163934426229,0.9858784893267653,0.9941937587807442,0.9885057471264368,0.8857142857142857,0.9717514124293786
0.9784172661870504,0.9979155810317873,0.9992184331313236,0.9900990099009901,0.9473684210526315,0.9852216748768473
0.9699248120300752,0.9833795013850416,0.9971220138414831,0.9912280701754386,0.8421052631578947,0.9826086956521739
0.952,0.9838362068965517,0.9948871610783045,0.9791666666666666,0.8620689655172413,0.9690721649484536
0.9513888888888888,0.9826216484607745,0.9935110193139206,0.9811320754716981,0.868421052631579,0.9674418604651163
0.949685534591195,0.9748235294117648,0.99275748425165,0.976,0.8529411764705882,0.9682539682539683
0.9606299212598425,0.9838709677419355,0.9945172214943884,0.9895833333333334,0.8709677419354839,0.9743589743589743
0.9328358208955224,0.9823717948717949,0.9948403987051541,0.9615384615384616,0.8333333333333334,0.9569377990430622
0.944,0.9764705882352941,0.9882134315094562,0.9882352941176471,0.85,0.96
0.9219858156028369,0.9702581369248036,0.9908992383827391,0.9629629629629629,0.7878787878787878,0.9497716894977168
0.9655172413793104,0.984109386548411,0.9967896987599244,0.975609756097561,0.9090909090909091,0.9795918367346939
0.9507042253521126,0.9774436090225564,0.9939760427409058,0.9736842105263158,0.8571428571428571,0.9694323144104804
0.9714285714285714,0.9904949196984595,0.9977052004867433,0.9911504424778761,0.8888888888888888,0.9824561403508771
0.95,0.9859781121751026,0.9942177463949383,0.9883720930232558,0.8529411764705882,0.9659090909090909
0.983739837398374,0.9964878671775224,0.9985299893199859,1.0,0.9444444444444444,0.9886363636363636
0.9612903225806452,0.9846000993541977,0.9955571347823782,0.9836065573770492,0.8787878787878788,0.975609756097561
0.9440993788819876,0.9831862126944094,0.9945475888285764,0.9836065573770492,0.8205128205128205,0.963855421686747
0.9716312056737588,0.9949431099873577,0.9987520891810292,0.9823008849557522,0.9285714285714286,0.9823008849557522
0.9727891156462585,0.9895887558563248,0.9966918843577897,0.9911504424778761,0.9117647058823529,0.9824561403508771
0.9312977099236641,0.9688979039891819,0.9911181839086646,0.9803921568627451,0.7586206896551724,0.9569377990430622
0.9810126582278481,0.998015873015873,0.9998080827668439,0.9861111111111112,0.9285714285714286,0.9895470383275261
0.95,0.9765625,0.9927346442119712,0.9814814814814815,0.84375,0.9680365296803652
0.986013986013986,0.9990697674418605,0.999607843137255,0.98,1.0,0.98989898989899
0.9779411764705882,0.9990783410138249,0.9997304582210244,0.9714285714285714,1.0,0.9855072463768116
0.9379310344827586,0.9780835881753313,0.992418456017527,0.9724770642201835,0.8333333333333334,0.9592760180995475
0.9767441860465116,0.9984375,0.9996489122388403,0.9785714285714285,0.96875,0.9856115107913669
0.9586206896551724,0.9786666666666667,0.9952887811685998,0.9833333333333333,0.84,0.9752066115702479
0.9763313609467456,0.99434187016081,0.9990789416062301,0.9794520547945206,0.9565217391304348,0.9862068965517241
0.9934640522875817,0.9979181124219293,0.9996494599548035,1.0,0.9545454545454546,0.9961977186311787
0.9754098360655737,0.9982638888888888,0.9993920642674916,0.9777777777777777,0.96875,0.9832402234636871
0.954248366013072,0.9841353781068218,0.9956783588620174,0.9754098360655737,0.8709677419354839,0.9714285714285714
0.9548872180451128,0.9848484848484849,0.9947518738311758,0.98,0.8787878787878788,0.9702970297029703
0.9490445859872612,0.9879672299027137,0.9970098698434342,0.9682539682539683,0.8709677419354839,0.9682539682539683
0.9668874172185431,0.9858461538461538,0.9968848313256949,0.984,0.8846153846153846,0.9800796812749004
0.9694656488549618,0.9965986394557823,0.9988660257112759,0.9897959183673469,0.9090909090909091,0.9797979797979798
0.9801324503311258,0.9997013142174432,0.9999354838709676,0.9758064516129032,1.0,0.9877551020408163
0.9827586206896551,0.9973086124401913,0.9996132157363169,0.9868421052631579,0.9545454545454546,0.9900990099009901
0.9367088607594937,0.9802631578947368,0.9936303193184226,0.975,0.8157894736842105,0.9590163934426229
0.9691358024691358,0.9931818181818182,0.9984567112090637,0.9924242424242424,0.8666666666666667,0.9812734082397003
0.9487179487179487,0.973654326595503,0.9908271960880548,0.9831932773109243,0.8378378378378378,0.9669421487603306
0.92,0.9775828460038986,0.9928188913109376,0.9736842105263158,0.75,0.9487179487179487
0.9285714285714286,0.9795797573246522,0.9940008246319094,0.9724770642201835,0.7741935483870968,0.954954954954955
0.9527027027027027,0.9781291172595521,0.9933603606656567,0.9826086956521739,0.8484848484848485,0.9699570815450643
0.9246575342465754,0.9817307692307693,0.9960683408888514,0.9333333333333333,0.8846153846153846,0.9531914893617022
0.9746835443037974,0.9987562189054726,0.9997768019543471,0.9776119402985075,0.9583333333333334,0.9849624060150376
0.965034965034965,0.9956521739130435,0.9989611730980017,0.9652173913043478,0.9642857142857143,0.9779735682819384
0.9577464788732394,0.9873873873873874,0.9951943223087761,0.9809523809523809,0.8918918918918919,0.9716981132075472
0.9420289855072463,0.9779921615917998,0.9933174495021349,0.9813084112149533,0.8064516129032258,0.963302752293578
0.9724137931034482,0.9901902497027348,0.9974126071268681,0.9913793103448276,0.896551724137931,0.9829059829059829
0.9689922480620154,0.997979797979798,0.9994028814646171,0.9797979797979798,0.9333333333333333,0.9797979797979798
0.972027972027972,0.9952852428099953,0.9980964642963899,0.9900990099009901,0.9285714285714286,0.9803921568627451
0.9642857142857143,0.9858440170940171,0.9946609486710632,0.9807692307692307,0.9166666666666666,0.9760765550239234
0.9463087248322147,0.9925831202046036,0.9978501783394347,0.9652173913043478,0.8823529411764706,0.9652173913043478
0.9402985074626866,0.9719696969696969,0.9936206195536337,0.9818181818181818,0.75,0.9642857142857143
0.9751552795031055,0.9933665008291874,0.9986310538243257,0.9850746268656716,0.9259259259259259,0.9850746268656716
0.9384615384615385,0.9834183673469388,0.9942693804659294,0.9591836734693877,0.875,0.9591836734693877
0.9333333333333333,0.9818112921561197,0.9941596488057638,0.978021978021978,0.7931034482758621,0.956989247311828
0.974025974025974,0.9884301270417423,0.9959200479719772,0.9913793103448276,0.9210526315789473,0.9829059829059829
0.9384615384615385,0.9862012987012987,0.99350006817565,0.9886363636363636,0.8333333333333334,0.9560439560439561
0.9743589743589743,0.9928553830992856,0.9980391190979293,0.983739837398374,0.9393939393939394,0.983739837398374
0.972027972027972,0.991740412979351,0.9977715100116481,0.9823008849557522,0.9333333333333333,0.9823008849557522
0.9866666666666667,0.9990966576332431,0.999801696595599,0.991869918699187,0.9629629629629629,0.991869918699187
0.974025974025974,0.9918343540390785,0.9982640945430995,1.0,0.8518518518518519,0.9844961240310077
0.9191176470588235,0.9577827908475668,0.9883314768740957,0.9719626168224299,0.7241379310344828,0.9497716894977168
0.965034965034965,0.9827586206896551,0.99549053042148,0.9912280701754386,0.8620689655172413,0.9783549783549783
0.9765625,0.986413043478261,0.9942223882141704,1.0,0.9166666666666666,0.983957219251337
0.9640287769784173,0.9834656084656085,0.9958708452465406,1.0,0.8148148148148148,0.9781659388646288
0.9375,0.967923967923968,0.9858813564856207,0.978021978021978,0.8378378378378378,0.956989247311828
0.9548872180451128,0.9851311953352769,0.9944261758620949,0.9897959183673469,0.8571428571428571,0.97
0.9318181818181818,0.980410162228344,0.993371036674174,0.9797979797979798,0.7878787878787878,0.9556650246305419
0.9724137931034482,0.9915209326974034,0.9972242415824543,0.9819819819819819,0.9411764705882353,0.9819819819819819
0.9586206896551724,0.9861021331609567,0.9966161918230895,0.9663865546218487,0.9230769230769231,0.9745762711864406
0.9705882352941176,0.9895545314900153,0.9967246141185513,0.9809523809523809,0.9354838709677419,0.9809523809523809
0.9296875,0.9758454106280193,0.9903833963883888,0.9782608695652174,0.8055555555555556,0.9523809523809523
0.9319727891156463,0.9721311475409836,0.9937933579481265,0.9590163934426229,0.8,0.9590163934426229
0.952054794520548,0.9838267543859649,0.9952957230810344,0.9912280701754386,0.8125,0.9699570815450643
0.9747899159663865,0.9876595744680852,0.996504003018201,0.9893617021276596,0.92,0.9841269841269841
0.9465648854961832,0.9764996907854051,0.9913480655774235,0.9897959183673469,0.8181818181818182,0.9651741293532339
0.9295774647887324,0.9808823529411765,0.9923409321051286,0.9705882352941176,0.825,0.9519230769230769
0.9632352941176471,0.9888977002379064,0.9953987296235762,0.9896907216494846,0.8974358974358975,0.9746192893401016
0.9516129032258065,0.9951040391676866,0.9979507029875573,0.9883720930232558,0.868421052631579,0.9659090909090909
0.992,0.9993535875888817,0.9997636771830319,0.989010989010989,1.0,0.994475138121547
0.9767441860465116,0.9974511469838573,0.9994902293967715,1.0,0.8636363636363636,0.9861751152073732
0.935251798561151,0.9733009708737864,0.9902987011659942,1.0,0.75,0.958139534883721
0.9591836734693877,0.9929347826086956,0.9980028437546048,0.9652173913043478,0.9375,0.9736842105263158
0.9753086419753086,0.9939643347050755,0.9987628025633954,0.9851851851851852,0.9259259259259259,0.9851851851851852
0.9432624113475178,0.9743935309973045,0.9909315723540641,0.9716981132075472,0.8571428571428571,0.9626168224299065
0.96,0.98176,0.995941677808162,0.984,0.84,0.9761904761904762
0.9588235294117647,0.9796666666666667,0.9970059977536075,0.9666666666666667,0.9,0.9764309764309764
0.9396551724137931,0.9877734877734878,0.9931894057212575,0.9864864864864865,0.8571428571428571,0.954248366013072
0.9461538461538461,0.9746954076850984,0.9909932940153563,0.9896907216494846,0.8181818181818182,0.964824120603015
0.9562043795620438,0.994279176201373,0.9988163759932522,0.956140350877193,0.9565217391304348,0.9732142857142857
0.952755905511811,0.9874074074074074,0.9964014494775859,0.99,0.8148148148148148,0.9705882352941176
0.9652777777777778,0.9836898395721925,0.99472183097797,1.0,0.8529411764705882,0.9777777777777777
0.9707602339181286,0.9917695473251029,0.9984464550209341,0.9861111111111112,0.8888888888888888,0.9826989619377162
0.9444444444444444,0.9744897959183674,0.9873973313501043,0.9897959183673469,0.8478260869565217,0.9603960396039604
0.8888888888888888,0.9580279813457694,0.9796018254102996,0.9873417721518988,0.6842105263157895,0.9230769230769231
0.9571428571428572,0.983284169124877,0.9955851479788095,0.9734513274336283,0.8888888888888888,0.9734513274336283
1.0,1.0,1.0,1.0,1.0,1.0
0.9753086419753086,0.9890260631001373,0.9977204358335888,0.9925925925925926,0.8888888888888888,0.9852941176470589
0.9236641221374046,0.9779040404040404,0.9928583658852035,0.9696969696969697,0.78125,0.9504950495049505
0.952,0.9704,0.9917665059769758,0.99,0.8,0.9705882352941176
0.9182389937106918,0.9741935483870968,0.9924899617949169,0.9838709677419355,0.6857142857142857,0.9494163424124513
0.9559748427672956,0.9884072580645161,0.9970587709302737,0.984375,0.8387096774193549,0.972972972972973
0.9797297297297297,1.0,0.9999999999999998,0.9745762711864406,1.0,0.9871244635193133
0.9625,0.987831066571224,0.9968098089394362,0.984251968503937,0.8787878787878788,0.9765625
0.9657534246575342,0.9808743169398907,0.9959048393958653,0.9836065573770492,0.875,0.9795918367346939
0.9375,0.9779150290099196,0.9935477220419646,0.9708029197080292,0.8205128205128205,0.9602888086642599
0.9770114942528736,0.9906040268456375,0.9983564994515455,0.9865771812080537,0.92,0.9865771812080537
0.9722222222222222,0.9843106995884774,0.9943752018487374,0.9907407407407407,0.9166666666666666,0.981651376146789
0.9552238805970149,0.9931972789115645,0.9975192911170736,0.9591836734693877,0.9444444444444444,0.9690721649484536
0.9876543209876543,0.9973003374578178,0.9992328087243543,0.9921259842519685,0.9714285714285714,0.9921259842519685
0.9645390070921985,0.9868119266055047,0.9959504359713379,0.981651376146789,0.90625,0.9771689497716894
0.9276315789473685,0.9694749694749696,0.9909114000021852,0.9914529914529915,0.7142857142857143,0.9547325102880658
0.9609375,0.9867788461538461,0.996857785243671,0.9903846153846154,0.8333333333333334,0.976303317535545
0.9659863945578231,0.9826530612244898,0.9941050489233862,0.9910714285714286,0.8857142857142857,0.9779735682819384
0.96,0.9904479578392622,0.9962654734659073,0.9891304347826086,0.8787878787878788,0.9732620320855615
0.8813559322033898,0.9661372490260712,0.9766734900861964,0.9577464788732394,0.7659574468085106,0.9066666666666666
0.9383561643835616,0.9737168361021572,0.9907545133725999,0.9908256880733946,0.7837837837837838,0.96
0.9154929577464789,0.9723917465852949,0.9921248742350167,0.954954954954955,0.7741935483870968,0.9464285714285714
0.9407407407407408,0.9782878411910669,0.9934769541611184,0.9615384615384616,0.8709677419354839,0.9615384615384616
0.9178082191780822,0.9741532976827094,0.9885194684223972,0.9509803921568627,0.8409090909090909,0.941747572815534
0.96,0.9831649831649831,0.9950674838772456,0.9914529914529915,0.8484848484848485,0.9747899159663865
0.9658119658119658,0.9953102453102454,0.9982084759749412,0.9880952380952381,0.9090909090909091,0.9764705882352941
0.9787234042553191,0.996426608026388,0.9988649906803754,0.9906542056074766,0.9411764705882353,0.986046511627907
0.9694656488549618,0.9899665551839465,0.9955045101277135,0.9891304347826086,0.9230769230769231,0.978494623655914
0.937984496124031,0.9851063829787234,0.9942501855828317,0.9574468085106383,0.8857142857142857,0.9574468085106383
0.9823008849557522,0.998221906116643,0.999136239904938,0.9868421052631579,0.972972972972973,0.9868421052631579
0.9803921568627451,0.9993010251630942,0.9997776752649316,0.9741379310344828,1.0,0.9868995633187773
0.937984496124031,0.9803479381443299,0.9931827976700125,0.9896907216494846,0.78125,0.96
0.9657142857142857,0.9973776223776224,0.9994222593655754,0.972027972027972,0.9375,0.9788732394366197
0.9393939393939394,0.980952380952381,0.9950830336103252,0.9714285714285714,0.8148148148148148,0.9622641509433962
0.9259259259259259,0.9697368421052632,0.9864637921715441,0.9789473684210527,0.8,0.9489795918367347
0.9777777777777777,0.99519890260631,0.998787035609526,0.9814814814814815,0.9629629629629629,0.986046511627907
0.9530201342281879,0.9828667953667953,0.9938927932766443,0.9732142857142857,0.8918918918918919,0.9688888888888889
0.9924812030075187,0.9980237154150198,0.9996047430830038,0.990909090909091,1.0,0.9954337899543378
0.9602649006622517,0.9796923076923078,0.9955824975678533,0.984,0.8461538461538461,0.9761904761904762
0.9206349206349206,0.9773017902813299,0.9916929271048076,0.967391304347826,0.7941176470588235,0.9468085106382979
0.9571428571428572,0.9912925170068028,0.9971251141224021,0.9619047619047619,0.9428571428571428,0.9711538461538461
0.9785714285714285,0.9965217391304348,0.9992463956955395,0.991304347826087,0.92,0.987012987012987
0.9473684210526315,0.9884259259259259,0.9951559239346326,0.9814814814814815,0.8636363636363636,0.9636363636363636
0.943089430894309,0.9855769230769231,0.9949619381092193,0.967032967032967,0.875,0.9617486338797814
0.9391891891891891,0.9718775847808107,0.9920780471751143,0.9829059829059829,0.7741935483870968,0.9623430962343096
0.9552238805970149,0.9758847478860005,0.992158784035235,0.9902912621359223,0.8387096774193549,0.9714285714285714
0.9607843137254902,0.9938210578348987,0.9982707522835965,0.9831932773109243,0.8823529411764706,0.975
0.9384615384615385,0.9668571428571429,0.9910858081916257,0.9714285714285714,0.8,0.9622641509433962
0.9774436090225563,0.9944444444444445,0.9987146824076116,0.9907407407407407,0.92,0.9861751152073732
0.9717514124293786,0.9899328859060403,0.9979887091422015,0.9798657718120806,0.9285714285714286,0.9831649831649831
0.9861111111111112,0.9970760233918128,0.9992156230810538,1.0,0.9333333333333333,0.991304347826087
0.9320388349514563,0.9872122762148338,0.9940731854025526,0.9710144927536232,0.8529411764705882,0.950354609929078
0.912,0.964221824686941,0.9835299605616493,0.9883720930232558,0.7435897435897436,0.9392265193370166
0.958041958041958,0.9820872274143303,0.99363269500434,0.9906542056074766,0.8611111111111112,0.9724770642201835
0.9793103448275862,0.9968612680477087,0.9992863869161412,0.9830508474576272,0.9629629629629629,0.9872340425531915
0.9236641221374046,0.9683018867924529,0.9922317095114224,0.9622641509433962,0.76,0.9532710280373832
0.9701492537313433,0.9835796387520525,0.9951016729496701,1.0,0.8620689655172413,0.9813084112149533
0.9444444444444444,0.9853073463268366,0.9963174098497297,0.9739130434782609,0.8275862068965517,0.9655172413793104
0.9545454545454546,0.9793956043956044,0.9940429538529795,0.9807692307692307,0.8571428571428571,0.9714285714285714
0.9733333333333334,0.9953917050691244,0.9987842045851191,0.9831932773109243,0.9354838709677419,0.9831932773109243
0.9833333333333333,0.99805900621118,0.9994397131331244,0.9891304347826086,0.9642857142857143,0.9891304347826086
0.993421052631579,0.9997395833333333,0.9999311294765841,0.9916666666666667,1.0,0.99581589958159
0.9555555555555556,0.9867622724765581,0.9947505384827918,0.9591836734693877,0.9459459459459459,0.9690721649484536
0.9562043795620438,0.9916274201988488,0.9967333551761887,0.9795918367346939,0.8974358974358975,0.9696969696969697
0.9133858267716536,0.9568965517241379,0.9795402811681587,0.9770114942528736,0.775,0.9392265193370166
0.9565217391304348,0.9926666666666667,0.9961746499412996,1.0,0.875,0.967741935483871
0.9754601226993865,0.995706106870229,0.9989805348732783,0.9770992366412213,0.96875,0.9846153846153847
0.968503937007874,0.9963037634408602,0.998755388135006,0.96875,0.967741935483871,0.9789473684210527
0.9758064516129032,0.9901494565217391,0.9962538718169905,1.0,0.90625,0.983957219251337
0.925,0.9817073170731708,0.9914659141961133,0.9878048780487805,0.7894736842105263,0.9473684210526315
0.9774436090225563,0.9831858407079646,0.9968682894942034,1.0,0.85,0.9868995633187773
0.9236641221374046,0.9537037037037037,0.9868502538979468,0.9615384615384616,0.7777777777777778,0.9523809523809523
0.9662162162162162,0.994729907773386,0.9984584473162209,0.9739130434782609,0.9393939393939394,0.9781659388646288
0.9621212121212122,0.9970588235294118,0.9991542247967149,0.9803921568627451,0.9,0.975609756097561
0.9178082191780822,0.9660859465737514,0.9856358834812617,0.9619047619047619,0.8048780487804879,0.9439252336448598
0.9527027027027027,0.9865301724137931,0.9961617014195694,0.9827586206896551,0.84375,0.9702127659574468
0.9609375,0.9843260188087776,0.9951392016426245,0.98989898989899,0.8620689655172413,0.9751243781094527
0.9583333333333334,0.9903129657228018,0.9981404055411905,0.9590163934426229,0.9545454545454546,0.975
0.9642857142857143,0.983843537414966,0.9971113423596043,0.9821428571428571,0.8571428571428571,0.9792284866468842
0.961038961038961,0.9953103448275862,0.9988786809908885,0.96,0.9655172413793104,0.975609756097561
0.9699248120300752,0.9908163265306122,0.9974115705535226,0.9809523809523809,0.9285714285714286,0.9809523809523809
0.9701492537313433,0.987936008392342,0.9941586895328394,0.989247311827957,0.926829268292683,0.9787234042553191
0.9523809523809523,0.978062678062678,0.9941262172232725,0.9829059829059829,0.8333333333333334,0.9704641350210971
0.9712230215827338,0.9913700107874864,0.9966591738267176,1.0,0.8888888888888888,0.9809523809523809
0.9495798319327731,0.9859437751004015,0.9938170808045095,0.9759036144578314,0.8888888888888888,0.9642857142857143
0.9645390070921985,0.9928532160527762,0.9977237158715171,0.9906542056074766,0.8823529411764706,0.9769585253456221
0.9671052631578947,0.9902319902319903,0.9968089891214269,0.9743589743589743,0.9428571428571428,0.9785407725321889
0.9642857142857143,0.9947558177646673,0.9987708055580651,0.9646017699115044,0.9629629629629629,0.9775784753363229
0.9794520547945206,0.9981617647058824,0.9994571558205859,0.9821428571428571,0.9705882352941176,0.9865470852017937
0.9514563106796117,0.9945378151260504,0.99708541193411,1.0,0.8571428571428571,0.9645390070921985
0.9558823529411765,0.9912587412587412,0.9978777417353363,0.9727272727272728,0.8846153846153846,0.9727272727272728
0.9857142857142858,0.9926366468422544,0.9974548570685926,1.0,0.9393939393939394,0.9907407407407407
0.9747899159663865,0.9906367041198503,0.9965326258695313,0.9887640449438202,0.9333333333333333,0.9832402234636871
0.9568345323741008,0.9912820512820513,0.9966422302190873,0.98,0.8974358974358975,0.9702970297029703
0.9477611940298507,0.9821969696969698,0.9960868408563355,0.9818181818181818,0.7916666666666666,0.968609865470852
0.9191176470588235,0.9534591194968552,0.98585083404586,0.9716981132075472,0.7333333333333333,0.9493087557603687
0.9574468085106383,0.988628762541806,0.9973012740177972,0.9739130434782609,0.8846153846153846,0.9739130434782609
0.9212598425196851,0.9835164835164836,0.9935985550712674,0.9340659340659341,0.8888888888888888,0.9444444444444444
0.9558823529411765,0.985175636480825,0.9957224880008743,0.9719626168224299,0.896551724137931,0.9719626168224299
0.975,0.9935581659719591,0.9979255483519667,0.989010989010989,0.9310344827586207,0.9836065573770492
0.9692307692307692,0.9887955182072828,0.9968966671495291,1.0,0.8571428571428571,0.9807692307692307
0.9530201342281879,0.9876033057851239,0.9970529656161171,0.9752066115702479,0.8571428571428571,0.9711934156378601
0.9657534246575342,0.9904057017543859,0.9970724857522112,0.9824561403508771,0.90625,0.9781659388646288
0.9624060150375939,0.9903030303030302,0.9967584576195507,0.99,0.8787878787878788,0.9753694581280788
0.9343065693430657,0.9851190476190477,0.9953245858247839,0.9428571428571428,0.90625,0.9565217391304348
0.9936305732484076,0.9974937343358395,0.9995407029799214,1.0,0.9583333333333334,0.9962546816479401
0.9555555555555556,0.9842249657064472,0.995797087016856,0.9814814814814815,0.8518518518518519,0.9724770642201835
0.9629629629629629,0.9992236024844721,0.99984335839599,0.9553571428571429,1.0,0.9771689497716894
0.9606299212598425,0.9910652920962199,0.997071919197422,0.9690721649484536,0.9333333333333333,0.9740932642487047
0.9912280701754386,0.9983772819472617,0.9994446027220076,1.0,0.9655172413793104,0.9941520467836257
0.9444444444444444,0.9880382775119618,0.9947411374763088,0.9659090909090909,0.8947368421052632,0.96045197740113
0.9562043795620438,0.991891891891892,0.9969636082473801,0.97,0.918918918918919,0.97
0.9375,0.9870967741935484,0.9950675587324478,0.989247311827957,0.8,0.9583333333333334
0.9407407407407408,0.982,0.9936362895283817,0.97,0.8571428571428571,0.9603960396039604
0.916030534351145,0.9730139478471801,0.9905650038665507,0.9690721649484536,0.7647058823529411,0.9447236180904522
0.9461538461538461,0.9805394332536702,0.9941077902398816,0.9900990099009901,0.7931034482758621,0.966183574879227
0.9323308270676691,0.9923117709437964,0.9967542366774028,0.967391304347826,0.8536585365853658,0.9518716577540107
0.9591836734693877,0.9818817546090274,0.996081238586535,0.9917355371900827,0.8076923076923077,0.975609756097561
0.9669421487603306,0.9885304659498207,0.9960269659601674,1.0,0.8709677419354839,0.9782608695652174
0.9682539682539683,0.9944607363962203,0.9980471318200255,0.989247311827957,0.9090909090909091,0.9787234042553191
0.9731543624161074,0.9918158567774935,0.9975394226359681,0.991304347826087,0.9117647058823529,0.9827586206896551
0.9767441860465116,0.9979091995221029,0.9992110799438989,0.978494623655914,0.9722222222222222,0.9837837837837838
0.9385964912280702,0.976068376068376,0.9867464843896664,0.9733333333333334,0.8717948717948718,0.954248366013072
0.9051094890510949,0.9662004662004662,0.9890178026506339,0.9807692307692307,0.6666666666666666,0.9400921658986175
0.9513888888888888,0.983208395802099,0.995625030538378,0.9739130434782609,0.8620689655172413,0.9696969696969697
0.9338235294117647,0.9797235023041475,0.9939148414016419,0.9809523809523809,0.7741935483870968,0.958139534883721
0.9918032786885246,0.999090909090909,0.9998009900990099,1.0,0.9545454545454546,0.9950248756218906
0.9673202614379085,0.9883780991735538,0.9967867563865138,1.0,0.84375,0.979757085020243
0.972972972972973,0.9826086956521739,0.994485374765383,1.0,0.8787878787878788,0.9829059829059829
0.9280575539568345,0.9755077658303465,0.9929429630709888,0.9814814814814815,0.7419354838709677,0.954954954954955
0.9655172413793104,0.989001189060642,0.9971120471890945,0.9913793103448276,0.8620689655172413,0.9787234042553191
0.9666666666666667,0.9825190497534738,0.995481329820723,0.979381443298969,0.9130434782608695,0.979381443298969
0.9354838709677419,0.9833065810593901,0.9933256869796312,0.9775280898876404,0.8285714285714286,0.9560439560439561
0.9349593495934959,0.9927296761401189,0.9971773470559095,0.9325842696629213,0.9411764705882353,0.9540229885057471
0.9465648854961832,0.9908026755852842,0.9961094831511347,0.9782608695652174,0.8717948717948718,0.9625668449197861
0.9696969696969697,0.9864945978391356,0.9948847389995834,1.0,0.8823529411764706,0.98
0.9357142857142857,0.9809090909090908,0.9944463934695648,0.9545454545454546,0.8666666666666667,0.958904109589041
0.9455782312925171,0.9899782135076253,0.9954877870759572,0.9901960784313726,0.8444444444444444,0.9619047619047619
0.9363057324840764,0.9719827586206896,0.9933245074060861,0.9765625,0.7586206896551724,0.9615384615384616
0.9224137931034483,0.97298284045272,0.988170028394524,0.9759036144578314,0.7878787878787878,0.9473684210526315
0.9710144927536232,0.9920400943396226,0.9975921450073543,0.9905660377358491,0.90625,0.9813084112149533
0.9523809523809523,0.9929012345679012,0.9983781747367121,0.9583333333333334,0.9259259259259259,0.9704641350210971
0.9805194805194806,0.9991724137931034,0.9998100157480316,0.984,0.9655172413793104,0.9879518072289156
0.9847328244274809,0.9978632478632479,0.9994580657738799,0.9903846153846154,0.9629629629629629,0.9903846153846154
0.9516129032258065,0.9764134582032605,0.9917176509855694,1.0,0.8064516129032258,0.96875
0.9191176470588235,0.9789473684210526,0.9909543425271254,0.9578947368421052,0.8292682926829268,0.9430051813471503
0.9435483870967742,0.9745989304812834,0.9941069753776234,0.9901960784313726,0.7272727272727273,0.9665071770334929
0.9594594594594594,0.9832301341589268,0.9947055875394488,0.9912280701754386,0.8529411764705882,0.9741379310344828
0.9463087248322147,0.9865540963101939,0.9969932383682771,0.959349593495935,0.8846153846153846,0.9672131147540983
0.9523809523809523,0.9875,0.9963776148659587,0.9739130434782609,0.875,0.9696969696969697
0.9859154929577465,0.9956427015250545,0.9986199118336345,0.9907407407407407,0.9705882352941176,0.9907407407407407
0.9701492537313433,0.9955128205128204,0.9987284343459203,0.9807692307692307,0.9333333333333333,0.9807692307692307
0.9481481481481482,0.9924165824064712,0.9965470010594121,0.967391304347826,0.9069767441860465,0.9621621621621622
0.9523809523809523,0.9775533108866443,0.9940562961436387,0.9703703703703703,0.8787878787878788,0.9703703703703703
0.9435483870967742,0.9731397459165154,0.9910256793738386,0.968421052631579,0.8620689655172413,0.9633507853403142
0.9855072463768116,0.997997997997998,0.9995107171003863,0.990990990990991,0.9629629629629629,0.990990990990991
0.9461538461538461,0.9838794926004228,0.9915734146986441,0.9883720930232558,0.8636363636363636,0.96045197740113
0.9852941176470589,0.9968882602545969,0.9988906656931749,0.9900990099009901,0.9714285714285714,0.9900990099009901
0.9869281045751634,0.9988129154795821,0.9996402220761195,0.9914529914529915,0.9722222222222222,0.9914529914529915
0.9552238805970149,0.9792979297929794,0.9928134370892006,0.9801980198019802,0.8787878787878788,0.9705882352941176
0.9696969696969697,0.9921793534932221,0.998305383229715,0.9781021897810219,0.9285714285714286,0.9816849816849816
0.9276315789473685,0.9794168096054888,0.988847741856179,0.9797979797979798,0.8301886792452831,0.9463414634146341
0.9416666666666667,0.9903722721437741,0.9955278591540133,0.975609756097561,0.868421052631579,0.9580838323353293
0.9328859060402684,0.9471153846153846,0.9837335837751267,0.9829059829059829,0.75,0.9583333333333334
0.972972972972973,0.994949494949495,0.99789380921972,0.9871794871794872,0.9393939393939394,0.9808917197452229
0.9416666666666667,0.9879518072289156,0.9947619457329803,0.963855421686747,0.8918918918918919,0.9580838323353293
0.9538461538461539,0.9905606407322656,0.9959731407512691,0.9565217391304348,0.9473684210526315,0.967032967032967
0.9342105263157895,0.9729166666666667,0.9922222273584042,0.9583333333333334,0.84375,0.9583333333333334
0.9923076923076923,0.9989212513484358,0.9997252244000733,0.9902912621359223,1.0,0.9951219512195122
0.9612903225806452,0.986111111111111,0.9970094586211765,1.0,0.7777777777777778,0.9770992366412213
0.9254658385093167,0.976609541454377,0.9934417384033118,0.9606299212598425,0.7941176470588235,0.953125
0.9099099099099099,0.9906914893617021,0.9934561718905373,1.0,0.7872340425531915,0.927536231884058
0.9416666666666667,0.9694117647058823,0.9867933823917943,0.9882352941176471,0.8285714285714286,0.96
0.9637681159420289,0.9885438649381972,0.9965343301274946,0.9813084112149533,0.9032258064516129,0.9767441860465116
0.9264705882352942,0.9586987270155588,0.9842401114952982,0.9702970297029703,0.8,0.9514563106796117
0.9357142857142857,0.9817789498921122,0.9915036494507664,0.9587628865979382,0.8837209302325582,0.9538461538461539
0.935251798561151,0.9809796769150599,0.9927461711583487,0.9702970297029703,0.8421052631578947,0.9560975609756097
0.9743589743589743,0.9889032258064516,0.9969838860993486,0.984,0.9354838709677419,0.984
0.9661016949152542,0.9983062330623306,0.9992507507722743,0.9634146341463414,0.9722222222222222,0.9753086419753086
0.9461077844311377,0.9755201958384333,0.9925176358838396,1.0,0.7631578947368421,0.9662921348314607
0.9347826086956522,0.9840801886792453,0.995104231910142,0.9433962264150944,0.90625,0.9569377990430622
0.9701492537313433,0.993431855500821,0.9982676586952114,0.9714285714285714,0.9655172413793104,0.9807692307692307
0.9612403100775194,0.998132935026139,0.9995277423889646,0.9514563106796117,1.0,0.9751243781094527
0.9457831325301205,0.9754140786749482,0.9947838567877079,0.9782608695652174,0.7857142857142857,0.967741935483871
0.9344262295081968,0.9874999999999999,0.9939763194819139,0.9878048780487805,0.825,0.9529411764705882
0.9398496240601504,0.9819241982507289,0.9931953507957324,0.9591836734693877,0.8857142857142857,0.9591836734693877
0.9568345323741008,0.9868082368082368,0.9963677095596568,0.972972972972973,0.8928571428571429,0.972972972972973
0.9854014598540146,0.9986893840104849,0.9996700915026393,0.9908256880733946,0.9642857142857143,0.9908256880733946
0.967391304347826,0.9872549019607844,0.9969482790134185,0.9933333333333333,0.8529411764705882,0.9802631578947368
0.9452054794520548,0.9839098954143202,0.9951653540460329,0.9734513274336283,0.8484848484848485,0.9649122807017544
0.96875,0.9793929267613478,0.995566347987991,0.9924812030075187,0.8518518518518519,0.9814126394052045
0.953125,0.9767857142857143,0.9933001180246364,1.0,0.7857142857142857,0.970873786407767
0.957983193277311,0.9913793103448276,0.996812344160475,1.0,0.84375,0.9720670391061452
0.9791666666666666,0.9983957219251337,0.9995172968624294,0.9818181818181818,0.9705882352941176,0.9863013698630136
0.96875,0.9952718676122931,0.9973202434220927,0.9876543209876543,0.9361702127659575,0.975609756097561
0.9419354838709677,0.9746376811594203,0.9953306910051652,0.9696969696969697,0.782608695652174,0.9660377358490566
0.9577464788732394,0.9823446327683616,0.9961581831540134,0.9830508474576272,0.8333333333333334,0.9747899159663865
0.9492753623188406,0.9837202291227013,0.994993354710617,0.9813084112149533,0.8387096774193549,0.967741935483871
0.9585798816568047,0.9755747126436781,0.9956381571148117,0.9862068965517241,0.7916666666666666,0.9761092150170648
0.9817073170731707,0.9893034825870647,0.9973771289067648,0.9925373134328358,0.9333333333333333,0.9888475836431226
0.9402985074626866,0.9702941176470589,0.9893206421217501,0.99,0.7941176470588235,0.9611650485436893
0.9485294117647058,0.9873492203589291,0.9958021233817845,0.9805825242718447,0.8484848484848485,0.9665071770334929
0.993103448275862,0.9988,0.9998125,0.992,1.0,0.9959839357429718
0.9810126582278481,0.9992884250474383,0.9998054025701547,0.9838709677419355,0.9705882352941176,0.9878542510121457
0.9594594594594594,0.9861581920903955,0.9964596256010715,0.9915254237288136,0.8333333333333334,0.975
0.9758064516129032,0.9921875,0.9970180766352335,1.0,0.90625,0.983957219251337
0.9473684210526315,0.9890583554376657,0.9969627007220616,0.9615384615384616,0.896551724137931,0.966183574879227
0.9727891156462585,0.9974974974974976,0.9991645353181848,0.972972972972973,0.9722222222222222,0.9818181818181818
0.9710144927536232,0.9943276609943277,0.9986066031335117,0.990990990990991,0.8888888888888888,0.9821428571428571
0.9669421487603306,0.9762396694214877,0.9897481901203188,1.0,0.8787878787878788,0.9777777777777777
0.958041958041958,0.9848484848484849,0.9951973576417498,0.990909090909091,0.8484848484848485,0.9732142857142857
0.9349593495934959,0.9807249712313003,0.9893828558952347,0.9620253164556962,0.8863636363636364,0.95
0.9745222929936306,0.9978448275862069,0.99951639158086,0.96875,1.0,0.9841269841269841
0.9861111111111112,0.9932692307692308,0.9973105389069864,1.0,0.95,0.9904761904761905
0.971830985915493,0.9883760683760684,0.9973936399703143,0.9829059829059829,0.92,0.9829059829059829
0.9781021897810219,0.9957469431153642,0.9983663600172591,0.98989898989899,0.9473684210526315,0.9849246231155779
0.9357142857142857,0.9741051028179741,0.9896159576561028,0.9900990099009901,0.7948717948717948,0.9569377990430622
0.9496402877697842,0.972972972972973,0.9923216956990896,0.990990990990991,0.7857142857142857,0.9691629955947136
0.9731543624161074,0.9924953095684803,0.9983729609800663,0.983739837398374,0.9230769230769231,0.983739837398374
0.9702380952380952,0.9937959558823529,0.9985300573994638,0.9852941176470589,0.90625,0.9816849816849816
0.9738562091503268,0.9953512396694215,0.9987776410860366,0.9834710743801653,0.9375,0.9834710743801653
0.9847328244274809,0.9953617810760669,0.998392593081222,1.0,0.9393939393939394,0.98989898989899
0.9558823529411765,0.9866666666666668,0.9969117637412135,0.9819819819819819,0.84,0.9732142857142857
0.9402985074626866,0.9726548978885428,0.9928708353882147,0.9906542056074766,0.7407407407407407,0.9636363636363636
0.9743589743589743,0.9925351708297444,0.9984075725616599,0.9922480620155039,0.8888888888888888,0.9846153846153847
0.9743589743589743,0.9901234567901235,0.9969274149385097,0.9888888888888889,0.9259259259259259,0.9834254143646409
0.9787234042553191,0.9980359147025814,0.999406784817914,0.9814814814814815,0.9696969696969697,0.986046511627907
0.9797297297297297,0.9896333754740835,0.9964109179303023,1.0,0.9142857142857143,0.9868995633187773
0.9290780141843972,0.9770731707317073,0.9901905772245245,0.97,0.8292682926829268,0.9509803921568627
0.9727891156462585,0.9936117936117936,0.9977260064291529,0.990909090909091,0.918918918918919,0.9819819819819819
0.9357142857142857,0.9666132478632479,0.9872648301569115,0.9807692307692307,0.8055555555555556,0.9577464788732394
0.9571428571428572,0.9788754271512892,0.9941224720767945,0.972972972972973,0.896551724137931,0.972972972972973
0.9440993788819876,0.9862689393939393,0.9964270711783182,0.96875,0.8484848484848485,0.9649805447470817
0.9931972789115646,0.9996363636363637,0.9999365079365079,0.992,1.0,0.9959839357429718
0.9784172661870504,0.9916543937162494,0.9962031115805735,1.0,0.9285714285714286,0.9847715736040609
0.9624060150375939,0.9887106357694593,0.9959661109206535,0.98989898989899,0.8823529411764706,0.9751243781094527
0.9726027397260274,0.9967948717948718,0.9987273777102484,0.9903846153846154,0.9285714285714286,0.9809523809523809
0.9387755102040817,0.9660968660968661,0.9909491379065729,0.9914529914529915,0.7333333333333333,0.9626556016597511
0.9533333333333334,0.9878269878269879,0.9965667551616484,0.9829059829059829,0.8484848484848485,0.9704641350210971
0.9637681159420289,0.989033189033189,0.9963400885447787,0.9809523809523809,0.9090909090909091,0.976303317535545
0.9554140127388535,0.9905711206896551,0.9978553006305526,0.96875,0.896551724137931,0.9725490196078431
0.9363636363636364,0.9643393393393394,0.981419322738157,0.9864864864864865,0.8333333333333334,0.954248366013072
0.9285714285714286,0.9792764313312259,0.9888435634711581,0.9726027397260274,0.8461538461538461,0.9466666666666667
0.9931506849315068,0.9977564102564103,0.999506132319864,1.0,0.9615384615384616,0.995850622406639
0.9166666666666666,0.9820033151787828,0.9928352198824838,0.9902912621359223,0.7317073170731707,0.9444444444444444
0.873015873015873,0.9626373626373627,0.986513470350705,0.9560439560439561,0.6571428571428571,0.9157894736842105
0.974025974025974,0.9894230769230768,0.9979264547095962,0.9846153846153847,0.9166666666666666,0.9846153846153847
0.9477611940298507,0.9865679824561403,0.9945995952326528,0.9791666666666666,0.868421052631579,0.9641025641025641
0.9774436090225563,0.9904761904761905,0.9971808585809026,1.0,0.8928571428571429,0.9859154929577465
0.8888888888888888,0.9633468149646108,0.983505416011792,0.9565217391304348,0.7441860465116279,0.9214659685863874
0.9710144927536232,0.9924630690382875,0.9977506294123069,0.9906542056074766,0.9032258064516129,0.9814814814814815
0.9586206896551724,0.9828937990021382,0.9963977311407013,0.9672131147540983,0.9130434782608695,0.9752066115702479
0.9296875,0.9704023944130362,0.9899326063933909,0.9587628865979382,0.8387096774193549,0.9538461538461539
0.9588235294117647,0.9992454728370221,0.9998522604156406,0.9507042253521126,1.0,0.9747292418772563
0.9632352941176471,0.9855855855855855,0.9965586733794607,0.9819819819819819,0.88,0.9775784753363229
0.9615384615384616,0.9932033096926713,0.9973291258454287,0.9680851063829787,0.9444444444444444,0.9732620320855615
0.9545454545454546,0.9944444444444445,0.9985120256072194,0.9571428571428572,0.9444444444444444,0.9710144927536232
0.9457364341085271,0.9905094905094906,0.9932372169818531,0.974025974025974,0.9038461538461539,0.9554140127388535
0.952,0.9822373393801965,0.9947957179958109,0.9795918367346939,0.8518518518518519,0.9696969696969697
0.9387755102040817,0.983050847457627,0.9956283839391835,0.9576271186440678,0.8620689655172413,0.9617021276595744
0.9448275862068966,0.9802844214608921,0.9955187342238837,0.9663865546218487,0.8461538461538461,0.9663865546218487
0.9402985074626866,0.9807256235827665,0.9923192852467061,0.9591836734693877,0.8888888888888888,0.9591836734693877
0.9736842105263158,0.9941126997476871,0.9985784673997611,0.983739837398374,0.9310344827586207,0.983739837398374
0.96875,0.9862778730703259,0.9969056909630009,0.9905660377358491,0.8636363636363636,0.9813084112149533
0.9795918367346939,0.9958881578947368,0.9994029954352297,0.984375,0.9473684210526315,0.9882352941176471
0.9626865671641791,0.9857549857549858,0.9963905670797865,0.9814814814814815,0.8846153846153846,0.9769585253456221
0.9424460431654677,0.9860674157303371,0.9920987255656593,1.0,0.84,0.956989247311828
0.9617834394904459,0.9945454545454545,0.9989751419983979,0.9696969696969697,0.92,0.9770992366412213
0.9448818897637795,0.9891447368421052,0.9964079676218894,0.968421052631579,0.875,0.9633507853403142
0.9545454545454546,0.986346516007533,0.995646305925115,0.9745762711864406,0.8888888888888888,0.9704641350210971
0.9574468085106383,0.984006734006734,0.9949699389498938,0.9814814814814815,0.8787878787878788,0.9724770642201835
0.9366197183098591,0.9660211910851297,0.9931209949523483,0.9747899159663865,0.7391304347826086,0.9626556016597511
0.9652777777777778,0.9910878112712975,0.9970267957760102,0.981651376146789,0.9142857142857143,0.9771689497716894
0.9692307692307692,0.9864718614718615,0.9922820899158173,0.9886363636363636,0.9285714285714286,0.9775280898876404
0.9722222222222222,0.9858870967741936,0.9975866349514262,0.9838709677419355,0.9,0.9838709677419355
0.921875,0.9838663209449726,0.9926502536825604,0.9438202247191011,0.8717948717948718,0.9438202247191011
0.9864864864864865,0.9962504686914136,0.9993882487501009,0.9921259842519685,0.9523809523809523,0.9921259842519685
0.9657534246575342,0.9925353925353926,0.9974841685040591,0.972972972972973,0.9428571428571428,0.9773755656108597
0.9457364341085271,0.9862018881626724,0.9962438098675656,0.9803921568627451,0.8148148148148148,0.966183574879227
0.9552238805970149,0.9894839814135487,0.9941946871527475,0.9770114942528736,0.9148936170212766,0.9659090909090909
0.92,0.9704301075268817,0.989059354296953,0.956989247311828,0.8125,0.9468085106382979
0.9789473684210527,0.9951783992285439,0.9971726404601192,1.0,0.9411764705882353,0.9838709677419355
0.96875,0.9871264367816092,0.9986078074962539,0.9793103448275862,0.8666666666666667,0.9826989619377162
0.9098360655737705,0.9757751937984496,0.9893397853968675,0.9534883720930233,0.8055555555555556,0.9371428571428572
0.967741935483871,0.9825428194993412,0.9967489602301807,1.0,0.782608695652174,0.9814126394052045
0.9798657718120806,0.9946871310507674,0.9987412758536329,0.9834710743801653,0.9642857142857143,0.9875518672199171
0.927536231884058,0.9841628959276018,0.994895724430811,0.9519230769230769,0.8529411764705882,0.9519230769230769
0.9448275862068966,0.9813797313797313,0.9952206017660992,0.9572649572649573,0.8928571428571429,0.9655172413793104
0.9790209790209791,0.9901694915254237,0.9978472374272526,0.9915254237288136,0.92,0.9873417721518988
0.9487179487179487,0.9720262096774193,0.992450687866998,0.9838709677419355,0.8125,0.9682539682539683
0.928,0.959005376344086,0.9844549852552102,0.978494623655914,0.78125,0.9528795811518325
0.9385964912280702,0.9850355405910962,0.9938406413264542,0.9753086419753086,0.8484848484848485,0.9575757575757575
0.9513888888888888,0.9791607193833857,0.9937902368935224,0.9823008849557522,0.8387096774193549,0.9694323144104804
0.9774436090225563,0.9947521865889213,0.9980987394370454,0.9897959183673469,0.9428571428571428,0.9847715736040609
0.9259259259259259,0.9831428571428571,0.9942701884326952,0.95,0.8571428571428571,0.95
0.9692307692307692,0.9881796690307328,0.9954588628334883,1.0,0.8888888888888888,0.9791666666666666
0.9558823529411765,0.9889903329752954,0.9955808470018337,0.9795918367346939,0.8947368421052632,0.9696969696969697
0.9357142857142857,0.9778121775025801,0.9912886533251204,0.9901960784313726,0.7894736842105263,0.957345971563981
0.9503105590062112,0.9790547798066594,0.9953860772390755,0.9849624060150376,0.7857142857142857,0.9703703703703703
0.9076923076923077,0.9673147365455058,0.9857079617145103,0.978021978021978,0.7435897435897436,0.9368421052631579
0.9473684210526315,0.9831460674157303,0.9915087683047126,1.0,0.8409090909090909,0.9621621621621622
0.9694656488549618,0.9883116883116883,0.9976910845292816,0.990909090909091,0.8571428571428571,0.9819819819819819
0.9666666666666667,0.994949494949495,0.9993120125263862,0.9772727272727273,0.8888888888888888,0.9809885931558935
0.9512195121951219,0.9900928792569659,0.9958016219975012,0.9764705882352941,0.8947368421052632,0.9651162790697675
0.9609375,0.9826435246995995,0.9964207888824085,0.9813084112149533,0.8571428571428571,0.9767441860465116
0.9243697478991597,0.9554886211512718,0.979606896493005,1.0,0.75,0.9485714285714286
0.9375,0.9757575757575757,0.9913858901738177,0.9789473684210527,0.8181818181818182,0.9587628865979382
0.9626865671641791,0.9946581196581197,0.9987228117766367,0.9814814814814815,0.8846153846153846,0.9769585253456221
0.9370629370629371,0.9824950690335306,0.9932811614563178,0.9615384615384616,0.8717948717948718,0.9569377990430622
0.9448818897637795,0.9764784946236559,0.9923546101035812,0.96875,0.8709677419354839,0.9637305699481865
0.9271523178807947,0.9618279569892473,0.9893909341330123,0.9916666666666667,0.6774193548387096,0.9558232931726908
0.965034965034965,0.9926253687315634,0.9980379187744991,0.9734513274336283,0.9333333333333333,0.9777777777777777
0.9798657718120806,0.9988839285714285,0.9998173676719961,0.9765625,1.0,0.9881422924901185
0.9487179487179487,0.9896551724137931,0.996268139804017,0.9540229885057471,0.9333333333333333,0.9651162790697675
0.9807692307692307,0.9968253968253968,0.9995064011725231,0.9851851851851852,0.9523809523809523,0.9888475836431226
0.9788732394366197,0.9945195469492144,0.9989295247088963,0.9915966386554622,0.9130434782608695,0.9874476987447699
0.9339622641509434,0.9844202898550725,0.9871622510080634,0.95,0.9130434782608695,0.9421487603305785
0.944,0.9804392587508579,0.9931830981523266,0.9787234042553191,0.8387096774193549,0.9633507853403142
0.9534883720930233,0.9876898899947617,0.9926585827098214,0.9759036144578314,0.9130434782608695,0.9642857142857143
0.984251968503937,0.995058400718778,0.9989843817119652,0.9905660377358491,0.9523809523809523,0.9905660377358491
0.9575757575757575,0.9892307692307692,0.9970352628552759,0.9846153846153847,0.8571428571428571,0.973384030418251
0.971830985915493,0.9871833994507171,0.9964994127689881,1.0,0.8620689655172413,0.9826086956521739
0.9858156028368794,0.9974861739567622,0.999055463167936,0.9901960784313726,0.9743589743589743,0.9901960784313726
0.9423076923076923,0.9760044642857144,0.9946119757093639,0.9765625,0.7857142857142857,0.9652509652509652
0.952054794520548,0.9856237816764132,0.9945610320410776,0.9629629629629629,0.9210526315789473,0.9674418604651163
0.96875,0.995,0.9986135236436071,0.98,0.9285714285714286,0.98
0.972972972972973,0.9861581920903956,0.996040479001109,0.9915254237288136,0.9,0.9831932773109243
0.9612903225806452,0.9931287219422813,0.9978060760802206,0.9745762711864406,0.918918918918919,0.9745762711864406
0.9652777777777778,0.9874236435501258,0.9975359991729482,0.9834710743801653,0.8695652173913043,0.9794238683127572
0.9548872180451128,0.9853249475890986,0.996021908474028,0.9716981132075472,0.8888888888888888,0.9716981132075472
0.961038961038961,0.9848275862068965,0.9963952121016948,0.984,0.8620689655172413,0.9761904761904762
0.9722222222222222,0.9967764218282293,0.9986345225277642,1.0,0.9069767441860465,0.9805825242718447
0.9862068965517241,0.9996436208125447,0.9999333599893376,0.9836065573770492,1.0,0.9917355371900827
0.9617834394904459,0.993018018018018,0.9977972468373268,0.975,0.918918918918919,0.975
0.9574468085106383,0.9781921618204804,0.993971450377416,0.9734513274336283,0.8928571428571429,0.9734513274336283
0.9586776859504132,0.9887839433293978,0.9931955590557554,1.0,0.8863636363636364,0.9685534591194969
0.9605263157894737,0.9918924685299765,0.9968139688189701,0.9908256880733946,0.8837209302325582,0.972972972972973
0.965034965034965,0.98963133640553,0.9969828543924627,0.9821428571428571,0.9032258064516129,0.9777777777777777
0.9603174603174603,0.9958439897698209,0.9984994831602273,0.9565217391304348,0.9705882352941176,0.9723756906077348
0.9726027397260274,0.9941980936593452,0.9991451593284866,0.984251968503937,0.8947368421052632,0.984251968503937
0.9016393442622951,0.9556650246305417,0.9818657591789678,0.9885057471264368,0.6857142857142857,0.9347826086956522
0.9393939393939394,0.9748263888888888,0.990142484799125,0.9791666666666666,0.8333333333333334,0.9591836734693877
0.9637681159420289,0.9900412087912087,0.9975947663227668,0.9732142857142857,0.9230769230769231,0.9775784753363229
0.9571428571428572,0.9945578231292518,0.9981892211814429,0.9714285714285714,0.9142857142857143,0.9714285714285714
0.9097744360902256,0.9623906705539359,0.9858445618639863,0.9693877551020408,0.7428571428571429,0.9405940594059405
0.9186991869918699,0.9591346153846154,0.9850023198330347,0.989010989010989,0.71875,0.9473684210526315
0.9655172413793104,0.9907511842995714,0.9980110709989917,0.9790209790209791,0.9032258064516129,0.9790209790209791
0.946969696969697,0.9900960384153661,0.996438967407708,0.9693877551020408,0.8823529411764706,0.9644670050761421
0.9492753623188406,0.9872737556561086,0.9958307279846262,0.9903846153846154,0.8235294117647058,0.9671361502347418
0.9253731343283582,0.9722943722943723,0.9899454861219927,0.98989898989899,0.7428571428571429,0.9514563106796117
0.9683544303797469,0.9954814042405282,0.999315342406614,0.9708029197080292,0.9523809523809523,0.981549815498155
0.9712230215827338,0.9887556221889056,0.9977417543295386,0.9913793103448276,0.8695652173913043,0.9829059829059829
0.974025974025974,0.9853966146697644,0.997125976371784,0.9847328244274809,0.9130434782608695,0.9847328244274809
0.9548022598870056,0.9757199322416714,0.996216391881553,0.9805194805194806,0.782608695652174,0.9741935483870968
0.959349593495935,0.98585795097423,0.9936389382415061,1.0,0.8648648648648649,0.9717514124293786
0.976,0.9936155913978495,0.997801532303808,0.989247311827957,0.9375,0.983957219251337
0.9295774647887324,0.9719601677148847,0.990077498095842,0.9905660377358491,0.75,0.9545454545454546
0.95,0.9676190476190477,0.9879874183060332,1.0,0.8,0.967741935483871
0.9370629370629371,0.972360248447205,0.9928501851611418,0.9652173913043478,0.8214285714285714,0.961038961038961
0.9672131147540983,0.9903381642512078,0.9976873925491151,0.9797979797979798,0.9130434782608695,0.9797979797979798
0.9565217391304348,0.9883185840707965,0.9974046549618073,0.9734513274336283,0.88,0.9734513274336283
0.9516129032258065,0.9782738095238095,0.9887944607968713,1.0,0.85,0.9655172413793104
0.959731543624161,0.9864864864864865,0.9952950903084321,1.0,0.8378378378378378,0.9739130434782609
0.9556962025316456,0.9824710206389595,0.9962277559124338,0.9770992366412213,0.8518518518518519,0.973384030418251
0.9712643678160919,0.9917471819645732,0.9977391669096013,0.9855072463768116,0.9166666666666666,0.9819494584837545
0.961038961038961,0.9815759637188209,0.9957616950487462,0.9841269841269841,0.8571428571428571,0.9763779527559056
0.9558823529411765,0.9864779874213836,0.9959577309087059,0.9905660377358491,0.8333333333333334,0.9722222222222222
0.9197080291970803,0.9744429882044562,0.9933033902324075,0.944954128440367,0.8214285714285714,0.9493087557603687
0.9590163934426229,0.9929103154909606,0.9976253342386066,0.978021978021978,0.9032258064516129,0.9726775956284153
0.9568345323741008,0.996140350877193,0.9991427037904614,0.956140350877193,0.96,0.9732142857142857
0.9716312056737588,0.9873949579831932,0.9976196955488289,0.9831932773109243,0.9090909090909091,0.9831932773109243
0.9747899159663865,0.9972789115646259,0.9988986503692386,0.9880952380952381,0.9428571428571428,0.9822485207100592
0.948905109489051,0.9856985698569857,0.9948189101560505,0.9702970297029703,0.8888888888888888,0.9655172413793104
0.9344262295081968,0.9789928946555453,0.9901750016239579,0.9759036144578314,0.8461538461538461,0.9529411764705882
0.9571428571428572,0.9964999999999999,0.9986355742296921,0.97,0.925,0.97
0.9557522123893806,0.983903420523139,0.9899585840424708,0.9859154929577465,0.9047619047619048,0.9655172413793104
0.9496402877697842,0.9838596491228071,0.9962274632535675,0.956140350877193,0.92,0.9688888888888889
0.9473684210526315,0.9822165766910129,0.987679671435681,1.0,0.8723404255319149,0.9571428571428572
0.9312977099236641,0.9893875075803518,0.9963002561129425,0.9381443298969072,0.9117647058823529,0.9528795811518325
0.975609756097561,0.996031746031746,0.9982123713683004,0.9880952380952381,0.9487179487179487,0.9822485207100592
0.958904109589041,0.9884992987377279,0.9968610141978915,0.9826086956521739,0.8709677419354839,0.9741379310344828
0.9444444444444444,0.9872922776148583,0.9952865356644515,0.967741935483871,0.8787878787878788,0.9625668449197861
0.9465648854961832,0.9864672364672364,0.9964667467077096,0.9711538461538461,0.8518518518518519,0.9665071770334929
0.9618320610687023,0.9928880643166357,0.9975348583737659,0.9693877551020408,0.9393939393939394,0.9743589743589743
0.9933333333333333,1.0,0.9999999999999999,1.0,0.9736842105263158,0.9955555555555555
0.9709302325581395,0.9953022875816994,0.9987648269034645,0.9779411764705882,0.9444444444444444,0.981549815498155
0.954248366013072,0.9720867208672087,0.9924744580578936,0.975609756097561,0.8666666666666667,0.97165991902834
0.9230769230769231,0.98,0.9908598394532832,1.0,0.75,0.9473684210526315
0.98,0.9928660049627791,0.9984986357768426,0.9919354838709677,0.9230769230769231,0.9879518072289156
0.937984496124031,0.9887218045112782,0.9952846464868346,0.978021978021978,0.8421052631578947,0.956989247311828
0.9647887323943662,0.9842735042735042,0.9963569426147689,0.9914529914529915,0.84,0.9789029535864979
0.9192546583850931,0.9626016260162601,0.9860400577423988,0.975,0.7560975609756098,0.9473684210526315
0.935064935064935,0.9791116446578632,0.993620672995494,0.9663865546218487,0.8285714285714286,0.9583333333333334
0.9759036144578314,0.9930124223602484,0.9985686229778606,0.9927536231884058,0.8928571428571429,0.9856115107913669
0.9523809523809523,0.9904735219949565,0.9952244415092713,0.9759036144578314,0.9069767441860465,0.9642857142857143
0.9617834394904459,0.987,0.9965257321381834,0.992,0.84375,0.9763779527559056
0.9700598802395209,0.9766573295985059,0.9976707997982404,0.9869281045751634,0.7857142857142857,0.9837133550488599
0.94,0.9807504873294347,0.9936199767030487,0.9649122807017544,0.8611111111111112,0.9606986899563319
0.9701492537313433,0.9829545454545455,0.9960212999020623,0.990909090909091,0.875,0.9819819819819819
0.9784172661870504,0.9966386554621849,0.9988885604191959,0.9904761904761905,0.9411764705882353,0.985781990521327
0.9495798319327731,0.9884353741496599,0.9948152755561432,0.9642857142857143,0.9142857142857143,0.9642857142857143
0.9180327868852459,0.9683462532299741,0.9861435423376607,0.9534883720930233,0.8333333333333334,0.9425287356321839
0.9319727891156463,0.9766584766584767,0.9919327377855996,0.9727272727272728,0.8108108108108109,0.9553571428571429
0.926829268292683,0.9616541353383459,0.9873660448291304,0.968421052631579,0.7857142857142857,0.9533678756476683
0.9568965517241379,0.9835007173601148,0.9928495297218717,0.9878048780487805,0.8823529411764706,0.9700598802395209
0.9779411764705882,0.9961523662947288,0.9992116564513778,0.9911504424778761,0.9130434782608695,0.986784140969163
0.9185185185185185,0.9836149513568868,0.9927875406705897,0.956989247311828,0.8333333333333334,0.9417989417989417
0.9821428571428571,0.9963963963963964,0.9983333333333333,0.9733333333333334,1.0,0.9864864864864865
0.9126984126984127,0.9640952719516531,0.9887280004407257,0.9690721649484536,0.7241379310344828,0.9447236180904522
0.9322033898305084,0.9817073170731707,0.9914301343747677,1.0,0.7777777777777778,0.9534883720930233
0.9485294117647058,0.9838882921589689,0.9934760825001584,0.9795918367346939,0.868421052631579,0.964824120603015
0.9363636363636364,0.9767267267267268,0.9882775783810707,0.9864864864864865,0.8333333333333334,0.954248366013072
0.9459459459459459,0.9914529914529915,0.9977085638079298,0.9572649572649573,0.9032258064516129,0.9655172413793104
0.9487179487179487,0.9822485207100592,0.9963450319821009,0.9769230769230769,0.8076923076923077,0.9694656488549618
0.9666666666666667,0.995483288166215,0.9989865206812433,0.975609756097561,0.9259259259259259,0.9795918367346939
0.9555555555555556,0.9848300970873787,0.9949763521435147,0.970873786407767,0.90625,0.970873786407767
0.9785714285714285,0.9990680335507922,0.9997572247572247,0.972972972972973,1.0,0.9863013698630136
0.9154929577464789,0.9502652519893899,0.9881788826089737,0.9741379310344828,0.6538461538461539,0.9495798319327731
0.9649122807017544,0.9913434903047091,0.9989020295570472,0.9736842105263158,0.8947368421052632,0.9801324503311258
0.9322033898305084,0.967032967032967,0.9898102586356838,0.978021978021978,0.7777777777777778,0.956989247311828
0.9420289855072463,0.963963963963964,0.9910043857966864,0.9819819819819819,0.7777777777777778,0.9646017699115044
0.959349593495935,0.9966165413533834,0.9990174337681946,0.9578947368421052,0.9642857142857143,0.9732620320855615
0.9375,0.9722906403940887,0.9931665475182183,0.9655172413793104,0.8214285714285714,0.9613733905579399
0.9463087248322147,0.9823529411764707,0.994717854369206,0.9739130434782609,0.8529411764705882,0.9655172413793104
0.9197080291970803,0.9665096807953951,0.9862324425242447,0.9693877551020408,0.7948717948717948,0.945273631840796
0.9310344827586207,0.9778761061946902,0.9937779077947926,0.9823008849557522,0.75,0.9568965517241379
0.9490445859872612,0.988146551724138,0.997239709634573,0.984375,0.7931034482758621,0.9692307692307692
0.9703703703703703,0.9840598568640209,0.9951622254915823,0.9811320754716981,0.9310344827586207,0.9811320754716981
0.9735099337748344,0.9980214810627472,0.9995245404662995,0.9754098360655737,0.9655172413793104,0.9834710743801653
0.9508196721311475,0.9787414965986395,0.9945449732135372,0.9693877551020408,0.875,0.9693877551020408
0.9590163934426229,0.9900744416873448,0.9965388278521722,0.978021978021978,0.9032258064516129,0.9726775956284153
0.95,0.9804287045666356,0.9946016426818595,0.990990990990991,0.7931034482758621,0.9691629955947136
0.9230769230769231,0.9815682599187754,0.9935402917152409,0.9690721649484536,0.7878787878787878,0.9494949494949495
0.9473684210526315,0.9807407407407407,0.9955346410498671,0.976,0.8148148148148148,0.9682539682539683
0.9596774193548387,0.9943262411347518,0.9982000880296261,0.9893617021276596,0.8666666666666667,0.9738219895287958
0.952054794520548,0.9875222816399287,0.9943681010621852,1.0,0.8409090909090909,0.966824644549763
0.924812030075188,0.9825087456271865,0.9903550870691051,0.9885057471264368,0.8043478260869565,0.945054945054945
0.8947368421052632,0.9743589743589745,0.9881385412661468,0.945054945054945,0.7857142857142857,0.9247311827956989
0.9855072463768116,0.9978070175438596,0.9995442384639062,0.9912280701754386,0.9583333333333334,0.9912280701754386
0.9420289855072463,0.9732405672999731,0.9897700156039457,1.0,0.7837837837837838,0.9619047619047619
0.959731543624161,0.9941935483870967,0.9988472823236296,0.9596774193548387,0.96,0.9754098360655737
0.9426229508196722,0.9773130095710741,0.9920194469787309,0.978021978021978,0.8387096774193549,0.9621621621621622
0.956140350877193,0.9916897506925207,0.995936130077064,0.9605263157894737,0.9473684210526315,0.9668874172185431
0.9411764705882353,0.9801819363222872,0.9905491634853743,1.0,0.8157894736842105,0.9585798816568047
0.9765625,0.9918367346938776,0.9974475244043625,1.0,0.9,0.9849246231155779
0.9683544303797469,0.9900793650793651,0.9974555428871696,0.9841269841269841,0.90625,0.9802371541501976
0.9661016949152542,0.9920058139534884,0.9968563208369992,0.9883720930232558,0.90625,0.9770114942528736
0.9731543624161074,0.9859981933152664,0.9942986785609749,0.9907407407407407,0.926829268292683,0.981651376146789
0.9605263157894737,0.9968008531058384,0.999181804700036,0.9586776859504132,0.967741935483871,0.9747899159663865
0.9473684210526315,0.9682721712538227,0.9924665930792751,0.9908256880733946,0.75,0.968609865470852
0.9495798319327731,0.9910638297872341,0.9975663837978311,0.9680851063829787,0.88,0.9680851063829787
0.946969696969697,0.9759837962962963,0.9903627171251177,1.0,0.8055555555555556,0.964824120603015
0.9850746268656716,0.9988455988455988,0.9995999599959994,0.9797979797979798,1.0,0.9897959183673469
0.9453125,0.9771428571428571,0.993302257154314,0.98,0.8214285714285714,0.9655172413793104
0.9280575539568345,0.9811218985976268,0.993337114205344,0.9902912621359223,0.75,0.9532710280373832
0.9538461538461539,0.9749103942652331,0.9915578637682295,0.98989898989899,0.8387096774193549,0.9702970297029703
0.952054794520548,0.9916867792973988,0.9975694685630956,0.9557522123893806,0.9393939393939394,0.968609865470852
0.9491525423728814,0.9783029833397908,0.9923950258689236,0.9775280898876404,0.8620689655172413,0.9666666666666667
0.9375,0.9782366071428572,0.9931876116012647,0.9910714285714286,0.75,0.961038961038961
0.9343065693430657,0.9890444309190506,0.9967949739940078,0.9339622641509434,0.9354838709677419,0.9565217391304348
0.9622641509433962,0.9940021810250819,0.9986759729616058,0.9618320610687023,0.9642857142857143,0.9767441860465116
0.9714285714285714,0.9861111111111112,0.995577984460654,0.9907407407407407,0.90625,0.981651376146789
0.9,0.9816252587991718,0.9901934001623741,0.9642857142857143,0.782608695652174,0.9257142857142857
0.9224806201550387,0.9753086419753086,0.9927039499185951,0.9411764705882353,0.8518518518518519,0.9504950495049505
0.9345238095238095,0.9682904411764706,0.9917483665659199,0.9632352941176471,0.8125,0.9597069597069597
0.9344262295081968,0.9650238473767886,0.9840265354015996,0.9882352941176471,0.8108108108108109,0.9545454545454546
0.9224137931034483,0.9810246679316889,0.9933166211193593,0.9764705882352941,0.7741935483870968,0.9485714285714286
0.9328358208955224,0.9840984098409841,0.994766076217336,0.9702970297029703,0.8181818181818182,0.9560975609756097
0.920863309352518,0.96422893481717,0.986475647798563,0.9803921568627451,0.7567567567567568,0.9478672985781991
0.963855421686747,0.9825944170771757,0.997263931845908,0.9793103448275862,0.8571428571428571,0.9793103448275862
0.9477124183006536,0.978,0.9945653687380431,0.976,0.8214285714285714,0.9682539682539683
0.9444444444444444,0.9868827160493827,0.9955238316838316,0.9537037037037037,0.9166666666666666,0.9626168224299065
0.9196428571428571,0.9789029535864979,0.9909872149520856,1.0,0.7272727272727273,0.9461077844311377
0.9540229885057471,0.9897740784780024,0.9979445146100696,0.9793103448275862,0.8275862068965517,0.9726027397260274
0.9453125,0.972972972972973,0.9879075804362119,0.989010989010989,0.8378378378378378,0.9625668449197861
0.967479674796748,0.9938080495356038,0.9972389123843123,0.9882352941176471,0.9210526315789473,0.9767441860465116
0.9696969696969697,0.9810223446587083,0.992982258470832,0.98989898989899,0.9090909090909091,0.98
0.952,0.9878277153558053,0.9946297459988495,0.9775280898876404,0.8888888888888888,0.9666666666666667
0.9644970414201184,0.9885601577909271,0.9964333910869307,0.9923076923076923,0.8717948717948718,0.9772727272727273
0.948905109489051,0.9896331738437002,0.9956436987159833,0.9494949494949495,0.9473684210526315,0.9641025641025641
0.9689922480620154,0.9957567185289957,0.9987942248510793,0.9702970297029703,0.9642857142857143,0.98
0.9203539823008849,0.9954844006568145,0.9985918126115693,0.9880952380952381,0.7241379310344828,0.9485714285714286
0.9929078014184397,0.9993502274204029,0.9998467755965046,1.0,0.9629629629629629,0.9956331877729258
0.9705882352941176,0.9943783068783069,0.9985182205798602,0.9907407407407407,0.8928571428571429,0.981651376146789
0.9307692307692308,0.9845751633986928,0.9917380512683106,0.9647058823529412,0.8666666666666667,0.9479768786127167
0.9533333333333334,0.9856672932330827,0.9950636025457946,0.9910714285714286,0.8421052631578947,0.9694323144104804
0.9794520547945206,0.993188854489164,0.9960968084630116,1.0,0.9411764705882353,0.9844559585492227
0.9533333333333334,0.9791271347248577,0.9941115002633822,0.9831932773109243,0.8387096774193549,0.970954356846473
0.993006993006993,0.9987228607918264,0.9997033365908139,1.0,0.9629629629629629,0.9957081545064378
0.944,0.9773139745916516,0.9894966640458595,0.9770114942528736,0.868421052631579,0.96045197740113
0.9791666666666666,0.9938423645320198,0.9984983087269649,0.9913793103448276,0.9285714285714286,0.9871244635193133
0.9662162162162162,0.9791364821790786,0.9947477656208266,0.9915966386554622,0.8620689655172413,0.979253112033195
0.9911504424778761,0.9972993827160495,0.9989092914552049,1.0,0.96875,0.9938650306748467
0.9534883720930233,0.9807449494949494,0.9930633331438029,0.9791666666666666,0.8787878787878788,0.9690721649484536
0.9672131147540983,0.9904664623765747,0.9961230631537625,0.9775280898876404,0.9393939393939394,0.9775280898876404
0.9866666666666667,0.9987593052109182,0.9997439836149513,0.9838709677419355,1.0,0.991869918699187
0.9657534246575342,0.9975633528265108,0.9991446644678733,0.9629629629629629,0.9736842105263158,0.9765258215962441
0.9444444444444444,0.9811616954474097,0.9923919675408407,0.967032967032967,0.8857142857142857,0.9617486338797814
0.984251968503937,0.998102466793169,0.9993060641946123,0.989247311827957,0.9705882352941176,0.989247311827957
0.9380530973451328,0.9857723577235772,0.9915940630038858,0.9861111111111112,0.8536585365853658,0.9530201342281879
0.9508196721311475,0.9731958762886599,0.9926156334557958,1.0,0.76,0.97
0.9126984126984127,0.9808477237048666,0.9927313480111718,0.967032967032967,0.7714285714285715,0.9411764705882353
0.9568345323741008,0.9902140672782874,0.9971413506117071,0.981651376146789,0.8666666666666667,0.9727272727272728
0.9791666666666666,0.9982871824150727,0.9995421956297598,0.9911504424778761,0.9354838709677419,0.986784140969163
0.9523809523809523,0.9806102987921169,0.995587803507803,0.9752066115702479,0.8461538461538461,0.9711934156378601
0.9705882352941176,0.9814814814814815,0.9948316796369979,1.0,0.8571428571428571,0.9818181818181818
0.9852941176470589,0.9983619983619983,0.9993803572536778,0.98989898989899,0.972972972972973,0.98989898989899
0.9932885906040269,0.9992625368731564,0.9997711321330487,0.9911504424778761,1.0,0.9955555555555555
0.9685534591194969,0.9884453781512604,0.9958493930255473,0.9915966386554622,0.9,0.979253112033195
0.9568345323741008,0.9837962962962964,0.995699274384,0.9642857142857143,0.9259259259259259,0.972972972972973
0.9655172413793104,0.9881159420289855,0.9967827663343142,0.9826086956521739,0.9,0.9783549783549783
0.959731543624161,0.9749114521841794,0.9934443682687724,0.9917355371900827,0.8214285714285714,0.975609756097561
0.9743589743589743,0.9894193548387098,0.9973331188025567,1.0,0.8709677419354839,0.984251968503937
0.9733333333333334,0.9913888888888889,0.9977842321038838,0.9916666666666667,0.9,0.9834710743801653
0.9424460431654677,0.9755244755244754,0.9951290527970452,0.9572649572649573,0.8636363636363636,0.9655172413793104
0.9779411764705882,0.9940711462450592,0.9970936124346668,0.9891304347826086,0.9545454545454546,0.9837837837837838
0.9533333333333334,0.98144,0.996064443221877,0.976,0.84,0.9721115537848606
0.951048951048951,0.9842209072978303,0.9939104081583215,0.9807692307692307,0.8717948717948718,0.966824644549763
0.912,0.9750312109862671,0.9900634515035631,0.9662921348314607,0.7777777777777778,0.9398907103825137
0.9555555555555556,0.9954456733897202,0.9988006874799328,0.9811320754716981,0.8620689655172413,0.9719626168224299
0.9552238805970149,0.9908232118758434,0.996129261625409,0.968421052631579,0.9230769230769231,0.968421052631579
0.9596774193548387,0.9833333333333334,0.9941712175058115,0.9893617021276596,0.8666666666666667,0.9738219895287958
0.9390243902439024,0.96937441643324,0.9876401215809143,0.9831932773109243,0.8222222222222222,0.9590163934426229
0.9562043795620438,0.9861775651249335,0.9944687379524377,0.98989898989899,0.868421052631579,0.9702970297029703
0.9105691056910569,0.9737012987012987,0.9893326732546311,0.9545454545454546,0.8,0.9385474860335196
0.9703703703703703,0.9853968253968254,0.9954508184938249,0.9904761904761905,0.9,0.9811320754716981
0.9694656488549618,0.9945054945054945,0.9986614028018004,0.9809523809523809,0.9230769230769231,0.9809523809523809
0.9389312977099237,0.9892857142857143,0.9952650150819206,0.978021978021978,0.85,0.956989247311828
0.9785714285714285,0.9816666666666666,0.9966250095637817,1.0,0.85,0.9876543209876543
0.984251968503937,0.9974074074074074,0.9993238095238096,0.99,0.9629629629629629,0.99
0.9612403100775194,0.9858103061986557,0.9964431898438677,0.9902912621359223,0.8461538461538461,0.9760765550239234
0.9469026548672567,0.9924657534246575,0.9959496033653943,0.9863013698630136,0.875,0.96
0.9776119402985075,0.9955114575950862,0.9972422217757991,0.9879518072289156,0.9607843137254902,0.9820359281437125
0.950920245398773,0.9736164736164736,0.9916377106511854,0.9761904761904762,0.8648648648648649,0.968503937007874
0.9538461538461539,0.9825054670415495,0.9934949152559892,0.979381443298969,0.8787878787878788,0.9693877551020408
0.9699248120300752,0.9943074003795066,0.9982845526822407,0.9901960784313726,0.9032258064516129,0.9805825242718447
0.984375,0.9996980676328503,0.9998831229546518,0.9891304347826086,0.9722222222222222,0.9891304347826086
0.9166666666666666,0.9688888888888889,0.9889142504414842,0.9777777777777777,0.7333333333333333,0.946236559139785
0.9583333333333334,0.9945382323733863,0.9980783626980223,0.9811320754716981,0.8947368421052632,0.9719626168224299
0.9705882352941176,0.984973544973545,0.9958395621728754,1.0,0.8571428571428571,0.9818181818181818
0.8991596638655462,0.9678362573099415,0.985163348445071,0.9753086419753086,0.7368421052631579,0.9294117647058824
0.9716312056737588,0.9914529914529915,0.9964984589216349,0.9803921568627451,0.9487179487179487,0.9803921568627451
0.9741935483870968,0.9859017987360233,0.9958746366880862,0.9917355371900827,0.9117647058823529,0.9836065573770492
0.9448275862068966,0.9898701298701299,0.996742788218325,0.9454545454545454,0.9428571428571428,0.9629629629629629
0.958041958041958,0.9754658385093168,0.993640954113622,0.9826086956521739,0.8571428571428571,0.9741379310344828
0.95,0.9846875,0.9922039334065673,1.0,0.85,0.963855421686747
0.9793103448275862,0.9993333333333334,0.9997029702970298,0.97,1.0,0.9847715736040609
0.9358974358974359,0.9666033125169698,0.9921653662908485,0.984251968503937,0.7241379310344828,0.9615384615384616
0.9736842105263158,0.9926339285714286,0.9972191509332871,0.9910714285714286,0.925,0.9823008849557522
0.9585798816568047,0.9919562419562419,0.9988254262540908,0.9594594594594594,0.9523809523809523,0.9759450171821306
0.9477611940298507,0.9855263157894737,0.9974349651650869,0.9649122807017544,0.85,0.9691629955947136
0.95,0.9879518072289156,0.9945696627728506,0.9759036144578314,0.8918918918918919,0.9642857142857143
0.9308176100628931,0.9723424723424723,0.9924206635999671,0.9761904761904762,0.7575757575757576,0.9571984435797666
0.9495798319327731,0.9808286951144094,0.9893574427412044,1.0,0.8571428571428571,0.9625
0.9712230215827338,0.9899942824471126,0.9965963433328332,0.9905660377358491,0.9090909090909091,0.9813084112149533
0.923728813559322,0.9800443458980045,0.9890352846452996,0.987012987012987,0.8048780487804879,0.9440993788819876
0.9857142857142858,0.9992567818654775,0.9998563527975292,1.0,0.9130434782608695,0.9915254237288136
0.9538461538461539,0.9824046920821115,0.9941799365624852,0.9797979797979798,0.8709677419354839,0.97
0.9590163934426229,0.9797938144329899,0.9944680511731689,0.9896907216494846,0.84,0.9746192893401016
0.974025974025974,0.987936008392342,0.9967800174239704,1.0,0.8709677419354839,0.984
0.9274193548387096,0.981640146878825,0.9920218653256687,0.9534883720930233,0.868421052631579,0.9479768786127167
0.9622641509433962,0.9876512096774194,0.9967904660343908,0.984375,0.8709677419354839,0.9767441860465116
0.952755905511811,0.9897515527950311,0.9961883325629998,0.9891304347826086,0.8571428571428571,0.9680851063829787
0.946969696969697,0.9801920768307324,0.9927335993186359,0.9693877551020408,0.8823529411764706,0.9644670050761421
0.9583333333333334,0.9791587722622206,0.9930216065571197,1.0,0.8275862068965517,0.9732620320855615
0.9490445859872612,0.9901960784313726,0.9973028246698687,0.983739837398374,0.8235294117647058,0.968
0.9663865546218487,0.9894230769230768,0.9947179834518429,0.9875,0.9230769230769231,0.9753086419753086
0.9375,0.9813058035714286,0.9945462240855683,0.9642857142857143,0.84375,0.96
0.9251700680272109,0.9732893157262905,0.9936996104004647,0.9747899159663865,0.7142857142857143,0.9547325102880658
0.967741935483871,0.986881335718545,0.997216574678992,0.9922480620155039,0.8461538461538461,0.9808429118773946
0.9671052631578947,0.9928769291650178,0.998974356257098,0.9774436090225563,0.8947368421052632,0.9811320754716981
0.9565217391304348,0.9907595221996844,0.9942375167266173,0.9655172413793104,0.9411764705882353,0.9655172413793104
0.9379310344827586,0.9745179063360881,0.9948638517928389,0.9752066115702479,0.75,0.963265306122449
0.9571428571428572,0.9887820512820513,0.9957880095384165,0.9807692307692307,0.8888888888888888,0.9714285714285714
0.9444444444444444,0.9874942102825381,0.9982883383338859,0.952755905511811,0.8823529411764706,0.968
0.9403973509933775,0.9784257942152679,0.9927128977661743,0.9824561403508771,0.8108108108108109,0.9613733905579399
0.9727891156462585,0.9940135346173868,0.9982116399445993,1.0,0.8823529411764706,0.9826086956521739
0.9241379310344827,0.9615110477548111,0.9925303760462322,0.9672131147540983,0.6956521739130435,0.9554655870445344
0.9790209790209791,0.9978260869565218,0.9994731146776942,0.9826086956521739,0.9642857142857143,0.9868995633187773
0.9473684210526315,0.9804817275747508,0.9935214126259602,0.9883720930232558,0.8214285714285714,0.9659090909090909
0.9596774193548387,0.9898692810457516,0.9959680955656043,1.0,0.8529411764705882,0.972972972972973
0.9512195121951219,0.9907120743034056,0.9957615820768652,0.9764705882352941,0.8947368421052632,0.9651162790697675
0.9726027397260274,0.9939393939393939,0.9980117449839669,0.9727272727272728,0.9722222222222222,0.981651376146789
0.9844961240310077,0.9981060606060607,0.9993578160430838,1.0,0.9393939393939394,0.9896907216494846
0.9395973154362416,0.9780505952380953,0.9961770389021031,0.9609375,0.8095238095238095,0.9647058823529412
0.9836065573770492,0.9985507246376812,0.9995374653098985,0.9782608695652174,1.0,0.989010989010989
0.9658119658119658,0.9863970588235295,0.994596887516122,0.9882352941176471,0.90625,0.9767441860465116
0.9694656488549618,0.9887096774193548,0.9961516959495269,0.98,0.9354838709677419,0.98
0.9776119402985075,0.9972426470588236,0.9991456386535013,0.9803921568627451,0.96875,0.9852216748768473
0.9747899159663865,0.9985422740524781,0.9996917950853811,0.9795918367346939,0.9523809523809523,0.9846153846153847
0.9772727272727273,0.995625,0.9985747178955401,0.99,0.9375,0.9850746268656716
0.9624060150375939,0.9926350245499181,0.9970161744818818,0.9680851063829787,0.9487179487179487,0.9732620320855615
0.9830508474576272,0.9971988795518207,0.9989060230833906,0.9880952380952381,0.9705882352941176,0.9880952380952381
0.9683544303797469,0.989326375711575,0.9970447045438399,0.9838709677419355,0.9117647058823529,0.9799196787148594
0.961038961038961,0.9925570228091236,0.9977994208554344,0.9747899159663865,0.9142857142857143,0.9747899159663865
0.9712643678160919,0.9984438219732337,0.9997866621396032,0.9673202614379085,1.0,0.9833887043189369
0.9867549668874173,0.9995421245421245,0.9998412667057974,0.9821428571428571,1.0,0.990990990990991
0.9927007299270073,0.9995726495726496,0.999927567724178,0.9914529914529915,1.0,0.9957081545064378
0.965034965034965,0.9838921761998685,0.9962032426682045,0.9743589743589743,0.9230769230769231,0.9785407725321889
0.9808917197452229,0.9955703211517165,0.9990120131303317,0.9922480620155039,0.9285714285714286,0.9884169884169884
0.9722222222222222,0.9890764647467726,0.9959792300905917,0.9905660377358491,0.9210526315789473,0.9813084112149533
0.9402985074626866,0.9815220795490135,0.9941444687557048,0.970873786407767,0.8387096774193549,0.9615384615384616
0.986013986013986,0.9995934959349593,0.9999344348282192,0.983739837398374,1.0,0.9918032786885246
0.959349593495935,0.9868007542426147,0.9941508973603894,0.9883720930232558,0.8918918918918919,0.9714285714285714
0.9520958083832335,0.9902363823227133,0.9980271537946082,0.9640287769784173,0.8928571428571429,0.9710144927536232
0.946969696969697,0.9867659222497932,0.994497837127795,0.978494623655914,0.8717948717948718,0.9629629629629629
0.9726027397260274,0.9825396825396825,0.9970959652723318,1.0,0.8,0.984375
0.9545454545454546,0.9917496443812233,0.9968924718911422,0.9894736842105263,0.8648648648648649,0.9690721649484536
0.9856115107913669,0.9949275362318841,0.9989256624460399,1.0,0.9166666666666666,0.9913793103448276
0.9586206896551724,0.9727536231884059,0.9922710109001953,0.9826086956521739,0.8666666666666667,0.9741379310344828
0.9236641221374046,0.9763736263736263,0.9894678921933762,0.978021978021978,0.8,0.9468085106382979
0.9477611940298507,0.9629357798165137,0.9909140829390881,0.9908256880733946,0.76,0.968609865470852
0.9699248120300752,0.9884572072072072,0.9951594202605677,0.9791666666666666,0.9459459459459459,0.9791666666666666
0.9659863945578231,0.9866518353726362,0.9960582346069103,1.0,0.8387096774193549,0.9789029535864979
0.9347826086956522,0.9784858387799564,0.9921327766845371,0.9803921568627451,0.8055555555555556,0.9569377990430622
0.9178082191780822,0.9506350347471842,0.9802939154991268,0.9719626168224299,0.7692307692307693,0.9454545454545454
0.9310344827586207,0.9554848966613672,0.9857298888813987,0.9819819819819819,0.7647058823529411,0.956140350877193
0.9869281045751634,0.9944482997918112,0.9990245700740125,0.9923664122137404,0.9545454545454546,0.9923664122137404
0.9512195121951219,0.9892920880428316,0.994495136150037,0.975609756097561,0.9024390243902439,0.963855421686747
0.9291338582677166,0.9588888888888889,0.9880660084543983,0.97,0.7777777777777778,0.9556650246305419
0.9567901234567902,0.9810699588477366,0.9958678845527572,0.9777777777777777,0.8518518518518519,0.974169741697417
0.9387755102040817,0.9860566448801743,0.9934608507642372,0.9705882352941176,0.8666666666666667,0.9565217391304348
0.9784172661870504,0.998638529611981,0.9996921893035784,0.9823008849557522,0.9615384615384616,0.9866666666666667
0.9481481481481482,0.9787621359223301,0.9928824195755219,0.970873786407767,0.875,0.966183574879227
0.9739130434782609,0.9950738916256157,0.9984315281821995,0.9885057471264368,0.9285714285714286,0.9828571428571429
0.9454545454545454,0.9872147915027537,0.9957077559374411,0.967741935483871,0.8780487804878049,0.963855421686747
0.9242424242424242,0.9568627450980393,0.9864191083161589,0.9901960784313726,0.7,0.9528301886792453
0.9457364341085271,0.9874551971326165,0.9950306446490039,0.989247311827957,0.8333333333333334,0.9633507853403142
0.9424460431654677,0.9801120448179271,0.9934705516034756,1.0,0.7647058823529411,0.963302752293578
0.9784172661870504,0.9984326018808778,0.9995948482674145,0.9818181818181818,0.9655172413793104,0.9863013698630136
0.9193548387096774,0.9816250358886018,0.9899707995906981,0.9753086419753086,0.813953488372093,0.9404761904761905
0.9748427672955975,0.9963824289405685,0.9991712700823729,0.9844961240310077,0.9333333333333333,0.9844961240310077
0.967479674796748,0.9853128991060025,0.9932426227515476,1.0,0.8888888888888888,0.9775280898876404
0.9523809523809523,0.9915499758570738,0.9971029867384819,0.9724770642201835,0.8947368421052632,0.9680365296803652
0.9545454545454546,0.9864004629629629,0.9948039979355906,0.9895833333333334,0.8611111111111112,0.9693877551020408
0.9461538461538461,0.9841783531103919,0.995746252999279,0.970873786407767,0.8518518518518519,0.966183574879227
0.9554140127388535,0.9797900262467192,0.9948316850453998,0.9763779527559056,0.8666666666666667,0.9725490196078431
0.9625,0.9946236559139785,0.998435213037089,0.967741935483871,0.9444444444444444,0.975609756097561
0.9779411764705882,0.9987711213517665,0.999644746787604,0.9809523809523809,0.967741935483871,0.9856459330143541
0.993421052631579,0.9994239631336406,0.9998704474505724,1.0,0.9642857142857143,0.9959839357429718
0.9323308270676691,0.9788108791903858,0.9935844486653856,0.9803921568627451,0.7741935483870968,0.9569377990430622
0.9391304347826087,0.981118373275236,0.9919199742994427,1.0,0.7941176470588235,0.9585798816568047
0.958904109589041,0.9978070175438597,0.9992312151510264,0.9537037037037037,0.9736842105263158,0.9716981132075472
0.9797297297297297,0.9883764529433821,0.9979886376043663,0.984251968503937,0.9523809523809523,0.9881422924901185
0.9391304347826087,0.9867857142857143,0.9941996793462861,0.975,0.8571428571428571,0.9570552147239264
0.9781021897810219,0.9956293706293706,0.998583896535436,0.9903846153846154,0.9393939393939394,0.9856459330143541
0.9615384615384616,0.993315896541703,0.9974019044921845,0.978494623655914,0.918918918918919,0.9732620320855615
0.9571428571428572,0.9799635701275045,0.9967584398002509,0.9754098360655737,0.8333333333333334,0.9754098360655737
0.96875,0.9921768707482993,0.997603039480319,0.9897959183673469,0.9,0.9797979797979798
0.9829545454545454,0.9982949701619779,0.9997459003151602,0.9803921568627451,1.0,0.9900990099009901
0.952755905511811,0.996031746031746,0.9984943125577513,0.978021978021978,0.8888888888888888,0.967391304347826
0.965034965034965,0.9779750164365548,0.9946815251467278,0.9914529914529915,0.8461538461538461,0.9789029535864979
0.9571428571428572,0.9781931464174455,0.9928000312894381,0.9813084112149533,0.8787878787878788,0.9722222222222222
0.9545454545454546,0.97677793904209,0.9940169752952541,0.9811320754716981,0.8461538461538461,0.9719626168224299
0.9787234042553191,0.9924242424242424,0.9975369624360411,1.0,0.9090909090909091,0.9863013698630136
0.968503937007874,0.9890804597701149,0.9943941807913642,0.9770114942528736,0.95,0.9770114942528736
0.957983193277311,0.996474358974359,0.9983918432350087,0.9875,0.8974358974358975,0.9693251533742331
0.9520958083832335,0.980873180873181,0.9941654799640958,1.0,0.7837837837837838,0.9701492537313433
0.9586206896551724,0.9861751152073732,0.9976369234964326,0.967741935483871,0.9047619047619048,0.975609756097561
0.9533333333333334,0.9877457965232259,0.9968968266443908,0.9752066115702479,0.8620689655172413,0.9711934156378601
0.9493670886075949,0.979020979020979,0.9954497120553591,0.9696969696969697,0.8461538461538461,0.9696969696969697
0.9627329192546584,0.9867330016583749,0.9971452762188812,0.9701492537313433,0.9259259259259259,0.9774436090225563
0.9523809523809523,0.9919339350873824,0.9973540317706385,0.9606299212598425,0.926829268292683,0.9682539682539683
0.9305555555555556,0.9580213903743315,0.9863787105595261,0.9818181818181818,0.7647058823529411,0.9557522123893806
0.9568345323741008,0.9852941176470589,0.997452037757893,0.9831932773109243,0.8,0.975
0.948905109489051,0.9850882531953744,0.9955054340932465,0.9622641509433962,0.9032258064516129,0.966824644549763
0.9384615384615385,0.976950354609929,0.9906999244287882,0.9680851063829787,0.8611111111111112,0.9578947368421052
0.9575757575757575,0.9862187769164513,0.9961071143340388,0.9689922480620154,0.9166666666666666,0.9727626459143969
0.9469026548672567,0.9839971550497866,0.9920271507917412,0.9868421052631579,0.8648648648648649,0.9615384615384616
0.958904109589041,0.9959016393442622,0.9992067689053412,0.9508196721311475,1.0,0.9747899159663865
0.9517241379310345,0.9748901443816698,0.9939056597562377,0.9745762711864406,0.8518518518518519,0.9704641350210971
0.9703703703703703,0.9850859453993933,0.9924016265913275,0.9891304347826086,0.9302325581395349,0.978494623655914
0.9642857142857143,0.9944148260979945,0.9977548700559543,0.9702970297029703,0.9487179487179487,0.9751243781094527
0.96875,0.9920186232125041,0.9974163862836336,0.979381443298969,0.9354838709677419,0.979381443298969
0.959731543624161,0.9806547619047619,0.9967012576488506,0.96875,0.9047619047619048,0.9763779527559056
0.9585798816568047,0.9845614035087719,0.9979703012859273,0.9733333333333334,0.8421052631578947,0.9765886287625418
0.972027972027972,0.9891304347826086,0.9971478154883876,0.991304347826087,0.8928571428571429,0.9827586206896551
0.9482758620689655,0.978744939271255,0.988581249575378,0.9871794871794872,0.868421052631579,0.9625
0.9831460674157303,0.9973856209150327,0.999572168319653,0.9869281045751634,0.96,0.9901639344262295
0.9496402877697842,0.9776758409785933,0.9934785617784141,0.9724770642201835,0.8666666666666667,0.9680365296803652
0.9573170731707317,0.9828358208955223,0.9959260924277843,0.9776119402985075,0.8666666666666667,0.9739776951672863
0.958904109589041,0.9859972677595629,0.9971153468738223,0.9754098360655737,0.875,0.9754098360655737
0.9714285714285714,0.994052676295667,0.9981763789369748,0.9906542056074766,0.9090909090909091,0.9814814814814815
0.9746835443037974,0.9917355371900827,0.9974335457195938,0.9917355371900827,0.918918918918919,0.9836065573770492
0.959731543624161,0.9802123552123553,0.9930876482547892,0.9821428571428571,0.8918918918918919,0.9734513274336283
0.9635036496350365,0.9914942528735633,0.9950689902887897,0.9885057471264368,0.92,0.9717514124293786
0.9361702127659575,0.987098623853211,0.9962623266912483,0.9724770642201835,0.8125,0.9592760180995475
0.98125,0.9889069264069265,0.9974907286445884,1.0,0.8928571428571429,0.9887640449438202
0.90625,0.972054163065399,0.9880468924266486,0.9550561797752809,0.7948717948717948,0.9340659340659341
0.9586206896551724,0.988388969521045,0.9956431576227641,0.9716981132075472,0.9230769230769231,0.9716981132075472
0.9933774834437086,0.9956989247311828,0.9988359597300985,1.0,0.967741935483871,0.995850622406639
0.951048951048951,0.9875058934464875,0.9948667201157911,1.0,0.8333333333333334,0.9665071770334929
0.9647887323943662,0.9944008958566629,0.997279132050731,0.968421052631579,0.9574468085106383,0.9735449735449735
0.9527027027027027,0.9785365853658536,0.9954564337857811,0.991869918699187,0.76,0.9721115537848606
0.9259259259259259,0.9817997977755307,0.9908855731586409,0.9565217391304348,0.8604651162790697,0.946236559139785
0.9541984732824428,0.9788690476190477,0.9916898343290973,1.0,0.8285714285714286,0.9696969696969697
0.9632352941176471,0.9867466866716679,0.9936182877859985,0.978494623655914,0.9302325581395349,0.9732620320855615
0.9602649006622517,0.9854819976771196,0.9964602259432151,0.975609756097561,0.8928571428571429,0.975609756097561
0.9420289855072463,0.985014717687985,0.994544713217504,0.9801980198019802,0.8378378378378378,0.9611650485436893
0.971830985915493,0.9958298582151793,0.9987468529382848,0.981651376146789,0.9393939393939394,0.981651376146789
0.9305555555555556,0.9730049727681743,0.9879784026553815,0.9902912621359223,0.7804878048780488,0.9532710280373832
0.9357142857142857,0.9576797869192069,0.9875166372234967,0.9908256880733946,0.7419354838709677,0.96
0.9640287769784173,0.9963522668056278,0.9986631849998189,0.9702970297029703,0.9473684210526315,0.9751243781094527
0.9626865671641791,0.9909029649595688,0.9975433298271501,0.9811320754716981,0.8928571428571429,0.9765258215962441
0.9459459459459459,0.9785365853658536,0.9955273928103386,0.967479674796748,0.84,0.967479674796748
0.9477611940298507,0.9902291105121294,0.9974047270753775,0.9528301886792453,0.9285714285714286,0.9665071770334929
0.9666666666666667,0.984801488833747,0.9965930597527685,0.9838709677419355,0.8846153846153846,0.9799196787148594
0.9555555555555556,0.9786036036036035,0.9950180995038341,0.972972972972973,0.875,0.972972972972973
0.9539473684210527,0.9867896311066799,0.9960970377132952,0.9830508474576272,0.8529411764705882,0.9707112970711297
0.9770992366412213,0.9979195561719834,0.9994452149791955,0.970873786407767,1.0,0.9852216748768473
0.9710982658959537,0.988695652173913,0.9981414008125216,0.98,0.9130434782608695,0.9832775919732442
0.943089430894309,0.9790697674418605,0.9879998845766612,1.0,0.8372093023255814,0.9580838323353293
0.9551282051282052,0.9712891185759402,0.9934064107661127,0.9767441860465116,0.8518518518518519,0.972972972972973
0.9465648854961832,0.9805825242718447,0.9944345602263571,0.9805825242718447,0.8214285714285714,0.9665071770334929
0.9694656488549618,0.9923076923076923,0.996576442168073,0.989010989010989,0.925,0.9782608695652174
0.9214285714285714,0.9774149659863945,0.992299815825634,0.9809523809523809,0.7428571428571429,0.9493087557603687
0.9590163934426229,0.993103448275862,0.9973108997296208,0.9885057471264368,0.8857142857142857,0.9717514124293786
0.9637681159420289,0.9864197530864198,0.9961106039868527,0.9814814814814815,0.9,0.9769585253456221
0.94,0.9777777777777779,0.9943965021486026,0.95,0.9,0.9620253164556962
0.9752066115702479,0.9984365228267666,0.9992687228459587,0.9634146341463414,1.0,0.9813664596273292
0.9518072289156626,0.9826604554865425,0.9962167658353882,0.9927536231884058,0.75,0.9716312056737588
0.9712230215827338,0.9944356120826708,0.9979930329091379,0.9901960784313726,0.918918918918919,0.9805825242718447
0.967479674796748,0.9913978494623656,0.9971449555389347,0.989247311827957,0.9,0.9787234042553191
0.9424460431654677,0.9915848527349228,0.9958526612662935,0.978494623655914,0.8695652173913043,0.9578947368421052
0.9583333333333334,0.9894736842105264,0.9970958616241412,0.9649122807017544,0.9333333333333333,0.9734513274336283
0.9349593495934959,0.979381443298969,0.9941935094720811,0.9690721649484536,0.8076923076923077,0.9591836734693877
0.9875776397515528,0.9960297766749379,0.999048268278091,1.0,0.9354838709677419,0.9923664122137404
0.9375,0.9682881773399015,0.9917318938535955,0.9655172413793104,0.8214285714285714,0.9613733905579399
0.9527027027027027,0.9759797724399495,0.9921219240348241,1.0,0.8,0.9699570815450643
0.9354838709677419,0.9898543184183142,0.9974564697015594,0.9516129032258065,0.8709677419354839,0.959349593495935
0.9591836734693877,0.9813114754098361,0.9959150707249939,0.9836065573770492,0.84,0.975609756097561
0.9574468085106383,0.9775600505689002,0.9941843272146327,0.9911504424778761,0.8214285714285714,0.9739130434782609
0.9664429530201343,0.9835423197492164,0.9945053458693269,0.9827586206896551,0.9090909090909091,0.9785407725321889
0.9507042253521126,0.9866151866151867,0.9950719144969857,0.9809523809523809,0.8648648648648649,0.9671361502347418
0.9577464788732394,0.9908280922431866,0.9969049472973386,0.9716981132075472,0.9166666666666666,0.9716981132075472
0.9767441860465116,0.9975862068965516,0.9993048128342247,0.98,0.9655172413793104,0.9849246231155779
0.958041958041958,0.9875661375661375,0.9959078238255561,0.9907407407407407,0.8571428571428571,0.9727272727272728
0.9741935483870968,0.9835309617918313,0.9968288334369177,0.9848484848484849,0.9130434782608695,0.9848484848484849
0.9166666666666666,0.9757231404958678,0.9871948647211646,0.9659090909090909,0.8181818181818182,0.9392265193370166
0.9206349206349206,0.9840153452685423,0.9939967165000242,0.9456521739130435,0.8529411764705882,0.9456521739130435
0.9664804469273743,0.9754022988505746,0.994938850399489,0.9933333333333333,0.8275862068965517,0.9802631578947368
0.9558011049723757,0.9882051282051282,0.998055610798425,0.9743589743589743,0.84,0.9743589743589743
0.9444444444444444,0.9656084656084657,0.9945357336206007,0.9603174603174603,0.8333333333333334,0.968
0.9607843137254902,0.9848484848484849,0.9955365182137204,0.975,0.9090909090909091,0.975
0.9465648854961832,0.9822580645161291,0.9942445678483236,0.97,0.8709677419354839,0.9651741293532339
0.9770992366412213,0.9935767410412442,0.9981410449906163,0.9803921568627451,0.9655172413793104,0.9852216748768473
0.9854014598540146,0.9993913572732805,0.9998236642567448,0.9811320754716981,1.0,0.9904761904761905
0.9774436090225563,0.9962049335863378,0.9988229503315721,0.9901960784313726,0.9354838709677419,0.9853658536585366
0.9851851851851852,0.9910714285714285,0.9980275200879007,1.0,0.9130434782608695,0.9911504424778761
0.9536423841059603,0.987603305785124,0.9966518187249885,0.9669421487603306,0.9,0.970954356846473
0.943089430894309,0.9949494949494949,0.9987997623291739,0.9595959595959596,0.875,0.9644670050761421
0.9855072463768116,0.998998998998999,0.9997593862697906,0.990990990990991,0.9629629629629629,0.990990990990991
0.9534883720930233,0.9951675257731959,0.9984562915851581,0.9690721649484536,0.90625,0.9690721649484536
0.9343065693430657,0.981619937694704,0.9945791612975036,0.9439252336448598,0.9,0.957345971563981
0.9523809523809523,0.9874363327674024,0.9957530993618784,0.9578947368421052,0.9354838709677419,0.9680851063829787
0.9294871794871795,0.9847741935483871,0.9962886636420745,0.952,0.8387096774193549,0.9558232931726908
0.9597701149425287,0.985,0.997477483382364,0.98,0.8333333333333334,0.9767441860465116
0.9635036496350365,0.9951308581862447,0.9985884691212105,0.9716981132075472,0.9354838709677419,0.976303317535545
0.9609375,0.996009311606252,0.9987161771607547,0.9690721649484536,0.9354838709677419,0.9740932642487047
0.9205298013245033,0.9728506787330315,0.9921055096134226,0.9658119658119658,0.7647058823529411,0.9495798319327731
0.9642857142857143,0.9861673414304993,0.9968435504188841,0.9912280701754386,0.8461538461538461,0.9783549783549783
0.9645390070921985,0.97724399494311,0.993864409767612,1.0,0.8214285714285714,0.9783549783549783
0.9625,0.9820828667413214,0.9974424741039114,0.9858156028368794,0.7894736842105263,0.9788732394366197
0.9726027397260274,0.9885057471264368,0.9967194387223625,0.9827586206896551,0.9333333333333333,0.9827586206896551
0.9735099337748344,0.9873846153846154,0.9971584755612746,0.984,0.9230769230769231,0.984
0.9642857142857143,0.9853658536585366,0.9940853488981112,1.0,0.8666666666666667,0.9761904761904762
0.9246575342465754,0.9471153846153847,0.9877972942824885,0.9833333333333333,0.6538461538461539,0.9554655870445344
0.9637681159420289,0.9876373626373627,0.9969095537147559,0.9732142857142857,0.9230769230769231,0.9775784753363229
0.9428571428571428,0.9761376248612652,0.9917545263427412,0.9811320754716981,0.8235294117647058,0.9629629629629629
0.9473684210526315,0.9710937500000001,0.9915267217920587,0.975,0.84375,0.9669421487603306
0.9645390070921985,0.990518331226296,0.997651861998326,0.9823008849557522,0.8928571428571429,0.9779735682819384
0.9751552795031055,0.9944373127941806,0.9982061859882223,0.983739837398374,0.9473684210526315,0.983739837398374
0.967741935483871,0.987028657616893,0.9933090028486529,0.9882352941176471,0.9230769230769231,0.9767441860465116
0.9366197183098591,0.9539124668435013,0.9888620644640356,0.9913793103448276,0.6923076923076923,0.9623430962343096
0.9710144927536232,0.9876394332227917,0.995909582829641,0.9813084112149533,0.9354838709677419,0.9813084112149533
0.9590163934426229,0.9924963924963924,0.9956376671527283,1.0,0.8888888888888888,0.9685534591194969
0.9810126582278481,0.9875621890547264,0.997542233675009,0.9925373134328358,0.9166666666666666,0.9888475836431226
0.9647887323943662,0.9974431818181818,0.9992759452936443,0.9727272727272728,0.9375,0.9771689497716894
0.9791666666666666,0.989454732510288,0.9961003468339883,0.9907407407407407,0.9444444444444444,0.9861751152073732
0.9696969696969697,0.9970517287590458,0.9986664417879125,0.978021978021978,0.9512195121951219,0.978021978021978
0.9473684210526315,0.9776881720430107,0.9899344287627169,0.989247311827957,0.85,0.9633507853403142
0.9603174603174603,0.9794238683127571,0.994017631280811,0.98989898989899,0.8518518518518519,0.9751243781094527
0.9424460431654677,0.9825688073394495,0.9952883800081216,0.9541284403669725,0.9,0.9629629629629629
0.9420289855072463,0.9754689754689755,0.9914904709948404,0.9809523809523809,0.8181818181818182,0.9626168224299065
0.9508196721311475,0.9895833333333334,0.994389575276784,0.9875,0.8809523809523809,0.9634146341463414
0.9691358024691358,0.9942960850401866,0.9987504676086527,0.9699248120300752,0.9655172413793104,0.9809885931558935
0.9230769230769231,0.9780555555555556,0.9900841464888683,0.9666666666666667,0.825,0.9456521739130435
0.948905109489051,0.9899159663865547,0.996574621606486,0.9705882352941176,0.8857142857142857,0.9658536585365853
0.9559748427672956,0.9820971867007672,0.9968026164028224,0.9852941176470589,0.782608695652174,0.9745454545454545
0.972972972972973,0.9930434782608695,0.998729378739595,0.976,0.9565217391304348,0.9838709677419355
0.95,0.9818774918448714,0.9931221406071553,0.9775280898876404,0.8709677419354839,0.9666666666666667
0.959349593495935,0.9894578313253012,0.9948237684419694,0.9759036144578314,0.925,0.9700598802395209
0.9298245614035088,0.9834868212130835,0.9888968500065292,0.9552238805970149,0.8936170212765957,0.9411764705882353
0.959731543624161,0.9909665763324301,0.9965680732578792,0.9722222222222222,0.926829268292683,0.9722222222222222
0.95,0.9713684210526315,0.9919726391696752,0.9789473684210527,0.84,0.96875
0.9370629370629371,0.9770114942528735,0.9939339735182212,0.9824561403508771,0.7586206896551724,0.9613733905579399
0.9370629370629371,0.9837758112094395,0.9954521386881641,0.9557522123893806,0.8666666666666667,0.96
0.9923076923076923,0.9977777777777778,0.9989864707663135,1.0,0.975,0.994475138121547
0.9178082191780822,0.9613486842105262,0.9889057871310136,0.9824561403508771,0.6875,0.9491525423728814
0.9626865671641791,0.9820588235294119,0.9935626973405913,1.0,0.8529411764705882,0.975609756097561
0.9705882352941176,0.9962264150943396,0.9988850743777538,0.9716981132075472,0.9666666666666667,0.9809523809523809
0.9627329192546584,0.9857142857142857,0.9977707926736352,0.9857142857142858,0.8095238095238095,0.9787234042553191
0.9491525423728814,0.9763257575757576,0.9944875234291561,0.9791666666666666,0.8181818181818182,0.9690721649484536
0.9829059829059829,0.9985569985569986,0.9994462901439646,1.0,0.9393939393939394,0.9882352941176471
0.9369369369369369,0.9841549295774649,0.9907846466606614,0.971830985915493,0.875,0.9517241379310345
0.9635036496350365,0.9762629336579427,0.9925775812943171,0.9905660377358491,0.8709677419354839,0.9767441860465116
0.9746835443037974,0.9916698220371072,0.9988500759352603,0.9856115107913669,0.8947368421052632,0.9856115107913669
0.9693251533742331,0.9825012866700978,0.9959713817416966,1.0,0.8275862068965517,0.9816849816849816
0.9883040935672515,0.9991496598639457,0.9998624112933309,0.9863945578231292,1.0,0.9931506849315068
0.9791666666666666,0.998907998907999,0.9996810970262298,0.9819819819819819,0.9696969696969697,0.9864253393665159
0.9492753623188406,0.9751461988304093,0.994400823931248,0.9824561403508771,0.7916666666666666,0.9696969696969697
0.9557522123893806,0.9982876712328768,0.9991218826835266,1.0,0.875,0.9668874172185431
0.9365079365079365,0.9770348837209302,0.988193502969258,0.9651162790697675,0.875,0.9540229885057471
0.9518072289156626,0.978108847674065,0.9959671525710994,0.965034965034965,0.8695652173913043,0.971830985915493
0.916030534351145,0.9812367864693446,0.9908722876271256,0.9886363636363636,0.7674418604651163,0.9405405405405406
0.9342105263157895,0.9775910364145658,0.9934863871350866,0.957983193277311,0.8484848484848485,0.957983193277311
0.9523809523809523,0.975457732761979,0.9969674579486377,0.9668874172185431,0.8235294117647058,0.9733333333333334
0.9699248120300752,0.9953271028037384,0.998881927680645,0.9813084112149533,0.9230769230769231,0.9813084112149533
0.9841269841269841,0.9984816276951108,0.9993714466318936,0.9887640449438202,0.972972972972973,0.9887640449438202
0.9473684210526315,0.9796875,0.9942286998965277,0.9666666666666667,0.875,0.9666666666666667
0.9925373134328358,0.9979231568016614,0.9995037631296005,0.9906542056074766,1.0,0.9953051643192489
0.946969696969697,0.9857222844344906,0.9942292441923872,0.9893617021276596,0.8421052631578947,0.9637305699481865
0.9455782312925171,0.98479427549195,0.9934127316266446,0.9807692307692307,0.8604651162790697,0.9622641509433962
0.9444444444444444,0.9811629811629812,0.994168110392544,0.990990990990991,0.7878787878787878,0.9649122807017544
0.9534883720930233,0.9922206506364922,0.9979139855993702,0.9702970297029703,0.8928571428571429,0.9702970297029703
0.9485294117647058,0.9847174163783161,0.9948588807161478,0.9901960784313726,0.8235294117647058,0.9665071770334929
0.9310344827586207,0.9746679783571077,0.9906356493868638,0.9532710280373832,0.868421052631579,0.9532710280373832
0.9635036496350365,0.9936026936026936,0.9984410350456355,0.9727272727272728,0.9259259259259259,0.9771689497716894
0.9609375,0.9894886363636364,0.9952282284960134,0.9886363636363636,0.9,0.9720670391061452
0.9555555555555556,0.9889473684210527,0.995084785925719,0.9789473684210527,0.9,0.96875
0.9590163934426229,0.9836257309941521,0.9951180942099312,0.9789473684210527,0.8888888888888888,0.9738219895287958
0.9585798816568047,0.9848123883263847,0.997508474835433,0.9726027397260274,0.8695652173913043,0.9759450171821306
0.9794520547945206,0.9978813559322034,0.9995073408016397,0.9745762711864406,1.0,0.9871244635193133
0.9523809523809523,0.9809281627463445,0.9955972769488275,0.9834710743801653,0.8076923076923077,0.9714285714285714
0.9629629629629629,0.992221934145709,0.998286265939162,0.9699248120300752,0.9310344827586207,0.9772727272727273
0.948905109489051,0.9849999999999999,0.9964740057270906,0.9553571428571429,0.92,0.9683257918552036
0.9849624060150376,0.9865612648221344,0.9968927143681781,1.0,0.9130434782608695,0.990990990990991
0.9333333333333333,0.9839473684210527,0.9927826532320434,0.968421052631579,0.85,0.9533678756476683
0.9538461538461539,0.9853316326530612,0.995113847563083,0.9795918367346939,0.875,0.9696969696969697
0.9659863945578231,0.9904040404040404,0.9988678187695981,0.9696969696969697,0.9333333333333333,0.9808429118773946
0.9432624113475178,0.9743386243386244,0.990445502504418,0.9809523809523809,0.8333333333333334,0.9626168224299065
0.907563025210084,0.9816326530612245,0.9872256950938894,0.9714285714285714,0.8163265306122449,0.9251700680272109
0.9621212121212122,0.9947964493419038,0.9982882441608606,0.98989898989899,0.8787878787878788,0.9751243781094527
0.9461538461538461,0.9791441927364257,0.9943064715371551,0.9902912621359223,0.7777777777777778,0.966824644549763
0.953125,0.9857954545454546,0.9928363482882918,0.9659090909090909,0.925,0.9659090909090909
0.96,0.9849600000000001,0.9968263108079616,0.984,0.84,0.9761904761904762
0.9186991869918699,0.9623493975903614,0.9807479305668946,1.0,0.75,0.9431818181818182
0.9609375,0.9815394242803505,0.9929372900847873,1.0,0.8529411764705882,0.9740932642487047
0.9461077844311377,0.9849448685326547,0.9956089428399608,0.9770992366412213,0.8333333333333334,0.9660377358490566
0.9029850746268657,0.9545148247978437,0.9873909960748312,0.9528301886792453,0.7142857142857143,0.9395348837209302
0.9615384615384616,0.9948549084173699,0.9980247318780999,0.9911504424778761,0.8837209302325582,0.9739130434782609
0.967948717948718,0.9924242424242424,0.9985763169722172,0.9772727272727273,0.9166666666666666,0.9809885931558935
0.9621212121212122,0.9830687830687831,0.9950238371617557,0.9714285714285714,0.9259259259259259,0.9760765550239234
0.9867549668874173,0.9936120789779326,0.9985153700250423,1.0,0.9285714285714286,0.9919354838709677
0.9668508287292817,0.9875102375102376,0.9971130803071275,0.9864864864864865,0.8787878787878788,0.9798657718120806
0.9727891156462585,0.9891975308641975,0.9974212786046529,0.9833333333333333,0.9259259259259259,0.9833333333333333
0.9426229508196722,0.9840425531914895,0.9950254269776022,0.9574468085106383,0.8928571428571429,0.9625668449197861
0.9375,0.9812734082397003,0.9916529656823716,0.9887640449438202,0.8205128205128205,0.9565217391304348
0.9624060150375939,0.9912725225225225,0.9966365555685008,0.9895833333333334,0.8918918918918919,0.9743589743589743
0.9476744186046512,0.9721583652618135,0.9946600470073887,0.9793103448275862,0.7777777777777778,0.9692832764505119
0.9692307692307692,0.9915824915824916,0.9982442458579887,0.9722222222222222,0.9545454545454546,0.9813084112149533
0.9795918367346939,0.992,0.998547762023234,0.992,0.9090909090909091,0.9880478087649402
0.9375,0.9820419022281344,0.994004207114589,0.979381443298969,0.8064516129032258,0.9595959595959596
0.9727891156462585,0.9884353741496599,0.9949784325729688,1.0,0.9047619047619048,0.9813084112149533
0.9457364341085271,0.9746153846153847,0.9934348526641923,0.9711538461538461,0.84,0.9665071770334929
0.9624060150375939,0.9912648497554157,0.997822792970543,0.9905660377358491,0.8518518518518519,0.9767441860465116
0.9834710743801653,0.9935643564356436,0.9986910909970546,1.0,0.9,0.9901960784313726
0.9343065693430657,0.9867567567567568,0.9950110579101427,0.99,0.7837837837837838,0.9565217391304348
0.9782608695652174,0.9959299959299959,0.9992484468555963,0.9829059829059829,0.9523809523809523,0.9871244635193133
0.9496402877697842,0.9920329670329671,0.9973102092882017,0.9519230769230769,0.9428571428571428,0.9658536585365853
0.9733333333333334,0.9983552631578948,0.9994571558205859,0.9910714285714286,0.9210526315789473,0.9823008849557522
0.9363057324840764,0.9612448620082207,0.9917968696040257,0.9694656488549618,0.7692307692307693,0.9621212121212122
0.9448818897637795,0.9904761904761904,0.9951949149212765,0.9764705882352941,0.8809523809523809,0.9595375722543352
0.9333333333333333,0.9810066476733144,0.9908874796848446,0.9876543209876543,0.8205128205128205,0.9523809523809523
0.9761904761904762,0.9990224828934506,0.9996639784946237,0.989247311827957,0.9393939393939394,0.983957219251337
0.9696969696969697,0.9957147229874502,0.9985525697168632,0.9696969696969697,0.9696969696969697,0.9795918367346939
0.9495798319327731,0.9851265822784809,0.9922056625365392,1.0,0.85,0.9634146341463414
0.9224806201550387,0.9758513931888545,0.9913109508721067,0.9473684210526315,0.8529411764705882,0.9473684210526315
0.9481481481481482,0.9774603174603174,0.9931088372127131,0.9809523809523809,0.8333333333333334,0.9671361502347418
0.9470198675496688,0.9871980676328503,0.9956593774615008,0.9739130434782609,0.8611111111111112,0.9655172413793104
0.9746835443037974,0.9950396825396826,0.9987045249515102,0.9761904761904762,0.96875,0.984
0.976878612716763,0.9818007662835249,0.9960342709239216,1.0,0.8620689655172413,0.9863013698630136
0.925,0.9894179894179893,0.9955911272270281,0.9166666666666666,0.9444444444444444,0.9447852760736196
0.9624060150375939,0.9897959183673469,0.9951539172947789,1.0,0.8809523809523809,0.9732620320855615
1.0,1.0,0.9999999999999999,1.0,1.0,1.0
0.9152542372881356,0.9861111111111112,0.9940435765573983,0.9878048780487805,0.75,0.9418604651162791
0.9779411764705882,0.9933247753530166,0.9968546561818333,0.9894736842105263,0.9512195121951219,0.9842931937172775
0.951048951048951,0.9808558558558559,0.9941203657632711,0.9819819819819819,0.84375,0.9688888888888889
0.9428571428571428,0.9851551956815114,0.9965226275721929,0.9649122807017544,0.8461538461538461,0.9649122807017544
0.9629629629629629,0.9751861042183623,0.9918558125677164,0.9903846153846154,0.8709677419354839,0.976303317535545
0.9664429530201343,0.9949579831932773,0.9987566260242067,0.9663865546218487,0.9666666666666667,0.9787234042553191
0.9675324675324676,0.9870344827586206,0.9968262798338257,0.992,0.8620689655172413,0.9802371541501976
0.9760479041916168,0.9947817836812145,0.9987825014023702,0.9926470588235294,0.9032258064516129,0.9854014598540146
0.9703703703703703,0.9923809523809524,0.9977825881974711,0.9714285714285714,0.9666666666666667,0.9807692307692307
0.9781021897810219,0.9969072164948454,0.9987176154554092,1.0,0.925,0.9847715736040609
0.9242424242424242,0.9684782608695652,0.9857682036600309,0.9782608695652174,0.8,0.9473684210526315
0.924812030075188,0.9505968169761274,0.9855053516805644,0.9807692307692307,0.7241379310344828,0.9532710280373832
0.9570552147239264,0.9878339694656488,0.9968129853660238,0.9694656488549618,0.90625,0.9731800766283525
0.9558823529411765,0.9843696907917092,0.9960368992930672,0.9908256880733946,0.8148148148148148,0.972972972972973
0.958904109589041,0.9893867924528302,0.9959899292010777,0.9716981132075472,0.925,0.9716981132075472
0.9455782312925171,0.9769736842105263,0.9964475727051256,0.96875,0.7894736842105263,0.96875
0.9916666666666667,0.9979831932773109,0.9991593460980536,1.0,0.9714285714285714,0.9941520467836257
0.9805194805194806,0.998079231692677,0.999443681405991,0.9831932773109243,0.9714285714285714,0.9873417721518988
0.9276315789473685,0.9614583333333333,0.9894976302254914,0.975,0.75,0.9551020408163265
0.9583333333333334,0.9890374331550802,0.9964535436478198,0.9727272727272728,0.9117647058823529,0.9727272727272728
0.9436619718309859,0.9832163564235582,0.995597795702064,0.9646017699115044,0.8620689655172413,0.9646017699115044
0.9606299212598425,0.9875672043010753,0.9958282373413074,0.9895833333333334,0.8709677419354839,0.9743589743589743
0.937984496124031,0.9795665634674923,0.9924649294471733,0.9789473684210527,0.8235294117647058,0.9587628865979382
0.9753086419753086,0.984636488340192,0.9966980587605441,0.9925925925925926,0.8888888888888888,0.9852941176470589
0.9568345323741008,0.9805555555555556,0.9916070618615657,0.98989898989899,0.875,0.9702970297029703
0.9774436090225563,0.9957928802588997,0.9987656958855704,0.9805825242718447,0.9666666666666667,0.9853658536585366
0.9609375,0.972483455242076,0.9914025034326501,1.0,0.8275862068965517,0.9753694581280788
0.9924812030075187,0.9966843501326259,0.9990462974978314,1.0,0.9655172413793104,0.9952153110047847
0.9782608695652174,0.9962225274725275,0.9991086167187068,0.9821428571428571,0.9615384615384616,0.9865470852017937
0.9426229508196722,0.99375,0.996932926044722,0.975,0.8809523809523809,0.9570552147239264
0.9312977099236641,0.9879406307977737,0.9960870746908577,0.9489795918367347,0.8787878787878788,0.9538461538461539
0.9539473684210527,0.9946456692913386,0.9989655023441726,0.9606299212598425,0.92,0.9721115537848606
0.9774436090225563,0.9968553459119497,0.9992223752583478,0.9716981132075472,1.0,0.9856459330143541
0.952755905511811,0.9900343642611684,0.9967283435479577,0.9896907216494846,0.8333333333333334,0.9696969696969697
0.9606299212598425,0.9862542955326461,0.9956027046245004,0.979381443298969,0.9,0.9743589743589743
0.950354609929078,0.9716748768472906,0.9921217880571432,0.9910714285714286,0.7931034482758621,0.9694323144104804
0.968503937007874,0.9957236842105264,0.9986231022522954,0.9894736842105263,0.90625,0.9791666666666666
0.9640287769784173,0.9950396825396826,0.9988115692857902,0.9732142857142857,0.9259259259259259,0.9775784753363229
0.9487179487179487,0.9697756788665879,0.990682487600384,0.9834710743801653,0.8285714285714286,0.967479674796748
0.90625,0.971483942414175,0.9860508338899469,0.9767441860465116,0.7619047619047619,0.9333333333333333
0.9383561643835616,0.9645483193277311,0.9883382583900671,0.9732142857142857,0.8235294117647058,0.960352422907489
0.9629629629629629,0.9921116504854369,0.9975586136377392,0.970873786407767,0.9375,0.975609756097561
0.9461077844311377,0.9900040799673603,0.9970213942880104,0.9922480620155039,0.7894736842105263,0.9660377358490566
0.957983193277311,0.9921052631578947,0.9979782675757015,0.968421052631579,0.9166666666666666,0.9735449735449735
0.9591836734693877,0.9891356832448093,0.9960515711667207,0.9724770642201835,0.9210526315789473,0.9724770642201835
0.9565217391304348,0.9902732746641963,0.9973208442730566,0.9763779527559056,0.8823529411764706,0.9725490196078431
0.9714285714285714,0.9946581196581197,0.9981992151803472,1.0,0.8888888888888888,0.9811320754716981
0.9530201342281879,0.9920366795366796,0.9973606699973621,0.9732142857142857,0.8918918918918919,0.9688888888888889
0.9565217391304348,0.9891961970613656,0.9968545599208485,0.9887640449438202,0.8461538461538461,0.9723756906077348
0.9426229508196722,0.9744771357674584,0.9906754214050303,0.989010989010989,0.8064516129032258,0.9625668449197861
0.9357142857142857,0.9672727272727273,0.9902100459491273,0.9727272727272728,0.8,0.9596412556053812
0.9448275862068966,0.9847198641765704,0.9957873271088229,0.9736842105263158,0.8387096774193549,0.9652173913043478
0.9838709677419355,0.9957516339869281,0.9983421185289252,0.9888888888888889,0.9705882352941176,0.9888888888888889
0.9635036496350365,0.9942760942760943,0.9986306526913068,0.9636363636363636,0.9629629629629629,0.9769585253456221
0.928,0.9572901325478645,0.987372166178202,1.0,0.6785714285714286,0.9556650246305419
0.9776119402985075,0.9909029649595688,0.9975414283177598,1.0,0.8928571428571429,0.986046511627907
0.9554140127388535,0.9920940170940171,0.9972265550511298,0.9572649572649573,0.95,0.9696969696969697
0.9632352941176471,0.9894993894993894,0.9944118799680305,0.967032967032967,0.9555555555555556,0.9723756906077348
0.9779411764705882,0.9945945945945945,0.9987579293872798,0.990990990990991,0.92,0.9865470852017937
0.9794520547945206,0.9942528735632183,0.9984832041617432,0.9827586206896551,0.9666666666666667,0.987012987012987
0.9797297297297297,0.9978919631093545,0.9994078590956621,0.9739130434782609,1.0,0.986784140969163
0.92,0.9707692307692308,0.9955402181736183,0.9461538461538461,0.75,0.9534883720930233
0.9607843137254902,0.977014335145823,0.9928092975716897,0.9915966386554622,0.8529411764705882,0.9752066115702479
0.9572649572649573,0.988674217188541,0.9946159501160686,0.9873417721518988,0.8947368421052632,0.968944099378882
0.9615384615384616,0.99487879822465,0.9984879618140452,0.9603960396039604,0.9655172413793104,0.9748743718592965
0.9574468085106383,0.9827810266406758,0.9957235081549749,0.9824561403508771,0.8518518518518519,0.9739130434782609
0.9673202614379085,0.9937022042285201,0.9978645779154831,0.9824561403508771,0.9230769230769231,0.9781659388646288
0.9757575757575757,0.9828536436007348,0.9969981411751448,0.9929577464788732,0.8695652173913043,0.986013986013986
0.9411764705882353,0.9679232804232805,0.9908131119210557,0.9722222222222222,0.8214285714285714,0.963302752293578
0.9259259259259259,0.9532710280373832,0.9872177661130022,0.9813084112149533,0.7142857142857143,0.9545454545454546
0.9565217391304348,0.9856927710843373,0.9945453674732787,0.9879518072289156,0.875,0.9704142011834319
0.9328859060402684,0.9726738934056007,0.9890926115318435,1.0,0.7560975609756098,0.9557522123893806
0.9732142857142857,0.9926238145416227,0.9957525829991871,1.0,0.9230769230769231,0.9798657718120806
0.9708029197080292,0.9920876445526476,0.9974772401198448,0.9811320754716981,0.9354838709677419,0.9811320754716981
0.9710144927536232,0.9959959959959961,0.9990190789590311,1.0,0.8518518518518519,0.9823008849557522
0.9767441860465116,0.9975247524752475,0.9993173145982395,0.9801980198019802,0.9642857142857143,0.9850746268656716
0.9821428571428571,0.9859070464767616,0.9975659889772553,1.0,0.8695652173913043,0.9897610921501706
0.95,0.9888695652173913,0.9975868222827476,0.9652173913043478,0.88,0.9694323144104804
0.9477611940298507,0.9846813725490196,0.9949770940180998,0.9901960784313726,0.8125,0.9665071770334929
0.9300699300699301,0.9818969913309535,0.993667988751673,0.9622641509433962,0.8378378378378378,0.9532710280373832
0.92,0.9796328169822146,0.9895062706599239,1.0,0.7619047619047619,0.9431818181818182
1.0,1.0,1.0000000000000002,1.0,1.0,1.0
0.9538461538461539,0.983850294796206,0.990656676024014,0.9879518072289156,0.8936170212765957,0.9647058823529412
0.951048951048951,0.9793220338983051,0.9953584937703752,0.9745762711864406,0.84,0.9704641350210971
0.9741935483870968,0.9937417654808959,0.9989393607318757,0.9772727272727273,0.9565217391304348,0.9847328244274809
0.9776119402985075,0.996967654986523,0.9992151978001035,0.9811320754716981,0.9642857142857143,0.985781990521327
0.95,0.9746086956521739,0.9942096550767436,0.9739130434782609,0.84,0.9696969696969697
0.9365079365079365,0.9858024691358025,0.9941242383649931,0.9666666666666667,0.8611111111111112,0.9560439560439561
0.9927007299270073,0.9992372234935164,0.999848759830611,0.9912280701754386,1.0,0.9955947136563876
0.9605263157894737,0.9956043956043956,0.998724194356431,0.9743589743589743,0.9142857142857143,0.9743589743589743
0.9424460431654677,0.9851994851994851,0.9962525004775011,0.963963963963964,0.8571428571428571,0.963963963963964
0.9605263157894737,0.9831791421362489,0.995765012892078,0.975609756097561,0.896551724137931,0.975609756097561
0.9757575757575757,0.9853031230863442,0.9973380267481097,0.9859154929577465,0.9130434782608695,0.9859154929577465
0.976,0.9959499263622975,0.9988346777040027,0.9896907216494846,0.9285714285714286,0.9846153846153847
0.9873417721518988,1.0,0.9999999999999999,0.9857142857142858,1.0,0.9928057553956835
0.9767441860465116,0.9969696969696971,0.999092728000291,0.98989898989899,0.9333333333333333,0.9849246231155779
0.9869281045751634,0.9970914859862507,0.999250835771009,0.9918032786885246,0.967741935483871,0.9918032786885246
0.950354609929078,0.9826038159371492,0.9944886764399959,0.9814814814814815,0.8484848484848485,0.9680365296803652
0.9530201342281879,0.9817001180637543,0.9955599081699444,0.9834710743801653,0.8214285714285714,0.9714285714285714
0.9530201342281879,0.9940968122786304,0.9986323154042649,0.9586776859504132,0.9285714285714286,0.9707112970711297
0.9636363636363636,0.9898967220475976,0.9971722307695958,0.9694656488549618,0.9411764705882353,0.9769230769230769
0.9436619718309859,0.9830719442369927,0.993355475211511,1.0,0.7948717948717948,0.9626168224299065
0.9466666666666667,0.9743181818181817,0.9898270869098246,0.990909090909091,0.825,0.9646017699115044
0.9642857142857143,0.9911308203991132,0.9963418007947348,0.98989898989899,0.9024390243902439,0.9751243781094527
0.9202898550724637,0.974043350280974,0.9903436857651053,0.9504950495049505,0.8378378378378378,0.9458128078817734
0.9767441860465116,0.9962406015037594,0.9984153113435318,0.978021978021978,0.9736842105263158,0.9834254143646409
0.9126984126984127,0.9764705882352941,0.9885852431597839,0.9647058823529412,0.8048780487804879,0.9371428571428572
0.9415584415584416,0.984934086629002,0.9952702919608469,0.9661016949152542,0.8611111111111112,0.9620253164556962
0.9485294117647058,0.9764636657840542,0.9916947045789217,0.970873786407767,0.8787878787878788,0.966183574879227
0.9785714285714285,0.9990145355999014,0.9995959191878785,0.9696969696969697,1.0,0.9846153846153847
0.9430379746835443,0.9759424603174603,0.9933756924978417,0.9761904761904762,0.8125,0.9647058823529412
0.9666666666666667,0.9831860929039612,0.9955281248200109,0.9834710743801653,0.896551724137931,0.9794238683127572
0.944,0.9749670619235837,0.9903962809195077,0.9891304347826086,0.8181818181818182,0.9629629629629629
0.9402985074626866,0.9815220795490135,0.994284885821647,0.970873786407767,0.8387096774193549,0.9615384615384616
0.9761904761904762,0.9990026595744681,0.999670980478175,0.9893617021276596,0.9375,0.9841269841269841
0.967741935483871,0.9893390191897655,0.998205450992039,0.9776119402985075,0.9047619047619048,0.9812734082397003
0.9541984732824428,0.9926739926739927,0.9982335809051459,0.9714285714285714,0.8846153846153846,0.9714285714285714
0.9551282051282052,0.9841659232827833,0.9946402460240988,0.9830508474576272,0.868421052631579,0.9707112970711297
0.9788732394366197,0.9969484284406469,0.9992179598577058,0.9911504424778761,0.9310344827586207,0.986784140969163
0.9657534246575342,0.9832689832689833,0.9941462812285353,0.9819819819819819,0.9142857142857143,0.9775784753363229
0.9047619047619048,0.9699381078691424,0.9867217722679684,0.9425287356321839,0.8205128205128205,0.9318181818181818
0.9517241379310345,0.9696969696969696,0.9903830563967785,0.9821428571428571,0.8484848484848485,0.9691629955947136
0.9473684210526315,0.9801749271137026,0.9927399049459154,0.9795918367346939,0.8571428571428571,0.964824120603015
0.9637681159420289,0.968155683325962,0.9945312231567403,1.0,0.7368421052631579,0.9794238683127572
0.9532710280373832,0.9854955680902499,0.9927148447567475,0.9863013698630136,0.8823529411764706,0.9664429530201343
0.9801324503311258,0.9943470887507067,0.9985910847232846,0.9918032786885246,0.9310344827586207,0.9877551020408163
0.9571428571428572,0.9892939814814815,0.9967972117438916,0.9722222222222222,0.90625,0.9722222222222222
0.9929078014184397,1.0,1.0,0.990909090909091,1.0,0.9954337899543378
0.9741935483870968,0.9936034115138593,0.9989575698061417,0.9776119402985075,0.9523809523809523,0.9849624060150376
0.976,0.9928894634776988,0.9970965917961158,1.0,0.9117647058823529,0.9837837837837838
0.9548387096774194,0.9869047619047618,0.9960316513245847,0.975,0.8857142857142857,0.970954356846473
0.9347826086956522,0.9700435729847494,0.9892663226507878,0.9803921568627451,0.8055555555555556,0.9569377990430622
0.952,0.9855882352941177,0.9922679873515364,0.9882352941176471,0.875,0.9655172413793104
0.9925373134328358,0.9993872549019608,0.9998114630467573,0.9901960784313726,1.0,0.9950738916256158
0.9440559440559441,0.9752212389380531,0.99308517932344,0.9911504424778761,0.7666666666666667,0.9655172413793104
0.9230769230769231,0.9843629838502949,0.9910675658190795,0.927710843373494,0.9148936170212766,0.9390243902439024
0.9565217391304348,0.9890444309190506,0.9901113946683997,1.0,0.9056603773584906,0.9612403100775194
0.9097222222222222,0.9704001894387876,0.9880811031404384,0.970873786407767,0.7560975609756098,0.9389671361502347
0.9193548387096774,0.9721590909090909,0.9842369153620594,0.975,0.8181818181818182,0.9397590361445783
0.9375,0.9779589371980677,0.9910595911900605,0.9782608695652174,0.8333333333333334,0.9574468085106383
0.9219858156028369,0.9703703703703703,0.9896058328683731,0.9809523809523809,0.75,0.9493087557603687
0.9545454545454546,0.980952380952381,0.9947529840959349,0.9809523809523809,0.8518518518518519,0.9716981132075472
0.9736842105263158,0.9882253994953742,0.9970721790368189,0.991869918699187,0.896551724137931,0.9838709677419355
0.9554140127388535,0.980603448275862,0.995200974101403,0.9765625,0.8620689655172413,0.9727626459143969
0.9615384615384616,0.9812500000000001,0.9969980298268255,0.9852941176470589,0.8,0.9781021897810219
0.9444444444444444,0.9771205357142857,0.9931912629313507,0.9910714285714286,0.78125,0.9652173913043478
0.9393939393939394,0.9788359788359788,0.9942303787811043,0.9809523809523809,0.7777777777777778,0.9626168224299065
0.9224137931034483,0.9793539793539794,0.9896391299580671,0.974025974025974,0.8205128205128205,0.9433962264150944
0.9395973154362416,0.9721227621483375,0.9915039033217575,0.9826086956521739,0.7941176470588235,0.9617021276595744
0.9859154929577465,0.9963527851458885,0.9991588237598626,0.9913793103448276,0.9615384615384616,0.9913793103448276
0.9354838709677419,0.984313725490196,0.9927326667462817,1.0,0.7948717948717948,0.9550561797752809
0.917910447761194,0.9818553539483772,0.9914555779563651,0.989010989010989,0.7674418604651163,0.9424083769633508
0.9673202614379085,0.9860690490611751,0.9969071849853794,0.984251968503937,0.8846153846153846,0.9803921568627451
0.9133858267716536,0.9707317073170731,0.984707782100247,0.975609756097561,0.8,0.935672514619883
0.952054794520548,0.9763655462184874,0.9922158372536792,0.9821428571428571,0.8529411764705882,0.9691629955947136
0.9328358208955224,0.9720853858784894,0.992142713007073,0.9619047619047619,0.8275862068965517,0.957345971563981
0.9735099337748344,0.9866071428571428,0.9960551583119779,0.9831932773109243,0.9375,0.9831932773109243
0.9140625,0.964274322169059,0.9873850064405207,0.968421052631579,0.7575757575757576,0.9435897435897436
0.9571428571428572,0.9890046296296297,0.9966907552146737,0.9814814814814815,0.875,0.9724770642201835
0.9371428571428572,0.9711538461538461,0.9932239527769733,0.965034965034965,0.8125,0.9616724738675958
0.9236111111111112,0.9716981132075472,0.9895640279153897,0.9716981132075472,0.7894736842105263,0.9493087557603687
0.937984496124031,0.9839015151515151,0.9944078129132831,0.96875,0.8484848484848485,0.9587628865979382
0.9824561403508771,0.9971419498253413,0.9979681463707469,1.0,0.9574468085106383,0.9852941176470589
0.9285714285714286,0.9693627450980392,0.9907284002999868,0.975,0.7647058823529411,0.9551020408163265
0.9219858156028369,0.9645645645645646,0.9900582236385148,0.954954954954955,0.8,0.9506726457399103
0.9689922480620154,0.9954896907216495,0.9985509948092708,0.9896907216494846,0.90625,0.9795918367346939
0.9940828402366864,0.999771897810219,0.9999471067386014,0.9927007299270073,1.0,0.9963369963369964
0.9776119402985075,0.9957446808510638,0.9982199171072896,0.9893617021276596,0.95,0.9841269841269841
0.9421487603305785,0.9831267217630854,0.9934750259985664,0.9659090909090909,0.8787878787878788,0.96045197740113
0.9664429530201343,0.99187675070028,0.9978974679754465,0.9663865546218487,0.9666666666666667,0.9787234042553191
0.9583333333333334,0.992763772175537,0.9970403495811092,0.9705882352941176,0.9285714285714286,0.9705882352941176
0.9621212121212122,0.9823529411764705,0.9945292247812096,0.9901960784313726,0.8666666666666667,0.9758454106280193
0.9738562091503268,0.9931428571428571,0.9984261726419901,0.984,0.9285714285714286,0.984
0.9262295081967213,0.9730243161094225,0.9917510927148037,0.9787234042553191,0.75,0.9533678756476683
0.9738562091503268,0.9929453262786596,0.9984615106309515,0.9841269841269841,0.9259259259259259,0.9841269841269841
0.9626865671641791,0.9922506738544474,0.9978315804712538,0.9811320754716981,0.8928571428571429,0.9765258215962441
0.9463087248322147,0.9778711484593838,0.993742919478958,0.957983193277311,0.9,0.9661016949152542
0.9813664596273292,0.9983788791106994,0.9995722289521503,0.9921259842519685,0.9411764705882353,0.9882352941176471
0.9319727891156463,0.9580088987764181,0.988135446153122,0.9913793103448276,0.7096774193548387,0.9583333333333334
0.943089430894309,0.9821428571428571,0.9926019967484817,0.9886363636363636,0.8285714285714286,0.9613259668508287
0.9487179487179487,0.9911242603550295,0.9956926665639081,0.9615384615384616,0.9230769230769231,0.9615384615384616
0.9712230215827338,0.994026284348865,0.9982693030745237,1.0,0.8709677419354839,0.9818181818181818
0.9367088607594937,0.9806547619047619,0.9950226959479744,0.9761904761904762,0.78125,0.9609375
0.9823008849557522,0.9992887624466572,0.9996626180836706,1.0,0.9459459459459459,0.987012987012987
0.9838709677419355,0.9967320261437909,0.9987344733998487,1.0,0.9411764705882353,0.989010989010989
0.9435483870967742,0.9784313725490196,0.9916130762342996,0.9777777777777777,0.8529411764705882,0.9617486338797814
0.948905109489051,0.9912772585669782,0.9976174329126759,0.9532710280373832,0.9333333333333333,0.966824644549763
0.9318181818181818,0.9777777777777777,0.9932183009816387,0.9607843137254902,0.8333333333333334,0.9560975609756097
0.9384615384615385,0.9858646616541352,0.9947786095980407,0.9578947368421052,0.8857142857142857,0.9578947368421052
0.9829059829059829,0.9982078853046594,0.9995483581916984,0.989247311827957,0.9583333333333334,0.989247311827957
0.9590163934426229,0.9956521739130435,0.9986084276640745,0.9782608695652174,0.9,0.972972972972973
0.9323308270676691,0.9823232323232323,0.9909723739338844,0.9545454545454546,0.8888888888888888,0.9491525423728814
0.9591836734693877,0.9852579852579852,0.9947099905407929,0.990909090909091,0.8648648648648649,0.9732142857142857
0.9854014598540146,0.9984423676012462,0.9995615698406335,0.9906542056074766,0.9666666666666667,0.9906542056074766
0.9626865671641791,0.985042735042735,0.9963026125654408,0.9907407407407407,0.8461538461538461,0.9771689497716894
1.0,0.9999999999999999,0.9999999999999999,1.0,1.0,1.0
0.9781021897810219,0.9988558352402747,0.9997691478989422,0.9824561403508771,0.9565217391304348,0.986784140969163
0.9568965517241379,0.9910329985652798,0.9961325999099928,0.9878048780487805,0.8823529411764706,0.9700598802395209
0.9251700680272109,0.9709876543209877,0.9932082684934795,0.95,0.8148148148148148,0.9539748953974896
0.953125,0.9833333333333333,0.9944002235318767,0.9591836734693877,0.9333333333333333,0.9690721649484536
0.9855072463768116,0.9974025974025974,0.9991779695065123,1.0,0.9393939393939394,0.9905660377358491
0.9344262295081968,0.9862068965517242,0.9947041787799332,0.9655172413793104,0.8571428571428571,0.9545454545454546
0.9655172413793104,0.9789704959196486,0.9946874920051704,0.9915254237288136,0.8518518518518519,0.9790794979079498
0.975609756097561,0.9979395604395604,0.9992832689147595,0.989010989010989,0.9375,0.9836065573770492
0.9407407407407408,0.9871052631578947,0.9944769521926244,0.9789473684210527,0.85,0.9587628865979382
0.9568345323741008,0.9970131421744325,0.9991421838119952,0.9537037037037037,0.967741935483871,0.9716981132075472
0.9618320610687023,0.9895977808599168,0.9971513110389878,0.9805825242718447,0.8928571428571429,0.9758454106280193
0.9586206896551724,0.9850024189646831,0.9943312997473887,1.0,0.8461538461538461,0.9724770642201835
0.9508196721311475,0.9770114942528736,0.9922711687510088,0.978494623655914,0.8620689655172413,0.9680851063829787
0.9083969465648855,0.9666474985623922,0.9864708206287439,0.9787234042553191,0.7297297297297297,0.9387755102040817
0.9727891156462585,0.9927121290994274,0.997745760049357,0.9823008849557522,0.9411764705882353,0.9823008849557522
0.954248366013072,0.9742424242424242,0.9925705217435007,0.9916666666666667,0.8181818181818182,0.9714285714285714
0.9481481481481482,0.9924753502854178,0.9967480363599186,0.9574468085106383,0.926829268292683,0.9625668449197861
0.9457364341085271,0.9662068965517242,0.9895943372659715,0.99,0.7931034482758621,0.9658536585365853
0.9763779527559056,0.9929629629629629,0.9980749334182272,0.99,0.9259259259259259,0.9850746268656716
0.907563025210084,0.9717687074829933,0.9875432308581589,0.9285714285714286,0.8571428571428571,0.9341317365269461
0.9366197183098591,0.9711538461538461,0.9887615335546126,0.9903846153846154,0.7894736842105263,0.958139534883721
0.9833333333333333,0.998,0.9996039215686274,0.99,0.95,0.99
0.9448818897637795,0.984472049689441,0.9939979977938663,0.9891304347826086,0.8285714285714286,0.9629629629629629
0.971830985915493,0.9972199054767862,0.9991647302132887,0.9724770642201835,0.9696969696969697,0.9814814814814815
0.9675324675324676,0.9931372549019608,0.998027987100837,0.9833333333333333,0.9117647058823529,0.979253112033195
0.9463087248322147,0.9739348370927318,0.9917467617468273,0.9912280701754386,0.8,0.9658119658119658
0.9671052631578947,0.9844961240310078,0.9971281704416061,0.9844961240310077,0.8695652173913043,0.9806949806949807
0.9666666666666667,0.986153846153846,0.9977467876602526,0.9769230769230769,0.9,0.9806949806949807
